tx_sign,base_call,in_wsprnet,in_wsprdaemon,source_class,quality_tier,modal_grid,grid_precision,lat,lon,hemisphere,abs_lat,cgm_lat,abs_cgm_lat,n_days_active,n_spots_wsprnet
04G/PE1GYC,PE1GYC,True,False,wsprnet_only,B,JO10mv,6.0,50.8958,3.0417,N,50.8958,46.384,46.384,3,14
11R/LF1NVW,LF1NVW,True,True,both,A,IO53jn,6.0,53.5625,-9.2083,N,53.5625,50.143,50.143,234,17455
2D0MUP,2D0MUP,True,True,both,B,IO74,4.0,54.5,-5.0,N,54.5,51.046,51.046,4,10195
2E0AQU,2E0AQU,True,True,both,B,IO82wn,6.0,52.5625,-2.125,N,52.5625,48.545,48.545,8,26287
2E0BRU,2E0BRU,True,True,both,B,IO94,4.0,54.5,-1.0,N,54.5,50.87,50.87,8,1514
2E0BWX,2E0BWX,True,True,both,A,IO93le,6.0,53.1875,-1.0417,N,53.1875,49.278,49.278,18,3582
2E0CIT,2E0CIT,True,True,both,B,JO01ak,6.0,51.4375,0.0417,N,51.4375,47.095,47.095,190,362070
2E0CUH,2E0CUH,True,True,both,A,IO70if,6.0,50.2292,-5.2917,N,50.2292,45.73,45.73,12,41815
2E0CVW,2E0CVW,True,True,both,B,IO91,4.0,51.5,-1.0,N,51.5,47.196,47.196,4,49
2E0CWP,2E0CWP,True,True,both,A,IO94cr,6.0,54.7292,-1.7917,N,54.7292,51.177,51.177,20,47948
2E0DDV,2E0DDV,True,False,wsprnet_only,A,IO82uj,6.0,52.3958,-2.2917,N,52.3958,48.345,48.345,10,988
2E0DLC,2E0DLC,True,True,both,A,IO93hm,6.0,53.5208,-1.375,N,53.5208,49.696,49.696,395,3538222
2E0DMB,2E0DMB,True,True,both,A,IO90,4.0,50.5,-1.0,N,50.5,45.946,45.946,10,22026
2E0DSS,2E0DSS,True,True,both,A,IO82xl,6.0,52.4792,-2.0417,N,52.4792,48.44,48.44,367,1143834
2E0DVS,2E0DVS,True,True,both,B,IO92ej,6.0,52.3958,-1.625,N,52.3958,48.323,48.323,149,469713
2E0DXE,2E0DXE,True,True,both,A,IO93rg,6.0,53.2708,-0.5417,N,53.2708,49.364,49.364,13,5302
2E0EEY,2E0EEY,True,True,both,B,IO93et,6.0,53.8125,-1.625,N,53.8125,50.06,50.06,5,91
2E0ETU,2E0ETU,True,True,both,B,IO81ia,6.0,51.0208,-3.2917,N,51.0208,46.662,46.662,303,146493
2E0EUI,2E0EUI,True,False,wsprnet_only,A,JN49el,6.0,49.4792,8.375,N,49.4792,44.676,44.676,15,58
2E0FAS,2E0FAS,True,True,both,B,IO84jc,6.0,54.1042,-3.2083,N,54.1042,50.478,50.478,5,2909
2E0FDM,2E0FDM,True,True,both,A,IO81,4.0,51.5,-3.0,N,51.5,47.254,47.254,57,257271
2E0FHM,2E0FHM,True,True,both,B,IO92ws,6.0,52.7708,-0.125,N,52.7708,48.741,48.741,3,607
2E0FTZ,2E0FTZ,True,True,both,B,IO71va,6.0,51.0208,-4.2083,N,51.0208,46.694,46.694,4,1297
2E0GRV,2E0GRV,True,True,both,B,JO02rr,6.0,52.7292,1.4583,N,52.7292,48.653,48.653,6,1324
2E0GTD,2E0GTD,True,True,both,B,IO70jb,6.0,50.0625,-5.2083,N,50.0625,45.514,45.514,5,766
2E0GWF,2E0GWF,True,True,both,A,IO81,4.0,51.5,-3.0,N,51.5,47.254,47.254,151,172933
2E0HFK,2E0HFK,True,True,both,A,IO92fg,6.0,52.2708,-1.5417,N,52.2708,48.166,48.166,89,352043
2E0HKD,2E0HKD,True,True,both,B,IO91kg,6.0,51.2708,-1.125,N,51.2708,46.914,46.914,8,3308
2E0HKE,2E0HKE,True,True,both,A,IO81me,6.0,51.1875,-2.9583,N,51.1875,46.861,46.861,11,4647
2E0HQU,2E0HQU,True,True,both,B,IO94hr,6.0,54.7292,-1.375,N,54.7292,51.161,51.161,49,73285
2E0HQU/P,2E0HQU,True,True,both,B,IO94hr,6.0,54.7292,-1.375,N,54.7292,51.161,51.161,3,1590
2E0HXE,2E0HXE,True,True,both,B,JO01kd,6.0,51.1458,0.875,N,51.1458,46.718,46.718,7,9638
2E0HYX,2E0HYX,True,True,both,B,IO84wn,6.0,54.5625,-2.125,N,54.5625,50.989,50.989,73,83453
2E0IJC,2E0IJC,True,True,both,A,IO95fa,6.0,55.0208,-1.5417,N,55.0208,51.519,51.519,61,434927
2E0IKV,2E0IKV,True,True,both,A,JO01ii,6.0,51.3542,0.7083,N,51.3542,46.979,46.979,136,469559
2E0ILY,2E0ILY,True,True,both,B,IO82qv,6.0,52.8958,-2.625,N,52.8958,48.974,48.974,4,9613
2E0IPK,2E0IPK,True,True,both,B,JO01bm,6.0,51.5208,0.125,N,51.5208,47.196,47.196,4,332
2E0ITG,2E0ITG,True,True,both,A,IO83sm,6.0,53.5208,-2.4583,N,53.5208,49.735,49.735,25,12522
2E0IUW,2E0IUW,True,True,both,A,IO93,4.0,53.5,-1.0,N,53.5,49.658,49.658,12,5044
2E0JBG,2E0JBG,True,True,both,B,IO90tt,6.0,50.8125,-0.375,N,50.8125,46.325,46.325,3,154
2E0JCC,2E0JCC,True,True,both,A,IO81pl,6.0,51.4792,-2.7083,N,51.4792,47.219,47.219,29,3347
2E0JJI,2E0JJI,True,True,both,A,IO93,4.0,53.5,-1.0,N,53.5,49.658,49.658,33,782131
2E0KCY,2E0KCY,True,True,both,B,IO90xu,6.0,50.8542,-0.0417,N,50.8542,46.371,46.371,14,56986
2E0KHY,2E0KHY,True,True,both,B,JO02bf,6.0,52.2292,0.125,N,52.2292,48.07,48.07,5,12720
2E0KJQ,2E0KJQ,True,True,both,A,IO81xj,6.0,51.3958,-2.0417,N,51.3958,47.094,47.094,10,4933
2E0LGL,2E0LGL,True,True,both,B,JO02an,6.0,52.5625,0.0417,N,52.5625,48.481,48.481,7,23903
2E0LHQ,2E0LHQ,True,True,both,B,JO01qg,6.0,51.2708,1.375,N,51.2708,46.865,46.865,6,845
2E0LHZ,2E0LHZ,True,True,both,B,IO82xo,6.0,52.6042,-2.0417,N,52.6042,48.594,48.594,7,1679
2E0LPS,2E0LPS,True,True,both,A,IO81tm,6.0,51.5208,-2.375,N,51.5208,47.26,47.26,16,13636
2E0LSJ,2E0LSJ,True,True,both,A,IO82ss,6.0,52.7708,-2.4583,N,52.7708,48.814,48.814,45,199068
2E0MUA,2E0MUA,True,True,both,A,IO83uk,6.0,53.4375,-2.2917,N,53.4375,49.627,49.627,147,222597
2E0NER,2E0NER,True,True,both,A,IO93,4.0,53.5,-1.0,N,53.5,49.658,49.658,29,12782
2E0NJK,2E0NJK,True,True,both,B,IO70vi,6.0,50.3542,-4.2083,N,50.3542,45.85,45.85,9,2732
2E0NWL,2E0NWL,True,True,both,B,IO92gs,6.0,52.7708,-1.4583,N,52.7708,48.78,48.78,3,1978
2E0NWN,2E0NWN,True,True,both,B,IO93ft,6.0,53.8125,-1.5417,N,53.8125,50.057,50.057,5,2388
2E0OVO,2E0OVO,True,True,both,B,IO92,4.0,52.5,-1.0,N,52.5,48.433,48.433,8,2683
2E0PMJ,2E0PMJ,True,True,both,A,JO01hs,6.0,51.7708,0.625,N,51.7708,47.495,47.495,38,4339
2E0PSV,2E0PSV,True,True,both,A,IO70wj,6.0,50.3958,-4.125,N,50.3958,45.9,45.9,80,136715
2E0REB,2E0REB,True,True,both,B,IO91ng,6.0,51.2708,-0.875,N,51.2708,46.908,46.908,4,1885
2E0RPS,2E0RPS,True,True,both,B,JO01bl,6.0,51.4792,0.125,N,51.4792,47.145,47.145,3,400
2E0RQO,2E0RQO,True,True,both,B,IO91vf,6.0,51.2292,-0.2083,N,51.2292,46.841,46.841,4,1078
2E0SHD,2E0SHD,True,True,both,A,IO83ss,6.0,53.7708,-2.4583,N,53.7708,50.041,50.041,21,39209
2E0SSI,2E0SSI,True,True,both,B,JO01cj,6.0,51.3958,0.2083,N,51.3958,47.04,47.04,7,4591
2E0SXX,2E0SXX,True,True,both,B,IO91we,6.0,51.1875,-0.125,N,51.1875,46.788,46.788,5,6000
2E0TPT,2E0TPT,True,True,both,B,IO81,4.0,51.5,-3.0,N,51.5,47.254,47.254,7,2628
2E0UBN,2E0UBN,True,True,both,A,IO93ic,6.0,53.1042,-1.2917,N,53.1042,49.184,49.184,29,23478
2E0UCD,2E0UCD,True,True,both,B,IO70vx,6.0,50.9792,-4.2083,N,50.9792,46.642,46.642,7,4136
2E0UMK,2E0UMK,True,True,both,B,IO92ah,6.0,52.3125,-1.9583,N,52.3125,48.231,48.231,6,8038
2E0VAQ,2E0VAQ,True,True,both,B,JO02ul,6.0,52.4792,1.7083,N,52.4792,48.343,48.343,6,1424
2E0VDD,2E0VDD,True,True,both,B,IO80,4.0,50.5,-3.0,N,50.5,45.996,45.996,6,14852
2E0VDF,2E0VDF,True,True,both,B,IO93wn,6.0,53.5625,-0.125,N,53.5625,49.706,49.706,8,229
2E0VDS,2E0VDS,True,True,both,B,JO02al,6.0,52.4792,0.0417,N,52.4792,48.379,48.379,5,1235
2E0VOV,2E0VOV,True,True,both,A,IO90ar,6.0,50.7292,-1.9583,N,50.7292,46.256,46.256,15,78858
2E0WDS,2E0WDS,True,True,both,A,IO92,4.0,52.5,-1.0,N,52.5,48.433,48.433,24,56296
2E0WSF,2E0WSF,True,True,both,B,IO91ps,6.0,51.7708,-0.7083,N,51.7708,47.525,47.525,3,514
2E0XPQ,2E0XPQ,True,True,both,A,IO83ri,6.0,53.3542,-2.5417,N,53.3542,49.534,49.534,21,39980
2E0YEM,2E0YEM,True,True,both,B,IO81oj,6.0,51.3958,-2.7917,N,51.3958,47.117,47.117,3,1189
2E1EFG,2E1EFG,True,True,both,B,IO92qw,6.0,52.9375,-0.625,N,52.9375,48.959,48.959,4,501
2E1HSU,2E1HSU,True,True,both,B,IO91vx,6.0,51.9792,-0.2083,N,51.9792,47.77,47.77,7,900
2E1IAN,2E1IAN,True,True,both,A,IO83rk,6.0,53.4375,-2.5417,N,53.4375,49.636,49.636,12,7512
2E1IJU,2E1IJU,True,True,both,B,JO01,4.0,51.5,1.0,N,51.5,47.154,47.154,4,11
2E1IU,2E1IU,True,True,both,B,JO01,4.0,51.5,1.0,N,51.5,47.154,47.154,3,79
2I0PYZ,2I0PYZ,True,True,both,A,IO65,4.0,55.5,-7.0,N,55.5,52.377,52.377,21,65641
2M0CSZ,2M0CSZ,True,True,both,B,IO86cc,6.0,56.1042,-3.7917,N,56.1042,52.923,52.923,7,1386
2M0EWY,2M0EWY,True,True,both,A,IO86jg,6.0,56.2708,-3.2083,N,56.2708,53.092,53.092,71,92900
2M0HZO,2M0HZO,True,True,both,B,IO75uu,6.0,55.8542,-4.2917,N,55.8542,52.649,52.649,46,4452
2M0IPQ,2M0IPQ,True,True,both,B,IO85dt,6.0,55.8125,-3.7083,N,55.8125,52.569,52.569,3,796
2M0ITZ,2M0ITZ,True,True,both,B,IO86ca,6.0,56.0208,-3.7917,N,56.0208,52.823,52.823,7,2464
2M0NZB,2M0NZB,True,True,both,B,IO75tu,6.0,55.8542,-4.375,N,55.8542,52.653,52.653,8,2603
2M0PQX,2M0PQX,True,True,both,A,IO76hl,6.0,56.4792,-5.375,N,56.4792,53.459,53.459,27,38302
2M0WHN,2M0WHN,True,True,both,B,IO85ai,6.0,55.3542,-3.9583,N,55.3542,52.03,52.03,3,1424
2M0YZT,2M0YZT,True,True,both,A,IO86vx,6.0,56.9792,-2.2083,N,56.9792,53.885,53.885,49,242716
2W0KGH,2W0KGH,True,True,both,B,IO81,4.0,51.5,-3.0,N,51.5,47.254,47.254,4,2454
2W0KNX,2W0KNX,True,True,both,B,IO73vh,6.0,53.3125,-4.2083,N,53.3125,49.552,49.552,3,1179
2W0RRP,2W0RRP,True,True,both,A,IO72xj,6.0,52.3958,-4.0417,N,52.3958,48.411,48.411,20,42035
2W0XBC,2W0XBC,True,True,both,B,IO81fs,6.0,51.7708,-3.5417,N,51.7708,47.612,47.612,7,1568
2W1FUD,2W1FUD,True,True,both,B,IO81fm,6.0,51.5208,-3.5417,N,51.5208,47.299,47.299,19,37066
2W9BCF,2W9BCF,True,True,both,A,FA81,4.0,-88.5,-63.0,S,88.5,-73.005,73.005,174,316
3B8BAU,3B8BAU,True,False,wsprnet_only,B,LG89,4.0,-20.5,57.0,S,20.5,-29.747,29.747,4,249
3B8M,3B8M,True,True,both,B,LG89,4.0,-20.5,57.0,S,20.5,-29.747,29.747,5,4110
3B8RS,3B8RS,True,False,wsprnet_only,B,LG89,4.0,-20.5,57.0,S,20.5,-29.747,29.747,24,1895
3D0PA,3D0PA,True,True,both,B,KG53,4.0,-26.5,31.0,S,26.5,-35.929,35.929,4,1306
3D2UR,3D2UR,True,True,both,A,RH91,4.0,-18.5,179.0,S,18.5,-22.326,22.326,395,1166749
3K2AZR,3K2AZR,True,False,wsprnet_only,B,CN88hj,6.0,48.3958,-123.375,N,48.3958,53.066,53.066,5,15
3Z2Z,3Z2Z,True,True,both,A,JO83sq,6.0,53.6875,17.5417,N,53.6875,49.773,49.773,11,20829
4E1MDO,4E1MDO,True,True,both,A,PK04lk,6.0,14.4375,120.9583,N,14.4375,8.059,8.059,41,99433
4F1HMB,4F1HMB,True,True,both,B,PK04,4.0,14.5,121.0,N,14.5,8.124,8.124,8,1779
4HG/E50KOP,E50KOP,True,True,both,A,KM10qn,6.0,30.5625,23.375,N,30.5625,22.256,22.256,198,5483
4M9DES,4M9DES,True,False,wsprnet_only,B,IO91kg,6.0,51.2708,-1.125,N,51.2708,46.914,46.914,4,126
4U9UNV,4U9UNV,True,True,both,B,QP23,4.0,63.5,145.0,N,63.5,58.23,58.23,4,11
4X1DA,4X1DA,True,True,both,B,KM71mv,6.0,31.8958,35.0417,N,31.8958,26.094,26.094,46,118134
4X1MB,4X1MB,True,True,both,B,KM71,4.0,31.5,35.0,N,31.5,25.634,25.634,4,9147
4X1SK,4X1SK,True,True,both,B,KM72,4.0,32.5,35.0,N,32.5,26.781,26.781,4,10025
4X1TI,4X1TI,True,True,both,A,KM71jg,6.0,31.2708,34.7917,N,31.2708,25.338,25.338,10,14194
4X1WD,4X1WD,True,True,both,B,IO91vo,6.0,51.6042,-0.2083,N,51.6042,47.307,47.307,3,161
4X1ZZ,4X1ZZ,True,True,both,B,KM71os,6.0,31.7708,35.2083,N,31.7708,25.975,25.975,5,10620
4X4FD,4X4FD,True,True,both,B,KM71jf,6.0,31.2292,34.7917,N,31.2292,25.29,25.29,4,3376
4X5JK,4X5JK,True,True,both,A,KM71iu,6.0,31.8542,34.7083,N,31.8542,25.998,25.998,24,111754
4Z1BO,4Z1BO,True,True,both,A,KM72kc,6.0,32.1042,34.875,N,32.1042,26.309,26.309,65,80911
4Z1DZ,4Z1DZ,True,True,both,B,KM72,4.0,32.5,35.0,N,32.5,26.781,26.781,3,11007
4Z1OT,4Z1OT,True,True,both,B,KM72ux,6.0,32.9792,35.7083,N,32.9792,27.424,27.424,3,3707
4Z1UG,4Z1UG,True,True,both,A,KM71jd,6.0,31.1458,34.7917,N,31.1458,25.194,25.194,13,24767
4Z4TJ,4Z4TJ,True,True,both,A,KM71jf,6.0,31.2292,34.7917,N,31.2292,25.29,25.29,360,1898669
4Z5TK,4Z5TK,True,True,both,B,KM72lt,6.0,32.8125,34.9583,N,32.8125,27.133,27.133,3,2375
5B4AHZ,5B4AHZ,True,True,both,A,KM65pd,6.0,35.1458,33.2917,N,35.1458,29.587,29.587,12,240371
5B4AIX,5B4AIX,True,True,both,A,KM64ev,6.0,34.8958,32.375,N,34.8958,29.179,29.179,235,527673
5B4AIY,5B4AIY,True,True,both,A,KM64fu,6.0,34.8542,32.4583,N,34.8542,29.142,29.142,15,37842
5B4AJG,5B4AJG,True,True,both,B,KM64ev,6.0,34.8958,32.375,N,34.8958,29.179,29.179,12,5435
5B4ANU,5B4ANU,True,True,both,A,KM65qc,6.0,35.1042,33.375,N,35.1042,29.549,29.549,10,4754
5B4AOE,5B4AOE,True,True,both,A,KM64ux,6.0,34.9792,33.7083,N,34.9792,29.448,29.448,17,25054
5B4APB,5B4APB,True,True,both,B,KM65,4.0,35.5,33.0,N,35.5,29.957,29.957,3,476
5B4ASQ,5B4ASQ,True,True,both,B,KM64,4.0,34.5,33.0,N,34.5,28.805,28.805,13,121925
5P0T,5P0T,True,True,both,B,JO45jp,6.0,55.6458,8.7917,N,55.6458,52.001,52.001,3,4813
5P1JAM,5P1JAM,True,True,both,B,JO46rg,6.0,56.2708,9.4583,N,56.2708,52.713,52.713,7,2100
5P5Z,5P5Z,True,True,both,B,JO65eg,6.0,55.2708,12.375,N,55.2708,51.545,51.545,8,8379
5P7ZZ,5P7ZZ,True,True,both,A,JO65ck,6.0,55.4375,12.2083,N,55.4375,51.736,51.736,38,13912
5P9E,5P9E,True,True,both,B,JO65bi,6.0,55.3542,12.125,N,55.3542,51.641,51.641,3,5462
5R0RWK,5R0RWK,True,True,both,A,HE80,4.0,-49.5,-23.0,S,49.5,-46.161,46.161,12,13
5Z4GO,5Z4GO,True,True,both,A,KI96ua,6.0,-3.9792,39.7083,S,3.9792,-12.129,12.129,87,285858
60Z/LF1NT,LF1NT,True,True,both,A,JO32pm,6.0,52.5208,7.2917,N,52.5208,48.339,48.339,160,1898
6G5FPG,6G5FPG,True,False,wsprnet_only,B,KR03,4.0,83.5,21.0,N,83.5,80.628,80.628,7,14
6K2LYN,6K2LYN,True,True,both,B,PM37nl,6.0,37.4792,127.125,N,37.4792,31.734,31.734,8,119
6K5EDY,6K5EDY,True,True,both,B,PM45pm,6.0,35.5208,129.2917,N,35.5208,29.519,29.519,15,3407
6K5EFC,6K5EFC,True,True,both,B,PM45md,6.0,35.1458,129.0417,N,35.1458,29.149,29.149,5,1776
6K5ENP,6K5ENP,True,True,both,A,PM45,4.0,35.5,129.0,N,35.5,29.521,29.521,16,36461
6L5TNG,6L5TNG,True,True,both,B,PM45gt,6.0,35.8125,128.5417,N,35.8125,29.884,29.884,12,3043
6M0VF,6M0VF,True,True,both,B,PM35wd,6.0,35.1458,127.875,N,35.1458,29.245,29.245,12,8793
6T4SIO,6T4SIO,True,False,wsprnet_only,A,RK38,4.0,18.5,167.0,N,18.5,12.91,12.91,20,25
6V2QHY,6V2QHY,True,True,both,A,EP65,4.0,65.5,-87.0,N,65.5,73.413,73.413,82,518
6Y1QJT,6Y1QJT,True,True,both,B,JC21,4.0,-68.5,5.0,S,68.5,-60.98,60.98,5,13
6Y8MEY,6Y8MEY,True,True,both,B,HM79,4.0,39.5,-25.0,N,39.5,32.592,32.592,5,24
7J1ADS,7J1ADS,True,True,both,B,PM95,4.0,35.5,139.0,N,35.5,28.779,28.779,21,2015
7L4IOU,7L4IOU,True,True,both,B,PM95wr,6.0,35.7292,139.875,N,35.7292,28.967,28.967,6,1636
7S0SFJ,7S0SFJ,True,True,both,B,JO99bh,6.0,59.3125,18.125,N,59.3125,56.037,56.037,19,1286
7W1Z,7W1Z,True,True,both,A,OP89,4.0,69.5,117.0,N,69.5,65.283,65.283,29,121
7W2ICP,7W2ICP,True,True,both,A,AC19,4.0,-60.5,-177.0,S,60.5,-64.31,64.31,11,17
7Z1DV,7Z1DV,True,True,both,B,KM81pi,6.0,31.3542,37.2917,N,31.3542,25.79,25.79,5,1263
7Z1LR,7Z1LR,True,True,both,A,LL46tx,6.0,26.9792,49.625,N,26.9792,22.12,22.12,10,3454
8A6NRE,8A6NRE,True,True,both,A,LP65,4.0,65.5,53.0,N,65.5,62.4,62.4,10,491
8B8WRE,8B8WRE,True,False,wsprnet_only,B,ED29,4.0,-50.5,-95.0,S,50.5,-38.46,38.46,8,13
8P5AB,8P5AB,True,True,both,A,GK03ed,6.0,13.1458,-59.625,N,13.1458,15.611,15.611,38,229327
8P5AB/M,8P5AB,True,True,both,B,GK03ed,6.0,13.1458,-59.625,N,13.1458,15.611,15.611,4,2465
8P5AJ,8P5AJ,True,True,both,B,GK03fd,6.0,13.1458,-59.5417,N,13.1458,15.546,15.546,6,13945
8P6PE,8P6PE,True,True,both,A,GK03fd,6.0,13.1458,-59.5417,N,13.1458,15.546,15.546,38,142421
8P6RX,8P6RX,True,True,both,A,GK03fe,6.0,13.1875,-59.5417,N,13.1875,15.589,15.589,12,5076
8P9BT,8P9BT,True,True,both,B,GK03ed,6.0,13.1458,-59.625,N,13.1458,15.611,15.611,5,1830
8U2ICP,8U2ICP,True,True,both,A,LR61,4.0,81.5,53.0,N,81.5,77.742,77.742,11,34
9A/DG8MFV,DG8MFV,True,True,both,A,JN75ha,6.0,45.0208,14.625,N,45.0208,39.459,39.459,30,148994
9A/S57MK,S57MK,True,True,both,B,JN74fm,6.0,44.5208,14.4583,N,44.5208,38.833,38.833,16,6264
9A/W3VR,W3VR,True,True,both,B,JN73wq,6.0,43.6875,15.875,N,43.6875,37.902,37.902,3,455
9A3CQS,9A3CQS,True,True,both,B,JN86,4.0,46.5,17.0,N,46.5,41.39,41.39,4,953
9A3JH,9A3JH,True,True,both,A,JN75ad,6.0,45.1458,14.0417,N,45.1458,39.578,39.578,25,200054
9A3ZI,9A3ZI,True,True,both,A,JN86fj,6.0,46.3958,16.4583,N,46.3958,41.236,41.236,293,10463444
9A5BDE,9A5BDE,True,True,both,B,JN83ii,6.0,43.3542,16.7083,N,43.3542,37.555,37.555,25,103338
9A5CRZ,9A5CRZ,True,True,both,B,JN75xs,6.0,45.7708,15.9583,N,45.7708,40.454,40.454,6,1413
9A5TT,9A5TT,True,True,both,B,JN85th,6.0,45.3125,17.625,N,45.3125,40.002,40.002,5,3954
9A7AM,9A7AM,True,True,both,B,JN85as,6.0,45.7708,16.0417,N,45.7708,40.459,40.459,9,4271
9A9Y,9A9Y,True,True,both,B,JN85iw,6.0,45.9375,16.7083,N,45.9375,40.699,40.699,9,74821
9A9ZG,9A9ZG,True,True,both,B,JN75xu,6.0,45.8542,15.9583,N,45.8542,40.555,40.555,3,404
9B2DZM,9B2DZM,True,False,wsprnet_only,A,JN86,4.0,46.5,17.0,N,46.5,41.39,41.39,10,14
9D1F,9D1F,True,True,both,A,LL69,4.0,29.5,53.0,N,29.5,24.961,24.961,151,556721
9D1G,9D1G,True,True,both,A,LL69,4.0,29.5,53.0,N,29.5,24.961,24.961,191,1107901
9D1H,9D1H,True,True,both,A,LL69,4.0,29.5,53.0,N,29.5,24.961,24.961,312,348887
9D1I,9D1I,True,True,both,A,LL69,4.0,29.5,53.0,N,29.5,24.961,24.961,232,978192
9D1J,9D1J,True,True,both,A,LL69,4.0,29.5,53.0,N,29.5,24.961,24.961,346,3295461
9H1AA,9H1AA,True,True,both,B,JM75fw,6.0,35.9375,14.4583,N,35.9375,27.758,27.758,3,510
9H1ES,9H1ES,True,True,both,B,JM75fv,6.0,35.8958,14.4583,N,35.8958,27.702,27.702,3,752
9H1SIX,9H1SIX,True,True,both,A,JM75,4.0,35.5,15.0,N,35.5,27.248,27.248,70,11779
9H1SV,9H1SV,True,True,both,B,JM75gt,6.0,35.8125,14.5417,N,35.8125,27.601,27.601,9,2332
9H1UG,9H1UG,True,True,both,B,JM75fv,6.0,35.8958,14.4583,N,35.8958,27.702,27.702,8,34244
9H1XD,9H1XD,True,True,both,A,JM76,4.0,36.5,15.0,N,36.5,28.596,28.596,53,87458
9H5BM,9H5BM,True,True,both,A,JM75,4.0,35.5,15.0,N,35.5,27.248,27.248,26,540586
9M2GRC,9M2GRC,True,True,both,B,OJ03,4.0,3.5,101.0,N,3.5,-3.222,3.222,7,8786
9M4CPJ,9M4CPJ,True,True,both,B,OJ11lw,6.0,1.9375,102.9583,N,1.9375,-4.949,4.949,4,388
9N2NK,9N2NK,True,True,both,B,NL27qq,6.0,27.6875,85.375,N,27.6875,22.729,22.729,4,4522
9V1/DL7HSN,DL7HSN,True,True,both,B,OJ11wi,6.0,1.3542,103.875,N,1.3542,-5.563,5.563,5,76
9V1EB,9V1EB,True,True,both,B,OJ11,4.0,1.5,103.0,N,1.5,-5.462,5.462,5,33
9W8ASH,9W8ASH,True,True,both,B,OJ51,4.0,1.5,111.0,N,1.5,-4.949,4.949,7,2488
9Z4CAC,9Z4CAC,True,True,both,B,FK90fe,6.0,10.1875,-61.5417,N,10.1875,14.103,14.103,4,1620
A2NEW,A2NEW,True,True,both,B,KG25xj,6.0,-24.6042,25.9583,S,24.6042,-34.508,34.508,204,6550
A92AE,A92AE,True,True,both,B,LL56gd,6.0,26.1458,50.5417,N,26.1458,21.262,21.262,4,1690
AA0DW,AA0DW,True,True,both,B,DN70,4.0,40.5,-105.0,N,40.5,48.475,48.475,7,31253
AA0DY,AA0DY,True,True,both,B,DM78nu,6.0,38.8542,-104.875,N,38.8542,46.875,46.875,5,1730
AA0L,AA0L,True,True,both,A,DM78,4.0,38.5,-105.0,N,38.5,46.509,46.509,32,5607
AA0N,AA0N,True,True,both,A,EN42fa,6.0,42.0208,-91.5417,N,42.0208,51.121,51.121,304,104220
AA0NT,AA0NT,True,True,both,A,EM18ig,6.0,38.2708,-97.2917,N,38.2708,47.169,47.169,27,125332
AA0RD,AA0RD,True,True,both,B,CN88jc,6.0,48.1042,-123.2083,N,48.1042,52.811,52.811,5,640
AA0RX,AA0RX,True,True,both,B,DN70,4.0,40.5,-105.0,N,40.5,48.475,48.475,148,3137693
AA0TP,AA0TP,True,True,both,B,CN87vm,6.0,47.5208,-122.2083,N,47.5208,52.431,52.431,4,252
AA1AH,AA1AH,True,True,both,A,FN43,4.0,43.5,-71.0,N,43.5,50.719,50.719,394,3919996
AA1BS,AA1BS,True,True,both,B,FN43pp,6.0,43.6458,-70.7083,N,43.6458,50.807,50.807,8,12517
AA1II,AA1II,True,True,both,B,FN41ft,6.0,41.8125,-71.5417,N,41.8125,49.146,49.146,8,1462
AA1LO,AA1LO,True,True,both,A,FN43qh,6.0,43.3125,-70.625,N,43.3125,50.457,50.457,71,72587
AA1O,AA1O,True,True,both,B,EM97,4.0,37.5,-81.0,N,37.5,46.404,46.404,5,562
AA1QR,AA1QR,True,True,both,B,FN43ce,6.0,43.1875,-71.7917,N,43.1875,50.562,50.562,145,1282670
AA1RD,AA1RD,True,True,both,A,EM84rr,6.0,34.7292,-82.5417,N,34.7292,43.887,43.887,16,84114
AA1Z,AA1Z,True,True,both,B,CM98oj,6.0,38.3958,-120.7917,N,38.3958,43.715,43.715,13,29849
AA1ZH,AA1ZH,True,True,both,B,FN42,4.0,42.5,-71.0,N,42.5,49.721,49.721,5,215
AA1ZZ,AA1ZZ,True,True,both,B,EM16xg,6.0,36.2708,-96.0417,N,36.2708,45.322,45.322,9,7612
AA2JL,AA2JL,True,True,both,B,EL98bk,6.0,28.4375,-81.875,N,28.4375,37.828,37.828,6,1443
AA2L,AA2L,True,True,both,B,EN74qw,6.0,44.9375,-84.625,N,44.9375,53.834,53.834,23,22916
AA2MA,AA2MA,True,True,both,B,EM64pt,6.0,34.8125,-86.7083,N,34.8125,44.184,44.184,4,2363
AA2TR,AA2TR,True,True,both,B,FN30iv,6.0,40.8958,-73.2917,N,40.8958,48.577,48.577,5,18498
AA2UP,AA2UP,True,True,both,A,DM62pi,6.0,32.3542,-106.7083,N,32.3542,40.172,40.172,24,11165
AA3I,AA3I,True,True,both,A,FN20if,6.0,40.2292,-75.2917,N,40.2292,48.276,48.276,11,7108
AA3K,AA3K,True,True,both,B,FN20me,6.0,40.1875,-74.9583,N,40.1875,48.179,48.179,5,5954
AA3U,AA3U,True,True,both,B,EN90,4.0,40.5,-81.0,N,40.5,49.291,49.291,4,163
AA3WH,AA3WH,True,True,both,B,FN10,4.0,40.5,-77.0,N,40.5,48.806,48.806,7,14083
AA4BD,AA4BD,True,True,both,B,EL98,4.0,28.5,-81.0,N,28.5,37.807,37.807,6,2154
AA4GA,AA4GA,True,True,both,B,EM84hb,6.0,34.0625,-83.375,N,34.0625,43.311,43.311,5,20341
AA4JM,AA4JM,True,True,both,B,EL98pi,6.0,28.3542,-80.7083,N,28.3542,37.638,37.638,6,5914
AA4KY,AA4KY,True,True,both,B,EM78rx,6.0,38.9792,-84.5417,N,38.9792,48.098,48.098,7,2081
AA4LM,AA4LM,True,True,both,B,EM77,4.0,37.5,-85.0,N,37.5,46.701,46.701,4,336
AA4NO,AA4NO,True,True,both,B,FM14cg,6.0,34.2708,-77.7917,N,34.2708,42.906,42.906,4,1767
AA4WC,AA4WC,True,True,both,B,FM08ww,6.0,38.9375,-78.125,N,38.9375,47.449,47.449,4,5177
AA4WF,AA4WF,True,True,both,B,EM77qc,6.0,37.1042,-84.625,N,37.1042,46.302,46.302,7,4221
AA5JC,AA5JC,True,False,wsprnet_only,B,JN39po,6.0,49.6042,7.2917,N,49.6042,44.812,44.812,4,35
AA5KV,AA5KV,True,True,both,B,EM32dk,6.0,32.4375,-93.7083,N,32.4375,41.749,41.749,4,841
AA5PK,AA5PK,True,True,both,B,DM91sk,6.0,31.4375,-100.4583,N,31.4375,40.132,40.132,6,18581
AA5VI,AA5VI,True,True,both,B,DM73dh,6.0,33.3125,-105.7083,N,33.3125,41.277,41.277,16,25260
AA6C,AA6C,True,True,both,B,CN87vn,6.0,47.5625,-122.2083,N,47.5625,52.472,52.472,3,321
AA6DY,AA6DY,True,True,both,A,EN62ce,6.0,42.1875,-87.7917,N,42.1875,51.297,51.297,31,3729
AA6EA,AA6EA,True,True,both,B,DM13,4.0,33.5,-117.0,N,33.5,39.576,39.576,72,420181
AA6GQQ,AA6GQQ,True,False,wsprnet_only,B,DM12,4.0,32.5,-117.0,N,32.5,38.583,38.583,5,15
AA6RF,AA6RF,True,True,both,B,DM14ga,6.0,34.0208,-117.4583,N,34.0208,40.01,40.01,382,4233162
AA6ST,AA6ST,True,True,both,B,FM05nr,6.0,35.7292,-78.875,N,35.7292,44.457,44.457,3,410
AA7AZ,AA7AZ,True,True,both,B,DN05it,6.0,45.8125,-119.2917,N,45.8125,51.307,51.307,3,1679
AA7EE,AA7EE,True,True,both,A,CM87ut,6.0,37.8125,-122.2917,N,37.8125,42.857,42.857,49,96494
AA7ER,AA7ER,True,True,both,A,CN86ci,6.0,46.3542,-123.7917,N,46.3542,50.97,50.97,150,398318
AA7HZ,AA7HZ,True,True,both,B,DM33wl,6.0,33.4792,-112.125,N,33.4792,40.41,40.41,6,3752
AA7JM,AA7JM,True,True,both,B,DM33,4.0,33.5,-113.0,N,33.5,40.281,40.281,4,9190
AA7NM,AA7NM,True,True,both,A,CN86ox,6.0,46.9792,-122.7917,N,46.9792,51.783,51.783,376,439551
AA7R,AA7R,True,True,both,B,DM04ve,6.0,34.1875,-118.2083,N,34.1875,40.039,40.039,3,761
AA7RS,AA7RS,True,True,both,B,DN40co,6.0,40.6042,-111.7917,N,40.6042,47.525,47.525,39,76844
AA7US,AA7US,True,True,both,B,DM41uw,6.0,31.9375,-110.2917,N,31.9375,39.182,39.182,161,521616
AA7YQ,AA7YQ,True,True,both,B,DN45rp,6.0,45.6458,-110.5417,N,45.6458,52.692,52.692,4,31700
AA8RV,AA8RV,True,True,both,B,EN70xs,6.0,40.7708,-84.0417,N,40.7708,49.792,49.792,3,603
AA9GE,AA9GE,True,True,both,B,EN50,4.0,40.5,-89.0,N,40.5,49.685,49.685,7,6886
AA9UC,AA9UC,True,True,both,B,EM48,4.0,38.5,-91.0,N,38.5,47.738,47.738,222,902999
AB0AC,AB0AC,True,True,both,B,EM37je,6.0,37.1875,-93.2083,N,37.1875,46.391,46.391,253,70296
AB0H,AB0H,True,True,both,B,EM37hd,6.0,37.1458,-93.375,N,37.1458,46.343,46.343,9,7080
AB0NE,AB0NE,True,True,both,B,DN70lf,6.0,40.2292,-105.0417,N,40.2292,48.203,48.203,14,13936
AB0TS,AB0TS,True,True,both,A,EN35ja,6.0,45.0208,-93.2083,N,45.0208,53.959,53.959,17,1079
AB0VX,AB0VX,True,True,both,A,EN21cj,6.0,41.3958,-95.7917,N,41.3958,50.32,50.32,24,3029
AB0VZ,AB0VZ,True,True,both,A,DM79,4.0,39.5,-105.0,N,39.5,47.493,47.493,387,2005643
AB0YT,AB0YT,True,True,both,B,FN42,4.0,42.5,-71.0,N,42.5,49.721,49.721,9,2154
AB1ABC,AB1ABC,True,True,both,B,FN20,4.0,40.5,-75.0,N,40.5,48.492,48.492,6,164
AB1BB,AB1BB,True,True,both,B,FN32jv,6.0,42.8958,-73.2083,N,42.8958,50.535,50.535,4,393
AB1JM,AB1JM,True,True,both,A,CN88sw,6.0,48.9375,-122.4583,N,48.9375,53.779,53.779,13,5213
AB1LF,AB1LF,True,True,both,A,FN42fe,6.0,42.1875,-71.5417,N,42.1875,49.519,49.519,19,9354
AB1OF,AB1OF,True,True,both,A,DM05ti,6.0,35.3542,-118.375,N,35.3542,41.163,41.163,33,191329
AB2G,AB2G,True,True,both,A,FM19ma,6.0,39.0208,-76.9583,N,39.0208,47.364,47.364,22,94904
AB2NE,AB2NE,True,True,both,A,FN42ed,6.0,42.1458,-71.625,N,42.1458,49.494,49.494,369,1012292
AB2OQ,AB2OQ,True,True,both,A,FN02,4.0,42.5,-79.0,N,42.5,51.009,51.009,12,168362
AB2RR,AB2RR,True,True,both,B,FN02nw,6.0,42.9375,-78.875,N,42.9375,51.419,51.419,19,222638
AB2TS,AB2TS,True,True,both,A,FN53bu,6.0,43.8542,-69.875,N,43.8542,50.848,50.848,22,24314
AB2VM,AB2VM,True,True,both,B,CM88qf,6.0,38.2292,-122.625,N,38.2292,43.203,43.203,5,687
AB3JF,AB3JF,True,True,both,A,FN00eu,6.0,40.8542,-79.625,N,40.8542,49.488,49.488,10,2756
AB3SI,AB3SI,True,True,both,B,EL88ob,6.0,28.0625,-82.7917,N,28.0625,37.543,37.543,9,7613
AB4AM,AB4AM,True,True,both,B,EM74xi,6.0,34.3542,-84.0417,N,34.3542,43.633,43.633,7,13439
AB4BA,AB4BA,True,True,both,B,DM79oo,6.0,39.6042,-104.7917,N,39.6042,47.624,47.624,11,3818
AB4BZ,AB4BZ,True,True,both,B,EM70fh,6.0,30.3125,-85.5417,N,30.3125,39.834,39.834,5,643
AB4ER,AB4ER,True,True,both,B,FM18hw,6.0,38.9375,-77.375,N,38.9375,47.344,47.344,93,78038
AB4QS,AB4QS,True,True,both,B,EL88wb,6.0,28.0625,-82.125,N,28.0625,37.493,37.493,3,509
AB4RH,AB4RH,True,True,both,A,EM83jl,6.0,33.4792,-83.2083,N,33.4792,42.741,42.741,20,1495
AB4SF,AB4SF,True,True,both,B,FM17uu,6.0,37.8542,-76.2917,N,37.8542,46.129,46.129,5,5530
AB4WL,AB4WL,True,True,both,A,EM63oo,6.0,33.6042,-86.7917,N,33.6042,43.026,43.026,19,5671
AB4YY,AB4YY,True,True,both,B,FM08,4.0,38.5,-79.0,N,38.5,47.141,47.141,307,4378574
AB5KF,AB5KF,True,False,wsprnet_only,B,EM12dn,6.0,32.5625,-97.7083,N,32.5625,41.547,41.547,3,13
AB5ML,AB5ML,True,True,both,B,DM65,4.0,35.5,-107.0,N,35.5,43.252,43.252,8,23032
AB7FB,AB7FB,True,True,both,A,DM09cc,6.0,39.1042,-119.7917,N,39.1042,44.602,44.602,19,3070
AB7I,AB7I,True,True,both,B,CN87lh,6.0,47.3125,-123.0417,N,47.3125,52.063,52.063,4,2252
AB7ZZ,AB7ZZ,True,True,both,A,DN17mr,6.0,47.7292,-116.9583,N,47.7292,53.629,53.629,14,23823
AB8EF,AB8EF,True,True,both,A,EN63vb,6.0,43.0625,-86.2083,N,43.0625,52.098,52.098,361,5263419
AB8K,AB8K,True,True,both,B,EM88ti,6.0,38.3542,-82.375,N,38.3542,47.35,47.35,3,722
AB8MO,AB8MO,True,True,both,A,EN91,4.0,41.5,-81.0,N,41.5,50.256,50.256,10,99606
AB8RL,AB8RL,True,True,both,A,EM98ak,6.0,38.4375,-81.9583,N,38.4375,47.395,47.395,25,8387
AB9BZ,AB9BZ,True,True,both,B,EN61cs,6.0,41.7708,-87.7917,N,41.7708,50.896,50.896,9,4093
AB9TR,AB9TR,True,True,both,B,EM58an,6.0,38.5625,-89.9583,N,38.5625,47.815,47.815,3,814
AB9TX,AB9TX,True,True,both,B,EN54wn,6.0,44.5625,-88.125,N,44.5625,53.586,53.586,57,27667
AC0AZ,AC0AZ,True,True,both,B,EM12tw,6.0,32.9375,-96.375,N,32.9375,42.038,42.038,7,13449
AC0JX,AC0JX,True,True,both,A,EN38,4.0,48.5,-93.0,N,48.5,57.311,57.311,34,219934
AC0MM,AC0MM,True,True,both,A,DM67,4.0,37.5,-107.0,N,37.5,45.231,45.231,138,426010
AC0MO,AC0MO,True,True,both,A,EM18bc,6.0,38.1042,-97.875,N,38.1042,46.956,46.956,67,156175
AC0SF,AC0SF,True,True,both,B,EM19,4.0,39.5,-97.0,N,39.5,48.39,48.39,3,259
AC0ZO,AC0ZO,True,True,both,B,DM78pu,6.0,38.8542,-104.7083,N,38.8542,46.898,46.898,8,13046
AC1GQ,AC1GQ,True,True,both,B,FN31,4.0,41.5,-73.0,N,41.5,49.119,49.119,3,2289
AC1IM,AC1IM,True,True,both,A,FN42kk,6.0,42.4375,-71.125,N,42.4375,49.684,49.684,97,109072
AC1IX,AC1IX,True,True,both,A,FN32ju,6.0,42.8542,-73.2083,N,42.8542,50.494,50.494,29,27597
AC1LB,AC1LB,True,True,both,A,FN44au,6.0,44.8542,-71.9583,N,44.8542,52.251,52.251,24,8169
AC1QW,AC1QW,True,True,both,B,FN31jf,6.0,41.2292,-73.2083,N,41.2292,48.89,48.89,4,369
AC1SO,AC1SO,True,True,both,B,FN41mx,6.0,41.9792,-70.9583,N,41.9792,49.193,49.193,7,11463
AC1UA,AC1UA,True,True,both,B,FN42mu,6.0,42.8542,-70.9583,N,42.8542,50.066,50.066,3,202
AC1UZ,AC1UZ,True,True,both,A,FN43sn,6.0,43.5625,-70.4583,N,43.5625,50.674,50.674,20,22305
AC1UZ/0,AC1UZ,True,True,both,B,FN43sn,6.0,43.5625,-70.4583,N,43.5625,50.674,50.674,6,6603
AC1UZ/1,AC1UZ,True,True,both,B,FN43sn,6.0,43.5625,-70.4583,N,43.5625,50.674,50.674,6,9775
AC1UZ/2,AC1UZ,True,True,both,B,FN43sn,6.0,43.5625,-70.4583,N,43.5625,50.674,50.674,8,19624
AC1V,AC1V,True,True,both,B,FN31pu,6.0,41.8542,-72.7083,N,41.8542,49.414,49.414,164,1159414
AC1V/1,AC1V,True,True,both,B,FN42as,6.0,42.7708,-71.9583,N,42.7708,50.18,50.18,5,9546
AC2AE,AC2AE,True,True,both,B,FN30ao,6.0,40.6042,-73.9583,N,40.6042,48.413,48.413,3,190
AC2GW,AC2GW,True,True,both,B,FN13df,6.0,43.2292,-77.7083,N,43.2292,51.557,51.557,8,1328
AC2KW,AC2KW,True,True,both,B,EL98dn,6.0,28.5625,-81.7083,N,28.5625,37.933,37.933,3,481
AC2WB,AC2WB,True,True,both,A,FM29ox,6.0,39.9792,-74.7917,N,39.9792,47.947,47.947,23,48076
AC2ZL,AC2ZL,True,True,both,B,FN21,4.0,41.5,-75.0,N,41.5,49.47,49.47,5,697
AC3EK,AC3EK,True,True,both,B,FM19si,6.0,39.3542,-76.4583,N,39.3542,47.611,47.611,3,393
AC3HT,AC3HT,True,True,both,A,FN21fi,6.0,41.3542,-75.5417,N,41.3542,49.416,49.416,43,97669
AC3KE,AC3KE,True,True,both,B,FN11rx,6.0,41.9792,-76.5417,N,41.9792,50.179,50.179,3,1752
AC3KH,AC3KH,True,True,both,A,FN10,4.0,40.5,-77.0,N,40.5,48.806,48.806,113,297378
AC3KO,AC3KO,True,True,both,B,FN10pg,6.0,40.2708,-76.7083,N,40.2708,48.54,48.54,4,105
AC3OT,AC3OT,True,True,both,A,FN20gn,6.0,40.5625,-75.4583,N,40.5625,48.629,48.629,17,104054
AC3OZ,AC3OZ,True,True,both,B,FN11eb,6.0,41.0625,-77.625,N,41.0625,49.44,49.44,3,461
AC3SS,AC3SS,True,True,both,A,FM19pa,6.0,39.0208,-76.7083,N,39.0208,47.326,47.326,291,3505934
AC3V/3,AC3V,True,True,both,A,FN11rj,6.0,41.3958,-76.5417,N,41.3958,49.61,49.61,43,227166
AC4DE,AC4DE,True,True,both,B,EM75,4.0,35.5,-85.0,N,35.5,44.782,44.782,4,19899
AC4DW,AC4DW,True,True,both,B,FM08po,6.0,38.6042,-78.7083,N,38.6042,47.204,47.204,4,1036
AC4GM,AC4GM,True,True,both,A,EM60hw,6.0,30.9375,-87.375,N,30.9375,40.473,40.473,43,800256
AC4ML,AC4ML,True,True,both,B,FM04ce,6.0,34.1875,-79.7917,N,34.1875,43.094,43.094,3,3113
AC4OW,AC4OW,True,True,both,B,EM73kq,6.0,33.6875,-85.125,N,33.6875,43.05,43.05,10,11868
AC4TC,AC4TC,True,True,both,B,EM63mq,6.0,33.6875,-86.9583,N,33.6875,43.109,43.109,3,655
AC4WW,AC4WW,True,True,both,B,EM93dl,6.0,33.4792,-81.7083,N,33.4792,42.619,42.619,4,17029
AC5CM,AC5CM,True,True,both,B,EM55db,6.0,35.0625,-89.7083,N,35.0625,44.443,44.443,15,1085
AC5JB,AC5JB,True,True,both,B,EM10cl,6.0,30.4792,-97.7917,N,30.4792,39.487,39.487,6,6002
AC5JM,AC5JM,True,True,both,B,EM26bb,6.0,36.0625,-95.875,N,36.0625,45.132,45.132,26,13623
AC5S,AC5S,True,True,both,A,DM79,4.0,39.5,-105.0,N,39.5,47.493,47.493,15,130999
AC5Z,AC5Z,True,True,both,B,EM42xj,6.0,32.3958,-90.0417,N,32.3958,41.863,41.863,16,63546
AC6FM,AC6FM,True,True,both,A,DM04dk,6.0,34.4375,-119.7083,N,34.4375,40.013,40.013,17,41063
AC6NN,AC6NN,True,True,both,A,FM18iu,6.0,38.8542,-77.2917,N,38.8542,47.251,47.251,148,1652686
AC7IJ,AC7IJ,True,True,both,A,CN87vu,6.0,47.8542,-122.2083,N,47.8542,52.759,52.759,319,1059133
AC7JW,AC7JW,True,True,both,A,DN40bu,6.0,40.8542,-111.875,N,40.8542,47.757,47.757,112,90063
AC7LR,AC7LR,True,True,both,B,CN87,4.0,47.5,-123.0,N,47.5,52.256,52.256,8,25103
AC7RX,AC7RX,True,True,both,A,CN87,4.0,47.5,-123.0,N,47.5,52.256,52.256,259,582856
AC7TY,AC7TY,True,True,both,B,DM24ul,6.0,34.4792,-114.2917,N,34.4792,41.029,41.029,3,603
AC8AW,AC8AW,True,True,both,B,EM60kh,6.0,30.3125,-87.125,N,30.3125,39.87,39.87,3,1982
AC8BE,AC8BE,True,True,both,B,EN74tx,6.0,44.9792,-84.375,N,44.9792,53.861,53.861,8,7575
AC8CJ,AC8CJ,True,True,both,A,EN61,4.0,41.5,-87.0,N,41.5,50.619,50.619,11,14832
AC8HF,AC8HF,True,True,both,B,EN82ha,6.0,42.0208,-83.375,N,42.0208,50.952,50.952,4,1150
AC8MO,AC8MO,True,True,both,A,EN82fm,6.0,42.5208,-83.5417,N,42.5208,51.444,51.444,73,1667180
AC8NM,AC8NM,True,True,both,B,EN90pr,6.0,40.7292,-80.7083,N,40.7292,49.484,49.484,11,17948
AC8YE,AC8YE,True,True,both,B,EN80,4.0,40.5,-83.0,N,40.5,49.462,49.462,6,38756
AC8YJ,AC8YJ,True,True,both,B,EN91ov,6.0,41.8958,-80.7917,N,41.8958,50.618,50.618,24,52876
AC9FU,AC9FU,True,True,both,A,FN42li,6.0,42.3542,-71.0417,N,42.3542,49.584,49.584,37,14161
AC9JQ,AC9JQ,True,True,both,A,EM69,4.0,39.5,-87.0,N,39.5,48.696,48.696,18,17192
AC9KH,AC9KH,True,True,both,A,EN45bj,6.0,45.3958,-91.875,N,45.3958,54.362,54.362,16,2491
AC9LM,AC9LM,True,True,both,B,EN62,4.0,42.5,-87.0,N,42.5,51.581,51.581,4,707
AC9PE,AC9PE,True,True,both,B,EN53qa,6.0,43.0208,-88.625,N,43.0208,52.108,52.108,7,2056
AC9QY,AC9QY,True,True,both,A,EN52,4.0,42.5,-89.0,N,42.5,51.61,51.61,395,2276639
AC9YV,AC9YV,True,True,both,A,EN52,4.0,42.5,-89.0,N,42.5,51.61,51.61,21,13208
AC9YY,AC9YY,True,True,both,A,EN51,4.0,41.5,-89.0,N,41.5,50.647,50.647,377,2966000
AC9Z,AC9Z,True,True,both,A,EM86ac,6.0,36.1042,-83.9583,N,36.1042,45.305,45.305,339,1897217
AC9ZY,AC9ZY,True,True,both,B,EN61kk,6.0,41.4375,-87.125,N,41.4375,50.562,50.562,8,13867
AD0AR,AD0AR,True,True,both,A,EN41ft,6.0,41.8125,-91.5417,N,41.8125,50.92,50.92,15,34460
AD0L,AD0L,True,True,both,B,DM13jd,6.0,33.1458,-117.2083,N,33.1458,39.187,39.187,9,1093
AD0MO,AD0MO,True,True,both,A,EM48qj,6.0,38.3958,-90.625,N,38.3958,47.645,47.645,120,617300
AD0RN,AD0RN,True,True,both,A,EM37id,6.0,37.1458,-93.2917,N,37.1458,46.347,46.347,38,46178
AD0RR,AD0RR,True,True,both,B,EM37ie,6.0,37.1875,-93.2917,N,37.1875,46.387,46.387,5,39571
AD0SN,AD0SN,True,True,both,A,EN35na,6.0,45.0208,-92.875,N,45.0208,53.971,53.971,26,126638
AD0TS,AD0TS,True,True,both,B,EM66,4.0,36.5,-87.0,N,36.5,45.813,45.813,5,964
AD1M,AD1M,True,True,both,A,CM97ai,6.0,37.3542,-121.9583,N,37.3542,42.469,42.469,28,100007
AD1V,AD1V,True,True,both,B,FN42,4.0,42.5,-71.0,N,42.5,49.721,49.721,6,4009
AD2DI,AD2DI,True,True,both,B,FN30bq,6.0,40.6875,-73.875,N,40.6875,48.479,48.479,41,50520
AD2IC,AD2IC,True,True,both,B,FN22cq,6.0,42.6875,-75.7917,N,42.6875,50.758,50.758,3,1955
AD2KC,AD2KC,True,True,both,B,FN30,4.0,40.5,-73.0,N,40.5,48.132,48.132,4,116
AD2KJ,AD2KJ,True,True,both,B,FN30hv,6.0,40.8958,-73.375,N,40.8958,48.593,48.593,10,12287
AD2L,AD2L,True,True,both,B,FN11ir,6.0,41.7292,-77.2917,N,41.7292,50.042,50.042,3,144
AD2Q,AD2Q,True,True,both,A,EN81xj,6.0,41.3958,-82.0417,N,41.3958,50.249,50.249,146,214439
AD3V,AD3V,True,True,both,B,FM29et,6.0,39.8125,-75.625,N,39.8125,47.924,47.924,5,927
AD3Y,AD3Y,True,True,both,B,FM29nu,6.0,39.8542,-74.875,N,39.8542,47.839,47.839,4,517
AD4DW,AD4DW,True,True,both,B,EL98ei,6.0,28.3542,-81.625,N,28.3542,37.727,37.727,7,2119
AD4GS,AD4GS,True,True,both,B,FM18hw,6.0,38.9375,-77.375,N,38.9375,47.344,47.344,6,3916
AD5MQ,AD5MQ,True,True,both,A,DM89dg,6.0,39.2708,-103.7083,N,39.2708,47.442,47.442,24,104567
AD5OS,AD5OS,True,True,both,B,EL29fp,6.0,29.6458,-95.5417,N,29.6458,38.882,38.882,134,197984
AD6JT,AD6JT,True,True,both,B,CM98hn,6.0,38.5625,-121.375,N,38.5625,43.769,43.769,4,42
AD6XJ,AD6XJ,True,True,both,B,DM13,4.0,33.5,-117.0,N,33.5,39.576,39.576,6,3778
AD7GR,AD7GR,True,True,both,B,DN74mg,6.0,44.2708,-104.9583,N,44.2708,52.174,52.174,9,2885
AD7LJ,AD7LJ,True,True,both,B,CN87sd,6.0,47.1458,-122.4583,N,47.1458,52.012,52.012,9,31301
AD7LL,AD7LL,True,True,both,B,DM72aw,6.0,32.9375,-105.9583,N,32.9375,40.867,40.867,14,14399
AD7QQ,AD7QQ,True,True,both,A,DN16nr,6.0,46.7292,-116.875,N,46.7292,52.661,52.661,10,12422
AD7U,AD7U,True,True,both,B,CN88px,6.0,48.9792,-122.7083,N,48.9792,53.772,53.772,6,1455
AD8IO,AD8IO,True,True,both,A,EN81uf,6.0,41.2292,-82.2917,N,41.2292,50.109,50.109,143,1160233
AD8IZ,AD8IZ,True,True,both,B,EM89ox,6.0,39.9792,-82.7917,N,39.9792,48.945,48.945,9,1585
AD8LE,AD8LE,True,False,wsprnet_only,A,DM14lb,6.0,34.0625,-117.0417,N,34.0625,40.126,40.126,19,33
AD8MM,AD8MM,True,True,both,B,EM99gh,6.0,39.3125,-81.4583,N,39.3125,48.191,48.191,5,56467
AD8PF,AD8PF,True,True,both,B,EN91gd,6.0,41.1458,-81.4583,N,41.1458,49.957,49.957,3,414
AD8QH,AD8QH,True,True,both,B,EM79,4.0,39.5,-85.0,N,39.5,48.623,48.623,52,82370
AD8Y,AD8Y,True,True,both,B,EN91fl,6.0,41.4792,-81.5417,N,41.4792,50.286,50.286,239,736572
AD9DD,AD9DD,True,True,both,B,EN53vj,6.0,43.3958,-88.2083,N,43.3958,52.465,52.465,4,1397
AD9DJ,AD9DJ,True,True,both,B,EN36wr,6.0,46.7292,-92.125,N,46.7292,55.638,55.638,4,188
AD9FR,AD9FR,True,True,both,A,EM69xl,6.0,39.4792,-86.0417,N,39.4792,48.647,48.647,30,8256
AD9GZ,AD9GZ,True,True,both,B,EN61dv,6.0,41.8958,-87.7083,N,41.8958,51.015,51.015,5,2878
AD9HI,AD9HI,True,True,both,B,EN61jl,6.0,41.4792,-87.2083,N,41.4792,50.604,50.604,14,2622
AD9HK,AD9HK,True,True,both,A,EN62cc,6.0,42.1042,-87.7917,N,42.1042,51.217,51.217,13,4408
AD9IR,AD9IR,True,True,both,B,EN53vb,6.0,43.0625,-88.2083,N,43.0625,52.144,52.144,5,1258
AD9P,AD9P,True,True,both,B,EN54eu,6.0,44.8542,-89.625,N,44.8542,53.874,53.874,3,914
AD9W,AD9W,True,True,both,B,EN50kr,6.0,40.7292,-89.125,N,40.7292,49.906,49.906,4,1519
AE0CJ,AE0CJ,True,True,both,A,EM48qq,6.0,38.6875,-90.625,N,38.6875,47.926,47.926,18,1717
AE0EW,AE0EW,True,True,both,B,DN70md,6.0,40.1458,-104.9583,N,40.1458,48.133,48.133,4,9019
AE0FG,AE0FG,True,True,both,B,EN11wh,6.0,41.3125,-96.125,N,41.3125,50.216,50.216,3,804
AE0GQ,AE0GQ,True,True,both,B,DM79,4.0,39.5,-105.0,N,39.5,47.493,47.493,355,3407842
AE0JS,AE0JS,True,True,both,B,DM79,4.0,39.5,-105.0,N,39.5,47.493,47.493,9,6573
AE0MT,AE0MT,True,True,both,B,EN34jp,6.0,44.6458,-93.2083,N,44.6458,53.597,53.597,6,4055
AE0SJ,AE0SJ,True,True,both,B,DM78ow,6.0,38.9375,-104.7917,N,38.9375,46.968,46.968,4,5639
AE0SQ,AE0SQ,True,True,both,A,EM36,4.0,36.5,-93.0,N,36.5,45.735,45.735,94,68150
AE0TF,AE0TF,True,True,both,B,EN30qd,6.0,40.1458,-92.625,N,40.1458,49.278,49.278,8,171
AE0TX,AE0TX,True,True,both,B,DM78,4.0,38.5,-105.0,N,38.5,46.509,46.509,5,4607
AE0VA,AE0VA,True,True,both,A,EN34kw,6.0,44.9375,-93.125,N,44.9375,53.881,53.881,23,25571
AE0WD,AE0WD,True,True,both,B,EN26fo,6.0,46.6042,-95.5417,N,46.6042,55.368,55.368,3,198
AE0YE,AE0YE,True,True,both,B,EN35gc,6.0,45.1042,-93.4583,N,45.1042,54.029,54.029,6,1337
AE0YH,AE0YH,True,True,both,B,EN41qn,6.0,41.5625,-90.625,N,41.5625,50.698,50.698,273,263248
AE0ZF,AE0ZF,True,True,both,B,DM79oo,6.0,39.6042,-104.7917,N,39.6042,47.624,47.624,7,16572
AE0ZJ,AE0ZJ,True,True,both,A,EM18es,6.0,38.7708,-97.625,N,38.7708,47.628,47.628,23,124513
AE1C,AE1C,True,True,both,B,FN42fc,6.0,42.1042,-71.5417,N,42.1042,49.436,49.436,3,4937
AE1JR,AE1JR,True,True,both,B,FN42fi,6.0,42.3542,-71.5417,N,42.3542,49.684,49.684,7,1224
AE1RE,AE1RE,True,True,both,B,FN42iv,6.0,42.8958,-71.2917,N,42.8958,50.174,50.174,6,6645
AE2EA,AE2EA,True,True,both,A,FN12fr,6.0,42.7292,-77.5417,N,42.7292,51.049,51.049,95,304548
AE3J,AE3J,True,True,both,A,FM29hu,6.0,39.8542,-75.375,N,39.8542,47.924,47.924,17,56725
AE4DW,AE4DW,True,True,both,A,EL98dq,6.0,28.6875,-81.7083,N,28.6875,38.052,38.052,14,70280
AE4IN,AE4IN,True,True,both,B,EM62wr,6.0,32.7292,-86.125,N,32.7292,42.169,42.169,7,5776
AE4JY,AE4JY,True,True,both,A,EM73,4.0,33.5,-85.0,N,33.5,42.865,42.865,377,236341
AE4TQ,AE4TQ,True,True,both,B,EM74ra,6.0,34.0208,-84.5417,N,34.0208,43.341,43.341,4,1130
AE4YN,AE4YN,True,True,both,B,FM08,4.0,38.5,-79.0,N,38.5,47.141,47.141,5,2157
AE5CZ,AE5CZ,True,True,both,A,DM65sc,6.0,35.1042,-106.4583,N,35.1042,42.942,42.942,27,9642
AE5DW,AE5DW,True,False,wsprnet_only,B,QN03sa,6.0,43.0208,141.5417,N,43.0208,36.518,36.518,4,51
AE5HO,AE5HO,True,True,both,A,EM13,4.0,33.5,-97.0,N,33.5,42.534,42.534,59,189534
AE5MA,AE5MA,True,True,both,B,EM53sx,6.0,33.9792,-88.4583,N,33.9792,43.406,43.406,3,392
AE5QL,AE5QL,True,True,both,B,EM26bc,6.0,36.1042,-95.875,N,36.1042,45.173,45.173,6,3448
AE5VM,AE5VM,True,True,both,B,DM52xt,6.0,32.8125,-108.0417,N,32.8125,40.42,40.42,4,1240
AE5WX,AE5WX,True,True,both,B,EM15gg,6.0,35.2708,-97.4583,N,35.2708,44.226,44.226,30,107987
AE5X,AE5X,True,True,both,B,EL98,4.0,28.5,-81.0,N,28.5,37.807,37.807,3,5768
AE6AE,AE6AE,True,True,both,A,DM12,4.0,32.5,-117.0,N,32.5,38.583,38.583,17,1730
AE6OU,AE6OU,True,True,both,B,EL09,4.0,29.5,-99.0,N,29.5,38.387,38.387,8,242
AE6TQ,AE6TQ,True,True,both,B,CM88,4.0,38.5,-123.0,N,38.5,43.397,43.397,7,190
AE7KH,AE7KH,True,True,both,A,CN85,4.0,45.5,-123.0,N,45.5,50.284,50.284,331,2609781
AE7LM/3,AE7LM,True,True,both,B,DN13wn,6.0,43.5625,-116.125,N,43.5625,49.679,49.679,3,2474
AE7PT,AE7PT,True,True,both,B,DM34up,6.0,34.6458,-112.2917,N,34.6458,41.542,41.542,6,2424
AE7TF,AE7TF,True,True,both,B,CN86mp,6.0,46.6458,-122.9583,N,46.6458,51.422,51.422,3,201
AE7W,AE7W,True,True,both,A,DM42me,6.0,32.1875,-110.9583,N,32.1875,39.32,39.32,11,14135
AE7XI,AE7XI,True,True,both,B,CN87xr,6.0,47.7292,-122.0417,N,47.7292,52.669,52.669,6,6990
AE7YD,AE7YD,True,True,both,A,DM34sp,6.0,34.6458,-112.4583,N,34.6458,41.513,41.513,15,11446
AE7YQ,AE7YQ,True,True,both,A,DM41kx,6.0,31.9792,-111.125,N,31.9792,39.084,39.084,351,5920451
AE8SP,AE8SP,True,True,both,A,EN82,4.0,42.5,-83.0,N,42.5,51.387,51.387,46,244205
AE9AX,AE9AX,True,True,both,B,EN62au,6.0,42.8542,-87.9583,N,42.8542,51.941,51.941,6,1719
AE9J,AE9J,True,True,both,A,EM69rs,6.0,39.7708,-86.5417,N,39.7708,48.944,48.944,395,1622517
AE9SS,AE9SS,True,True,both,B,EM59gt,6.0,39.8125,-89.4583,N,39.8125,49.023,49.023,3,1778
AF0CQ,AF0CQ,True,True,both,B,EN30,4.0,40.5,-93.0,N,40.5,49.606,49.606,6,504
AF0DB,AF0DB,True,True,both,B,EM28in,6.0,38.5625,-95.2917,N,38.5625,47.605,47.605,8,10608
AF0ER,AF0ER,True,True,both,A,EN41dx,6.0,41.9792,-91.7083,N,41.9792,51.077,51.077,17,3654
AF0FZ,AF0FZ,True,True,both,B,DM67,4.0,37.5,-107.0,N,37.5,45.231,45.231,8,11665
AF0SF,AF0SF,True,True,both,B,DM79kp,6.0,39.6458,-105.125,N,39.6458,47.618,47.618,27,13356
AF1R,AF1R,True,True,both,B,FN42,4.0,42.5,-71.0,N,42.5,49.721,49.721,6,7279
AF4AA,AF4AA,True,True,both,B,EM74xg,6.0,34.2708,-84.0417,N,34.2708,43.553,43.553,9,23676
AF4IG,AF4IG,True,True,both,B,DM79,4.0,39.5,-105.0,N,39.5,47.493,47.493,4,500
AF4OZ,AF4OZ,True,True,both,A,EM75ld,6.0,35.1458,-85.0417,N,35.1458,44.445,44.445,11,10041
AF4YF,AF4YF,True,True,both,B,EM96vr,6.0,36.7292,-80.2083,N,36.7292,45.579,45.579,9,13452
AF5CX,AF5CX,True,True,both,A,DM64,4.0,34.5,-107.0,N,34.5,42.26,42.26,370,3295927
AF5GM,AF5GM,True,True,both,A,EM02cl,6.0,32.4792,-99.7917,N,32.4792,41.241,41.241,60,118864
AF5LQ,AF5LQ,True,True,both,B,FM16vh,6.0,36.3125,-76.2083,N,36.3125,44.623,44.623,42,28930
AF5QB,AF5QB,True,True,both,B,EM10ad,6.0,30.1458,-97.9583,N,30.1458,39.141,39.141,26,4605
AF5U,AF5U,True,True,both,B,EM12pw,6.0,32.9375,-96.7083,N,32.9375,42.009,42.009,37,355679
AF5WW,AF5WW,True,True,both,A,EM10ck,6.0,30.4375,-97.7917,N,30.4375,39.446,39.446,119,335615
AF6DW,AF6DW,True,False,wsprnet_only,A,DM14lb,6.0,34.0625,-117.0417,N,34.0625,40.126,40.126,16,119
AF6NM,AF6NM,True,True,both,B,DM14nw,6.0,34.9375,-116.875,N,34.9375,41.023,41.023,4,867
AF6RF,AF6RF,True,True,both,A,DM03,4.0,33.5,-119.0,N,33.5,39.215,39.215,395,1347298
AF6WZ,AF6WZ,True,True,both,A,CM87,4.0,37.5,-123.0,N,37.5,42.415,42.415,93,80614
AF7BF,AF7BF,True,True,both,B,KM46hu,6.0,36.8542,28.625,N,36.8542,30.972,30.972,3,10129
AF7FA,AF7FA,True,True,both,B,DM43cl,6.0,33.4792,-111.7917,N,33.4792,40.467,40.467,9,46824
AF7XJ,AF7XJ,True,True,both,B,DN13wn,6.0,43.5625,-116.125,N,43.5625,49.679,49.679,4,418
AF7Z,AF7Z,True,True,both,A,DN40dh,6.0,40.3125,-111.7083,N,40.3125,47.251,47.251,49,25095
AF8A,AF8A,True,True,both,A,EN91gn,6.0,41.5625,-81.4583,N,41.5625,50.359,50.359,384,165571
AF8WX,AF8WX,True,True,both,A,EM89,4.0,39.5,-83.0,N,39.5,48.5,48.5,70,59102
AG0X,AG0X,True,True,both,B,EL96ce,6.0,26.1875,-81.7917,N,26.1875,35.685,35.685,5,58451
AG2L,AG2L,True,False,wsprnet_only,A,IO93us,6.0,53.7708,-0.2917,N,53.7708,49.964,49.964,11,21
AG4GZ,AG4GZ,True,True,both,A,EM60qj,6.0,30.3958,-86.625,N,30.3958,39.942,39.942,13,27575
AG4MZ,AG4MZ,True,True,both,B,EL89pa,6.0,29.0208,-82.7083,N,29.0208,38.45,38.45,45,108187
AG4YX,AG4YX,True,True,both,B,EM64sv,6.0,34.8958,-86.4583,N,34.8958,44.258,44.258,11,4546
AG4ZL,AG4ZL,True,True,both,B,EM95fv,6.0,35.8958,-81.5417,N,35.8958,44.917,44.917,5,1006
AG5AZ,AG5AZ,True,True,both,B,EM13rn,6.0,33.5625,-96.5417,N,33.5625,42.636,42.636,5,905
AG5DX,AG5DX,True,True,both,B,DM09dp,6.0,39.6458,-119.7083,N,39.6458,45.151,45.151,10,9339
AG5IX,AG5IX,True,True,both,A,EM13,4.0,33.5,-97.0,N,33.5,42.534,42.534,385,541845
AG5PC,AG5PC,True,True,both,B,EM12uu,6.0,32.8542,-96.2917,N,32.8542,41.964,41.964,3,2254
AG5ZN,AG5ZN,True,True,both,A,EM12ou,6.0,32.8542,-96.7917,N,32.8542,41.92,41.92,14,165764
AG6AO,AG6AO,True,True,both,B,EM92,4.0,32.5,-81.0,N,32.5,41.615,41.615,85,134504
AG6JU,AG6JU,True,True,both,B,DM13,4.0,33.5,-117.0,N,33.5,39.576,39.576,5,9231
AG6N,AG6N,True,True,both,B,DM04,4.0,34.5,-119.0,N,34.5,40.204,40.204,3,172
AG6NO,AG6NO,True,True,both,B,DM12kw,6.0,32.9375,-117.125,N,32.9375,38.995,38.995,121,104692
AG7DF,AG7DF,True,True,both,B,DN45oc,6.0,45.1042,-110.7917,N,45.1042,52.12,52.12,5,6770
AG7DT,AG7DT,True,True,both,B,CN87uq,6.0,47.6875,-122.2917,N,47.6875,52.579,52.579,3,440
AG7ES,AG7ES,True,True,both,B,CN84mw,6.0,44.9375,-122.9583,N,44.9375,49.738,49.738,5,1222
AG7EW,AG7EW,True,True,both,B,CN88sw,6.0,48.9375,-122.4583,N,48.9375,53.779,53.779,3,279
AG7LR,AG7LR,True,True,both,B,DN07ku,6.0,47.8542,-119.125,N,47.8542,53.35,53.35,3,1275
AG7YO,AG7YO,True,True,both,B,CN92de,6.0,42.1875,-121.7083,N,42.1875,47.273,47.273,5,479
AG7YP,AG7YP,True,True,both,A,DN45lp,6.0,45.6458,-111.0417,N,45.6458,52.611,52.611,14,10287
AG7YY,AG7YY,True,True,both,A,CN85,4.0,45.5,-123.0,N,45.5,50.284,50.284,43,300653
AH0U,AH0U,True,True,both,B,CM97bx,6.0,37.9792,-121.875,N,37.9792,43.1,43.1,5,2828
AH2S,AH2S,True,True,both,A,DN30xl,6.0,40.4792,-112.0417,N,40.4792,47.359,47.359,244,622196
AH6CY/P,AH6CY,True,True,both,B,CM87vi,6.0,37.3542,-122.2083,N,37.3542,42.422,42.422,15,4452
AH6II,AH6II,True,True,both,A,BL20,4.0,20.5,-155.0,N,20.5,21.038,21.038,20,77748
AH7D,AH7D,True,True,both,A,CM87,4.0,37.5,-123.0,N,37.5,42.415,42.415,237,116974
AH7Y,AH7Y,True,True,both,B,BK29mn,6.0,19.5625,-154.9583,N,19.5625,20.177,20.177,29,52758
AI3I,AI3I,True,True,both,B,FN00fs,6.0,40.7708,-79.5417,N,40.7708,49.398,49.398,3,1208
AI3W,AI3W,True,True,both,B,FM15as,6.0,35.7708,-77.9583,N,35.7708,44.371,44.371,5,1104
AI4BQ,AI4BQ,True,True,both,A,EM90fn,6.0,30.5625,-81.5417,N,30.5625,39.82,39.82,21,13573
AI4WX,AI4WX,True,True,both,B,EM78qv,6.0,38.8958,-84.625,N,38.8958,48.023,48.023,19,90639
AI4Y,AI4Y,True,True,both,A,FM07cc,6.0,37.1042,-79.7917,N,37.1042,45.892,45.892,373,585094
AI5AY,AI5AY,True,True,both,B,EM32xn,6.0,32.5625,-92.0417,N,32.5625,41.959,41.959,12,16406
AI5DH,AI5DH,True,True,both,B,EM26cc,6.0,36.1042,-95.7917,N,36.1042,45.179,45.179,9,4806
AI5DQ,AI5DQ,True,True,both,B,EM32cg,6.0,32.2708,-93.7917,N,32.2708,41.581,41.581,7,1912
AI5G,AI5G,True,True,both,B,EM48pt,6.0,38.8125,-90.7083,N,38.8125,48.045,48.045,3,1990
AI5NQ,AI5NQ,True,True,both,B,EM03,4.0,33.5,-99.0,N,33.5,42.335,42.335,3,2023
AI5OT,AI5OT,True,True,both,B,DM62oh,6.0,32.3125,-106.7917,N,32.3125,40.118,40.118,9,1105
AI5QK,AI5QK,True,True,both,B,EM12ot,6.0,32.8125,-96.7917,N,32.8125,41.879,41.879,4,1873
AI5TS,AI5TS,True,True,both,B,EM01xc,6.0,31.1042,-98.0417,N,31.1042,40.077,40.077,29,5331
AI5TW,AI5TW,True,True,both,B,EM20hk,6.0,30.4375,-95.375,N,30.4375,39.673,39.673,3,1156
AI5WB,AI5WB,True,True,both,B,EL29hs,6.0,29.7708,-95.375,N,29.7708,39.019,39.019,17,3425
AI5ZZ,AI5ZZ,True,True,both,B,EM52af,6.0,32.2292,-89.9583,N,32.2292,41.704,41.704,3,455
AI6AJ,AI6AJ,True,True,both,B,CM97ax,6.0,37.9792,-121.9583,N,37.9792,43.084,43.084,4,3639
AI6BH,AI6BH,True,True,both,A,DM07bk,6.0,37.4375,-119.875,N,37.4375,42.943,42.943,395,90810
AI6VN,AI6VN,True,True,both,A,CM87vi,6.0,37.3542,-122.2083,N,37.3542,42.422,42.422,28,38742
AI7AZ,AI7AZ,True,True,both,A,DM42mf,6.0,32.2292,-110.9583,N,32.2292,39.362,39.362,21,25457
AI7D,AI7D,True,True,both,A,DN36xr,6.0,46.7292,-112.0417,N,46.7292,53.508,53.508,18,2751
AI7EX,AI7EX,True,True,both,B,CN85qj,6.0,45.3958,-122.625,N,45.3958,50.255,50.255,7,1147
AI7EZ,AI7EZ,True,True,both,B,CN87mc,6.0,47.1042,-122.9583,N,47.1042,51.874,51.874,3,516
AI7HP/2,AI7HP,True,True,both,A,CN87wn,6.0,47.5625,-122.125,N,47.5625,52.488,52.488,45,76744
AI7QF,AI7QF,True,True,both,A,CN87mb,6.0,47.0625,-122.9583,N,47.0625,51.832,51.832,249,1582907
AI7QO,AI7QO,True,True,both,B,CN88ua,6.0,48.0208,-122.2917,N,48.0208,52.908,52.908,4,1587
AI7SP,AI7SP,True,True,both,B,CN93iq,6.0,43.6875,-121.2917,N,43.6875,48.831,48.831,3,759
AI7UX,AI7UX,True,True,both,A,CN82ol,6.0,42.4792,-122.7917,N,42.4792,47.35,47.35,10,40726
AI8L,AI8L,True,True,both,B,EL19uf,6.0,29.2292,-96.2917,N,29.2292,38.405,38.405,4,1810
AI9K,AI9K,True,True,both,B,EM48vk,6.0,38.4375,-90.2083,N,38.4375,47.692,47.692,4,4849
AJ1Z,AJ1Z,True,True,both,A,FN42pp,6.0,42.6458,-70.7083,N,42.6458,49.808,49.808,14,74501
AJ4AV,AJ4AV,True,True,both,B,EM73tw,6.0,33.9375,-84.375,N,33.9375,43.253,43.253,132,364933
AJ4CG,AJ4CG,True,True,both,B,EM74ua,6.0,34.0208,-84.2917,N,34.0208,43.328,43.328,4,564
AJ4FJ,AJ4FJ,True,True,both,B,EM74le,6.0,34.1875,-85.0417,N,34.1875,43.526,43.526,22,121155
AJ4OE,AJ4OE,True,True,both,B,FM06gc,6.0,36.1042,-79.4583,N,36.1042,44.891,44.891,5,272
AJ4Y,AJ4Y,True,True,both,B,EL96,4.0,26.5,-81.0,N,26.5,35.91,35.91,9,9794
AJ5S,AJ5S,True,True,both,A,EM42ui,6.0,32.3542,-90.2917,N,32.3542,41.817,41.817,57,60981
AJ6UE,AJ6UE,True,True,both,B,DM15,4.0,35.5,-117.0,N,35.5,41.558,41.558,3,950
AJ6VF,AJ6VF,True,True,both,B,CM87,4.0,37.5,-123.0,N,37.5,42.415,42.415,4,3907
AJ6VO,AJ6VO,True,True,both,B,DM13dq,6.0,33.6875,-117.7083,N,33.6875,39.634,39.634,3,407
AJ6VY,AJ6VY,True,True,both,B,CM87tm,6.0,37.5208,-122.375,N,37.5208,42.554,42.554,8,35528
AJ7AP,AJ7AP,True,True,both,B,DM43,4.0,33.5,-111.0,N,33.5,40.621,40.621,3,52
AJ7CZ,AJ7CZ,True,True,both,B,CN84lu,6.0,44.8542,-123.0417,N,44.8542,49.64,49.64,3,54
AJ7ES,AJ7ES,True,True,both,A,DM42of,6.0,32.2292,-110.7917,N,32.2292,39.39,39.39,14,33502
AJ7GW,AJ7GW,True,True,both,B,CN84,4.0,44.5,-123.0,N,44.5,49.299,49.299,14,5783
AJ8FLX,AJ8FLX,True,True,both,B,GB08,4.0,-71.5,-59.0,S,71.5,-57.205,57.205,7,41
AJ8S,AJ8S,True,True,both,A,EM89bt,6.0,39.8125,-83.875,N,39.8125,48.86,48.86,334,3771294
AK0MO,AK0MO,True,True,both,B,EM48,4.0,38.5,-91.0,N,38.5,47.738,47.738,4,1563
AK0Q,AK0Q,True,True,both,A,EN31,4.0,41.5,-93.0,N,41.5,50.571,50.571,47,76296
AK0SK,AK0SK,True,True,both,B,EM18,4.0,38.5,-97.0,N,38.5,47.417,47.417,3,962
AK0Z,AK0Z,True,True,both,B,EN41fp,6.0,41.6458,-91.5417,N,41.6458,50.759,50.759,8,24066
AK1WI,AK1WI,True,True,both,A,FN42,4.0,42.5,-71.0,N,42.5,49.721,49.721,166,2551118
AK3Y,AK3Y,True,True,both,A,FM19ja,6.0,39.0208,-77.2083,N,39.0208,47.401,47.401,57,93135
AK4AV/5,AK4AV,True,True,both,B,EL19au,6.0,29.8542,-97.9583,N,29.8542,38.853,38.853,5,1870
AK4GI,AK4GI,True,True,both,B,EM62uj,6.0,32.3958,-86.2917,N,32.3958,41.854,41.854,6,979
AK4LX,AK4LX,True,True,both,B,FM04,4.0,34.5,-79.0,N,34.5,43.294,43.294,3,593
AK4PG,AK4PG,True,True,both,B,EM63,4.0,33.5,-87.0,N,33.5,42.93,42.93,8,14969
AK4T,AK4T,True,True,both,B,EM74vb,6.0,34.0625,-84.2083,N,34.0625,43.363,43.363,74,35324
AK6A,AK6A,True,True,both,B,CN84nn,6.0,44.5625,-122.875,N,44.5625,49.385,49.385,5,17589
AK6AR,AK6AR,True,True,both,A,CM87uv,6.0,37.8958,-122.2917,N,37.8958,42.939,42.939,11,8310
AK6BB,AK6BB,True,True,both,B,CN71vs,6.0,41.7708,-124.2083,N,41.7708,46.377,46.377,15,30170
AK6IM,AK6IM,True,True,both,B,CM87um,6.0,37.5208,-122.2917,N,37.5208,42.57,42.57,5,14539
AK6KA,AK6KA,True,True,both,B,CM88mj,6.0,38.3958,-122.9583,N,38.3958,43.303,43.303,5,3414
AK6MH,AK6MH,True,True,both,B,CM87vt,6.0,37.8125,-122.2083,N,37.8125,42.872,42.872,10,14367
AK6OS,AK6OS,True,True,both,B,CM95rc,6.0,35.1042,-120.5417,N,35.1042,40.517,40.517,3,3848
AK6QF,AK6QF,True,True,both,A,DM14lb,6.0,34.0625,-117.0417,N,34.0625,40.126,40.126,93,403459
AK6SI,AK6SI,True,True,both,B,CM97,4.0,37.5,-121.0,N,37.5,42.793,42.793,7,912
AK6TB,AK6TB,True,True,both,B,DM12,4.0,32.5,-117.0,N,32.5,38.583,38.583,5,24
AK7AN,AK7AN,True,True,both,B,DM49,4.0,39.5,-111.0,N,39.5,46.568,46.568,7,18092
AK7U,AK7U,True,True,both,B,CN85,4.0,45.5,-123.0,N,45.5,50.284,50.284,12,28522
AK8DF,AK8DF,True,True,both,A,EN91ms,6.0,41.7708,-80.9583,N,41.7708,50.513,50.513,208,660046
AK9DEF,AK9DEF,True,True,both,A,EC86,4.0,-63.5,-83.0,S,63.5,-49.71,49.71,10,22
AK9R,AK9R,True,True,both,B,EM69,4.0,39.5,-87.0,N,39.5,48.696,48.696,7,25736
AK9RT,AK9RT,True,True,both,B,EN61,4.0,41.5,-87.0,N,41.5,50.619,50.619,17,6355
AL0A,AL0A,True,True,both,B,FN43sv,6.0,43.8958,-70.4583,N,43.8958,51.008,51.008,6,3324
AL1Q,AL1Q,True,True,both,A,DN48ae,6.0,48.1875,-111.9583,N,48.1875,54.952,54.952,11,29081
AL2F,AL2F,True,True,both,B,BO49et,6.0,59.8125,-151.625,N,59.8125,59.071,59.071,6,18485
AL3X,AL3X,True,True,both,B,FM18,4.0,38.5,-77.0,N,38.5,46.865,46.865,4,632
AL7B,AL7B,True,True,both,A,BP51de,6.0,61.1875,-149.7083,N,61.1875,60.823,60.823,53,30943
AL7BX,AL7BX,True,True,both,B,DM37kr,6.0,37.7292,-113.125,N,37.7292,44.455,44.455,4,3779
AL7JK,AL7JK,True,True,both,B,BP51fh,6.0,61.3125,-149.5417,N,61.3125,60.981,60.981,5,167
AX2QQ,AX2QQ,True,True,both,B,QF56,4.0,-33.5,151.0,S,33.5,-42.851,42.851,3,1503
AX3MAP,AX3MAP,True,False,wsprnet_only,B,QF21sk,6.0,-38.5625,145.5417,S,38.5625,-48.911,48.911,3,92
AX4YB,AX4YB,True,True,both,B,QG62ku,6.0,-27.1458,152.875,S,27.1458,-35.847,35.847,3,429
B49OLG,B49OLG,True,False,wsprnet_only,B,DM12,4.0,32.5,-117.0,N,32.5,38.583,38.583,6,18
B93PEY,B93PEY,True,True,both,B,ID56,4.0,-53.5,-9.0,S,53.5,-50.719,50.719,7,14
BA4AEO,BA4AEO,True,True,both,B,PM01qd,6.0,31.1458,121.375,N,31.1458,25.587,25.587,8,1516
BA4JVM,BA4JVM,True,False,wsprnet_only,B,PM06db,6.0,36.0625,120.2917,N,36.0625,30.781,30.781,3,70
BA4RTS,BA4RTS,True,True,both,B,PM01,4.0,31.5,121.0,N,31.5,25.983,25.983,7,6454
BA4SD,BA4SD,True,True,both,B,PM01li,6.0,31.3542,120.9583,N,31.3542,25.834,25.834,8,3011
BA7KHZ,BA7KHZ,True,False,wsprnet_only,B,OL63,4.0,23.5,113.0,N,23.5,17.969,17.969,3,48
BA8YBW,BA8YBW,True,True,both,A,FG10,4.0,-29.5,-77.0,S,29.5,-17.524,17.524,12,15
BD0AS,BD0AS,True,True,both,B,NN33ts,6.0,43.7708,87.625,N,43.7708,40.036,40.036,3,448
BD3PSX,BD3PSX,True,True,both,B,OM89jx,6.0,39.9792,116.7917,N,39.9792,35.08,35.08,5,2952
BD3ROR,BD3ROR,True,True,both,B,OM78,4.0,38.5,115.0,N,38.5,33.647,33.647,4,69
BD4LB,BD4LB,True,True,both,B,PM06db,6.0,36.0625,120.2917,N,36.0625,30.781,30.781,67,17603
BD7JCA,BD7JCA,True,False,wsprnet_only,A,OL63qc,6.0,23.1042,113.375,N,23.1042,17.539,17.539,80,5499
BD8ABR,BD8ABR,True,True,both,B,OM31em,6.0,31.5208,106.375,N,31.5208,26.637,26.637,4,271
BD8DIN,BD8DIN,True,True,both,B,OM20,4.0,30.5,105.0,N,30.5,25.572,25.572,3,2818
BD8NBG,BD8NBG,True,True,both,B,OL36sg,6.0,26.2708,107.5417,N,26.2708,21.018,21.018,7,177
BD8TE,BD8TE,True,True,both,B,OL15ia,6.0,25.0208,102.7083,N,25.0208,19.696,19.696,13,231
BG2WAH,BG2WAH,True,True,both,B,PN11,4.0,41.5,123.0,N,41.5,36.232,36.232,10,360
BG5BLH,BG5BLH,True,True,both,A,PL09ts,6.0,29.7708,121.625,N,29.7708,24.136,24.136,17,7234
BG5JCJ,BG5JCJ,True,True,both,A,OL78wp,6.0,28.6458,115.875,N,28.6458,23.3,23.3,34,5884
BG5JNT,BG5JNT,True,True,both,B,OL79xr,6.0,29.7292,115.9583,N,29.7292,24.433,24.433,8,360
BG7XNG,BG7XNG,True,True,both,B,OL42,4.0,22.5,109.0,N,22.5,16.962,16.962,39,12519
BG7XQM,BG7XQM,True,False,wsprnet_only,B,OL42,4.0,22.5,109.0,N,22.5,16.962,16.962,6,197
BG8BAL,BG8BAL,True,True,both,A,OL39,4.0,29.5,107.0,N,29.5,24.474,24.474,52,6193
BG8MN,BG8MN,True,True,both,A,OL37,4.0,27.5,107.0,N,27.5,22.339,22.339,17,471
BG8NMJ,BG8NMJ,True,True,both,A,OL14,4.0,24.5,103.0,N,24.5,19.132,19.132,90,25832
BG8NSK,BG8NSK,True,True,both,B,OL36hp,6.0,26.6458,106.625,N,26.6458,21.429,21.429,243,379892
BG8NWA,BG8NWA,True,True,both,A,OL36,4.0,26.5,107.0,N,26.5,21.269,21.269,18,13311
BG8NXO,BG8NXO,True,True,both,A,OM31of,6.0,31.2292,107.2083,N,31.2292,26.31,26.31,31,32148
BG8ST,BG8ST,True,True,both,B,OL06,4.0,26.5,101.0,N,26.5,21.299,21.299,4,388
BG8TST,BG8TST,True,True,both,B,OL06,4.0,26.5,101.0,N,26.5,21.299,21.299,6,73
BH4HKZ,BH4HKZ,True,True,both,B,PM01sd,6.0,31.1458,121.5417,N,31.1458,25.576,25.576,5,2569
BH4HOT,BH4HOT,True,True,both,B,PM01,4.0,31.5,121.0,N,31.5,25.983,25.983,6,579
BH4UTT,BH4UTT,True,True,both,A,PM02,4.0,32.5,121.0,N,32.5,27.025,27.025,79,22923
BH6JDR,BH6JDR,True,True,both,A,OM64us,6.0,34.7708,113.7083,N,34.7708,29.823,29.823,23,3694
BI1WIA,BI1WIA,True,False,wsprnet_only,B,ON80,4.0,40.5,117.0,N,40.5,35.608,35.608,3,22
BI3PXQ,BI3PXQ,True,True,both,B,OM76ii,6.0,36.3542,114.7083,N,36.3542,31.427,31.427,7,270
BI4JAT,BI4JAT,True,True,both,B,PM06fc,6.0,36.1042,120.4583,N,36.1042,30.813,30.813,5,233
BI4KUF,BI4KUF,True,True,both,B,OM81,4.0,31.5,117.0,N,31.5,26.233,26.233,11,1082
BI4LEE,BI4LEE,True,True,both,B,OM86,4.0,36.5,117.0,N,36.5,31.45,31.45,6,253
BI4LOJ,BI4LOJ,True,True,both,B,OM85,4.0,35.5,117.0,N,35.5,30.408,30.408,6,1199
BI6LTO,BI6LTO,True,True,both,B,OM62,4.0,32.5,113.0,N,32.5,27.474,27.474,7,564
BI8SCV,BI8SCV,True,True,both,B,OL14,4.0,24.5,103.0,N,24.5,19.132,19.132,15,252
BI9BLG,BI9BLG,True,True,both,B,OM44,4.0,34.5,109.0,N,34.5,29.724,29.724,5,308
BK2QYK,BK2QYK,True,False,wsprnet_only,B,JP05,4.0,65.5,1.0,N,65.5,63.416,63.416,6,11
BL1BGC,BL1BGC,True,True,both,A,QI71,4.0,-8.5,155.0,S,8.5,-16.0,16.0,23,172
BL7IA,BL7IA,True,True,both,A,OL72,4.0,22.5,115.0,N,22.5,16.85,16.85,36,132762
BP2APM,BP2APM,True,True,both,B,IO91,4.0,51.5,-1.0,N,51.5,47.196,47.196,9,87
BS2APM,BS2APM,True,True,both,B,IO91,4.0,51.5,-1.0,N,51.5,47.196,47.196,4,37
BU2DR,BU2DR,True,True,both,B,PL04rw,6.0,24.9375,121.4583,N,24.9375,19.1,19.1,103,373193
BU2GF,BU2GF,True,True,both,B,PL05ra,6.0,25.0208,121.4583,N,25.0208,19.187,19.187,5,254
BV4WG,BV4WG,True,False,wsprnet_only,B,OL72,4.0,22.5,115.0,N,22.5,16.85,16.85,6,90
BV9AA,BV9AA,True,True,both,B,OL94,4.0,24.5,119.0,N,24.5,18.788,18.788,9,11096
BW/G4TDS,G4TDS,True,True,both,B,PL04jg,6.0,24.2708,120.7917,N,24.2708,18.444,18.444,4,362
BX2ADJ,BX2ADJ,True,False,wsprnet_only,B,PL05ra,6.0,25.0208,121.4583,N,25.0208,19.187,19.187,7,643
BX2ANG,BX2ANG,True,True,both,B,PL05,4.0,25.5,121.0,N,25.5,19.718,19.718,5,965
BX2APC,BX2APC,True,True,both,B,PL05sb,6.0,25.0625,121.5417,N,25.0625,19.225,19.225,9,893
BX6ABC,BX6ABC,True,True,both,A,PL03,4.0,23.5,121.0,N,23.5,17.624,17.624,71,417693
BX6ACM,BX6ACM,True,True,both,B,PL03,4.0,23.5,121.0,N,23.5,17.624,17.624,4,310
BX8AAP,BX8AAP,True,True,both,B,PL02fq,6.0,22.6875,120.4583,N,22.6875,16.804,16.804,8,141
BY2RJX,BY2RJX,True,True,both,B,IO80,4.0,50.5,-3.0,N,50.5,45.996,45.996,3,20
BZ2NJX,BZ2NJX,True,True,both,B,IO80,4.0,50.5,-3.0,N,50.5,45.996,45.996,5,77
BZ2OJX,BZ2OJX,True,True,both,B,IO80,4.0,50.5,-3.0,N,50.5,45.996,45.996,5,138
BZ2PJX,BZ2PJX,True,True,both,B,IO80,4.0,50.5,-3.0,N,50.5,45.996,45.996,4,32
BZ2QJX,BZ2QJX,True,True,both,B,IO80,4.0,50.5,-3.0,N,50.5,45.996,45.996,3,65
BZ2RJX,BZ2RJX,True,True,both,B,IO80,4.0,50.5,-3.0,N,50.5,45.996,45.996,8,152
C5R,C5R,True,True,both,B,IK13pk,6.0,13.4375,-16.7083,N,13.4375,,,3,6645
C6AJP,C6AJP,True,True,both,A,FL15,4.0,25.5,-77.0,N,25.5,34.438,34.438,11,1334
CA3ADD,CA3ADD,True,True,both,B,FF46,4.0,-33.5,-71.0,S,33.5,-21.913,21.913,3,79
CA3CFN,CA3CFN,True,True,both,A,FF46qq,6.0,-33.3125,-70.625,S,33.3125,-21.798,21.798,28,1251
CA3DJL,CA3DJL,True,True,both,A,FF46lo,6.0,-33.3958,-71.0417,S,33.3958,-21.81,21.81,312,247248
CA3MLY,CA3MLY,True,True,both,B,FF46rn,6.0,-33.4375,-70.5417,S,33.4375,-21.926,21.926,3,709
CC1L,CC1L,True,True,both,B,FN03,4.0,43.5,-79.0,N,43.5,51.979,51.979,5,1460
CD3CFN,CD3CFN,True,True,both,B,FF46qq,6.0,-33.3125,-70.625,S,33.3125,-21.798,21.798,4,26
CD7CCQ,CD7CCQ,True,False,wsprnet_only,A,FN42,4.0,42.5,-71.0,N,42.5,49.721,49.721,19,37
CE3/N5NU,N5NU,True,True,both,B,FF46rn,6.0,-33.4375,-70.5417,S,33.4375,-21.926,21.926,9,140
CE3AFC,CE3AFC,True,True,both,A,FF46,4.0,-33.5,-71.0,S,33.5,-21.913,21.913,81,145687
CE3RLW,CE3RLW,True,True,both,B,FF46,4.0,-33.5,-71.0,S,33.5,-21.913,21.913,3,4095
CE3WSP,CE3WSP,True,True,both,A,FF46qa,6.0,-33.9792,-70.625,S,33.9792,-22.413,22.413,395,63454
CE4RWS,CE4RWS,True,True,both,A,FF44en,6.0,-35.4375,-71.625,S,35.4375,-23.618,23.618,23,4935
CE5DDC,CE5DDC,True,True,both,B,FF32ul,6.0,-37.5208,-72.2917,S,37.5208,-25.465,25.465,4,1865
CE5UR,CE5UR,True,True,both,B,FF33mj,6.0,-36.6042,-72.9583,S,36.6042,-24.544,24.544,11,3495
CE6GDR,CE6GDR,True,True,both,A,FF30wq,6.0,-39.3125,-72.125,S,39.3125,-27.138,27.138,17,91557
CE7DE,CE7DE,True,True,both,A,FE37eo,6.0,-42.3958,-73.625,S,42.3958,-29.852,29.852,52,79243
CE7ET,CE7ET,True,True,both,A,FE37eo,6.0,-42.3958,-73.625,S,42.3958,-29.852,29.852,135,82360
CE7FMP,CE7FMP,True,True,both,A,FE44,4.0,-45.5,-71.0,S,45.5,-32.918,32.918,134,161652
CE7TI,CE7TI,True,True,both,A,FE37eo,6.0,-42.3958,-73.625,S,42.3958,-29.852,29.852,12,5028
CE7UPK,CE7UPK,True,True,both,A,FE34tm,6.0,-45.4792,-72.375,S,45.4792,-32.784,32.784,29,510
CN8SSB,CN8SSB,True,True,both,B,IM51xp,6.0,31.6458,-8.0417,N,31.6458,17.506,17.506,11,3581
CP7LMY,CP7LMY,True,False,wsprnet_only,B,OG35,4.0,-24.5,107.0,S,24.5,-34.767,34.767,6,11
CR7BOG,CR7BOG,True,True,both,B,IM59ms,6.0,39.7708,-8.9583,N,39.7708,31.373,31.373,8,2819
CR7BRT,CR7BRT,True,True,both,B,IM58nm,6.0,38.5208,-8.875,N,38.5208,29.451,29.451,21,3145
CR7BVZ,CR7BVZ,True,True,both,B,IM58iq,6.0,38.6875,-9.2917,N,38.6875,29.713,29.713,7,304
CR7BWI,CR7BWI,True,True,both,B,IM58ir,6.0,38.7292,-9.2917,N,38.7292,29.777,29.777,4,114
CS5TRG,CS5TRG,True,True,both,A,IN50,4.0,40.5,-9.0,N,40.5,32.472,32.472,393,2533169
CS5WB,CS5WB,True,True,both,A,IM68,4.0,38.5,-7.0,N,38.5,29.433,29.433,395,1077704
CS7BAR,CS7BAR,True,True,both,B,IM58hq,6.0,38.6875,-9.375,N,38.6875,29.713,29.713,5,372
CS7BJT,CS7BJT,True,True,both,A,IM59id,6.0,39.1458,-9.2917,N,39.1458,30.422,30.422,14,876
CS8ACT,CS8ACT,True,True,both,B,HM77fr,6.0,37.7292,-25.5417,N,37.7292,29.931,29.931,4,95
CT/M1FHB,M1FHB,True,True,both,B,IM57sc,6.0,37.1042,-8.4583,N,37.1042,27.208,27.208,5,31659
CT1BAT,CT1BAT,True,True,both,B,IN50,4.0,40.5,-9.0,N,40.5,32.472,32.472,386,3417890
CT1BGZ,CT1BGZ,True,True,both,A,IM58mx,6.0,38.9792,-8.9583,N,38.9792,30.162,30.162,11,1198
CT1DAT,CT1DAT,True,True,both,A,IM58,4.0,38.5,-9.0,N,38.5,29.419,29.419,10,25172
CT1DHR,CT1DHR,True,True,both,B,IM69,4.0,39.5,-7.0,N,39.5,30.96,30.96,9,21224
CT1DJG,CT1DJG,True,True,both,A,IN61,4.0,41.5,-7.0,N,41.5,33.923,33.923,78,524272
CT1ETL,CT1ETL,True,True,both,B,IM58jr,6.0,38.7292,-9.2083,N,38.7292,29.777,29.777,274,371208
CT1ETL/1,CT1ETL,True,True,both,B,IM58ob,6.0,38.0625,-8.7917,N,38.0625,28.733,28.733,385,3593837
CT1EYD,CT1EYD,True,True,both,B,IM58is,6.0,38.7708,-9.2917,N,38.7708,29.842,29.842,9,3045
CT1GFQ,CT1GFQ,True,True,both,A,IM58ko,6.0,38.6042,-9.125,N,38.6042,29.582,29.582,54,22029
CT2ECS,CT2ECS,True,True,both,B,IM57,4.0,37.5,-9.0,N,37.5,27.839,27.839,3,209
CT2JTR,CT2JTR,True,True,both,A,IM58kn,6.0,38.5625,-9.125,N,38.5625,29.517,29.517,10,58464
CT7AMG,CT7AMG,True,True,both,A,IM58lo,6.0,38.6042,-9.0417,N,38.6042,29.582,29.582,99,301206
CT7AYT,CT7AYT,True,True,both,B,IM57oc,6.0,37.1042,-8.7917,N,37.1042,27.204,27.204,5,2480
CT7BAC,CT7BAC,True,True,both,B,IN51tn,6.0,41.5625,-8.375,N,41.5625,34.031,34.031,6,22844
CT7BHD,CT7BHD,True,True,both,A,IM58,4.0,38.5,-9.0,N,38.5,29.419,29.419,22,14174
CT7BHO,CT7BHO,True,True,both,B,IN50pe,6.0,40.1875,-8.7083,N,40.1875,31.999,31.999,4,4793
CT7BIE,CT7BIE,True,True,both,B,IM58,4.0,38.5,-9.0,N,38.5,29.419,29.419,4,4243
CT7BJG,CT7BJG,True,True,both,B,IM57pn,6.0,37.5625,-8.7083,N,37.5625,27.94,27.94,15,64600
CT7BQA,CT7BQA,True,True,both,B,IM59ns,6.0,39.7708,-8.875,N,39.7708,31.373,31.373,4,4981
CT7BXY,CT7BXY,True,True,both,B,IN50xi,6.0,40.3542,-8.0417,N,40.3542,32.242,32.242,11,1264
CU2IJ,CU2IJ,True,True,both,B,HM77es,6.0,37.7708,-25.625,N,37.7708,30.016,30.016,13,3155
CU5AQ,CU5AQ,True,True,both,B,HM58wm,6.0,38.5208,-28.125,N,38.5208,31.786,31.786,3,654
CU8/NU6F,NU6F,True,True,both,B,HM49kk,6.0,39.4375,-31.125,N,39.4375,33.958,33.958,136,62748
CX1CCC,CX1CCC,True,True,both,A,GF15,4.0,-34.5,-57.0,S,34.5,-26.27,26.27,230,135665
CX3LI,CX3LI,True,True,both,A,GF15,4.0,-34.5,-57.0,S,34.5,-26.27,26.27,37,845
CX4AV,CX4AV,True,True,both,B,GF15wd,6.0,-34.8542,-56.125,S,34.8542,-26.841,26.841,3,23
CX5BDE,CX5BDE,True,True,both,B,GF25df,6.0,-34.7708,-55.7083,S,34.7708,-26.908,26.908,4,361
CX8AT,CX8AT,True,True,both,B,GF15wc,6.0,-34.8958,-56.125,S,34.8958,-26.875,26.875,168,148697
CX8BIT,CX8BIT,True,True,both,B,GF15wc,6.0,-34.8958,-56.125,S,34.8958,-26.875,26.875,3,1261
D07RM,D07RM,True,True,both,B,JO42ov,6.0,52.8958,9.2083,N,52.8958,48.784,48.784,3,1220
D08DX,D08DX,True,True,both,B,JN59kk,6.0,49.4375,10.875,N,49.4375,44.678,44.678,5,351
D44FF,D44FF,True,False,wsprnet_only,B,HK76,4.0,16.5,-25.0,N,16.5,,,5,63
DA0HEL,DA0HEL,True,True,both,B,JO34we,6.0,54.1875,7.875,N,54.1875,50.309,50.309,3,351
DA0RH,DA0RH,True,True,both,A,JO42qh,6.0,52.3125,9.375,N,52.3125,48.095,48.095,11,2402
DA1DH,DA1DH,True,True,both,B,JN48ot,6.0,48.8125,9.2083,N,48.8125,43.879,43.879,6,2456
DA1EX,DA1EX,True,True,both,B,JN48xj,6.0,48.3958,9.9583,N,48.3958,43.389,43.389,3,489
DA1VID,DA1VID,True,True,both,B,JO31qn,6.0,51.5625,7.375,N,51.5625,47.19,47.19,6,556
DA2DA,DA2DA,True,True,both,B,JO31el,6.0,51.4792,6.375,N,51.4792,47.087,47.087,7,1567
DA2KC,DA2KC,True,True,both,A,DO32,4.0,52.5,-113.0,N,52.5,58.995,58.995,108,157855
DA2ST,DA2ST,True,True,both,B,JO31kl,6.0,51.4792,6.875,N,51.4792,47.088,47.088,18,5364
DA5UM,DA5UM,True,True,both,A,JO53,4.0,53.5,11.0,N,53.5,49.498,49.498,281,1029523
DA5UN,DA5UN,True,True,both,A,JO53,4.0,53.5,11.0,N,53.5,49.498,49.498,246,1137169
DA6AM,DA6AM,True,True,both,A,JO41sf,6.0,51.2292,9.5417,N,51.2292,46.806,46.806,10,732
DA6DA,DA6DA,True,True,both,B,JO41sg,6.0,51.2708,9.5417,N,51.2708,46.856,46.856,6,2439
DA6DT,DA6DT,True,True,both,B,JO43uq,6.0,53.6875,9.7083,N,53.6875,49.715,49.715,3,263
DA6FRD,DA6FRD,True,True,both,B,JO54bh,6.0,54.3125,10.125,N,54.3125,50.444,50.444,6,322
DA6KA,DA6KA,True,True,both,A,JO41wi,6.0,51.3542,9.875,N,51.3542,46.959,46.959,24,525
DA6KL,DA6KL,True,True,both,A,JN58jg,6.0,48.2708,10.7917,N,48.2708,43.261,43.261,25,69516
DA6TA,DA6TA,True,True,both,A,JO32we,6.0,52.1875,7.875,N,52.1875,47.941,47.941,25,145425
DA6WHO,DA6WHO,True,True,both,B,JN39,4.0,49.5,7.0,N,49.5,44.68,44.68,3,395
DA6WM,DA6WM,True,True,both,B,JO61eh,6.0,51.3125,12.375,N,51.3125,46.946,46.946,126,8859
DB1FW,DB1FW,True,True,both,B,JN49,4.0,49.5,9.0,N,49.5,44.713,44.713,18,70821
DB1IAT,DB1IAT,True,True,both,B,JN48dx,6.0,48.9792,8.2917,N,48.9792,44.063,44.063,48,267569
DB1IUA,DB1IUA,True,True,both,B,JO40uu,6.0,50.8542,9.7083,N,50.8542,46.36,46.36,3,4382
DB1MIC,DB1MIC,True,True,both,B,JN49gl,6.0,49.4792,8.5417,N,49.4792,44.679,44.679,8,7190
DB1NN,DB1NN,True,True,both,B,JN59mo,6.0,49.6042,11.0417,N,49.6042,44.883,44.883,91,181011
DB1SN,DB1SN,True,True,both,B,JN48qt,6.0,48.8125,9.375,N,48.8125,43.883,43.883,220,453442
DB2GM,DB2GM,True,True,both,A,JN47ls,6.0,47.7708,8.9583,N,47.7708,42.591,42.591,40,410662
DB2HA,DB2HA,True,True,both,B,JO52,4.0,52.5,11.0,N,52.5,48.327,48.327,3,1210
DB2JW,DB2JW,True,True,both,B,JO62pj,6.0,52.3958,13.2917,N,52.3958,48.229,48.229,4,170
DB2KS,DB2KS,True,True,both,B,JO30oo,6.0,50.6042,7.2083,N,50.6042,46.031,46.031,12,6229
DB2MWA,DB2MWA,True,True,both,A,JN58rd,6.0,48.1458,11.4583,N,48.1458,43.13,43.13,10,6665
DB2OM,DB2OM,True,True,both,B,JO52ba,6.0,52.0208,10.125,N,52.0208,47.754,47.754,182,1290262
DB3BEF,DB3BEF,True,True,both,B,JO30th,6.0,50.3125,7.625,N,50.3125,45.68,45.68,4,2416
DB3CF,DB3CF,True,True,both,A,JO31wh,6.0,51.3125,7.875,N,51.3125,46.892,46.892,15,7221
DB3KW,DB3KW,True,True,both,B,JO61eh,6.0,51.3125,12.375,N,51.3125,46.946,46.946,3,13
DB3MAR,DB3MAR,True,True,both,B,JN67hu,6.0,47.8542,12.625,N,47.8542,42.818,42.818,8,4748
DB3ZY,DB3ZY,True,True,both,B,JO40cb,6.0,50.0625,8.2083,N,50.0625,45.384,45.384,7,2259
DB4IQ,DB4IQ,True,True,both,B,JN49,4.0,49.5,9.0,N,49.5,44.713,44.713,4,1439
DB4JW,DB4JW,True,True,both,B,JO31jn,6.0,51.5625,6.7917,N,51.5625,47.189,47.189,83,16587
DB4LBS,DB4LBS,True,True,both,B,JO51,4.0,51.5,11.0,N,51.5,47.146,47.146,9,757
DB4PK,DB4PK,True,True,both,A,JO50hp,6.0,50.6458,10.625,N,50.6458,46.124,46.124,40,3220
DB4SR,DB4SR,True,True,both,B,JO50mx,6.0,50.9792,11.0417,N,50.9792,46.529,46.529,5,11878
DB5HA,DB5HA,True,True,both,A,JO31nb,6.0,51.0625,7.125,N,51.0625,46.586,46.586,87,21286
DB5JL,DB5JL,True,True,both,B,JO43,4.0,53.5,9.0,N,53.5,49.496,49.496,7,1354
DB5TW,DB5TW,True,True,both,B,JO31wn,6.0,51.5625,7.875,N,51.5625,47.192,47.192,6,745
DB5VP,DB5VP,True,True,both,B,JN58qf,6.0,48.2292,11.375,N,48.2292,43.229,43.229,11,8619
DB6CE,DB6CE,True,True,both,B,JN69ca,6.0,49.0208,12.2083,N,49.0208,44.212,44.212,3,122
DB6FK,DB6FK,True,True,both,B,JO41sh,6.0,51.3125,9.5417,N,51.3125,46.906,46.906,3,791
DB6MK,DB6MK,True,True,both,B,JN58sc,6.0,48.1042,11.5417,N,48.1042,43.082,43.082,12,3794
DB6WZ,DB6WZ,True,True,both,B,JO32qd,6.0,52.1458,7.375,N,52.1458,47.89,47.89,4,947
DB6ZJ,DB6ZJ,True,True,both,A,JO44mc,6.0,54.1042,9.0417,N,54.1042,50.205,50.205,13,5223
DB7FS,DB7FS,True,True,both,B,JN48ls,6.0,48.7708,8.9583,N,48.7708,43.822,43.822,4,574
DB7GV,DB7GV,True,True,both,A,JN47,4.0,47.5,9.0,N,47.5,42.257,42.257,86,1612
DB7KK,DB7KK,True,True,both,B,JO61fj,6.0,51.3958,12.4583,N,51.3958,47.045,47.045,3,279
DB7MY,DB7MY,True,True,both,A,JN58kh,6.0,48.3125,10.875,N,48.3125,43.314,43.314,37,58979
DB7SE,DB7SE,True,True,both,B,JN58vc,6.0,48.1042,11.7917,N,48.1042,43.091,43.091,7,1352
DB7TM,DB7TM,True,True,both,B,JN48hi,6.0,48.3542,8.625,N,48.3542,43.302,43.302,5,64058
DB7YI,DB7YI,True,True,both,B,JN58rd,6.0,48.1458,11.4583,N,48.1458,43.13,43.13,7,367
DB9FN,DB9FN,True,True,both,B,JO30ms,6.0,50.7708,7.0417,N,50.7708,46.232,46.232,10,1319
DB9KA,DB9KA,True,True,both,B,JO30nx,6.0,50.9792,7.125,N,50.9792,46.485,46.485,5,1186
DB9LG/P,DB9LG,True,True,both,A,JO23vk,6.0,53.4375,5.7917,N,53.4375,49.44,49.44,15,24598
DB9THF,DB9THF,True,True,both,B,JO62qm,6.0,52.5208,13.375,N,52.5208,48.376,48.376,7,774
DC0DWH,DC0DWH,True,True,both,B,JO31,4.0,51.5,7.0,N,51.5,47.114,47.114,3,31
DC0DX,DC0DX,True,True,both,B,JO31lk,6.0,51.4375,6.9583,N,51.4375,47.038,47.038,395,2699339
DC1AS,DC1AS,True,True,both,B,JO44lo,6.0,54.6042,8.9583,N,54.6042,50.789,50.789,16,23693
DC1DV,DC1DV,True,True,both,B,JO31lk,6.0,51.4375,6.9583,N,51.4375,47.038,47.038,3,7331
DC1FN,DC1FN,True,True,both,A,JN49mr,6.0,49.7292,9.0417,N,49.7292,44.992,44.992,11,1083
DC1OV,DC1OV,True,True,both,A,JO52di,6.0,52.3542,10.2917,N,52.3542,48.15,48.15,16,5443
DC1OZ,DC1OZ,True,True,both,A,JN49ga,6.0,49.0208,8.5417,N,49.0208,44.119,44.119,10,29015
DC1PQA,DC1PQA,True,True,both,A,JN49fo,6.0,49.6042,8.4583,N,49.6042,44.83,44.83,41,19951
DC1PW,DC1PW,True,True,both,B,JN48,4.0,48.5,9.0,N,48.5,43.491,43.491,3,253
DC1SAF,DC1SAF,True,True,both,A,JN48lm,6.0,48.5208,8.9583,N,48.5208,43.515,43.515,131,629527
DC1SN,DC1SN,True,True,both,A,JN48vj,6.0,48.3958,9.7917,N,48.3958,43.384,43.384,34,152506
DC1ST,DC1ST,True,True,both,B,JN48,4.0,48.5,9.0,N,48.5,43.491,43.491,3,2458
DC2MAC,DC2MAC,True,True,both,B,JN68ae,6.0,48.1875,12.0417,N,48.1875,43.201,43.201,11,4501
DC3EP,DC3EP,True,True,both,A,JO31km,6.0,51.5208,6.875,N,51.5208,47.138,47.138,296,7210
DC3LC,DC3LC,True,True,both,B,JO54ch,6.0,54.3125,10.2083,N,54.3125,50.444,50.444,3,404
DC3VA,DC3VA,True,True,both,B,JN59lv,6.0,49.8958,10.9583,N,49.8958,45.232,45.232,5,1479
DC4KJS,DC4KJS,True,False,wsprnet_only,B,JO22rd,6.0,52.1458,5.4583,N,52.1458,47.894,47.894,5,12
DC5AL,DC5AL,True,True,both,A,JO31,4.0,51.5,7.0,N,51.5,47.114,47.114,110,68519
DC5IU,DC5IU,True,True,both,A,JN49fa,6.0,49.0208,8.4583,N,49.0208,44.117,44.117,19,2933
DC6EB,DC6EB,True,True,both,B,JN49,4.0,49.5,9.0,N,49.5,44.713,44.713,103,131662
DC6FG,DC6FG,True,True,both,B,JN48nk,6.0,48.4375,9.125,N,48.4375,43.417,43.417,3,1149
DC6ID,DC6ID,True,True,both,B,JN48fw,6.0,48.9375,8.4583,N,48.9375,44.015,44.015,9,1639
DC6JN,DC6JN,True,True,both,B,JO30pp,6.0,50.6458,7.2917,N,50.6458,46.082,46.082,3,198
DC6MX,DC6MX,True,True,both,A,JO30lw,6.0,50.9375,6.9583,N,50.9375,46.434,46.434,11,2225
DC6MY,DC6MY,True,True,both,B,JN58jo,6.0,48.6042,10.7917,N,48.6042,43.667,43.667,3,143
DC6ST,DC6ST,True,True,both,B,IL18,4.0,28.5,-17.0,N,28.5,9.092,9.092,20,6638
DC6ZK,DC6ZK,True,True,both,A,JO52,4.0,52.5,11.0,N,52.5,48.327,48.327,395,706969
DC7CW,DC7CW,True,True,both,B,JO62pl,6.0,52.4792,13.2917,N,52.4792,48.327,48.327,24,10606
DC7IA,DC7IA,True,True,both,B,JO31tm,6.0,51.5208,7.625,N,51.5208,47.141,47.141,3,1070
DC7TO,DC7TO,True,True,both,A,JO62qk,6.0,52.4375,13.375,N,52.4375,48.279,48.279,372,546599
DC7TU,DC7TU,True,True,both,A,JN49qb,6.0,49.0625,9.375,N,49.0625,44.188,44.188,112,541735
DC7XJ,DC7XJ,True,True,both,A,JO62nk,6.0,52.4375,13.125,N,52.4375,48.276,48.276,34,255683
DC7YS,DC7YS,True,True,both,B,JO62pm,6.0,52.5208,13.2917,N,52.5208,48.375,48.375,4,32
DC8FG,DC8FG,True,True,both,B,JO44xq,6.0,54.6875,9.9583,N,54.6875,50.88,50.88,14,12174
DC8SE,DC8SE,True,True,both,A,JO61,4.0,51.5,13.0,N,51.5,47.177,47.177,104,175183
DC9BG,DC9BG,True,True,both,B,JO42ef,6.0,52.2292,8.375,N,52.2292,47.992,47.992,4,369
DC9LW,DC9LW,True,True,both,B,JN38wf,6.0,48.2292,7.875,N,48.2292,43.13,43.13,5,4759
DC9MW,DC9MW,True,True,both,B,JN58tc,6.0,48.1042,11.625,N,48.1042,43.085,43.085,15,4036
DC9PI,DC9PI,True,True,both,A,JO31nm,6.0,51.5208,7.125,N,51.5208,47.139,47.139,372,80871
DD0DA,DD0DA,True,True,both,A,JO41,4.0,51.5,9.0,N,51.5,47.125,47.125,27,121896
DD0MS,DD0MS,True,True,both,A,JN49ab,6.0,49.0625,8.0417,N,49.0625,44.16,44.16,12,3049
DD0OI,DD0OI,True,True,both,A,JO42ud,6.0,52.1458,9.7083,N,52.1458,47.899,47.899,30,47196
DD0PD,DD0PD,True,True,both,A,JO30wv,6.0,50.8958,7.875,N,50.8958,46.39,46.39,26,36151
DD0UL,DD0UL,True,True,both,B,JN49fl,6.0,49.4792,8.4583,N,49.4792,44.678,44.678,15,7649
DD0UM,DD0UM,True,True,both,B,JN49am,6.0,49.5208,8.0417,N,49.5208,44.721,44.721,6,206
DD1CC/D,DD1CC,True,True,both,B,JO31ws,6.0,51.7708,7.875,N,51.7708,47.442,47.442,16,93157
DD1CC/L,DD1CC,True,True,both,B,JO31xt,6.0,51.8125,7.9583,N,51.8125,47.493,47.493,3,3340
DD1CC/M,DD1CC,True,True,both,A,JO31ws,6.0,51.7708,7.875,N,51.7708,47.442,47.442,18,21107
DD1EH,DD1EH,True,True,both,A,JO31kf,6.0,51.2292,6.875,N,51.2292,46.786,46.786,298,593277
DD1MA,DD1MA,True,True,both,A,JO60xx,6.0,50.9792,13.9583,N,50.9792,46.585,46.585,27,384135
DD1OP,DD1OP,True,True,both,B,JO42ng,6.0,52.2708,9.125,N,52.2708,48.044,48.044,7,887
DD2BU,DD2BU,True,True,both,B,JO33,4.0,53.5,7.0,N,53.5,49.504,49.504,6,10981
DD2DM,DD2DM,True,True,both,A,JN67,4.0,47.5,13.0,N,47.5,42.403,42.403,61,309850
DD2FP,DD2FP,True,True,both,A,JO31tw,6.0,51.9375,7.625,N,51.9375,47.641,47.641,26,213174
DD2NU,DD2NU,True,True,both,A,JN49mv,6.0,49.8958,9.0417,N,49.8958,45.194,45.194,135,632129
DD2PI,DD2PI,True,True,both,A,JO30,4.0,50.5,7.0,N,50.5,45.903,45.903,106,936623
DD2RT,DD2RT,True,True,both,B,JN58,4.0,48.5,11.0,N,48.5,43.546,43.546,13,14759
DD3DH,DD3DH,True,True,both,B,JO42wj,6.0,52.3958,9.875,N,52.3958,48.196,48.196,3,324
DD3DJ,DD3DJ,True,True,both,B,JO31ol,6.0,51.4792,7.2083,N,51.4792,47.089,47.089,9,91499
DD3JW,DD3JW,True,True,both,A,JO62sk,6.0,52.4375,13.5417,N,52.4375,48.281,48.281,11,10685
DD3MS,DD3MS,True,True,both,A,JN59kv,6.0,49.8958,10.875,N,49.8958,45.23,45.23,149,475742
DD3SP,DD3SP,True,True,both,A,JO72en,6.0,52.5625,14.375,N,52.5625,48.438,48.438,10,12552
DD3VV,DD3VV,True,True,both,B,JN39ng,6.0,49.2708,7.125,N,49.2708,44.4,44.4,4,420
DD4DE,DD4DE,True,True,both,A,JO54cf,6.0,54.2292,10.2083,N,54.2292,50.347,50.347,134,733465
DD4EA,DD4EA,True,True,both,A,JO31,4.0,51.5,7.0,N,51.5,47.114,47.114,42,30752
DD4MN,DD4MN,True,True,both,A,JO61,4.0,51.5,13.0,N,51.5,47.177,47.177,16,211499
DD4VB,DD4VB,True,True,both,B,JN39ni,6.0,49.3542,7.125,N,49.3542,44.503,44.503,4,2069
DD5AT,DD5AT,True,True,both,B,JO30pv,6.0,50.8958,7.2917,N,50.8958,46.385,46.385,9,10070
DD5DD,DD5DD,True,True,both,A,JO50,4.0,50.5,11.0,N,50.5,45.957,45.957,24,65475
DD5FC,DD5FC,True,False,wsprnet_only,B,JO53fl,6.0,53.4792,10.4583,N,53.4792,49.472,49.472,6,43
DD5NT,DD5NT,True,True,both,B,JO61wc,6.0,51.1042,13.875,N,51.1042,46.729,46.729,49,8993
DD6DS,DD6DS,True,True,both,B,JN48tn,6.0,48.5625,9.625,N,48.5625,43.584,43.584,9,24171
DD6ZI,DD6ZI,True,True,both,B,JO62sk,6.0,52.4375,13.5417,N,52.4375,48.281,48.281,20,1350
DD7KT,DD7KT,True,True,both,B,JN58rg,6.0,48.2708,11.4583,N,48.2708,43.282,43.282,4,2146
DD7ZY,DD7ZY,True,True,both,B,JO50ae,6.0,50.1875,10.0417,N,50.1875,45.564,45.564,3,203
DD8BA,DD8BA,True,True,both,A,JO42bo,6.0,52.6042,8.125,N,52.6042,48.438,48.438,17,173512
DD8UQ,DD8UQ,True,True,both,B,JN58,4.0,48.5,11.0,N,48.5,43.546,43.546,6,6707
DD9OK,DD9OK,True,True,both,A,JO42xd,6.0,52.1458,9.9583,N,52.1458,47.901,47.901,32,433328
DE2LLO,DE2LLO,True,False,wsprnet_only,B,JN58,4.0,48.5,11.0,N,48.5,43.546,43.546,8,28
DE4N,DE4N,True,True,both,A,JN48,4.0,48.5,9.0,N,48.5,43.491,43.491,11,52
DE5RWO,DE5RWO,True,False,wsprnet_only,B,JN58,4.0,48.5,11.0,N,48.5,43.546,43.546,4,12
DE6XEX,DE6XEX,True,False,wsprnet_only,B,JN48,4.0,48.5,9.0,N,48.5,43.491,43.491,3,10
DE8NQR,DE8NQR,True,False,wsprnet_only,B,JN48,4.0,48.5,9.0,N,48.5,43.491,43.491,9,21
DF0JEN,DF0JEN,True,True,both,B,JO50tw,6.0,50.9375,11.625,N,50.9375,46.489,46.489,7,718
DF0OJT,DF0OJT,True,True,both,A,JN58,4.0,48.5,11.0,N,48.5,43.546,43.546,30,184
DF1AJ,DF1AJ,True,True,both,B,JN48fw,6.0,48.9375,8.4583,N,48.9375,44.015,44.015,39,6154
DF1DGE,DF1DGE,True,True,both,A,JO31nj,6.0,51.3958,7.125,N,51.3958,46.988,46.988,15,3759
DF1DN,DF1DN,True,True,both,B,JO41hq,6.0,51.6875,8.625,N,51.6875,47.346,47.346,3,4144
DF1EO,DF1EO,True,True,both,B,JO31nd,6.0,51.1458,7.125,N,51.1458,46.687,46.687,4,6940
DF1GA,DF1GA,True,True,both,B,JO61hb,6.0,51.0625,12.625,N,51.0625,46.655,46.655,348,1115773
DF1GD,DF1GD,True,True,both,A,JN38vl,6.0,48.4792,7.7917,N,48.4792,43.437,43.437,50,7233
DF1HK,DF1HK,True,True,both,B,JO43vn,6.0,53.5625,9.7917,N,53.5625,49.569,49.569,137,10362
DF1KU,DF1KU,True,True,both,B,JO30,4.0,50.5,7.0,N,50.5,45.903,45.903,347,1568776
DF1PH,DF1PH,True,True,both,B,JN48,4.0,48.5,9.0,N,48.5,43.491,43.491,3,862
DF1TB,DF1TB,True,True,both,B,JN59te,6.0,49.1875,11.625,N,49.1875,44.396,44.396,3,4637
DF1THN,DF1THN,True,False,wsprnet_only,B,JN48,4.0,48.5,9.0,N,48.5,43.491,43.491,9,18
DF1XC,DF1XC,True,True,both,B,JO71bt,6.0,51.8125,14.125,N,51.8125,47.563,47.563,3,2940
DF2IC,DF2IC,True,True,both,A,JN68be,6.0,48.1875,12.125,N,48.1875,43.204,43.204,24,178334
DF2JC,DF2JC,True,True,both,B,JO31,4.0,51.5,7.0,N,51.5,47.114,47.114,45,1142
DF2JI,DF2JI,True,True,both,B,JO30lw,6.0,50.9375,6.9583,N,50.9375,46.434,46.434,38,8911
DF2LS,DF2LS,True,True,both,B,JO53dr,6.0,53.7292,10.2917,N,53.7292,49.764,49.764,3,231
DF2LV,DF2LV,True,True,both,B,JO44rs,6.0,54.7708,9.4583,N,54.7708,50.98,50.98,5,2199
DF2MG,DF2MG,True,True,both,B,JN58pt,6.0,48.8125,11.2917,N,48.8125,43.934,43.934,9,4426
DF2NV,DF2NV,True,True,both,B,JN59mo,6.0,49.6042,11.0417,N,49.6042,44.883,44.883,5,796
DF2SY,DF2SY,True,True,both,A,JN48wk,6.0,48.4375,9.875,N,48.4375,43.437,43.437,57,103716
DF2UJ,DF2UJ,True,True,both,A,JO43jf,6.0,53.2292,8.7917,N,53.2292,49.177,49.177,12,1072
DF2UU,DF2UU,True,True,both,B,JN48cw,6.0,48.9375,8.2083,N,48.9375,44.01,44.01,9,15941
DF2VC,DF2VC,True,True,both,B,JN39mg,6.0,49.2708,7.0417,N,49.2708,44.399,44.399,12,1429
DF3AT,DF3AT,True,True,both,B,JO43db,6.0,53.0625,8.2917,N,53.0625,48.981,48.981,5,2223
DF3GF,DF3GF,True,True,both,A,JN38wa,6.0,48.0208,7.875,N,48.0208,42.871,42.871,66,48906
DF3GY,DF3GY,True,True,both,B,JN48as,6.0,48.7708,8.0417,N,48.7708,43.802,43.802,30,4734
DF3HM,DF3HM,True,True,both,B,JO43xk,6.0,53.4375,9.9583,N,53.4375,49.423,49.423,67,84788
DF3HW,DF3HW,True,True,both,B,JO53,4.0,53.5,11.0,N,53.5,49.498,49.498,5,862
DF3NA,DF3NA,True,True,both,B,JN59ju,6.0,49.8542,10.7917,N,49.8542,45.178,45.178,7,3956
DF3ND,DF3ND,True,True,both,B,JN59ng,6.0,49.2708,11.125,N,49.2708,44.483,44.483,5,3257
DF3OU,DF3OU,True,True,both,B,JN49lv,6.0,49.8958,8.9583,N,49.8958,45.193,45.193,3,1799
DF3UCZ,DF3UCZ,True,True,both,A,JN58,4.0,48.5,11.0,N,48.5,43.546,43.546,19,91
DF3WG,DF3WG,True,True,both,B,JN49ep,6.0,49.6458,8.375,N,49.6458,44.879,44.879,5,604
DF3YG,DF3YG,True,True,both,B,JO33wq,6.0,53.6875,7.875,N,53.6875,49.721,49.721,3,686
DF4EU,DF4EU,True,True,both,B,JO43rw,6.0,53.9375,9.4583,N,53.9375,50.008,50.008,3,1934
DF4FM,DF4FM,True,True,both,B,JO44,4.0,54.5,9.0,N,54.5,50.667,50.667,3,185
DF4FZ,DF4FZ,True,True,both,B,JO40cb,6.0,50.0625,8.2083,N,50.0625,45.384,45.384,24,6231
DF4JH,DF4JH,True,True,both,B,JN68ep,6.0,48.6458,12.375,N,48.6458,43.766,43.766,4,3817
DF4PV,DF4PV,True,True,both,B,JN49ax,6.0,49.9792,8.0417,N,49.9792,45.28,45.28,394,281906
DF4SW,DF4SW,True,True,both,B,JO31qk,6.0,51.4375,7.375,N,51.4375,47.04,47.04,4,1073
DF4XI,DF4XI,True,True,both,B,JO54kf,6.0,54.2292,10.875,N,54.2292,50.346,50.346,7,5008
DF4XSZ,DF4XSZ,True,False,wsprnet_only,B,JL66,4.0,26.5,13.0,N,26.5,12.988,12.988,5,10
DF5AM,DF5AM,True,True,both,B,IL38db,6.0,28.0625,-13.7083,N,28.0625,7.36,7.36,5,172
DF5DW,DF5DW,True,True,both,A,JO30sx,6.0,50.9792,7.5417,N,50.9792,46.488,46.488,51,15657
DF5FT,DF5FT,True,True,both,B,JO40,4.0,50.5,9.0,N,50.5,45.924,45.924,7,28551
DF5GAJ,DF5GAJ,True,False,wsprnet_only,A,JO43,4.0,53.5,9.0,N,53.5,49.496,49.496,44,121
DF5GO,DF5GO,True,True,both,B,JO62qk,6.0,52.4375,13.375,N,52.4375,48.279,48.279,7,3147
DF5JJ,DF5JJ,True,True,both,A,JO43xn,6.0,53.5625,9.9583,N,53.5625,49.569,49.569,118,538547
DF5LR,DF5LR,True,True,both,A,JN68iq,6.0,48.6875,12.7083,N,48.6875,43.827,43.827,48,62464
DF6AK,DF6AK,True,True,both,A,JO63,4.0,53.5,13.0,N,53.5,49.508,49.508,319,102813
DF6DX,DF6DX,True,True,both,B,JN48aj,6.0,48.3958,8.0417,N,48.3958,43.339,43.339,3,4686
DF6HE,DF6HE,True,True,both,A,JO52,4.0,52.5,11.0,N,52.5,48.327,48.327,377,876903
DF6LT,DF6LT,True,True,both,A,JO43un,6.0,53.5625,9.7083,N,53.5625,49.569,49.569,60,112835
DF6NDL,DF6NDL,True,False,wsprnet_only,A,JN48,4.0,48.5,9.0,N,48.5,43.491,43.491,10,21
DF6NM,DF6NM,True,True,both,B,JN59nj,6.0,49.3958,11.125,N,49.3958,44.634,44.634,25,2878
DF6NN,DF6NN,True,True,both,B,JO61vb,6.0,51.0625,13.7917,N,51.0625,46.679,46.679,101,72503
DF6NO,DF6NO,True,True,both,A,JN59rl,6.0,49.4792,11.4583,N,49.4792,44.743,44.743,80,24729
DF6PA,DF6PA,True,True,both,B,JN49cx,6.0,49.9792,8.2083,N,49.9792,45.283,45.283,15,5118
DF6PW,DF6PW,True,True,both,A,JO40,4.0,50.5,9.0,N,50.5,45.924,45.924,21,463154
DF6RI,DF6RI,True,True,both,B,JN59rl,6.0,49.4792,11.4583,N,49.4792,44.743,44.743,4,285
DF6TG,DF6TG,True,True,both,B,JN57dj,6.0,47.3958,10.2917,N,47.3958,42.172,42.172,3,197
DF6YL,DF6YL,True,True,both,B,JO31ws,6.0,51.7708,7.875,N,51.7708,47.442,47.442,14,4170
DF6ZW,DF6ZW,True,True,both,B,JO40,4.0,50.5,9.0,N,50.5,45.924,45.924,3,3511
DF7AX,DF7AX,True,True,both,A,JO41wm,6.0,51.5208,9.875,N,51.5208,47.158,47.158,33,94718
DF7BIL,DF7BIL,True,False,wsprnet_only,B,JO31,4.0,51.5,7.0,N,51.5,47.114,47.114,3,17
DF7DC,DF7DC,True,True,both,B,JO31rp,6.0,51.6458,7.4583,N,51.6458,47.291,47.291,20,12339
DF7GB,DF7GB,True,True,both,B,JN49cx,6.0,49.9792,8.2083,N,49.9792,45.283,45.283,6,31451
DF7GT,DF7GT,True,True,both,B,JN37uw,6.0,47.9375,7.7083,N,47.9375,42.764,42.764,7,13713
DF7IH,DF7IH,True,True,both,B,JN49rf,6.0,49.2292,9.4583,N,49.2292,44.393,44.393,3,1229
DF7PE,DF7PE,True,True,both,A,JN48,4.0,48.5,9.0,N,48.5,43.491,43.491,343,1283497
DF7VX,DF7VX,True,True,both,B,JO41rt,6.0,51.8125,9.4583,N,51.8125,47.501,47.501,5,11104
DF7XH,DF7XH,True,True,both,A,JN47pr,6.0,47.7292,9.2917,N,47.7292,42.55,42.55,26,7107
DF8DL,DF8DL,True,True,both,B,JO31nr,6.0,51.7292,7.125,N,51.7292,47.39,47.39,8,33847
DF8EXH,DF8EXH,True,False,wsprnet_only,A,IO91kg,6.0,51.2708,-1.125,N,51.2708,46.914,46.914,17,184
DF8IU,DF8IU,True,False,wsprnet_only,B,JN09vg,6.0,49.2708,1.7917,N,49.2708,44.366,44.366,6,127
DF8JE,DF8JE,True,True,both,B,JO31id,6.0,51.1458,6.7083,N,51.1458,46.685,46.685,5,543
DF8LPP,DF8LPP,True,True,both,B,NR97,4.0,87.5,99.0,N,87.5,82.461,82.461,9,15
DF8PC,DF8PC,True,False,wsprnet_only,B,EM69ur,6.0,39.7292,-86.2917,N,39.7292,48.896,48.896,3,61
DF8PI,DF8PI,True,True,both,A,JN49ax,6.0,49.9792,8.0417,N,49.9792,45.28,45.28,351,537465
DF8PX,DF8PX,True,True,both,A,JN49,4.0,49.5,9.0,N,49.5,44.713,44.713,11,2049
DF8RPU,DF8RPU,True,False,wsprnet_only,A,JN49,4.0,49.5,9.0,N,49.5,44.713,44.713,14,27
DF9AV/P,DF9AV,True,True,both,B,JN57ep,6.0,47.6458,10.375,N,47.6458,42.482,42.482,3,335
DF9DX,DF9DX,True,True,both,B,JO31da,6.0,51.0208,6.2917,N,51.0208,46.532,46.532,5,1310
DF9EU,DF9EU,True,True,both,B,JO42lt,6.0,52.8125,8.9583,N,52.8125,48.685,48.685,3,65
DF9GK,DF9GK,True,True,both,A,JO44xj,6.0,54.3958,9.9583,N,54.3958,50.541,50.541,20,6615
DF9HJ,DF9HJ,True,True,both,A,JO43ws,6.0,53.7708,9.875,N,53.7708,49.813,49.813,16,18818
DF9IL,DF9IL,True,True,both,B,JN48,4.0,48.5,9.0,N,48.5,43.491,43.491,6,162
DF9JL,DF9JL,True,True,both,B,JO31gk,6.0,51.4375,6.5417,N,51.4375,47.037,47.037,71,21340
DF9JL/P,DF9JL,True,True,both,B,JO31gk,6.0,51.4375,6.5417,N,51.4375,47.037,47.037,5,1011
DF9LR,DF9LR,True,True,both,A,JO42tk,6.0,52.4375,9.625,N,52.4375,48.244,48.244,12,68266
DF9LWX,DF9LWX,True,False,wsprnet_only,A,JN58,4.0,48.5,11.0,N,48.5,43.546,43.546,24,75
DF9MV,DF9MV,True,True,both,B,JN57ts,6.0,47.7708,11.625,N,47.7708,42.679,42.679,4,492
DF9SJ,DF9SJ,True,True,both,B,JN48xj,6.0,48.3958,9.9583,N,48.3958,43.389,43.389,6,3684
DF9XZ,DF9XZ,True,True,both,A,JO32mf,6.0,52.2292,7.0417,N,52.2292,47.99,47.99,71,21359
DF9YW,DF9YW,True,True,both,B,JO41nw,6.0,51.9375,9.125,N,51.9375,47.648,47.648,8,537
DG0AAE,DG0AAE,True,True,both,B,JO60hs,6.0,50.7708,12.625,N,50.7708,46.31,46.31,4,115
DG0BAK,DG0BAK,True,True,both,B,JO43kc,6.0,53.1042,8.875,N,53.1042,49.03,49.03,3,237
DG0JAJ,DG0JAJ,True,True,both,A,JN57lt,6.0,47.8125,10.9583,N,47.8125,42.707,42.707,391,211534
DG0KS,DG0KS,True,True,both,B,JO64ad,6.0,54.1458,12.0417,N,54.1458,50.251,50.251,7,15540
DG0OCZ,DG0OCZ,True,True,both,A,JO50,4.0,50.5,11.0,N,50.5,45.957,45.957,26,1415
DG0PM,DG0PM,True,True,both,A,JO50hp,6.0,50.6458,10.625,N,50.6458,46.124,46.124,19,11138
DG0SYF,DG0SYF,True,False,wsprnet_only,A,JN48,4.0,48.5,9.0,N,48.5,43.491,43.491,12,37
DG0UCL,DG0UCL,True,True,both,B,JO71hr,6.0,51.7292,14.625,N,51.7292,47.475,47.475,8,1887
DG1AS,DG1AS,True,True,both,B,JO53fd,6.0,53.1458,10.4583,N,53.1458,49.082,49.082,5,511
DG1AW,DG1AW,True,True,both,B,JN49hp,6.0,49.6458,8.625,N,49.6458,44.884,44.884,40,31710
DG1DBX,DG1DBX,True,True,both,B,JO31wd,6.0,51.1458,7.875,N,51.1458,46.691,46.691,234,130302
DG1DP,DG1DP,True,True,both,B,JO41fv,6.0,51.8958,8.4583,N,51.8958,47.594,47.594,4,1897
DG1FK,DG1FK,True,True,both,B,JO40la,6.0,50.0208,8.9583,N,50.0208,45.344,45.344,6,2535
DG1GBX,DG1GBX,True,True,both,B,JN48xd,6.0,48.1458,9.9583,N,48.1458,43.083,43.083,4,128
DG1GMY,DG1GMY,True,True,both,B,JN48cs,6.0,48.7708,8.2083,N,48.7708,43.805,43.805,6,2547
DG1HVL,DG1HVL,True,True,both,B,JO61cu,6.0,51.8542,12.2083,N,51.8542,47.581,47.581,4,4112
DG1LHM,DG1LHM,True,True,both,B,JO53hr,6.0,53.7292,10.625,N,53.7292,49.764,49.764,3,1567
DG1LJP,DG1LJP,True,True,both,B,JO53bq,6.0,53.6875,10.125,N,53.6875,49.715,49.715,8,24809
DG1NDE,DG1NDE,True,True,both,B,JO50ph,6.0,50.3125,11.2917,N,50.3125,45.738,45.738,13,34240
DG1ROL,DG1ROL,True,True,both,B,JN58sc,6.0,48.1042,11.5417,N,48.1042,43.082,43.082,25,17779
DG1RUG,DG1RUG,True,True,both,A,JO30xr,6.0,50.7292,7.9583,N,50.7292,46.189,46.189,11,3489
DG1SFK,DG1SFK,True,True,both,B,JN48,4.0,48.5,9.0,N,48.5,43.491,43.491,9,5947
DG1SGW,DG1SGW,True,True,both,B,JN48qt,6.0,48.8125,9.375,N,48.8125,43.883,43.883,3,762
DG2BDU,DG2BDU,True,True,both,B,JO43ho,6.0,53.6042,8.625,N,53.6042,49.62,49.62,9,1077
DG2DAJ,DG2DAJ,True,True,both,B,JO30,4.0,50.5,7.0,N,50.5,45.903,45.903,63,185846
DG2DBT,DG2DBT,True,True,both,A,JO31xe,6.0,51.1875,7.9583,N,51.1875,46.742,46.742,53,40290
DG2FFP,DG2FFP,True,True,both,B,JO40vu,6.0,50.8542,9.7917,N,50.8542,46.361,46.361,4,707
DG2GBO,DG2GBO,True,True,both,A,JN37vn,6.0,47.5625,7.7917,N,47.5625,42.3,42.3,18,2526
DG2JA,DG2JA,True,True,both,A,JO31wp,6.0,51.6458,7.875,N,51.6458,47.292,47.292,44,66541
DG2MCM,DG2MCM,True,True,both,B,JN57dr,6.0,47.7292,10.2917,N,47.7292,42.582,42.582,121,238028
DG2MKC,DG2MKC,True,True,both,B,JN57hv,6.0,47.8958,10.625,N,47.8958,42.797,42.797,11,1896
DG2NBG,DG2NBG,True,True,both,B,JO50og,6.0,50.2708,11.2083,N,50.2708,45.687,45.687,4,1458
DG2NPE,DG2NPE,True,True,both,B,JN59tw,6.0,49.9375,11.625,N,49.9375,45.297,45.297,46,59323
DG2RBH,DG2RBH,True,True,both,A,JN68ii,6.0,48.3542,12.7083,N,48.3542,43.426,43.426,10,9221
DG2SAT,DG2SAT,True,True,both,B,JN48lp,6.0,48.6458,8.9583,N,48.6458,43.669,43.669,4,1082
DG3ACH,DG3ACH,True,True,both,B,JN38vl,6.0,48.4792,7.7917,N,48.4792,43.437,43.437,3,42
DG3BCB,DG3BCB,True,True,both,A,JO43kd,6.0,53.1458,8.875,N,53.1458,49.079,49.079,13,18938
DG3BD,DG3BD,True,True,both,A,JO30mv,6.0,50.8958,7.0417,N,50.8958,46.383,46.383,114,18488
DG3DB,DG3DB,True,True,both,B,JO31rp,6.0,51.6458,7.4583,N,51.6458,47.291,47.291,7,1592
DG3DJ,DG3DJ,True,True,both,B,JO30xt,6.0,50.8125,7.9583,N,50.8125,46.29,46.29,30,2417
DG3HS,DG3HS,True,True,both,B,JO53,4.0,53.5,11.0,N,53.5,49.498,49.498,4,136
DG3JPD,DG3JPD,True,False,wsprnet_only,B,JO53,4.0,53.5,11.0,N,53.5,49.498,49.498,5,13
DG3KHS,DG3KHS,True,True,both,B,JO30ls,6.0,50.7708,6.9583,N,50.7708,46.231,46.231,14,14080
DG3LV,DG3LV,True,True,both,A,JO53gv,6.0,53.8958,10.5417,N,53.8958,49.958,49.958,169,356625
DG3SBM,DG3SBM,True,True,both,A,JN48ru,6.0,48.8542,9.4583,N,48.8542,43.936,43.936,68,105784
DG3WN,DG3WN,True,True,both,B,JO31,4.0,51.5,7.0,N,51.5,47.114,47.114,8,9555
DG3YEE,DG3YEE,True,True,both,B,JO32qb,6.0,52.0625,7.375,N,52.0625,47.791,47.791,3,218
DG4BRT,DG4BRT,True,True,both,B,JO43bj,6.0,53.3958,8.125,N,53.3958,49.375,49.375,3,10706
DG4CVD,DG4CVD,True,True,both,B,JN39gt,6.0,49.8125,6.5417,N,49.8125,45.058,45.058,83,186577
DG4FBC,DG4FBC,True,True,both,A,JN49ix,6.0,49.9792,8.7083,N,49.9792,45.29,45.29,12,7658
DG4FFT,DG4FFT,True,True,both,B,JN58,4.0,48.5,11.0,N,48.5,43.546,43.546,5,33
DG4KLK,DG4KLK,True,True,both,B,JO41tw,6.0,51.9375,9.625,N,51.9375,47.651,47.651,21,21147
DG4MLA,DG4MLA,True,True,both,B,JN58,4.0,48.5,11.0,N,48.5,43.546,43.546,5,269
DG4MND,DG4MND,True,False,wsprnet_only,B,EM12ou,6.0,32.8542,-96.7917,N,32.8542,41.92,41.92,4,37
DG4NAA,DG4NAA,True,True,both,A,JN59ll,6.0,49.4792,10.9583,N,49.4792,44.731,44.731,166,92914
DG4ST,DG4ST,True,True,both,B,JN49gj,6.0,49.3958,8.5417,N,49.3958,44.577,44.577,16,8033
DG4SVK,DG4SVK,True,True,both,B,JN49dl,6.0,49.4792,8.2917,N,49.4792,44.675,44.675,3,4903
DG5CW,DG5CW,True,True,both,A,JO30nq,6.0,50.6875,7.125,N,50.6875,46.131,46.131,40,114752
DG5DBH,DG5DBH,True,True,both,B,JO30nx,6.0,50.9792,7.125,N,50.9792,46.485,46.485,8,2024
DG5IV,DG5IV,True,True,both,B,JN49,4.0,49.5,9.0,N,49.5,44.713,44.713,3,561
DG5KB,DG5KB,True,True,both,B,JO31ee,6.0,51.1875,6.375,N,51.1875,46.734,46.734,8,26664
DG6DR,DG6DR,True,True,both,B,JO31,4.0,51.5,7.0,N,51.5,47.114,47.114,3,55
DG6GU,DG6GU,True,True,both,B,JN37st,6.0,47.8125,7.5417,N,47.8125,42.604,42.604,3,830
DG6JS,DG6JS,True,True,both,B,JO43vl,6.0,53.4792,9.7917,N,53.4792,49.471,49.471,9,1765
DG6MAH,DG6MAH,True,True,both,B,JN58sc,6.0,48.1042,11.5417,N,48.1042,43.082,43.082,22,923
DG6MAH/R,DG6MAH,True,True,both,B,JN58sc,6.0,48.1042,11.5417,N,48.1042,43.082,43.082,3,308
DG6OAY,DG6OAY,True,True,both,B,JO54ai,6.0,54.3542,10.0417,N,54.3542,50.493,50.493,3,533
DG6RCH,DG6RCH,True,True,both,A,JN68hp,6.0,48.6458,12.625,N,48.6458,43.774,43.774,146,1625493
DG6SBO,DG6SBO,True,True,both,A,JO62mj,6.0,52.3958,13.0417,N,52.3958,48.226,48.226,14,18403
DG6YBE,DG6YBE,True,True,both,B,JO31,4.0,51.5,7.0,N,51.5,47.114,47.114,4,189
DG6YH,DG6YH,True,True,both,A,IM97,4.0,37.5,-1.0,N,37.5,28.179,28.179,34,22081
DG7ABL,DG7ABL,True,True,both,B,JO52hf,6.0,52.2292,10.625,N,52.2292,48.005,48.005,64,41213
DG7CAO,DG7CAO,True,True,both,A,JN58li,6.0,48.3542,10.9583,N,48.3542,43.368,43.368,10,1456
DG7DBM,DG7DBM,True,True,both,B,JO31gi,6.0,51.3542,6.5417,N,51.3542,46.936,46.936,5,1975
DG7EAF,DG7EAF,True,True,both,B,JO31jg,6.0,51.2708,6.7917,N,51.2708,46.836,46.836,23,150897
DG7FT,DG7FT,True,True,both,A,JN58ua,6.0,48.0208,11.7083,N,48.0208,42.987,42.987,28,317569
DG7JH,DG7JH,True,True,both,B,JN39iq,6.0,49.6875,6.7083,N,49.6875,44.907,44.907,13,35450
DG7MA,DG7MA,True,True,both,B,JN49kv,6.0,49.8958,8.875,N,49.8958,45.192,45.192,4,2638
DG7NFX,DG7NFX,True,True,both,A,JN59ij,6.0,49.3958,10.7083,N,49.3958,44.624,44.624,282,422289
DG7RJ,DG7RJ,True,True,both,A,JN58th,6.0,48.3125,11.625,N,48.3125,43.338,43.338,297,3052948
DG7TMH,DG7TMH,True,True,both,B,JO22,4.0,52.5,5.0,N,52.5,48.324,48.324,3,218
DG8AL,DG8AL,True,True,both,B,JN48on,6.0,48.5625,9.2083,N,48.5625,43.573,43.573,3,2627
DG8AT,DG8AT,True,True,both,B,JO60,4.0,50.5,13.0,N,50.5,45.998,45.998,5,24908
DG8DP,DG8DP,True,True,both,B,JN58wf,6.0,48.2292,11.875,N,48.2292,43.246,43.246,8,27947
DG8FEW,DG8FEW,True,True,both,B,JN49hq,6.0,49.6875,8.625,N,49.6875,44.934,44.934,82,11009
DG8GAD,DG8GAD,True,True,both,B,JN48,4.0,48.5,9.0,N,48.5,43.491,43.491,315,2304490
DG8LAD,DG8LAD,True,True,both,B,JO44ne,6.0,54.1875,9.125,N,54.1875,50.302,50.302,6,1569
DG8MFV,DG8MFV,True,True,both,A,JN58tb,6.0,48.0625,11.625,N,48.0625,43.035,43.035,57,678747
DG8NCY,DG8NCY,True,True,both,B,JO50ha,6.0,50.0208,10.625,N,50.0208,45.375,45.375,5,774
DG8RW,DG8RW,True,True,both,B,JN69cv,6.0,49.8958,12.2083,N,49.8958,45.261,45.261,5,3493
DG8SF,DG8SF,True,True,both,A,JN48xj,6.0,48.3958,9.9583,N,48.3958,43.389,43.389,28,425684
DG8VG,DG8VG,True,True,both,B,JN39ng,6.0,49.2708,7.125,N,49.2708,44.4,44.4,3,330
DG8YIC,DG8YIC,True,True,both,A,JO41nw,6.0,51.9375,9.125,N,51.9375,47.648,47.648,66,68262
DG9FDU,DG9FDU,True,True,both,A,JO60ku,6.0,50.8542,12.875,N,50.8542,46.414,46.414,15,28773
DG9MGC,DG9MGC,True,True,both,A,JN58td,6.0,48.1458,11.625,N,48.1458,43.136,43.136,27,6982
DG9OBN,DG9OBN,True,True,both,A,JO30uj,6.0,50.3958,7.7083,N,50.3958,45.782,45.782,17,16847
DG9XN,DG9XN,True,True,both,B,JO52ua,6.0,52.0208,11.7083,N,52.0208,47.77,47.77,3,169
DH0NAE,DH0NAE,True,True,both,A,JN59pm,6.0,49.5208,11.2917,N,49.5208,44.789,44.789,11,5655
DH0ZAL,DH0ZAL,True,True,both,A,JN49jx,6.0,49.9792,8.7917,N,49.9792,45.291,45.291,20,6972
DH1BBO,DH1BBO,True,True,both,B,JO42fr,6.0,52.7292,8.4583,N,52.7292,48.586,48.586,4,2380
DH1GD,DH1GD,True,True,both,B,JN48vc,6.0,48.1042,9.7917,N,48.1042,43.027,43.027,6,2200
DH1HM,DH1HM,True,True,both,B,JO62qm,6.0,52.5208,13.375,N,52.5208,48.376,48.376,6,723
DH1IAW,DH1IAW,True,True,both,B,JN49jo,6.0,49.6042,8.7917,N,49.6042,44.836,44.836,3,127
DH1JAD,DH1JAD,True,True,both,B,JO31,4.0,51.5,7.0,N,51.5,47.114,47.114,3,373
DH1MH,DH1MH,True,True,both,A,JN49lq,6.0,49.6875,8.9583,N,49.6875,44.94,44.94,13,4437
DH1NAI,DH1NAI,True,True,both,B,JO50ti,6.0,50.3542,11.625,N,50.3542,45.795,45.795,393,35962
DH1OME,DH1OME,True,True,both,B,JO42,4.0,52.5,9.0,N,52.5,48.315,48.315,21,94043
DH1TS,DH1TS,True,True,both,B,JO30oo,6.0,50.6042,7.2083,N,50.6042,46.031,46.031,40,42880
DH2ASB,DH2ASB,True,True,both,B,JO50oi,6.0,50.3542,11.2083,N,50.3542,45.786,45.786,5,1168
DH2FAZ,DH2FAZ,True,True,both,B,JO40bb,6.0,50.0625,8.125,N,50.0625,45.383,45.383,8,1612
DH2FS,DH2FS,True,True,both,B,JN58xb,6.0,48.0625,11.9583,N,48.0625,43.046,43.046,3,1146
DH2HAW,DH2HAW,True,True,both,A,JO43ro,6.0,53.6042,9.4583,N,53.6042,49.618,49.618,16,38829
DH2RAL,DH2RAL,True,True,both,A,JO41lu,6.0,51.8542,8.9583,N,51.8542,47.547,47.547,16,77248
DH3CW,DH3CW,True,True,both,A,JO71,4.0,51.5,15.0,N,51.5,47.216,47.216,27,221136
DH3FBI,DH3FBI,True,True,both,A,JN49nx,6.0,49.9792,9.125,N,49.9792,45.297,45.297,70,111517
DH3HB,DH3HB,True,True,both,B,JN49nh,6.0,49.3125,9.125,N,49.3125,44.487,44.487,195,189410
DH3HW,DH3HW,True,True,both,B,JO31oa,6.0,51.0208,7.2083,N,51.0208,46.536,46.536,3,471
DH3JO,DH3JO,True,True,both,A,JO30lw,6.0,50.9375,6.9583,N,50.9375,46.434,46.434,13,37279
DH3KAR,DH3KAR,True,True,both,B,JO30ov,6.0,50.8958,7.2083,N,50.8958,46.385,46.385,3,1647
DH3LF,DH3LF,True,True,both,B,JO44,4.0,54.5,9.0,N,54.5,50.667,50.667,8,3964
DH4AAA,DH4AAA,True,True,both,B,JO52,4.0,52.5,11.0,N,52.5,48.327,48.327,3,2920
DH4GD,DH4GD,True,True,both,B,JN48gq,6.0,48.6875,8.5417,N,48.6875,43.71,43.71,3,49
DH4MK,DH4MK,True,True,both,B,JO52,4.0,52.5,11.0,N,52.5,48.327,48.327,63,345034
DH4SAQ,DH4SAQ,True,True,both,A,JN48xk,6.0,48.4375,9.9583,N,48.4375,43.44,43.44,126,9399
DH4SW,DH4SW,True,True,both,A,JO30hk,6.0,50.4375,6.625,N,50.4375,45.824,45.824,14,12454
DH5CW,DH5CW,True,True,both,B,JN49hu,6.0,49.8542,8.625,N,49.8542,45.137,45.137,12,2431
DH5IS,DH5IS,True,True,both,B,JN49vt,6.0,49.8125,9.7917,N,49.8125,45.107,45.107,145,244148
DH6KW,DH6KW,True,True,both,A,JN49kv,6.0,49.8958,8.875,N,49.8958,45.192,45.192,39,13087
DH6MB,DH6MB,True,True,both,B,JO31pv,6.0,51.8958,7.2917,N,51.8958,47.591,47.591,3,802
DH6YHO,DH6YHO,True,True,both,B,JO11,4.0,51.5,3.0,N,51.5,47.127,47.127,5,88
DH7AHO,DH7AHO,True,True,both,A,JN48fx,6.0,48.9792,8.4583,N,48.9792,44.066,44.066,26,4123
DH7AY,DH7AY,True,True,both,B,JO53bn,6.0,53.5625,10.125,N,53.5625,49.569,49.569,3,181
DH7TB,DH7TB,True,True,both,B,JO62,4.0,52.5,13.0,N,52.5,48.347,48.347,3,1441
DH7VM,DH7VM,True,True,both,B,JN39pj,6.0,49.3958,7.2917,N,49.3958,44.556,44.556,6,603
DH7WR,DH7WR,True,True,both,A,JO62,4.0,52.5,13.0,N,52.5,48.347,48.347,348,194580
DH8DL,DH8DL,True,True,both,B,JO31ok,6.0,51.4375,7.2083,N,51.4375,47.039,47.039,8,8198
DH8HHA,DH8HHA,True,True,both,B,JN58tc,6.0,48.1042,11.625,N,48.1042,43.085,43.085,10,7673
DH8KN,DH8KN,True,True,both,B,JO31lg,6.0,51.2708,6.9583,N,51.2708,46.837,46.837,22,2138
DH8TOM,DH8TOM,True,True,both,B,JO61eh,6.0,51.3125,12.375,N,51.3125,46.946,46.946,27,21736
DH9AT,DH9AT,True,True,both,B,JN67eu,6.0,47.8542,12.375,N,47.8542,42.808,42.808,3,2537
DH9AT/P,DH9AT,True,True,both,B,JN67eu,6.0,47.8542,12.375,N,47.8542,42.808,42.808,3,1416
DH9MAN,DH9MAN,True,True,both,A,JN68iw,6.0,48.9375,12.7083,N,48.9375,44.128,44.128,390,62040
DI9CKU,DI9CKU,True,True,both,A,NL20,4.0,20.5,85.0,N,20.5,14.859,14.859,16,50
DJ0GX,DJ0GX,True,True,both,B,JN38wi,6.0,48.3542,7.875,N,48.3542,43.284,43.284,7,3081
DJ0MDO,DJ0MDO,True,True,both,B,JN49ls,6.0,49.7708,8.9583,N,49.7708,45.041,45.041,14,41621
DJ0MEW,DJ0MEW,True,True,both,A,JN68ie,6.0,48.1875,12.7083,N,48.1875,43.224,43.224,20,16673
DJ0MK,DJ0MK,True,True,both,B,JO42ag,6.0,52.2708,8.0417,N,52.2708,48.04,48.04,8,515
DJ0OG,DJ0OG,True,True,both,A,JN49ed,6.0,49.1458,8.375,N,49.1458,44.269,44.269,31,7804
DJ1AUS,DJ1AUS,True,True,both,B,JN57qr,6.0,47.7292,11.375,N,47.7292,42.62,42.62,3,251
DJ1DW,DJ1DW,True,True,both,B,JN39nh,6.0,49.3125,7.125,N,49.3125,44.452,44.452,4,1634
DJ1DZ,DJ1DZ,True,True,both,B,JO31ql,6.0,51.4792,7.375,N,51.4792,47.09,47.09,4,842
DJ1GT,DJ1GT,True,True,both,B,JN58lh,6.0,48.3125,10.9583,N,48.3125,43.317,43.317,4,3038
DJ1NGO,DJ1NGO,True,True,both,A,JO53bo,6.0,53.6042,10.125,N,53.6042,49.618,49.618,28,5192
DJ1OJ,DJ1OJ,True,True,both,B,JN58se,6.0,48.1875,11.5417,N,48.1875,43.184,43.184,3,433
DJ1RX,DJ1RX,True,True,both,B,JN59,4.0,49.5,11.0,N,49.5,44.757,44.757,7,4887
DJ1TF,DJ1TF,True,True,both,B,JN49hf,6.0,49.2292,8.625,N,49.2292,44.376,44.376,9,3259
DJ2FS,DJ2FS,True,True,both,B,JO62wx,6.0,52.9792,13.875,N,52.9792,48.914,48.914,25,14119
DJ2MG,DJ2MG,True,True,both,B,JN48nt,6.0,48.8125,9.125,N,48.8125,43.877,43.877,19,373
DJ2NL,DJ2NL,True,True,both,A,JO32,4.0,52.5,7.0,N,52.5,48.314,48.314,350,102116
DJ2RD,DJ2RD,True,True,both,A,JO40cc,6.0,50.1042,8.2083,N,50.1042,45.434,45.434,285,550247
DJ2RLC,DJ2RLC,True,False,wsprnet_only,B,JO40,4.0,50.5,9.0,N,50.5,45.924,45.924,4,11
DJ2TS,DJ2TS,True,True,both,B,JO40ee,6.0,50.1875,8.375,N,50.1875,45.538,45.538,318,1304156
DJ3AK,DJ3AK,True,True,both,B,JO52gj,6.0,52.3958,10.5417,N,52.3958,48.201,48.201,4,2824
DJ3EI,DJ3EI,True,True,both,B,JO62sk,6.0,52.4375,13.5417,N,52.4375,48.281,48.281,7,1250
DJ3KS,DJ3KS,True,True,both,B,JO30ho,6.0,50.6042,6.625,N,50.6042,46.027,46.027,5,18556
DJ3PB,DJ3PB,True,True,both,A,JN47ts,6.0,47.7708,9.625,N,47.7708,42.612,42.612,11,14122
DJ4DI,DJ4DI,True,True,both,B,JO40bw,6.0,50.9375,8.125,N,50.9375,46.442,46.442,4,19375
DJ4GB,DJ4GB,True,True,both,B,JO40,4.0,50.5,9.0,N,50.5,45.924,45.924,3,2428
DJ4MF,DJ4MF,True,True,both,B,JO60,4.0,50.5,13.0,N,50.5,45.998,45.998,44,37343
DJ4RAM,DJ4RAM,True,True,both,B,JO44xq,6.0,54.6875,9.9583,N,54.6875,50.88,50.88,5,1522
DJ4WD,DJ4WD,True,True,both,B,JN49mr,6.0,49.7292,9.0417,N,49.7292,44.992,44.992,4,1283
DJ5AM,DJ5AM,True,True,both,A,JO61wb,6.0,51.0625,13.875,N,51.0625,46.681,46.681,38,89530
DJ5BV,DJ5BV,True,True,both,A,JO30ki,6.0,50.3542,6.875,N,50.3542,45.724,45.724,11,7812
DJ5MDN,DJ5MDN,True,False,wsprnet_only,B,JN48,4.0,48.5,9.0,N,48.5,43.491,43.491,5,11
DJ5MO,DJ5MO,True,True,both,A,JO32kk,6.0,52.4375,6.875,N,52.4375,48.24,48.24,172,1430271
DJ5UE,DJ5UE,True,True,both,B,JO43hb,6.0,53.0625,8.625,N,53.0625,48.981,48.981,4,4346
DJ6DP,DJ6DP,True,True,both,B,JO42,4.0,52.5,9.0,N,52.5,48.315,48.315,4,1642
DJ6ECU,DJ6ECU,True,False,wsprnet_only,A,JN58,4.0,48.5,11.0,N,48.5,43.546,43.546,10,53
DJ6MN,DJ6MN,True,True,both,B,JO30mx,6.0,50.9792,7.0417,N,50.9792,46.485,46.485,7,15779
DJ7FJ,DJ7FJ,True,True,both,B,JN48ag,6.0,48.2708,8.0417,N,48.2708,43.185,43.185,9,7840
DJ7KL,DJ7KL,True,True,both,B,JN48fu,6.0,48.8542,8.4583,N,48.8542,43.913,43.913,377,4208828
DJ7KX,DJ7KX,True,True,both,B,JO30,4.0,50.5,7.0,N,50.5,45.903,45.903,6,2064
DJ7NT,DJ7NT,True,True,both,B,JO30oo,6.0,50.6042,7.2083,N,50.6042,46.031,46.031,7,1245
DJ7RL,DJ7RL,True,True,both,B,JO43vn,6.0,53.5625,9.7917,N,53.5625,49.569,49.569,8,34280
DJ7TL,DJ7TL,True,True,both,B,JO31,4.0,51.5,7.0,N,51.5,47.114,47.114,3,12552
DJ8HBT,DJ8HBT,True,True,both,B,JN48wi,6.0,48.3542,9.875,N,48.3542,43.336,43.336,5,2944
DJ8LG,DJ8LG,True,True,both,B,JO53eg,6.0,53.2708,10.375,N,53.2708,49.228,49.228,3,840
DJ8XD,DJ8XD,True,True,both,A,JO52ff,6.0,52.2292,10.4583,N,52.2292,48.003,48.003,159,245024
DJ9AE,DJ9AE,True,True,both,A,JO42ag,6.0,52.2708,8.0417,N,52.2708,48.04,48.04,10,187
DJ9BM,DJ9BM,True,True,both,B,JO30os,6.0,50.7708,7.2083,N,50.7708,46.233,46.233,5,1770
DJ9DQ,DJ9DQ,True,False,wsprnet_only,B,JO41do,6.0,51.6042,8.2917,N,51.6042,47.245,47.245,3,23
DJ9JVF,DJ9JVF,True,False,wsprnet_only,B,JN58,4.0,48.5,11.0,N,48.5,43.546,43.546,5,23
DK0EP,DK0EP,True,True,both,B,JO31xt,6.0,51.8125,7.9583,N,51.8125,47.493,47.493,71,75174
DK0FFO,DK0FFO,True,True,both,A,JO72gi,6.0,52.3542,14.5417,N,52.3542,48.199,48.199,125,318963
DK0KS,DK0KS,True,True,both,A,JO30lx,6.0,50.9792,6.9583,N,50.9792,46.484,46.484,26,24572
DK0LG,DK0LG,True,True,both,B,JO61cu,6.0,51.8542,12.2083,N,51.8542,47.581,47.581,11,346452
DK0LU,DK0LU,True,True,both,A,JN49el,6.0,49.4792,8.375,N,49.4792,44.676,44.676,21,13496
DK0MC,DK0MC,True,True,both,B,JN49,4.0,49.5,9.0,N,49.5,44.713,44.713,5,2726
DK0MIT,DK0MIT,True,True,both,A,JO60lx,6.0,50.9792,12.9583,N,50.9792,46.563,46.563,10,1614
DK1AJ,DK1AJ,True,True,both,B,JO42wq,6.0,52.6875,9.875,N,52.6875,48.541,48.541,3,3915
DK1AR,DK1AR,True,True,both,A,JO31so,6.0,51.6042,7.5417,N,51.6042,47.241,47.241,44,11650
DK1BF,DK1BF,True,True,both,B,JO33oo,6.0,53.6042,7.2083,N,53.6042,49.626,49.626,7,2889
DK1BT,DK1BT,True,True,both,B,JO43,4.0,53.5,9.0,N,53.5,49.496,49.496,3,253
DK1CAB,DK1CAB,True,True,both,A,JN58sc,6.0,48.1042,11.5417,N,48.1042,43.082,43.082,13,65
DK1DR,DK1DR,True,True,both,B,JO31ie,6.0,51.1875,6.7083,N,51.1875,46.735,46.735,4,30
DK1HGM,DK1HGM,True,True,both,B,JN48ut,6.0,48.8125,9.7083,N,48.8125,43.891,43.891,8,959
DK1HW,DK1HW,True,True,both,B,JO42tg,6.0,52.2708,9.625,N,52.2708,48.047,48.047,3,7612
DK1IZ,DK1IZ,True,True,both,A,JO43rs,6.0,53.7708,9.4583,N,53.7708,49.813,49.813,189,47093
DK1KIK,DK1KIK,True,True,both,B,JO31rm,6.0,51.5208,7.4583,N,51.5208,47.14,47.14,9,6450
DK1KW,DK1KW,True,True,both,B,JN58re,6.0,48.1875,11.4583,N,48.1875,43.181,43.181,3,133
DK1LL,DK1LL,True,True,both,B,JO40fd,6.0,50.1458,8.4583,N,50.1458,45.488,45.488,4,438
DK1MI,DK1MI,True,True,both,A,JN49of,6.0,49.2292,9.2083,N,49.2292,44.388,44.388,31,1196069
DK1OPI,DK1OPI,True,True,both,B,JO31ng,6.0,51.2708,7.125,N,51.2708,46.838,46.838,4,369
DK1TS,DK1TS,True,True,both,A,JO31qk,6.0,51.4375,7.375,N,51.4375,47.04,47.04,29,62929
DK1UO,DK1UO,True,True,both,B,JN48,4.0,48.5,9.0,N,48.5,43.491,43.491,4,751
DK1VOK,DK1VOK,True,True,both,B,JO40in,6.0,50.5625,8.7083,N,50.5625,45.996,45.996,11,55316
DK1XS,DK1XS,True,True,both,B,JO43xt,6.0,53.8125,9.9583,N,53.8125,49.861,49.861,4,2428
DK2AE,DK2AE,True,True,both,B,JO33oi,6.0,53.3542,7.2083,N,53.3542,49.33,49.33,50,8290
DK2DR,DK2DR,True,True,both,B,JO31wq,6.0,51.6875,7.875,N,51.6875,47.342,47.342,14,36052
DK2FL,DK2FL,True,True,both,B,JO31ch,6.0,51.3125,6.2083,N,51.3125,46.885,46.885,3,3403
DK2FT,DK2FT,True,True,both,B,JO44sm,6.0,54.5208,9.5417,N,54.5208,50.689,50.689,3,955
DK2JM,DK2JM,True,True,both,B,JN58td,6.0,48.1458,11.625,N,48.1458,43.136,43.136,4,257
DK2NSK,DK2NSK,True,True,both,B,JM45,4.0,35.5,9.0,N,35.5,26.338,26.338,5,11
DK2OH,DK2OH,True,True,both,A,JO42uh,6.0,52.3125,9.7083,N,52.3125,48.097,48.097,356,771562
DK2TX,DK2TX,True,True,both,A,JN59ln,6.0,49.5625,10.9583,N,49.5625,44.831,44.831,16,33438
DK3ASE,DK3ASE,True,True,both,B,JO61fb,6.0,51.0625,12.4583,N,51.0625,46.652,46.652,6,2721
DK3BA,DK3BA,True,True,both,B,JO31lk,6.0,51.4375,6.9583,N,51.4375,47.038,47.038,10,1054
DK3BA/P,DK3BA,True,True,both,B,JO31lk,6.0,51.4375,6.9583,N,51.4375,47.038,47.038,3,286
DK3BI,DK3BI,True,True,both,B,JN49gu,6.0,49.8542,8.5417,N,49.8542,45.136,45.136,343,4477861
DK3CW,DK3CW,True,True,both,B,JO40id,6.0,50.1458,8.7083,N,50.1458,45.492,45.492,4,2020
DK3DUA,DK3DUA,True,True,both,A,JO61,4.0,51.5,13.0,N,51.5,47.177,47.177,262,448000
DK3FN,DK3FN,True,True,both,A,JN58,4.0,48.5,11.0,N,48.5,43.546,43.546,19,42521
DK3LE,DK3LE,True,True,both,B,JO41xo,6.0,51.6042,9.9583,N,51.6042,47.258,47.258,9,2831
DK3PM,DK3PM,True,True,both,A,JO64cc,6.0,54.1042,12.2083,N,54.1042,50.203,50.203,18,12881
DK3RN,DK3RN,True,True,both,A,JO30,4.0,50.5,7.0,N,50.5,45.903,45.903,10,79025
DK3RU,DK3RU,True,True,both,B,JO31ws,6.0,51.7708,7.875,N,51.7708,47.442,47.442,69,137157
DK3RW,DK3RW,True,False,wsprnet_only,B,IO83uh,6.0,53.3125,-2.2917,N,53.3125,49.474,49.474,3,12
DK3SF,DK3SF,True,True,both,A,JN49te,6.0,49.1875,9.625,N,49.1875,44.346,44.346,11,33974
DK3SS,DK3SS,True,True,both,B,JN49qa,6.0,49.0208,9.375,N,49.0208,44.137,44.137,25,99777
DK3TGP,DK3TGP,True,True,both,B,JN58,4.0,48.5,11.0,N,48.5,43.546,43.546,12,28468
DK3WM,DK3WM,True,True,both,B,JO41ri,6.0,51.3542,9.4583,N,51.3542,46.955,46.955,115,286734
DK3XX,DK3XX,True,True,both,B,JO43un,6.0,53.5625,9.7083,N,53.5625,49.569,49.569,96,87840
DK4BM,DK4BM,True,True,both,A,JO43jg,6.0,53.2708,8.7917,N,53.2708,49.227,49.227,10,49945
DK4CH,DK4CH,True,True,both,B,JN59rm,6.0,49.5208,11.4583,N,49.5208,44.793,44.793,13,9914
DK4DAX,DK4DAX,True,True,both,B,JO30lw,6.0,50.9375,6.9583,N,50.9375,46.434,46.434,5,748
DK4EXT,DK4EXT,True,False,wsprnet_only,B,JN58,4.0,48.5,11.0,N,48.5,43.546,43.546,6,42
DK4HM,DK4HM,True,True,both,B,JN58,4.0,48.5,11.0,N,48.5,43.546,43.546,8,838
DK4LO,DK4LO,True,True,both,B,JN48qs,6.0,48.7708,9.375,N,48.7708,43.832,43.832,6,818
DK4NL,DK4NL,True,True,both,A,JN59ml,6.0,49.4792,11.0417,N,49.4792,44.733,44.733,98,271861
DK4TJ,DK4TJ,True,True,both,A,JO31fc,6.0,51.1042,6.4583,N,51.1042,46.633,46.633,387,1888237
DK4TN,DK4TN,True,True,both,B,JN67gv,6.0,47.8958,12.5417,N,47.8958,42.865,42.865,25,43614
DK4US,DK4US,True,True,both,A,JN49el,6.0,49.4792,8.375,N,49.4792,44.676,44.676,18,11159
DK4ZP,DK4ZP,True,True,both,A,JO40lb,6.0,50.0625,8.9583,N,50.0625,45.395,45.395,39,3225
DK4ZZ,DK4ZZ,True,True,both,B,JO31mv,6.0,51.8958,7.0417,N,51.8958,47.59,47.59,9,67611
DK5BK,DK5BK,True,True,both,A,JO32xe,6.0,52.1875,7.9583,N,52.1875,47.941,47.941,379,1291853
DK5BU,DK5BU,True,True,both,B,JO43kc,6.0,53.1042,8.875,N,53.1042,49.03,49.03,29,16894
DK5CR,DK5CR,True,True,both,B,JO42ja,6.0,52.0208,8.7917,N,52.0208,47.745,47.745,11,23359
DK5IR,DK5IR,True,True,both,B,JN49ic,6.0,49.1042,8.7083,N,49.1042,44.224,44.224,9,5621
DK5IWV,DK5IWV,True,True,both,B,JN48,4.0,48.5,9.0,N,48.5,43.491,43.491,7,38
DK5JW,DK5JW,True,True,both,B,JO30vl,6.0,50.4792,7.7917,N,50.4792,45.885,45.885,36,76381
DK5KP,DK5KP,True,True,both,B,JO32,4.0,52.5,7.0,N,52.5,48.314,48.314,4,1490
DK5OMM,DK5OMM,True,False,wsprnet_only,B,JO61,4.0,51.5,13.0,N,51.5,47.177,47.177,3,27
DK5RH,DK5RH,True,True,both,B,JO54jc,6.0,54.1042,10.7917,N,54.1042,50.201,50.201,9,6482
DK5RM,DK5RM,True,True,both,B,JN58tb,6.0,48.0625,11.625,N,48.0625,43.035,43.035,6,71673
DK5SDJ,DK5SDJ,True,True,both,B,JN57wv,6.0,47.8958,11.875,N,47.8958,42.841,42.841,9,1806
DK5SO,DK5SO,True,True,both,B,JN58av,6.0,48.8958,10.0417,N,48.8958,44.001,44.001,6,2845
DK5TK,DK5TK,True,True,both,B,JN48ai,6.0,48.3542,8.0417,N,48.3542,43.288,43.288,158,14491
DK5USZ,DK5USZ,True,False,wsprnet_only,B,JG30,4.0,-29.5,7.0,S,29.5,-38.514,38.514,9,13
DK5WW,DK5WW,True,True,both,A,JN57mq,6.0,47.6875,11.0417,N,47.6875,42.557,42.557,19,29759
DK5XW,DK5XW,True,True,both,A,JO42,4.0,52.5,9.0,N,52.5,48.315,48.315,11,3093
DK6AC,DK6AC,True,True,both,B,JO52fg,6.0,52.2708,10.4583,N,52.2708,48.052,48.052,8,174
DK6IK,DK6IK,True,True,both,B,JN48lq,6.0,48.6875,8.9583,N,48.6875,43.72,43.72,4,1309
DK6IT,DK6IT,True,True,both,A,JO62qk,6.0,52.4375,13.375,N,52.4375,48.279,48.279,95,84395
DK6NI,DK6NI,True,True,both,B,JN59ln,6.0,49.5625,10.9583,N,49.5625,44.831,44.831,395,276968
DK6OC,DK6OC,True,True,both,B,JO31ke,6.0,51.1875,6.875,N,51.1875,46.736,46.736,4,7223
DK6QYQ,DK6QYQ,True,False,wsprnet_only,B,JN58,4.0,48.5,11.0,N,48.5,43.546,43.546,8,14
DK6RS,DK6RS,True,True,both,A,JN68ax,6.0,48.9792,12.0417,N,48.9792,44.157,44.157,37,18178
DK6SC,DK6SC,True,True,both,A,JN48rw,6.0,48.9375,9.4583,N,48.9375,44.038,44.038,21,7211
DK6SQ,DK6SQ,True,True,both,B,JN59nk,6.0,49.4375,11.125,N,49.4375,44.684,44.684,304,48289
DK6XT,DK6XT,True,True,both,A,JO43,4.0,53.5,9.0,N,53.5,49.496,49.496,49,103600
DK6XY,DK6XY,True,True,both,B,JO53jv,6.0,53.8958,10.7917,N,53.8958,49.959,49.959,5,5270
DK7CP,DK7CP,True,True,both,B,JO33wp,6.0,53.6458,7.875,N,53.6458,49.672,49.672,3,398
DK7CVD,DK7CVD,True,True,both,A,JO53ap,6.0,53.6458,10.0417,N,53.6458,49.666,49.666,131,164214
DK7EO,DK7EO,True,True,both,B,JO52ak,6.0,52.4375,10.0417,N,52.4375,48.246,48.246,6,45
DK7JAN,DK7JAN,True,True,both,B,JO42mw,6.0,52.9375,9.0417,N,52.9375,48.833,48.833,25,26531
DK7JD,DK7JD,True,True,both,B,JO31mk,6.0,51.4375,7.0417,N,51.4375,47.038,47.038,4,351
DK7JR,DK7JR,True,True,both,B,JO31,4.0,51.5,7.0,N,51.5,47.114,47.114,7,134
DK7LT,DK7LT,True,True,both,B,JO40gd,6.0,50.1458,8.5417,N,50.1458,45.49,45.49,4,34
DK7MG,DK7MG,True,True,both,A,JN58,4.0,48.5,11.0,N,48.5,43.546,43.546,14,124067
DK7MI,DK7MI,True,True,both,B,JN67ds,6.0,47.7708,12.2917,N,47.7708,42.704,42.704,175,1881749
DK7OA,DK7OA,True,True,both,B,JO62pr,6.0,52.7292,13.2917,N,52.7292,48.617,48.617,3,16865
DK7RS,DK7RS,True,True,both,B,JO31mw,6.0,51.9375,7.0417,N,51.9375,47.64,47.64,18,92018
DK7SP,DK7SP,True,True,both,B,JN48op,6.0,48.6458,9.2083,N,48.6458,43.675,43.675,5,14279
DK7XD,DK7XD,True,True,both,B,JO43wo,6.0,53.6042,9.875,N,53.6042,49.618,49.618,3,192
DK8AF,DK8AF,True,True,both,A,JN59ms,6.0,49.7708,11.0417,N,49.7708,45.083,45.083,327,952632
DK8BN,DK8BN,True,True,both,B,JO42dj,6.0,52.3958,8.2917,N,52.3958,48.19,48.19,28,6335
DK8CM,DK8CM,True,True,both,B,JN49,4.0,49.5,9.0,N,49.5,44.713,44.713,7,520
DK8EQ,DK8EQ,True,True,both,A,JO31pe,6.0,51.1875,7.2917,N,51.1875,46.738,46.738,20,4593
DK8EW,DK8EW,True,True,both,B,JO62wt,6.0,52.8125,13.875,N,52.8125,48.721,48.721,4,1817
DK8EY,DK8EY,True,True,both,B,JO31lg,6.0,51.2708,6.9583,N,51.2708,46.837,46.837,103,324208
DK8FL,DK8FL,True,True,both,B,JO61ol,6.0,51.4792,13.2083,N,51.4792,47.156,47.156,3,1715
DK8FWE,DK8FWE,True,False,wsprnet_only,A,JO42,4.0,52.5,9.0,N,52.5,48.315,48.315,19,39
DK8HM,DK8HM,True,True,both,B,JN39wx,6.0,49.9792,7.875,N,49.9792,45.278,45.278,7,13642
DK8IZ,DK8IZ,True,True,both,B,JN49in,6.0,49.5625,8.7083,N,49.5625,44.784,44.784,6,824
DK8JP,DK8JP,True,True,both,A,JO31gk,6.0,51.4375,6.5417,N,51.4375,47.037,47.037,258,2432689
DK8UU,DK8UU,True,True,both,A,JN48dx,6.0,48.9792,8.2917,N,48.9792,44.063,44.063,28,14127
DK8WD,DK8WD,True,True,both,B,JN59lb,6.0,49.0625,10.9583,N,49.0625,44.227,44.227,4,7058
DK8ZV,DK8ZV,True,True,both,A,JN47du,6.0,47.8542,8.2917,N,47.8542,42.676,42.676,21,10182
DK9AB,DK9AB,True,True,both,B,JO41rt,6.0,51.8125,9.4583,N,51.8125,47.501,47.501,5,20279
DK9DA,DK9DA,True,True,both,B,JO33mj,6.0,53.3958,7.0417,N,53.3958,49.381,49.381,5,75664
DK9FQ,DK9FQ,True,True,both,B,JN49ir,6.0,49.7292,8.7083,N,49.7292,44.986,44.986,245,390553
DK9HS,DK9HS,True,True,both,B,JO43xr,6.0,53.7292,9.9583,N,53.7292,49.764,49.764,132,15254
DK9LO,DK9LO,True,True,both,B,JO54ch,6.0,54.3125,10.2083,N,54.3125,50.444,50.444,377,113366
DK9MBS,DK9MBS,True,True,both,A,JO52eb,6.0,52.0625,10.375,N,52.0625,47.806,47.806,62,84350
DK9PA,DK9PA,True,True,both,B,JO62pl,6.0,52.4792,13.2917,N,52.4792,48.327,48.327,36,19152
DK9PN,DK9PN,True,True,both,A,JN49ex,6.0,49.9792,8.375,N,49.9792,45.285,45.285,14,2527
DK9RC,DK9RC,True,True,both,B,JN58tc,6.0,48.1042,11.625,N,48.1042,43.085,43.085,6,12212
DK9RS,DK9RS,True,True,both,B,JO50mx,6.0,50.9792,11.0417,N,50.9792,46.529,46.529,6,57
DK9SU,DK9SU,True,True,both,B,JN48ru,6.0,48.8542,9.4583,N,48.8542,43.936,43.936,3,550
DK9WF,DK9WF,True,True,both,A,JN48xk,6.0,48.4375,9.9583,N,48.4375,43.44,43.44,13,26908
DK9WT,DK9WT,True,True,both,A,JO30,4.0,50.5,7.0,N,50.5,45.903,45.903,323,2281999
DK9YCA,DK9YCA,True,False,wsprnet_only,A,JO42,4.0,52.5,9.0,N,52.5,48.315,48.315,12,22
DL/PA0SLT,PA0SLT,True,True,both,B,JO42vp,6.0,52.6458,9.7917,N,52.6458,48.491,48.491,13,134037
DL0CFG,DL0CFG,True,True,both,A,JO41xk,6.0,51.4375,9.9583,N,51.4375,47.06,47.06,355,1466448
DL0DM,DL0DM,True,True,both,B,JN58td,6.0,48.1458,11.625,N,48.1458,43.136,43.136,19,2329
DL0DT,DL0DT,True,True,both,B,JO31sk,6.0,51.4375,7.5417,N,51.4375,47.04,47.04,4,11005
DL0DTM,DL0DTM,True,True,both,A,JO30nq,6.0,50.6875,7.125,N,50.6875,46.131,46.131,11,10932
DL0FLO/H,DL0FLO,True,True,both,B,JO32am,6.0,52.5208,6.0417,N,52.5208,48.343,48.343,8,75
DL0HT,DL0HT,True,True,both,B,JO43jb,6.0,53.0625,8.7917,N,53.0625,48.981,48.981,9,13386
DL0LEN,DL0LEN,True,True,both,B,JO41be,6.0,51.1875,8.125,N,51.1875,46.743,46.743,8,1101
DL0LX,DL0LX,True,True,both,B,JO31rp,6.0,51.6458,7.4583,N,51.6458,47.291,47.291,6,1353
DL0MOB,DL0MOB,True,False,wsprnet_only,B,JN48,4.0,48.5,9.0,N,48.5,43.491,43.491,3,14
DL0NOT,DL0NOT,True,True,both,A,JO40,4.0,50.5,9.0,N,50.5,45.924,45.924,395,1855387
DL0OO,DL0OO,True,False,wsprnet_only,B,QF21eu,6.0,-38.1458,144.375,S,38.1458,-48.578,48.578,4,34
DL0PBS,DL0PBS,True,True,both,A,JO33,4.0,53.5,7.0,N,53.5,49.504,49.504,395,4334791
DL0TUH,DL0TUH,True,True,both,B,JO43xl,6.0,53.4792,9.9583,N,53.4792,49.471,49.471,3,602
DL0VEL,DL0VEL,True,True,both,B,JO41ri,6.0,51.3542,9.4583,N,51.3542,46.955,46.955,6,3994
DL0VJ,DL0VJ,True,True,both,B,JO30,4.0,50.5,7.0,N,50.5,45.903,45.903,5,23364
DL0ZF,DL0ZF,True,True,both,B,JN48as,6.0,48.7708,8.0417,N,48.7708,43.802,43.802,19,621
DL1AAH,DL1AAH,True,True,both,B,JO52ef,6.0,52.2292,10.375,N,52.2292,48.003,48.003,9,1568
DL1AKC,DL1AKC,True,True,both,B,JN49hu,6.0,49.8542,8.625,N,49.8542,45.137,45.137,9,2937
DL1AMH,DL1AMH,True,True,both,B,JO61hv,6.0,51.8958,12.625,N,51.8958,47.636,47.636,4,3546
DL1ATS/R,DL1ATS,True,True,both,B,JO40lt,6.0,50.8125,8.9583,N,50.8125,46.3,46.3,7,406
DL1AWS,DL1AWS,True,True,both,B,JO50qs,6.0,50.7708,11.375,N,50.7708,46.286,46.286,9,3569
DL1BAK,DL1BAK,True,True,both,A,JO43sw,6.0,53.9375,9.5417,N,53.9375,50.008,50.008,14,19396
DL1BGE,DL1BGE,True,True,both,A,JO43,4.0,53.5,9.0,N,53.5,49.496,49.496,64,975195
DL1BJO,DL1BJO,True,True,both,B,JO43kc,6.0,53.1042,8.875,N,53.1042,49.03,49.03,6,1486
DL1BZA,DL1BZA,True,True,both,B,JO72gi,6.0,52.3542,14.5417,N,52.3542,48.199,48.199,5,983
DL1CKE,DL1CKE,True,True,both,A,JO31hf,6.0,51.2292,6.625,N,51.2292,46.785,46.785,218,1340812
DL1CR,DL1CR,True,True,both,B,JO42vj,6.0,52.3958,9.7917,N,52.3958,48.196,48.196,323,498559
DL1DAF,DL1DAF,True,True,both,A,JO42vh,6.0,52.3125,9.7917,N,52.3125,48.097,48.097,24,20443
DL1DBC,DL1DBC,True,True,both,A,JO31,4.0,51.5,7.0,N,51.5,47.114,47.114,98,118066
DL1DEU,DL1DEU,True,True,both,B,JN59,4.0,49.5,11.0,N,49.5,44.757,44.757,5,7835
DL1EFA,DL1EFA,True,True,both,B,JN58ck,6.0,48.4375,10.2083,N,48.4375,43.447,43.447,61,9135
DL1EFF,DL1EFF,True,True,both,A,JN59,4.0,49.5,11.0,N,49.5,44.757,44.757,21,10487
DL1EGL,DL1EGL,True,True,both,B,JO31ie,6.0,51.1875,6.7083,N,51.1875,46.735,46.735,3,97
DL1EGU,DL1EGU,True,True,both,B,JO31uo,6.0,51.6042,7.7083,N,51.6042,47.242,47.242,6,595
DL1EHW,DL1EHW,True,True,both,B,JO31mj,6.0,51.3958,7.0417,N,51.3958,46.988,46.988,91,7064
DL1FOB,DL1FOB,True,True,both,B,JO62sk,6.0,52.4375,13.5417,N,52.4375,48.281,48.281,16,17611
DL1GAJ,DL1GAJ,True,True,both,B,JN37,4.0,47.5,7.0,N,47.5,42.2,42.2,7,5271
DL1GCD,DL1GCD,True,True,both,B,JN58oh,6.0,48.3125,11.2083,N,48.3125,43.325,43.325,5,10124
DL1GCD/P,DL1GCD,True,True,both,B,JN58oh,6.0,48.3125,11.2083,N,48.3125,43.325,43.325,9,17519
DL1GKK,DL1GKK,True,True,both,B,JN37vx,6.0,47.9792,7.7917,N,47.9792,42.818,42.818,27,8231
DL1GOB,DL1GOB,True,True,both,A,JN58sd,6.0,48.1458,11.5417,N,48.1458,43.133,43.133,21,2294
DL1GPM,DL1GPM,True,False,wsprnet_only,A,JN17xf,6.0,47.2292,3.9583,N,47.2292,41.794,41.794,34,50
DL1HCR,DL1HCR,True,True,both,B,JO43,4.0,53.5,9.0,N,53.5,49.496,49.496,3,814
DL1HCV,DL1HCV,True,True,both,B,JO43xq,6.0,53.6875,9.9583,N,53.6875,49.715,49.715,7,628
DL1HDG,DL1HDG,True,True,both,B,JO42uh,6.0,52.3125,9.7083,N,52.3125,48.097,48.097,38,134079
DL1HI,DL1HI,True,True,both,B,JO33to,6.0,53.6042,7.625,N,53.6042,49.624,49.624,8,32417
DL1HMJ,DL1HMJ,True,True,both,B,JO62qk,6.0,52.4375,13.375,N,52.4375,48.279,48.279,119,255386
DL1HN,DL1HN,True,True,both,B,JN49,4.0,49.5,9.0,N,49.5,44.713,44.713,12,7703
DL1HQD,DL1HQD,True,True,both,A,JN47qr,6.0,47.7292,9.375,N,47.7292,42.553,42.553,70,25089
DL1HR,DL1HR,True,True,both,B,JO40,4.0,50.5,9.0,N,50.5,45.924,45.924,3,5717
DL1HTT,DL1HTT,True,True,both,B,JO61fr,6.0,51.7292,12.4583,N,51.7292,47.438,47.438,9,928
DL1HWK,DL1HWK,True,True,both,A,JO61ct,6.0,51.8125,12.2083,N,51.8125,47.532,47.532,57,367902
DL1HYA,DL1HYA,True,True,both,B,JN58tc,6.0,48.1042,11.625,N,48.1042,43.085,43.085,5,979
DL1IEF,DL1IEF,True,False,wsprnet_only,B,JN49,4.0,49.5,9.0,N,49.5,44.713,44.713,6,12
DL1IP,DL1IP,True,True,both,B,JN49ej,6.0,49.3958,8.375,N,49.3958,44.574,44.574,4,1422
DL1JAE,DL1JAE,True,True,both,A,JO60,4.0,50.5,13.0,N,50.5,45.998,45.998,25,83424
DL1JBE,DL1JBE,True,True,both,B,JO60lx,6.0,50.9792,12.9583,N,50.9792,46.563,46.563,5,3490
DL1KAS,DL1KAS,True,True,both,B,JO30ux,6.0,50.9792,7.7083,N,50.9792,46.489,46.489,8,745
DL1KCQ,DL1KCQ,True,True,both,A,JO33uc,6.0,53.1042,7.7083,N,53.1042,49.032,49.032,54,22545
DL1KEA,DL1KEA,True,True,both,B,JO30rx,6.0,50.9792,7.4583,N,50.9792,46.487,46.487,5,1232
DL1KG,DL1KG,True,True,both,B,JO43fl,6.0,53.4792,8.4583,N,53.4792,49.473,49.473,11,29532
DL1KHD,DL1KHD,True,True,both,B,JO40ph,6.0,50.3125,9.2917,N,50.3125,45.702,45.702,3,806
DL1KMH,DL1KMH,True,True,both,B,JO30,4.0,50.5,7.0,N,50.5,45.903,45.903,5,636
DL1KPA,DL1KPA,True,True,both,A,JO30ew,6.0,50.9375,6.375,N,50.9375,46.431,46.431,16,33138
DL1LAA,DL1LAA,True,True,both,A,JO44,4.0,54.5,9.0,N,54.5,50.667,50.667,23,118854
DL1LCK,DL1LCK,True,True,both,B,JO54ab,6.0,54.0625,10.0417,N,54.0625,50.153,50.153,6,2233
DL1LP,DL1LP,True,True,both,B,JO54ha,6.0,54.0208,10.625,N,54.0208,50.104,50.104,7,5782
DL1LQL,DL1LQL,True,True,both,B,JO61dj,6.0,51.3958,12.2917,N,51.3958,47.042,47.042,3,2545
DL1LRM,DL1LRM,True,True,both,B,JO61ei,6.0,51.3542,12.375,N,51.3542,46.995,46.995,25,8804
DL1LSL,DL1LSL,True,True,both,A,JN48it,6.0,48.8125,8.7083,N,48.8125,43.867,43.867,10,3057
DL1MCS,DL1MCS,True,True,both,B,JN58tb,6.0,48.0625,11.625,N,48.0625,43.035,43.035,8,2726
DL1MEN,DL1MEN,True,True,both,B,JN58,4.0,48.5,11.0,N,48.5,43.546,43.546,4,8299
DL1MF,DL1MF,True,True,both,A,JO54ci,6.0,54.3542,10.2083,N,54.3542,50.492,50.492,16,53333
DL1MHM,DL1MHM,True,True,both,B,JN58wg,6.0,48.2708,11.875,N,48.2708,43.296,43.296,6,4232
DL1MKS,DL1MKS,True,True,both,B,JN37un,6.0,47.5625,7.7083,N,47.5625,42.297,42.297,12,65484
DL1MMK,DL1MMK,True,True,both,A,JN58sd,6.0,48.1458,11.5417,N,48.1458,43.133,43.133,21,23699
DL1MSL,DL1MSL,True,True,both,B,JN48ul,6.0,48.4792,9.7083,N,48.4792,43.484,43.484,46,16001
DL1NFI,DL1NFI,True,True,both,B,JN59oe,6.0,49.1875,11.2083,N,49.1875,44.385,44.385,3,151
DL1NFR,DL1NFR,True,True,both,A,JN59nk,6.0,49.4375,11.125,N,49.4375,44.684,44.684,43,5311
DL1NJK,DL1NJK,True,True,both,A,JO43se,6.0,53.1875,9.5417,N,53.1875,49.129,49.129,14,20283
DL1NRW,DL1NRW,True,True,both,B,JO31,4.0,51.5,7.0,N,51.5,47.114,47.114,3,878
DL1PP,DL1PP,True,True,both,B,JN48hh,6.0,48.3125,8.625,N,48.3125,43.251,43.251,4,326
DL1PWJ,DL1PWJ,True,True,both,B,JO31tv,6.0,51.8958,7.625,N,51.8958,47.591,47.591,4,720
DL1RB/P,DL1RB,True,True,both,B,JO41cx,6.0,51.9792,8.2083,N,51.9792,47.693,47.693,9,873
DL1RDB,DL1RDB,True,True,both,B,JN69ba,6.0,49.0208,12.125,N,49.0208,44.21,44.21,16,30369
DL1RHK,DL1RHK,True,True,both,B,JO41tg,6.0,51.2708,9.625,N,51.2708,46.857,46.857,8,5308
DL1SAN,DL1SAN,True,True,both,A,JN48wi,6.0,48.3542,9.875,N,48.3542,43.336,43.336,35,58181
DL1SDZ,DL1SDZ,True,True,both,A,JN48mm,6.0,48.5208,9.0417,N,48.5208,43.517,43.517,13,3683
DL1SE,DL1SE,True,True,both,B,JO50jr,6.0,50.7292,10.7917,N,50.7292,46.227,46.227,50,25357
DL1SEH,DL1SEH,True,True,both,B,JN48pq,6.0,48.6875,9.2917,N,48.6875,43.728,43.728,7,12477
DL1SER,DL1SER,True,True,both,B,JN48pt,6.0,48.8125,9.2917,N,48.8125,43.881,43.881,87,159145
DL1STF,DL1STF,True,True,both,B,JN58it,6.0,48.8125,10.7083,N,48.8125,43.918,43.918,4,5764
DL1SWT,DL1SWT,True,True,both,A,JO53,4.0,53.5,11.0,N,53.5,49.498,49.498,22,27189
DL1SZW,DL1SZW,True,True,both,B,JN58fa,6.0,48.0208,10.4583,N,48.0208,42.945,42.945,5,503
DL1TFI,DL1TFI,True,True,both,B,JN58kg,6.0,48.2708,10.875,N,48.2708,43.264,43.264,203,223864
DL1TOG,DL1TOG,True,True,both,B,JO42vk,6.0,52.4375,9.7917,N,52.4375,48.245,48.245,4,1690
DL1UZ,DL1UZ,True,True,both,B,JN49ie,6.0,49.1875,8.7083,N,49.1875,44.326,44.326,9,5073
DL1WAG,DL1WAG,True,True,both,A,JN58cq,6.0,48.6875,10.2083,N,48.6875,43.752,43.752,199,511092
DL1WER,DL1WER,True,True,both,A,JN58cd,6.0,48.1458,10.2083,N,48.1458,43.09,43.09,30,44298
DL1WKA,DL1WKA,True,True,both,A,JO42xg,6.0,52.2708,9.9583,N,52.2708,48.049,48.049,119,600339
DL1WWE,DL1WWE,True,True,both,B,JN58ov,6.0,48.8958,11.2083,N,48.8958,44.032,44.032,16,3004
DL1WZ,DL1WZ,True,True,both,B,JO31sl,6.0,51.4792,7.5417,N,51.4792,47.091,47.091,7,5134
DL1YAF,DL1YAF,True,True,both,A,JO31lm,6.0,51.5208,6.9583,N,51.5208,47.139,47.139,116,16505
DL1YAQ,DL1YAQ,True,True,both,B,JO32we,6.0,52.1875,7.875,N,52.1875,47.941,47.941,4,4848
DL2ABC,DL2ABC,True,True,both,B,JO41wn,6.0,51.5625,9.875,N,51.5625,47.208,47.208,8,21664
DL2ALE,DL2ALE,True,True,both,A,JO50ip,6.0,50.6458,10.7083,N,50.6458,46.126,46.126,15,9143
DL2ALY,DL2ALY,True,True,both,B,JO63ck,6.0,53.4375,12.2083,N,53.4375,49.431,49.431,84,751326
DL2AOM,DL2AOM,True,True,both,A,JO61fa,6.0,51.0208,12.4583,N,51.0208,46.603,46.603,23,1330
DL2ARL,DL2ARL,True,True,both,A,JN59,4.0,49.5,11.0,N,49.5,44.757,44.757,395,296470
DL2ARQ,DL2ARQ,True,True,both,B,JO41rg,6.0,51.2708,9.4583,N,51.2708,46.855,46.855,14,27826
DL2BZE,DL2BZE,True,True,both,A,JN39po,6.0,49.6042,7.2917,N,49.6042,44.812,44.812,18,322295
DL2DBQ,DL2DBQ,True,True,both,B,JO31wq,6.0,51.6875,7.875,N,51.6875,47.342,47.342,70,452150
DL2DBR,DL2DBR,True,True,both,A,JO30xu,6.0,50.8542,7.9583,N,50.8542,46.34,46.34,11,12396
DL2DM,DL2DM,True,True,both,B,JO62,4.0,52.5,13.0,N,52.5,48.347,48.347,3,321
DL2DT,DL2DT,True,True,both,A,JN49iv,6.0,49.8958,8.7083,N,49.8958,45.189,45.189,150,30668
DL2F,DL2F,True,True,both,A,JO40ln,6.0,50.5625,8.9583,N,50.5625,45.999,45.999,18,1310
DL2FBI,DL2FBI,True,True,both,A,JO44mc,6.0,54.1042,9.0417,N,54.1042,50.205,50.205,65,27436
DL2FBQ,DL2FBQ,True,True,both,B,JN49hq,6.0,49.6875,8.625,N,49.6875,44.934,44.934,5,1226
DL2GAN,DL2GAN,True,True,both,B,JN59nk,6.0,49.4375,11.125,N,49.4375,44.684,44.684,5,37122
DL2GMS,DL2GMS,True,True,both,B,JN47or,6.0,47.7292,9.2083,N,47.7292,42.547,42.547,7,12006
DL2GP,DL2GP,True,True,both,B,JO53dp,6.0,53.6458,10.2917,N,53.6458,49.667,49.667,6,810
DL2GRF,DL2GRF,True,True,both,A,JN48cg,6.0,48.2708,8.2083,N,48.2708,43.189,43.189,14,1737
DL2HAD,DL2HAD,True,True,both,A,JO53kv,6.0,53.8958,10.875,N,53.8958,49.959,49.959,212,179621
DL2HAH,DL2HAH,True,True,both,A,JO54pl,6.0,54.4792,11.2917,N,54.4792,50.635,50.635,256,178903
DL2IR,DL2IR,True,True,both,B,JN49ej,6.0,49.3958,8.375,N,49.3958,44.574,44.574,3,1786
DL2JA,DL2JA,True,True,both,B,JN58vk,6.0,48.4375,11.7917,N,48.4375,43.495,43.495,390,3506060
DL2JBB,DL2JBB,True,True,both,B,JO41qf,6.0,51.2292,9.375,N,51.2292,46.805,46.805,194,255013
DL2JKK,DL2JKK,True,True,both,A,JO61wa,6.0,51.0208,13.875,N,51.0208,46.632,46.632,84,587923
DL2JLB,DL2JLB,True,True,both,B,JO60kt,6.0,50.8125,12.875,N,50.8125,46.365,46.365,9,1202
DL2KAC,DL2KAC,True,True,both,B,JO30iu,6.0,50.8542,6.7083,N,50.8542,46.331,46.331,5,1865
DL2KCL,DL2KCL,True,True,both,A,JO30,4.0,50.5,7.0,N,50.5,45.903,45.903,362,200781
DL2MFE,DL2MFE,True,True,both,B,JN59fk,6.0,49.4375,10.4583,N,49.4375,44.668,44.668,7,3747
DL2MFO,DL2MFO,True,True,both,B,JN58rr,6.0,48.7292,11.4583,N,48.7292,43.838,43.838,3,1027
DL2MGH,DL2MGH,True,True,both,A,JN67bu,6.0,47.8542,12.125,N,47.8542,42.799,42.799,49,388530
DL2MIC,DL2MIC,True,True,both,B,JN58,4.0,48.5,11.0,N,48.5,43.546,43.546,3,98
DL2MLW,DL2MLW,True,True,both,B,JN59,4.0,49.5,11.0,N,49.5,44.757,44.757,3,654
DL2NDE,DL2NDE,True,True,both,A,JO50dj,6.0,50.3958,10.2917,N,50.3958,45.819,45.819,115,58623
DL2NED,DL2NED,True,True,both,B,JN59,4.0,49.5,11.0,N,49.5,44.757,44.757,360,1584937
DL2NEP,DL2NEP,True,True,both,B,JN59jo,6.0,49.6042,10.7917,N,49.6042,44.877,44.877,20,14831
DL2NGT,DL2NGT,True,True,both,B,JN59on,6.0,49.5625,11.2083,N,49.5625,44.837,44.837,9,14271
DL2NI,DL2NI,True,True,both,B,JN48ul,6.0,48.4792,9.7083,N,48.4792,43.484,43.484,7,26339
DL2OAM,DL2OAM,True,True,both,B,JO52ap,6.0,52.6458,10.0417,N,52.6458,48.492,48.492,5,3427
DL2OO,DL2OO,True,True,both,B,JN58uc,6.0,48.1042,11.7083,N,48.1042,43.088,43.088,20,27647
DL2PK,DL2PK,True,True,both,B,JO31ik,6.0,51.4375,6.7083,N,51.4375,47.038,47.038,7,3643
DL2RDH,DL2RDH,True,True,both,B,JN68hw,6.0,48.9375,12.625,N,48.9375,44.125,44.125,3,13085
DL2RN,DL2RN,True,True,both,A,JN68cd,6.0,48.1458,12.2083,N,48.1458,43.156,43.156,40,842
DL2SCH,DL2SCH,True,True,both,A,JN48op,6.0,48.6458,9.2083,N,48.6458,43.675,43.675,33,79727
DL2SFO,DL2SFO,True,True,both,B,JN48,4.0,48.5,9.0,N,48.5,43.491,43.491,6,1396
DL2SHK,DL2SHK,True,True,both,A,JN57,4.0,47.5,11.0,N,47.5,42.325,42.325,106,1491
DL2STM,DL2STM,True,True,both,A,JO31ei,6.0,51.3542,6.375,N,51.3542,46.936,46.936,23,840
DL2SUH,DL2SUH,True,True,both,A,JO53wq,6.0,53.6875,11.875,N,53.6875,49.719,49.719,14,856
DL2TW,DL2TW,True,True,both,A,JO52,4.0,52.5,11.0,N,52.5,48.327,48.327,389,61238
DL2UD,DL2UD,True,True,both,A,JN58vj,6.0,48.3958,11.7917,N,48.3958,43.445,43.445,134,233591
DL2WB,DL2WB,True,True,both,B,JN39,4.0,49.5,7.0,N,49.5,44.68,44.68,395,1585131
DL2WM,DL2WM,True,True,both,B,JO61ep,6.0,51.6458,12.375,N,51.6458,47.338,47.338,3,469
DL2YAY,DL2YAY,True,True,both,B,JO31ov,6.0,51.8958,7.2083,N,51.8958,47.59,47.59,8,5305
DL2YED,DL2YED,True,True,both,A,JO31op,6.0,51.6458,7.2083,N,51.6458,47.29,47.29,11,50903
DL3AAV,DL3AAV,True,True,both,A,JO52,4.0,52.5,11.0,N,52.5,48.327,48.327,312,613194
DL3AS,DL3AS,True,True,both,B,JO62sn,6.0,52.5625,13.5417,N,52.5625,48.427,48.427,3,628
DL3BE,DL3BE,True,True,both,A,JO42bp,6.0,52.6458,8.125,N,52.6458,48.487,48.487,47,506626
DL3CK,DL3CK,True,True,both,B,JN58ss,6.0,48.7708,11.5417,N,48.7708,43.891,43.891,3,3937
DL3EL,DL3EL,True,True,both,A,JO40hd,6.0,50.1458,8.625,N,50.1458,45.491,45.491,395,351560
DL3FDZ,DL3FDZ,True,True,both,B,JN57,4.0,47.5,11.0,N,47.5,42.325,42.325,8,37226
DL3GAK,DL3GAK,True,True,both,B,JN48xd,6.0,48.1458,9.9583,N,48.1458,43.083,43.083,177,215737
DL3GBE,DL3GBE,True,True,both,A,JN47tt,6.0,47.8125,9.625,N,47.8125,42.663,42.663,127,125659
DL3GC,DL3GC,True,True,both,A,JO33qb,6.0,53.0625,7.375,N,53.0625,48.983,48.983,13,60902
DL3HBT,DL3HBT,True,True,both,A,JO53hu,6.0,53.8542,10.625,N,53.8542,49.91,49.91,19,14618
DL3HR,DL3HR,True,True,both,B,JN49,4.0,49.5,9.0,N,49.5,44.713,44.713,7,80344
DL3IAD,DL3IAD,True,True,both,B,JO31is,6.0,51.7708,6.7083,N,51.7708,47.44,47.44,68,21541
DL3JJ,DL3JJ,True,True,both,B,JO60po,6.0,50.6042,13.2917,N,50.6042,46.128,46.128,3,14747
DL3KBJ,DL3KBJ,True,True,both,B,JO30nr,6.0,50.7292,7.125,N,50.7292,46.182,46.182,41,7111
DL3KDM,DL3KDM,True,True,both,B,JO30iw,6.0,50.9375,6.7083,N,50.9375,46.432,46.432,8,218
DL3KF,DL3KF,True,True,both,B,JO41wj,6.0,51.3958,9.875,N,51.3958,47.009,47.009,9,19154
DL3KJ,DL3KJ,True,True,both,B,JO53fl,6.0,53.4792,10.4583,N,53.4792,49.472,49.472,31,9305
DL3MAF,DL3MAF,True,True,both,A,JN57,4.0,47.5,11.0,N,47.5,42.325,42.325,150,196618
DL3MBK,DL3MBK,True,True,both,B,JN58sd,6.0,48.1458,11.5417,N,48.1458,43.133,43.133,3,64
DL3MGG,DL3MGG,True,True,both,B,JN58,4.0,48.5,11.0,N,48.5,43.546,43.546,20,3002
DL3NAA,DL3NAA,True,True,both,B,JN38vn,6.0,48.5625,7.7917,N,48.5625,43.54,43.54,139,273027
DL3NAQ,DL3NAQ,True,True,both,B,JN59no,6.0,49.6042,11.125,N,49.6042,44.885,44.885,3,509
DL3NBY,DL3NBY,True,True,both,A,JO50ja,6.0,50.0208,10.7917,N,50.0208,45.378,45.378,22,75649
DL3NEY,DL3NEY,True,True,both,B,JN59it,6.0,49.8125,10.7083,N,49.8125,45.126,45.126,5,889
DL3OR,DL3OR,True,True,both,B,JO53mb,6.0,53.0625,11.0417,N,53.0625,48.987,48.987,9,8918
DL3PB,DL3PB,True,True,both,B,JO31,4.0,51.5,7.0,N,51.5,47.114,47.114,5,1260
DL3RDO,DL3RDO,True,True,both,B,JN68fr,6.0,48.7292,12.4583,N,48.7292,43.869,43.869,5,1219
DL3SDW,DL3SDW,True,True,both,B,JN92,4.0,42.5,19.0,N,42.5,36.697,36.697,5,1391
DL3SET,DL3SET,True,True,both,B,JN48pu,6.0,48.8542,9.2917,N,48.8542,43.932,43.932,3,889
DL3STG,DL3STG,True,True,both,B,JO61,4.0,51.5,13.0,N,51.5,47.177,47.177,7,17069
DL3SU,DL3SU,True,False,wsprnet_only,B,JO52jq,6.0,52.6875,10.7917,N,52.6875,48.546,48.546,6,81
DL3SVN,DL3SVN,True,True,both,B,JO62,4.0,52.5,13.0,N,52.5,48.347,48.347,3,711
DL3XRZ,DL3XRZ,True,True,both,A,JN59kv,6.0,49.8958,10.875,N,49.8958,45.23,45.23,23,5275
DL3YAV,DL3YAV,True,True,both,B,JO42gb,6.0,52.0625,8.5417,N,52.0625,47.794,47.794,192,348032
DL3YBZ,DL3YBZ,True,True,both,B,JO31ws,6.0,51.7708,7.875,N,51.7708,47.442,47.442,18,6117
DL3YGK,DL3YGK,True,True,both,B,JN57ru,6.0,47.8542,11.4583,N,47.8542,42.775,42.775,5,271
DL3ZAT,DL3ZAT,True,True,both,B,JO41ir,6.0,51.7292,8.7083,N,51.7292,47.397,47.397,6,2546
DL4AAE,DL4AAE,True,True,both,A,JN48,4.0,48.5,9.0,N,48.5,43.491,43.491,13,4744
DL4AD,DL4AD,True,True,both,A,JN59ll,6.0,49.4792,10.9583,N,49.4792,44.731,44.731,10,6008
DL4BG,DL4BG,True,True,both,B,JO43xn,6.0,53.5625,9.9583,N,53.5625,49.569,49.569,228,388502
DL4BHA,DL4BHA,True,True,both,B,JO40jd,6.0,50.1458,8.7917,N,50.1458,45.493,45.493,3,4349
DL4DCL,DL4DCL,True,True,both,A,JO40bw,6.0,50.9375,8.125,N,50.9375,46.442,46.442,25,11577
DL4DTL,DL4DTL,True,True,both,A,JN49ig,6.0,49.2708,8.7083,N,49.2708,44.428,44.428,358,2749505
DL4EAI,DL4EAI,True,True,both,B,JO31je,6.0,51.1875,6.7917,N,51.1875,46.736,46.736,4,444
DL4EBV,DL4EBV,True,True,both,A,JO31hk,6.0,51.4375,6.625,N,51.4375,47.037,47.037,11,18997
DL4EEC,DL4EEC,True,True,both,B,JO33xp,6.0,53.6458,7.9583,N,53.6458,49.671,49.671,9,22004
DL4GP,DL4GP,True,True,both,B,JN47sr,6.0,47.7292,9.5417,N,47.7292,42.558,42.558,6,101
DL4HEL,DL4HEL,True,True,both,B,JO62wn,6.0,52.5625,13.875,N,52.5625,48.431,48.431,4,719
DL4IB,DL4IB,True,True,both,B,JO64ac,6.0,54.1042,12.0417,N,54.1042,50.202,50.202,171,76436
DL4JE,DL4JE,True,True,both,B,JO50gj,6.0,50.3958,10.5417,N,50.3958,45.823,45.823,3,6541
DL4JO,DL4JO,True,True,both,B,JO31,4.0,51.5,7.0,N,51.5,47.114,47.114,7,680
DL4JR,DL4JR,True,True,both,A,JO51xk,6.0,51.4375,11.9583,N,51.4375,47.086,47.086,146,26317
DL4KBB,DL4KBB,True,True,both,A,JN59mm,6.0,49.5208,11.0417,N,49.5208,44.783,44.783,93,105832
DL4KCW,DL4KCW,True,True,both,B,JO31ua,6.0,51.0208,7.7083,N,51.0208,46.539,46.539,3,6660
DL4KER,DL4KER,True,True,both,B,JN48ls,6.0,48.7708,8.9583,N,48.7708,43.822,43.822,5,63
DL4KXY,DL4KXY,True,False,wsprnet_only,A,JN48,4.0,48.5,9.0,N,48.5,43.491,43.491,26,163
DL4LL,DL4LL,True,True,both,A,JO54,4.0,54.5,11.0,N,54.5,50.66,50.66,392,1068419
DL4LNX,DL4LNX,True,True,both,B,JO43jh,6.0,53.3125,8.7917,N,53.3125,49.276,49.276,3,107
DL4MAR,DL4MAR,True,True,both,B,JN47un,6.0,47.5625,9.7083,N,47.5625,42.357,42.357,3,290
DL4MFC,DL4MFC,True,True,both,A,JN58qc,6.0,48.1042,11.375,N,48.1042,43.077,43.077,21,37370
DL4MFM,DL4MFM,True,True,both,A,JO33,4.0,53.5,7.0,N,53.5,49.504,49.504,30,398513
DL4MHY,DL4MHY,True,True,both,A,JN58,4.0,48.5,11.0,N,48.5,43.546,43.546,27,732
DL4MHZ,DL4MHZ,True,True,both,A,JN58pt,6.0,48.8125,11.2917,N,48.8125,43.934,43.934,11,13434
DL4NAK,DL4NAK,True,True,both,A,JN59mq,6.0,49.6875,11.0417,N,49.6875,44.983,44.983,51,30902
DL4OBR,DL4OBR,True,True,both,B,JO42vj,6.0,52.3958,9.7917,N,52.3958,48.196,48.196,3,495
DL4OL,DL4OL,True,True,both,B,JO30,4.0,50.5,7.0,N,50.5,45.903,45.903,3,84
DL4PJ,DL4PJ,True,True,both,B,JN58vc,6.0,48.1042,11.7917,N,48.1042,43.091,43.091,3,342
DL4PL,DL4PL,True,True,both,B,JO61ua,6.0,51.0208,13.7083,N,51.0208,46.628,46.628,9,2341
DL4PU,DL4PU,True,True,both,B,JO30nr,6.0,50.7292,7.125,N,50.7292,46.182,46.182,6,358
DL4QB,DL4QB,True,True,both,A,JO31qs,6.0,51.7708,7.375,N,51.7708,47.441,47.441,14,24439
DL4RDJ,DL4RDJ,True,True,both,A,JN58wt,6.0,48.8125,11.875,N,48.8125,43.951,43.951,25,3387
DL4RU,DL4RU,True,True,both,A,JN69cr,6.0,49.7292,12.2083,N,49.7292,45.062,45.062,28,5540
DL4SA,DL4SA,True,True,both,A,JO53vv,6.0,53.8958,11.7917,N,53.8958,49.961,49.961,96,305371
DL4SBK,DL4SBK,True,True,both,B,JN48pv,6.0,48.8958,9.2917,N,48.8958,43.983,43.983,7,5535
DL4SKY/P,DL4SKY,True,True,both,B,JN68ct,6.0,48.8125,12.2083,N,48.8125,43.962,43.962,4,772
DL4TJ,DL4TJ,True,True,both,A,JN48,4.0,48.5,9.0,N,48.5,43.491,43.491,18,73953
DL4TOM,DL4TOM,True,True,both,A,JN59it,6.0,49.8125,10.7083,N,49.8125,45.126,45.126,47,123395
DL4VBN,DL4VBN,True,True,both,B,JN47,4.0,47.5,9.0,N,47.5,42.257,42.257,8,4208
DL4YCC,DL4YCC,True,True,both,B,JO41hs,6.0,51.7708,8.625,N,51.7708,47.446,47.446,37,3472
DL4YEL,DL4YEL,True,True,both,A,JO31qo,6.0,51.6042,7.375,N,51.6042,47.24,47.24,13,9666
DL4ZAQ,DL4ZAQ,True,True,both,B,JN49nq,6.0,49.6875,9.125,N,49.6875,44.943,44.943,6,1423
DL5AB,DL5AB,True,True,both,B,JN49,4.0,49.5,9.0,N,49.5,44.713,44.713,4,5224
DL5ABH,DL5ABH,True,True,both,B,JO41ul,6.0,51.4792,9.7083,N,51.4792,47.107,47.107,84,282980
DL5AKF,DL5AKF,True,True,both,A,JO50mx,6.0,50.9792,11.0417,N,50.9792,46.529,46.529,12,10417
DL5ALO,DL5ALO,True,True,both,B,JN68cb,6.0,48.0625,12.2083,N,48.0625,43.055,43.055,3,139
DL5ALW,DL5ALW,True,True,both,A,JO51pd,6.0,51.1458,11.2917,N,51.1458,46.731,46.731,321,154645
DL5ARG,DL5ARG,True,True,both,B,JO60au,6.0,50.8542,12.0417,N,50.8542,46.398,46.398,4,71
DL5BBF,DL5BBF,True,True,both,B,JO42lt,6.0,52.8125,8.9583,N,52.8125,48.685,48.685,5,6637
DL5CZ,DL5CZ,True,True,both,B,JO50kd,6.0,50.1458,10.875,N,50.1458,45.53,45.53,4,249
DL5DEN,DL5DEN,True,True,both,B,JO30es,6.0,50.7708,6.375,N,50.7708,46.228,46.228,42,19979
DL5FCE,DL5FCE,True,True,both,B,JO41sg,6.0,51.2708,9.5417,N,51.2708,46.856,46.856,13,67499
DL5GBE,DL5GBE,True,True,both,B,JN48,4.0,48.5,9.0,N,48.5,43.491,43.491,3,469
DL5HCR,DL5HCR,True,True,both,B,JO43so,6.0,53.6042,9.5417,N,53.6042,49.618,49.618,5,4378
DL5HG,DL5HG,True,True,both,B,JN48mt,6.0,48.8125,9.0417,N,48.8125,43.875,43.875,5,1106
DL5HO,DL5HO,True,True,both,B,JO30,4.0,50.5,7.0,N,50.5,45.903,45.903,9,37671
DL5IF,DL5IF,True,True,both,B,JN48ex,6.0,48.9792,8.375,N,48.9792,44.065,44.065,8,2441
DL5JA,DL5JA,True,True,both,A,JO31,4.0,51.5,7.0,N,51.5,47.114,47.114,39,77348
DL5JP,DL5JP,True,True,both,B,JN58rj,6.0,48.3958,11.4583,N,48.3958,43.434,43.434,14,2376
DL5KBG,DL5KBG,True,True,both,B,JO31sb,6.0,51.0625,7.5417,N,51.0625,46.588,46.588,7,20604
DL5KMS,DL5KMS,True,True,both,B,JO50fr,6.0,50.7292,10.4583,N,50.7292,46.221,46.221,7,1439
DL5MDZ,DL5MDZ,True,True,both,B,JN57fo,6.0,47.6042,10.4583,N,47.6042,42.434,42.434,3,141
DL5MGR,DL5MGR,True,True,both,A,JN48op,6.0,48.6458,9.2083,N,48.6458,43.675,43.675,59,204703
DL5NEG,DL5NEG,True,True,both,B,JN59mi,6.0,49.3542,11.0417,N,49.3542,44.582,44.582,11,9097
DL5NX,DL5NX,True,True,both,A,JO62ss,6.0,52.7708,13.5417,N,52.7708,48.669,48.669,12,106039
DL5OBT,DL5OBT,True,True,both,B,JO42uh,6.0,52.3125,9.7083,N,52.3125,48.097,48.097,6,900
DL5RAZ,DL5RAZ,True,True,both,B,JN68ex,6.0,48.9792,12.375,N,48.9792,44.167,44.167,379,1789319
DL5RDQ,DL5RDQ,True,False,wsprnet_only,B,JN59uf,6.0,49.2292,11.7083,N,49.2292,44.449,44.449,4,56
DL5SFB,DL5SFB,True,True,both,B,JN48ok,6.0,48.4375,9.2083,N,48.4375,43.419,43.419,162,465687
DL5SG,DL5SG,True,True,both,B,JO60,4.0,50.5,13.0,N,50.5,45.998,45.998,3,139
DL5UY,DL5UY,True,True,both,B,JN48ft,6.0,48.8125,8.4583,N,48.8125,43.862,43.862,350,2915971
DL5XU,DL5XU,True,True,both,B,JO50dx,6.0,50.9792,10.2917,N,50.9792,46.517,46.517,4,685
DL5YGV,DL5YGV,True,False,wsprnet_only,B,JN48,4.0,48.5,9.0,N,48.5,43.491,43.491,8,13
DL6AAS,DL6AAS,True,True,both,A,JO52,4.0,52.5,11.0,N,52.5,48.327,48.327,394,347995
DL6AK,DL6AK,True,True,both,B,JN49ju,6.0,49.8542,8.7917,N,49.8542,45.14,45.14,3,53
DL6AL,DL6AL,True,True,both,B,JO41px,6.0,51.9792,9.2917,N,51.9792,47.698,47.698,3,1368
DL6CQG,DL6CQG,True,True,both,B,JO51iu,6.0,51.8542,10.7083,N,51.8542,47.562,47.562,24,5829
DL6DAV,DL6DAV,True,True,both,B,JO62rr,6.0,52.7292,13.4583,N,52.7292,48.619,48.619,117,19776
DL6DBA,DL6DBA,True,True,both,B,JO41be,6.0,51.1875,8.125,N,51.1875,46.743,46.743,7,2083
DL6DBN,DL6DBN,True,True,both,B,JO40bv,6.0,50.8958,8.125,N,50.8958,46.392,46.392,6,3736
DL6FKR,DL6FKR,True,True,both,B,JN57sx,6.0,47.9792,11.5417,N,47.9792,42.93,42.93,18,20973
DL6HX,DL6HX,True,True,both,B,JN59oq,6.0,49.6875,11.2083,N,49.6875,44.987,44.987,4,7368
DL6JH,DL6JH,True,True,both,B,JN48pr,6.0,48.7292,9.2917,N,48.7292,43.779,43.779,8,36060
DL6KDS,DL6KDS,True,True,both,B,JO50,4.0,50.5,11.0,N,50.5,45.957,45.957,3,1739
DL6MB,DL6MB,True,True,both,A,JO31kx,6.0,51.9792,6.875,N,51.9792,47.69,47.69,15,11159
DL6NBB,DL6NBB,True,True,both,A,JN59mp,6.0,49.6458,11.0417,N,49.6458,44.933,44.933,35,7845
DL6NDX,DL6NDX,True,True,both,B,JN59so,6.0,49.6042,11.5417,N,49.6042,44.895,44.895,7,527
DL6NX,DL6NX,True,True,both,B,JO31nk,6.0,51.4375,7.125,N,51.4375,47.039,47.039,4,624
DL6OAA,DL6OAA,True,True,both,A,JO42te,6.0,52.1875,9.625,N,52.1875,47.948,47.948,25,31589
DL6OBU,DL6OBU,True,True,both,A,JO43,4.0,53.5,9.0,N,53.5,49.496,49.496,386,3351473
DL6OTF,DL6OTF,True,False,wsprnet_only,B,JO42,4.0,52.5,9.0,N,52.5,48.315,48.315,7,15
DL6RCN,DL6RCN,True,True,both,B,JN58kg,6.0,48.2708,10.875,N,48.2708,43.264,43.264,14,11017
DL6SCF,DL6SCF,True,True,both,B,JN48,4.0,48.5,9.0,N,48.5,43.491,43.491,7,116614
DL6TY,DL6TY,True,True,both,A,JO44lo,6.0,54.6042,8.9583,N,54.6042,50.789,50.789,154,176861
DL6UXL,DL6UXL,True,True,both,B,JO72hd,6.0,52.1458,14.625,N,52.1458,47.959,47.959,4,561
DL6WAB,DL6WAB,True,True,both,A,JO41qc,6.0,51.1042,9.375,N,51.1042,46.655,46.655,27,13453
DL6YCU,DL6YCU,True,True,both,B,JO31ws,6.0,51.7708,7.875,N,51.7708,47.442,47.442,79,166199
DL6ZBN,DL6ZBN,True,False,wsprnet_only,B,JO40,4.0,50.5,9.0,N,50.5,45.924,45.924,3,449
DL7AG,DL7AG,True,True,both,B,JO62,4.0,52.5,13.0,N,52.5,48.347,48.347,44,452786
DL7AIR,DL7AIR,True,True,both,B,JO73ck,6.0,53.4375,14.2083,N,53.4375,49.447,49.447,3,1615
DL7ATA,DL7ATA,True,True,both,A,JO62on,6.0,52.5625,13.2083,N,52.5625,48.423,48.423,294,407525
DL7ATE,DL7ATE,True,True,both,A,JN68,4.0,48.5,13.0,N,48.5,43.611,43.611,175,86255
DL7BW,DL7BW,True,True,both,B,JO44gq,6.0,54.6875,8.5417,N,54.6875,50.889,50.889,5,1280
DL7CHR,DL7CHR,True,True,both,B,JO62sp,6.0,52.6458,13.5417,N,52.6458,48.524,48.524,20,76947
DL7ED,DL7ED,True,True,both,B,JO31lg,6.0,51.2708,6.9583,N,51.2708,46.837,46.837,8,9353
DL7FBT,DL7FBT,True,True,both,B,JN49,4.0,49.5,9.0,N,49.5,44.713,44.713,8,666
DL7FE,DL7FE,True,True,both,B,JN49,4.0,49.5,9.0,N,49.5,44.713,44.713,12,36390
DL7IGK,DL7IGK,True,True,both,B,JO71fb,6.0,51.0625,14.4583,N,51.0625,46.693,46.693,3,630
DL7IT,DL7IT,True,True,both,A,JN48vs,6.0,48.7708,9.7917,N,48.7708,43.842,43.842,11,3065
DL7KK,DL7KK,True,True,both,A,JN58sc,6.0,48.1042,11.5417,N,48.1042,43.082,43.082,18,3265
DL7KO,DL7KO,True,True,both,B,JO31jj,6.0,51.3958,6.7917,N,51.3958,46.987,46.987,6,1294
DL7LE,DL7LE,True,True,both,B,JO43,4.0,53.5,9.0,N,53.5,49.496,49.496,6,5232
DL7MAC,DL7MAC,True,True,both,B,JN57rv,6.0,47.8958,11.4583,N,47.8958,42.826,42.826,3,1934
DL7MHW,DL7MHW,True,True,both,A,JO30wd,6.0,50.1458,7.875,N,50.1458,45.481,45.481,12,4615
DL7OAP,DL7OAP,True,True,both,A,JO42vd,6.0,52.1458,9.7917,N,52.1458,47.9,47.9,20,5081
DL7OSX,DL7OSX,True,True,both,B,JO52tg,6.0,52.2708,11.625,N,52.2708,48.063,48.063,4,170
DL7PH,DL7PH,True,True,both,A,JN49dp,6.0,49.6458,8.2917,N,49.6458,44.878,44.878,18,6105
DL7SB,DL7SB,True,True,both,B,JO54,4.0,54.5,11.0,N,54.5,50.66,50.66,6,6283
DL7SEA,DL7SEA,True,True,both,B,JO41ev,6.0,51.8958,8.375,N,51.8958,47.594,47.594,25,56838
DL7SL,DL7SL,True,True,both,B,JO62nk,6.0,52.4375,13.125,N,52.4375,48.276,48.276,8,47316
DL7TBR,DL7TBR,True,True,both,A,JO62mn,6.0,52.5625,13.0417,N,52.5625,48.42,48.42,201,31349
DL7UAW,DL7UAW,True,True,both,B,JO62om,6.0,52.5208,13.2083,N,52.5208,48.374,48.374,6,111
DL7UGN,DL7UGN,True,True,both,B,JO71,4.0,51.5,15.0,N,51.5,47.216,47.216,5,9324
DL7UML,DL7UML,True,True,both,A,JO62tj,6.0,52.3958,13.625,N,52.3958,48.234,48.234,49,25472
DL7UN,DL7UN,True,True,both,B,JO44lo,6.0,54.6042,8.9583,N,54.6042,50.789,50.789,7,1074
DL7UP,DL7UP,True,True,both,A,JN58ub,6.0,48.0625,11.7083,N,48.0625,43.037,43.037,11,5308
DL7VDX,DL7VDX,True,True,both,B,IO90dr,6.0,50.7292,-1.7083,N,50.7292,46.25,46.25,3,16
DL7VTX,DL7VTX,True,True,both,A,JO62,4.0,52.5,13.0,N,52.5,48.347,48.347,351,111558
DL7VTX/P,DL7VTX,True,False,wsprnet_only,B,JO66li,6.0,56.3542,12.9583,N,56.3542,52.777,52.777,6,61
DL7WH,DL7WH,True,True,both,B,JN47un,6.0,47.5625,9.7083,N,47.5625,42.357,42.357,6,1975
DL8BAG,DL8BAG,True,True,both,A,JO30nq,6.0,50.6875,7.125,N,50.6875,46.131,46.131,18,7635
DL8BB,DL8BB,True,True,both,A,JO41vm,6.0,51.5208,9.7917,N,51.5208,47.157,47.157,351,10120
DL8BBY,DL8BBY,True,True,both,A,JO43jb,6.0,53.0625,8.7917,N,53.0625,48.981,48.981,116,259452
DL8BBY/1,DL8BBY,True,True,both,B,JO43jb,6.0,53.0625,8.7917,N,53.0625,48.981,48.981,5,1345
DL8BCN,DL8BCN,True,True,both,B,JO43ok,6.0,53.4375,9.2083,N,53.4375,49.422,49.422,3,380
DL8BEG,DL8BEG,True,True,both,B,JO42jx,6.0,52.9792,8.7917,N,52.9792,48.882,48.882,9,2187
DL8CE,DL8CE,True,True,both,B,JO42wf,6.0,52.2292,9.875,N,52.2292,47.999,47.999,14,3915
DL8CQ,DL8CQ,True,True,both,B,JN58da,6.0,48.0208,10.2917,N,48.0208,42.94,42.94,3,414
DL8DH,DL8DH,True,True,both,B,JN49od,6.0,49.1458,9.2083,N,49.1458,44.286,44.286,8,44756
DL8DX,DL8DX,True,True,both,A,JN47ep,6.0,47.6458,8.375,N,47.6458,42.419,42.419,63,1073651
DL8DX/P,DL8DX,True,True,both,B,JN47ep,6.0,47.6458,8.375,N,47.6458,42.419,42.419,4,26837
DL8EX,DL8EX,True,True,both,B,JO42,4.0,52.5,9.0,N,52.5,48.315,48.315,5,18927
DL8FBN,DL8FBN,True,True,both,A,JO51ae,6.0,51.1875,10.0417,N,51.1875,46.763,46.763,328,991792
DL8FCL,DL8FCL,True,True,both,A,JN49jx,6.0,49.9792,8.7917,N,49.9792,45.291,45.291,83,147206
DL8FMA,DL8FMA,True,True,both,A,JN67ax,6.0,47.9792,12.0417,N,47.9792,42.948,42.948,64,36232
DL8GAP,DL8GAP,True,True,both,B,JN48ei,6.0,48.3542,8.375,N,48.3542,43.296,43.296,6,2921
DL8KCW,DL8KCW,True,True,both,B,JO42pb,6.0,52.0625,9.2917,N,52.0625,47.797,47.797,95,95524
DL8KM,DL8KM,True,True,both,B,JO41vx,6.0,51.9792,9.7917,N,51.9792,47.702,47.702,9,39939
DL8LDN,DL8LDN,True,True,both,A,JO43xt,6.0,53.8125,9.9583,N,53.8125,49.861,49.861,13,2781
DL8LRZ,DL8LRZ,True,True,both,B,JO61dj,6.0,51.3958,12.2917,N,51.3958,47.042,47.042,8,5754
DL8LTD,DL8LTD,True,True,both,B,JO43tx,6.0,53.9792,9.625,N,53.9792,50.057,50.057,6,1015
DL8MFW,DL8MFW,True,True,both,B,JO44sm,6.0,54.5208,9.5417,N,54.5208,50.689,50.689,6,1616
DL8MRE,DL8MRE,True,True,both,B,JO31nk,6.0,51.4375,7.125,N,51.4375,47.039,47.039,8,1995
DL8OMK,DL8OMK,True,True,both,A,JO30,4.0,50.5,7.0,N,50.5,45.903,45.903,17,101819
DL8ROA,DL8ROA,True,True,both,A,JN49hx,6.0,49.9792,8.625,N,49.9792,45.289,45.289,203,253303
DL8SDJ,DL8SDJ,True,True,both,A,JN48,4.0,48.5,9.0,N,48.5,43.491,43.491,12,23235
DL8TT,DL8TT,True,True,both,B,JO30ov,6.0,50.8958,7.2083,N,50.8958,46.385,46.385,15,8060
DL8YAP,DL8YAP,True,True,both,A,JO32rb,6.0,52.0625,7.4583,N,52.0625,47.791,47.791,21,63412
DL8YCA,DL8YCA,True,True,both,B,JO31pl,6.0,51.4792,7.2917,N,51.4792,47.09,47.09,242,738907
DL8YCA/P,DL8YCA,True,True,both,A,JO31on,6.0,51.5625,7.2083,N,51.5625,47.19,47.19,99,2937
DL8ZLG,DL8ZLG,True,False,wsprnet_only,B,JO52ou,6.0,52.8542,11.2083,N,52.8542,48.744,48.744,3,15
DL9ATW,DL9ATW,True,True,both,A,JO61ub,6.0,51.0625,13.7083,N,51.0625,46.677,46.677,10,3321
DL9BAU,DL9BAU,True,True,both,A,JO32pm,6.0,52.5208,7.2917,N,52.5208,48.339,48.339,59,9362
DL9BER,DL9BER,True,True,both,A,JO62,4.0,52.5,13.0,N,52.5,48.347,48.347,12,69406
DL9CHR,DL9CHR,True,True,both,B,JN57,4.0,47.5,11.0,N,47.5,42.325,42.325,3,15530
DL9CZ,DL9CZ,True,True,both,B,JN48lp,6.0,48.6458,8.9583,N,48.6458,43.669,43.669,10,2061
DL9DAK,DL9DAK,True,True,both,A,JO43xo,6.0,53.6042,9.9583,N,53.6042,49.618,49.618,92,1837
DL9DAT,DL9DAT,True,True,both,B,JN39xv,6.0,49.8958,7.9583,N,49.8958,45.178,45.178,6,505
DL9EA,DL9EA,True,True,both,B,JN48uj,6.0,48.3958,9.7083,N,48.3958,43.382,43.382,7,8479
DL9EN,DL9EN,True,True,both,B,JO31qi,6.0,51.3542,7.375,N,51.3542,46.939,46.939,4,1938
DL9ET,DL9ET,True,True,both,A,JO32,4.0,52.5,7.0,N,52.5,48.314,48.314,10,19784
DL9FBF,DL9FBF,True,True,both,B,JN49,4.0,49.5,9.0,N,49.5,44.713,44.713,5,20635
DL9FBM,DL9FBM,True,True,both,B,JO41ri,6.0,51.3542,9.4583,N,51.3542,46.955,46.955,24,5600
DL9FE,DL9FE,True,True,both,B,JN59os,6.0,49.7708,11.2083,N,49.7708,45.087,45.087,8,1205
DL9GBH,DL9GBH,True,True,both,B,JO62xj,6.0,52.3958,13.9583,N,52.3958,48.239,48.239,6,2220
DL9GCW,DL9GCW,True,True,both,B,JN48vc,6.0,48.1042,9.7917,N,48.1042,43.027,43.027,217,1715805
DL9HB,DL9HB,True,True,both,B,JO53ro,6.0,53.6042,11.4583,N,53.6042,49.621,49.621,84,59856
DL9HM,DL9HM,True,True,both,A,JO30vp,6.0,50.6458,7.7917,N,50.6458,46.086,46.086,14,6525
DL9KAR,DL9KAR,True,True,both,B,JO30dt,6.0,50.8125,6.2917,N,50.8125,46.278,46.278,4,745
DL9LJ,DL9LJ,True,True,both,A,JO53hv,6.0,53.8958,10.625,N,53.8958,49.958,49.958,16,31392
DL9MCS,DL9MCS,True,True,both,B,JN58jo,6.0,48.6042,10.7917,N,48.6042,43.667,43.667,3,284
DL9MG,DL9MG,True,True,both,B,JN49hp,6.0,49.6458,8.625,N,49.6458,44.884,44.884,24,7915
DL9NAF,DL9NAF,True,True,both,A,JN59fd,6.0,49.1458,10.4583,N,49.1458,44.315,44.315,11,1266
DL9NDF,DL9NDF,True,True,both,B,JO60fl,6.0,50.4792,12.4583,N,50.4792,45.961,45.961,7,13611
DL9NN,DL9NN,True,True,both,B,JO42ke,6.0,52.1875,8.875,N,52.1875,47.944,47.944,145,1152766
DL9OBD,DL9OBD,True,True,both,A,JO42qn,6.0,52.5625,9.375,N,52.5625,48.391,48.391,11,44450
DL9PHI,DL9PHI,True,True,both,B,JN59kw,6.0,49.9375,10.875,N,49.9375,45.28,45.28,7,771
DL9PN,DL9PN,True,True,both,B,JN39pq,6.0,49.6875,7.2917,N,49.6875,44.914,44.914,7,7572
DL9RDM,DL9RDM,True,True,both,B,JN68bk,6.0,48.4375,12.125,N,48.4375,43.506,43.506,3,188
DL9RP,DL9RP,True,True,both,B,JN58jo,6.0,48.6042,10.7917,N,48.6042,43.667,43.667,3,335
DL9SM,DL9SM,True,True,both,B,JN48pv,6.0,48.8958,9.2917,N,48.8958,43.983,43.983,3,714
DL9TBI,DL9TBI,True,True,both,A,JN49,4.0,49.5,9.0,N,49.5,44.713,44.713,34,90
DL9UPJ,DL9UPJ,True,True,both,B,JO53,4.0,53.5,11.0,N,53.5,49.498,49.498,12,1060
DL9YG,DL9YG,True,True,both,B,JO43vn,6.0,53.5625,9.7917,N,53.5625,49.569,49.569,5,5702
DL9ZAL,DL9ZAL,True,True,both,B,JO41ql,6.0,51.4792,9.375,N,51.4792,47.103,47.103,8,3515
DL9ZEG,DL9ZEG,True,True,both,B,JO61aw,6.0,51.9375,12.0417,N,51.9375,47.677,47.677,3,2448
DL9ZY,DL9ZY,True,True,both,A,JO30in,6.0,50.5625,6.7083,N,50.5625,45.976,45.976,124,1263845
DM0MNG,DM0MNG,True,True,both,B,JN58,4.0,48.5,11.0,N,48.5,43.546,43.546,9,92
DM1KD,DM1KD,True,True,both,B,JN48jm,6.0,48.5208,8.7917,N,48.5208,43.511,43.511,6,884
DM1LGF,DM1LGF,True,True,both,B,JO61gh,6.0,51.3125,12.5417,N,51.3125,46.949,46.949,6,746
DM1LHK,DM1LHK,True,True,both,B,JO40gj,6.0,50.3958,8.5417,N,50.3958,45.792,45.792,22,2846
DM1MK,DM1MK,True,True,both,B,JO42,4.0,52.5,9.0,N,52.5,48.315,48.315,3,263
DM1PL,DM1PL,True,True,both,B,JO50,4.0,50.5,11.0,N,50.5,45.957,45.957,3,1145
DM1RG,DM1RG,True,True,both,A,JO62nc,6.0,52.1042,13.125,N,52.1042,47.887,47.887,28,47544
DM1WW,DM1WW,True,True,both,A,JN59mo,6.0,49.6042,11.0417,N,49.6042,44.883,44.883,32,22494
DM2HR,DM2HR,True,True,both,B,JN58ii,6.0,48.3542,10.7083,N,48.3542,43.36,43.36,157,91927
DM2LT,DM2LT,True,True,both,B,JO41,4.0,51.5,9.0,N,51.5,47.125,47.125,7,1364
DM2OM,DM2OM,True,True,both,A,JO72gi,6.0,52.3542,14.5417,N,52.3542,48.199,48.199,19,3160
DM3CS,DM3CS,True,True,both,B,JO41xm,6.0,51.5208,9.9583,N,51.5208,47.159,47.159,5,16250
DM3FML,DM3FML,True,True,both,A,JO60ux,6.0,50.9792,13.7083,N,50.9792,46.579,46.579,215,159295
DM3GA,DM3GA,True,True,both,B,JN49wt,6.0,49.8125,9.875,N,49.8125,45.109,45.109,5,848
DM3GA/P,DM3GA,True,True,both,B,JN49wt,6.0,49.8125,9.875,N,49.8125,45.109,45.109,3,424
DM3KS,DM3KS,True,True,both,A,JN39qr,6.0,49.7292,7.375,N,49.7292,44.966,44.966,13,2496
DM3ME,DM3ME,True,True,both,B,JO52tc,6.0,52.1042,11.625,N,52.1042,47.867,47.867,27,1408
DM3PT,DM3PT,True,True,both,B,JN58,4.0,48.5,11.0,N,48.5,43.546,43.546,3,205
DM3XRF,DM3XRF,True,True,both,B,JN39pi,6.0,49.3542,7.2917,N,49.3542,44.505,44.505,6,10352
DM4EK,DM4EK,True,True,both,B,JN48nm,6.0,48.5208,9.125,N,48.5208,43.52,43.52,9,34754
DM4EK/1,DM4EK,True,True,both,B,JN48nm,6.0,48.5208,9.125,N,48.5208,43.52,43.52,5,6541
DM4KW,DM4KW,True,True,both,A,JN49io,6.0,49.6042,8.7083,N,49.6042,44.834,44.834,20,14690
DM4TRX,DM4TRX,True,True,both,B,JO31vq,6.0,51.6875,7.7917,N,51.6875,47.342,47.342,5,372
DM5CS,DM5CS,True,True,both,B,JO30ds,6.0,50.7708,6.2917,N,50.7708,46.228,46.228,81,231927
DM5GG,DM5GG,True,True,both,A,JO61ue,6.0,51.1875,13.7083,N,51.1875,46.824,46.824,10,60595
DM5HF,DM5HF,True,True,both,B,JO43sm,6.0,53.5208,9.5417,N,53.5208,49.52,49.52,3,8643
DM5LA,DM5LA,True,True,both,A,JN59mp,6.0,49.6458,11.0417,N,49.6458,44.933,44.933,15,10514
DM5LS,DM5LS,True,True,both,A,JO60jt,6.0,50.8125,12.7917,N,50.8125,46.363,46.363,17,28495
DM5ML,DM5ML,True,True,both,B,JO30vk,6.0,50.4375,7.7917,N,50.4375,45.834,45.834,3,1582
DM5PR,DM5PR,True,True,both,B,JO62nk,6.0,52.4375,13.125,N,52.4375,48.276,48.276,5,216
DM6CS,DM6CS,True,True,both,A,JN58qf,6.0,48.2292,11.375,N,48.2292,43.229,43.229,14,28156
DM6MA,DM6MA,True,True,both,B,JO64,4.0,54.5,13.0,N,54.5,50.661,50.661,9,9834
DM6MK,DM6MK,True,True,both,B,JO71ec,6.0,51.1042,14.375,N,51.1042,46.74,46.74,4,7103
DM8TE,DM8TE,True,True,both,B,JO31dh,6.0,51.3125,6.2917,N,51.3125,46.886,46.886,8,17658
DM9LSB,DM9LSB,True,True,both,B,JN48ct,6.0,48.8125,8.2083,N,48.8125,43.856,43.856,5,962
DN4EA,DN4EA,True,True,both,B,JN48ul,6.0,48.4792,9.7083,N,48.4792,43.484,43.484,7,144
DN9BPJ,DN9BPJ,True,True,both,B,JO43,4.0,53.5,9.0,N,53.5,49.496,49.496,3,119
DN9BT,DN9BT,True,True,both,B,JO40be,6.0,50.1875,8.125,N,50.1875,45.535,45.535,31,4748
DN9ECW,DN9ECW,True,True,both,B,JO62pp,6.0,52.6458,13.2917,N,52.6458,48.52,48.52,3,222
DN9HT,DN9HT,True,True,both,A,JN48ps,6.0,48.7708,9.2917,N,48.7708,43.83,43.83,12,4369
DN9HX,DN9HX,True,True,both,A,JO40,4.0,50.5,9.0,N,50.5,45.924,45.924,15,130
DN9IM,DN9IM,True,False,wsprnet_only,B,JN59ll,6.0,49.4792,10.9583,N,49.4792,44.731,44.731,6,199
DN9LD,DN9LD,True,True,both,B,JN58,4.0,48.5,11.0,N,48.5,43.546,43.546,8,196
DN9NIC,DN9NIC,True,False,wsprnet_only,B,JN49hu,6.0,49.8542,8.625,N,49.8542,45.137,45.137,4,19
DN9OBO,DN9OBO,True,True,both,B,JN49,4.0,49.5,9.0,N,49.5,44.713,44.713,8,124
DN9SIM,DN9SIM,True,True,both,A,JN49fl,6.0,49.4792,8.4583,N,49.4792,44.678,44.678,13,761
DN9TOM,DN9TOM,True,True,both,B,JO43uq,6.0,53.6875,9.7083,N,53.6875,49.715,49.715,4,786
DN9UL,DN9UL,True,True,both,A,JO43wg,6.0,53.2708,9.875,N,53.2708,49.227,49.227,26,2067
DN9XAS,DN9XAS,True,True,both,B,JN58,4.0,48.5,11.0,N,48.5,43.546,43.546,3,110
DN9XD,DN9XD,True,True,both,B,JO43,4.0,53.5,9.0,N,53.5,49.496,49.496,7,432
DO1AYJ,DO1AYJ,True,True,both,B,JO50tv,6.0,50.8958,11.625,N,50.8958,46.439,46.439,9,1066
DO1AZE,DO1AZE,True,True,both,B,JO41rh,6.0,51.3125,9.4583,N,51.3125,46.905,46.905,3,295
DO1BTW,DO1BTW,True,True,both,B,JO31jw,6.0,51.9375,6.7917,N,51.9375,47.64,47.64,3,385
DO1CDE,DO1CDE,True,True,both,B,JN48io,6.0,48.6042,8.7083,N,48.6042,43.612,43.612,4,527
DO1DX,DO1DX,True,True,both,B,JO30,4.0,50.5,7.0,N,50.5,45.903,45.903,8,294
DO1FDD,DO1FDD,True,True,both,A,JN47bo,6.0,47.6042,8.125,N,47.6042,42.361,42.361,274,529445
DO1FOX,DO1FOX,True,True,both,B,JO31pu,6.0,51.8542,7.2917,N,51.8542,47.541,47.541,6,16136
DO1GMT,DO1GMT,True,True,both,B,JN59hh,6.0,49.3125,10.625,N,49.3125,44.521,44.521,4,913
DO1HO,DO1HO,True,True,both,B,JN59oq,6.0,49.6875,11.2083,N,49.6875,44.987,44.987,9,3868
DO1IJB,DO1IJB,True,True,both,A,JN48ew,6.0,48.9375,8.375,N,48.9375,44.013,44.013,43,43667
DO1JAR,DO1JAR,True,True,both,B,JO52ff,6.0,52.2292,10.4583,N,52.2292,48.003,48.003,3,398
DO1JKF,DO1JKF,True,True,both,A,JN48sa,6.0,48.0208,9.5417,N,48.0208,42.917,42.917,85,393476
DO1JKS,DO1JKS,True,True,both,A,JN59ln,6.0,49.5625,10.9583,N,49.5625,44.831,44.831,19,1379
DO1KKA,DO1KKA,True,True,both,B,JN58sc,6.0,48.1042,11.5417,N,48.1042,43.082,43.082,6,182
DO1KKP,DO1KKP,True,True,both,B,JO41qi,6.0,51.3542,9.375,N,51.3542,46.954,46.954,15,3073
DO1LDL,DO1LDL,True,True,both,B,JO44ne,6.0,54.1875,9.125,N,54.1875,50.302,50.302,51,30375
DO1LR,DO1LR,True,True,both,A,JO53iu,6.0,53.8542,10.7083,N,53.8542,49.91,49.91,12,1118
DO1MAW,DO1MAW,True,True,both,A,JN58rr,6.0,48.7292,11.4583,N,48.7292,43.838,43.838,15,3266
DO1RDS,DO1RDS,True,True,both,A,JO31tm,6.0,51.5208,7.625,N,51.5208,47.141,47.141,48,663
DO1RSC,DO1RSC,True,True,both,B,JN48wi,6.0,48.3542,9.875,N,48.3542,43.336,43.336,21,3152
DO1SAN,DO1SAN,True,True,both,B,JO41ab,6.0,51.0625,8.0417,N,51.0625,46.592,46.592,6,7348
DO1SF,DO1SF,True,True,both,B,JN59gh,6.0,49.3125,10.5417,N,49.3125,44.519,44.519,4,611
DO1SJF,DO1SJF,True,True,both,B,JN48pr,6.0,48.7292,9.2917,N,48.7292,43.779,43.779,74,406643
DO1SJF/P,DO1SJF,True,True,both,B,JN48pr,6.0,48.7292,9.2917,N,48.7292,43.779,43.779,38,177754
DO1TC,DO1TC,True,True,both,B,JO50ui,6.0,50.3542,11.7083,N,50.3542,45.796,45.796,4,233
DO1UX,DO1UX,True,True,both,B,JO30bv,6.0,50.8958,6.125,N,50.8958,46.379,46.379,8,161
DO1XT,DO1XT,True,True,both,B,JO31bs,6.0,51.7708,6.125,N,51.7708,47.44,47.44,3,143
DO2BZ,DO2BZ,True,True,both,B,JO31,4.0,51.5,7.0,N,51.5,47.114,47.114,4,940
DO2DK,DO2DK,True,True,both,B,JO30xu,6.0,50.8542,7.9583,N,50.8542,46.34,46.34,5,185
DO2DLE,DO2DLE,True,True,both,B,JO44vm,6.0,54.5208,9.7917,N,54.5208,50.687,50.687,9,11984
DO2HRF,DO2HRF,True,True,both,A,JO40,4.0,50.5,9.0,N,50.5,45.924,45.924,10,52
DO2JUF,DO2JUF,True,True,both,A,JO52ld,6.0,52.1458,10.9583,N,52.1458,47.909,47.909,10,181
DO2KMB,DO2KMB,True,True,both,B,JO42xd,6.0,52.1458,9.9583,N,52.1458,47.901,47.901,3,258
DO2KST,DO2KST,True,True,both,B,JN68ju,6.0,48.8542,12.7917,N,48.8542,44.03,44.03,9,609
DO2LYB,DO2LYB,True,True,both,A,JO43ie,6.0,53.1875,8.7083,N,53.1875,49.128,49.128,288,55297
DO2MIG,DO2MIG,True,True,both,B,JO43xt,6.0,53.8125,9.9583,N,53.8125,49.861,49.861,8,1025
DO2MLS,DO2MLS,True,True,both,A,JO41bm,6.0,51.5208,8.125,N,51.5208,47.144,47.144,37,12387
DO2PY,DO2PY,True,True,both,B,JO32,4.0,52.5,7.0,N,52.5,48.314,48.314,7,294
DO2RAI,DO2RAI,True,True,both,B,JN58ij,6.0,48.3958,10.7083,N,48.3958,43.411,43.411,3,357
DO2RG,DO2RG,True,True,both,B,JO52qf,6.0,52.2292,11.375,N,52.2292,48.012,48.012,6,4556
DO2SGW,DO2SGW,True,True,both,A,JO31xw,6.0,51.9375,7.9583,N,51.9375,47.642,47.642,14,632
DO2SLY,DO2SLY,True,True,both,B,JN49ga,6.0,49.0208,8.5417,N,49.0208,44.119,44.119,7,269
DO2THO,DO2THO,True,True,both,B,JN49kv,6.0,49.8958,8.875,N,49.8958,45.192,45.192,5,231
DO2TO,DO2TO,True,True,both,A,JO72fh,6.0,52.3125,14.4583,N,52.3125,48.15,48.15,12,1085
DO2ZZ,DO2ZZ,True,True,both,A,JN48xf,6.0,48.2292,9.9583,N,48.2292,43.185,43.185,319,100593
DO3BOX,DO3BOX,True,True,both,A,JO30gu,6.0,50.8542,6.5417,N,50.8542,46.33,46.33,10,2067
DO3CAT,DO3CAT,True,True,both,B,JO32of,6.0,52.2292,7.2083,N,52.2292,47.99,47.99,5,677
DO3GUD,DO3GUD,True,True,both,B,JN47jt,6.0,47.8125,8.7917,N,47.8125,42.638,42.638,6,145
DO3GUD/3,DO3GUD,True,True,both,B,JN47jt,6.0,47.8125,8.7917,N,47.8125,42.638,42.638,4,51
DO3LMB,DO3LMB,True,True,both,B,JO43,4.0,53.5,9.0,N,53.5,49.496,49.496,5,600
DO3MY,DO3MY,True,True,both,B,JO30ls,6.0,50.7708,6.9583,N,50.7708,46.231,46.231,6,553
DO3SK,DO3SK,True,True,both,B,JN47,4.0,47.5,9.0,N,47.5,42.257,42.257,3,103
DO3VE,DO3VE,True,True,both,B,JO52go,6.0,52.6042,10.5417,N,52.6042,48.446,48.446,8,4618
DO4BMW,DO4BMW,True,True,both,B,JO40fh,6.0,50.3125,8.4583,N,50.3125,45.69,45.69,3,317
DO4CZ,DO4CZ,True,True,both,B,JO63bw,6.0,53.9375,12.125,N,53.9375,50.01,50.01,4,1073
DO4DJ,DO4DJ,True,True,both,B,JN49bu,6.0,49.8542,8.125,N,49.8542,45.129,45.129,6,276
DO4FOX,DO4FOX,True,True,both,B,JN59aa,6.0,49.0208,10.0417,N,49.0208,44.153,44.153,4,693
DO4HBE,DO4HBE,True,True,both,B,JO31og,6.0,51.2708,7.2083,N,51.2708,46.838,46.838,3,55
DO4KT,DO4KT,True,True,both,A,JO41hs,6.0,51.7708,8.625,N,51.7708,47.446,47.446,10,808
DO4NW,DO4NW,True,True,both,B,JO43iq,6.0,53.6875,8.7083,N,53.6875,49.717,49.717,7,593
DO4TGA,DO4TGA,True,True,both,B,JO61,4.0,51.5,13.0,N,51.5,47.177,47.177,3,51
DO5BEW,DO5BEW,True,True,both,B,JO30ew,6.0,50.9375,6.375,N,50.9375,46.431,46.431,3,34
DO5CO,DO5CO,True,True,both,A,JO43rt,6.0,53.8125,9.4583,N,53.8125,49.862,49.862,363,155835
DO5CTW,DO5CTW,True,True,both,A,JO62rl,6.0,52.4792,13.4583,N,52.4792,48.329,48.329,31,8342
DO5GD,DO5GD,True,True,both,B,JN58qc,6.0,48.1042,11.375,N,48.1042,43.077,43.077,9,869
DO5HSW,DO5HSW,True,True,both,B,JO30,4.0,50.5,7.0,N,50.5,45.903,45.903,3,85
DO5LE,DO5LE,True,True,both,B,JO61bb,6.0,51.0625,12.125,N,51.0625,46.646,46.646,5,359
DO5MO,DO5MO,True,True,both,B,JO44ne,6.0,54.1875,9.125,N,54.1875,50.302,50.302,8,964
DO5MSL,DO5MSL,True,True,both,B,JO50mk,6.0,50.4375,11.0417,N,50.4375,45.883,45.883,8,2552
DO5PY,DO5PY,True,True,both,B,JN49du,6.0,49.8542,8.2917,N,49.8542,45.132,45.132,4,1590
DO6DG,DO6DG,True,True,both,B,JN49ci,6.0,49.3542,8.2083,N,49.3542,44.52,44.52,36,7785
DO6LSM,DO6LSM,True,True,both,A,JO44tm,6.0,54.5208,9.625,N,54.5208,50.688,50.688,26,1675
DO6MM,DO6MM,True,True,both,B,JN58,4.0,48.5,11.0,N,48.5,43.546,43.546,3,103
DO6PIM,DO6PIM,True,True,both,A,JO42,4.0,52.5,9.0,N,52.5,48.315,48.315,21,50
DO6RPS,DO6RPS,True,True,both,A,JO42ic,6.0,52.1042,8.7083,N,52.1042,47.844,47.844,375,205761
DO6SJR,DO6SJR,True,True,both,B,JO31jf,6.0,51.2292,6.7917,N,51.2292,46.786,46.786,7,1532
DO6TA,DO6TA,True,True,both,A,JN59mk,6.0,49.4375,11.0417,N,49.4375,44.682,44.682,12,4227
DO7DAD,DO7DAD,True,True,both,A,JO42jb,6.0,52.0625,8.7917,N,52.0625,47.795,47.795,18,397
DO7DNY,DO7DNY,True,True,both,B,JO50rv,6.0,50.8958,11.4583,N,50.8958,46.436,46.436,21,3662
DO7LIA,DO7LIA,True,True,both,A,JO40jj,6.0,50.3958,8.7917,N,50.3958,45.796,45.796,23,16629
DO7MIL,DO7MIL,True,True,both,B,JN49,4.0,49.5,9.0,N,49.5,44.713,44.713,4,1900
DO7OL,DO7OL,True,True,both,B,JO43ci,6.0,53.3542,8.2083,N,53.3542,49.326,49.326,5,12514
DO7WM,DO7WM,True,True,both,B,JO50dx,6.0,50.9792,10.2917,N,50.9792,46.517,46.517,6,1223
DO8TG,DO8TG,True,True,both,B,JO42qh,6.0,52.3125,9.375,N,52.3125,48.095,48.095,9,834
DO8TZ,DO8TZ,True,True,both,B,JO62uu,6.0,52.8542,13.7083,N,52.8542,48.767,48.767,3,3151
DO9DHE,DO9DHE,True,True,both,B,JO40et,6.0,50.8125,8.375,N,50.8125,46.294,46.294,4,286
DO9DP,DO9DP,True,True,both,B,JO41fi,6.0,51.3542,8.4583,N,51.3542,46.946,46.946,30,2482
DO9FFM,DO9FFM,True,True,both,B,JO40id,6.0,50.1458,8.7083,N,50.1458,45.492,45.492,3,42
DO9FS,DO9FS,True,True,both,B,JO50mg,6.0,50.2708,11.0417,N,50.2708,45.683,45.683,7,10354
DO9FWA,DO9FWA,True,True,both,B,JO31lk,6.0,51.4375,6.9583,N,51.4375,47.038,47.038,11,17029
DO9JK,DO9JK,True,True,both,A,JN48jr,6.0,48.7292,8.7917,N,48.7292,43.767,43.767,11,557
DO9KAS,DO9KAS,True,True,both,A,JO42ui,6.0,52.3542,9.7083,N,52.3542,48.146,48.146,15,275414
DO9KW,DO9KW,True,False,wsprnet_only,B,EM84ac,6.0,34.1042,-83.9583,N,34.1042,43.388,43.388,8,14
DO9NNO,DO9NNO,True,True,both,A,JN59lu,6.0,49.8542,10.9583,N,49.8542,45.182,45.182,19,3152
DO9PHS,DO9PHS,True,True,both,B,JO53,4.0,53.5,11.0,N,53.5,49.498,49.498,14,464
DO9REF,DO9REF,True,True,both,B,JO31xq,6.0,51.6875,7.9583,N,51.6875,47.343,47.343,5,1061
DO9TK,DO9TK,True,True,both,B,JO30lt,6.0,50.8125,6.9583,N,50.8125,46.282,46.282,7,1060
DO9WBM,DO9WBM,True,True,both,B,JO30,4.0,50.5,7.0,N,50.5,45.903,45.903,6,439
DP0GVN,DP0GVN,True,True,both,A,IB59ui,6.0,-70.6458,-8.2917,S,70.6458,-60.737,60.737,382,1729793
DP6R,DP6R,True,True,both,B,JN49,4.0,49.5,9.0,N,49.5,44.713,44.713,6,49107
DP9S,DP9S,True,True,both,B,JO41sk,6.0,51.4375,9.5417,N,51.4375,47.055,47.055,3,231
DR9NOE,DR9NOE,True,True,both,B,IP32,4.0,62.5,-13.0,N,62.5,61.097,61.097,8,11
DS0KEB,DS0KEB,True,True,both,B,PM37mm,6.0,37.5208,127.0417,N,37.5208,31.784,31.784,5,1453
DS1STV,DS1STV,True,True,both,B,PM37,4.0,37.5,127.0,N,37.5,31.765,31.765,6,941
DS1UWI,DS1UWI,True,True,both,B,PM37,4.0,37.5,127.0,N,37.5,31.765,31.765,3,328
DS3ART,DS3ART,True,True,both,B,PM36qj,6.0,36.3958,127.375,N,36.3958,30.586,30.586,5,77
DS4HOW,DS4HOW,True,True,both,B,PM35ke,6.0,35.1875,126.875,N,35.1875,29.369,29.369,9,4932
DS5PKW,DS5PKW,True,True,both,B,PM45nj,6.0,35.3958,129.125,N,35.3958,29.403,29.403,12,1099
DU1EV,DU1EV,True,True,both,A,PK04,4.0,14.5,121.0,N,14.5,8.124,8.124,347,69928
DU2FIS,DU2FIS,True,True,both,B,PK08hi,6.0,18.3542,120.625,N,18.3542,12.233,12.233,8,591
DU2UXJ,DU2UXJ,True,True,both,B,PK06,4.0,16.5,121.0,N,16.5,10.253,10.253,9,5369
DU7/VK4CCV,VK4CCV,True,True,both,B,PK20ep,6.0,10.6458,124.375,N,10.6458,3.905,3.905,109,15968
DU7AA,DU7AA,True,True,both,B,PK20,4.0,10.5,125.0,N,10.5,3.745,3.745,7,21032
DV1LJR,DV1LJR,True,True,both,B,PK04mn,6.0,14.5625,121.0417,N,14.5625,8.19,8.19,4,3162
DV2KBE,DV2KBE,True,True,both,A,OK96xd,6.0,16.1458,119.9583,N,16.1458,9.92,9.92,15,721
DV2LIV,DV2LIV,True,True,both,B,PK06er,6.0,16.7292,120.375,N,16.7292,10.524,10.524,3,710
DV5/KG5EVS,KG5EVS,True,True,both,B,PK20kd,6.0,10.1458,124.875,N,10.1458,3.37,3.37,21,4906
DV6YDE,DV6YDE,True,True,both,B,PK10,4.0,10.5,123.0,N,10.5,3.754,3.754,5,2061
DV7GDL,DV7GDL,True,True,both,B,PK10xi,6.0,10.3542,123.9583,N,10.3542,3.594,3.594,3,263
DW3MRB,DW3MRB,True,True,both,A,PK04dt,6.0,14.8125,120.2917,N,14.8125,8.483,8.483,18,3119
E20EHQ,E20EHQ,True,True,both,A,OK03dt,6.0,13.8125,100.2917,N,13.8125,7.37,7.37,16,5204
E20ZFD,E20ZFD,True,True,both,A,OK03gs,6.0,13.7708,100.5417,N,13.7708,7.326,7.326,40,17163
E21FYK,E21FYK,True,True,both,B,OK03fw,6.0,13.9375,100.4583,N,13.9375,7.512,7.512,3,543
E24SXW,E24SXW,True,True,both,A,RA37,4.0,-82.5,167.0,S,82.5,-78.934,78.934,41,214
E25XLD,E25XLD,True,True,both,B,NK90nk,6.0,10.4375,99.125,N,10.4375,3.465,3.465,5,2129
E41JXW,E41JXW,True,False,wsprnet_only,A,FP67,4.0,67.5,-67.0,N,67.5,73.887,73.887,25,112
E50HEO,E50HEO,True,True,both,A,JM44,4.0,34.5,9.0,N,34.5,24.882,24.882,30,53
E51WL,E51WL,True,True,both,A,BI01xa,6.0,-8.9792,-158.0417,S,8.9792,-8.705,8.705,57,85957
E7/OE1LIC,OE1LIC,True,True,both,A,JN94jv,6.0,44.8958,18.7917,N,44.8958,39.578,39.578,29,2291
E75KX,E75KX,True,True,both,B,JN94,4.0,44.5,19.0,N,44.5,39.118,39.118,9,8609
E76V,E76V,True,True,both,A,KM85,4.0,35.5,37.0,N,35.5,30.416,30.416,66,3928
E77BW,E77BW,True,True,both,B,JN83so,6.0,43.6042,17.5417,N,43.6042,37.926,37.926,8,69395
E78CB,E78CB,True,True,both,A,JN92er,6.0,42.7292,18.375,N,42.7292,36.923,36.923,22,11117
E79Q,E79Q,True,True,both,B,JN83tj,6.0,43.3958,17.625,N,43.3958,37.677,37.677,101,2077553
E7SBN,E7SBN,True,False,wsprnet_only,A,JO02,4.0,52.5,1.0,N,52.5,48.383,48.383,10,29
E8XCZ,E8XCZ,True,False,wsprnet_only,A,EM73,4.0,33.5,-85.0,N,33.5,42.865,42.865,62,203
EA1CNV,EA1CNV,True,True,both,A,IN53th,6.0,43.3125,-8.375,N,43.3125,36.548,36.548,10,23806
EA1CQP,EA1CQP,True,True,both,B,IN72da,6.0,42.0208,-5.7083,N,42.0208,34.67,34.67,4,217
EA1CWR,EA1CWR,True,True,both,B,IN83ai,6.0,43.3542,-3.9583,N,43.3542,36.553,36.553,3,1634
EA1DIW,EA1DIW,True,True,both,B,IN70dx,6.0,40.9792,-5.7083,N,40.9792,33.165,33.165,10,5260
EA1EZD,EA1EZD,True,True,both,B,IN63ca,6.0,43.0208,-7.7917,N,43.0208,36.119,36.119,14,17525
EA1FBU,EA1FBU,True,True,both,B,IN52qg,6.0,42.2708,-8.625,N,42.2708,35.064,35.064,3,4381
EA1FBW,EA1FBW,True,True,both,B,IN70fx,6.0,40.9792,-5.5417,N,40.9792,33.166,33.166,9,17622
EA1FCS,EA1FCS,True,True,both,A,IN53tg,6.0,43.2708,-8.375,N,43.2708,36.489,36.489,26,8760
EA1FLU,EA1FLU,True,True,both,A,IN72,4.0,42.5,-5.0,N,42.5,35.352,35.352,162,3715695
EA1FUI,EA1FUI,True,True,both,B,IN72eo,6.0,42.6042,-5.625,N,42.6042,35.501,35.501,6,6433
EA1FVT,EA1FVT,True,True,both,B,IN73cj,6.0,43.3958,-5.7917,N,43.3958,36.617,36.617,5,2436
EA1FYG,EA1FYG,True,True,both,A,IN72fp,6.0,42.6458,-5.5417,N,42.6458,35.559,35.559,16,18308
EA1GUU,EA1GUU,True,True,both,B,IN70,4.0,40.5,-5.0,N,40.5,32.472,32.472,8,30766
EA1GW,EA1GW,True,True,both,B,IN52,4.0,42.5,-9.0,N,42.5,35.405,35.405,3,7621
EA1HFI,EA1HFI,True,True,both,B,IN72,4.0,42.5,-5.0,N,42.5,35.352,35.352,42,342422
EA1IYU,EA1IYU,True,True,both,A,IN73dj,6.0,43.3958,-5.7083,N,43.3958,36.617,36.617,65,498245
EA1M,EA1M,True,True,both,A,IN53ti,6.0,43.3542,-8.375,N,43.3542,36.607,36.607,12,882
EA1PYM,EA1PYM,True,True,both,B,IN83,4.0,43.5,-3.0,N,43.5,36.76,36.76,4,72676
EA1PYP,EA1PYP,True,True,both,B,IN62,4.0,42.5,-7.0,N,42.5,35.364,35.364,8,3161
EA1RDN,EA1RDN,True,True,both,B,IN82sk,6.0,42.4375,-2.4583,N,42.4375,35.29,35.29,3,6310
EA1REX,EA1REX,True,True,both,B,IN53,4.0,43.5,-9.0,N,43.5,36.833,36.833,9,974
EA1RG,EA1RG,True,True,both,B,IN52,4.0,42.5,-9.0,N,42.5,35.405,35.405,4,1701
EA1SS,EA1SS,True,True,both,B,IN70cj,6.0,40.3958,-5.7917,N,40.3958,32.308,32.308,3,2547
EA2BEE,EA2BEE,True,True,both,B,IN83nh,6.0,43.3125,-2.875,N,43.3125,36.502,36.502,4,522
EA2BFO,EA2BFO,True,True,both,B,IN83lh,6.0,43.3125,-3.0417,N,43.3125,36.5,36.5,7,959
EA2BJM,EA2BJM,True,True,both,B,IN91nq,6.0,41.6875,-0.875,N,41.6875,34.28,34.28,8,5289
EA2BSY,EA2BSY,True,True,both,B,IN91np,6.0,41.6458,-0.875,N,41.6458,34.221,34.221,10,1671
EA2BTN,EA2BTN,True,True,both,B,IN83mb,6.0,43.0625,-2.9583,N,43.0625,36.154,36.154,5,1934
EA2DXR,EA2DXR,True,True,both,B,IN83,4.0,43.5,-3.0,N,43.5,36.76,36.76,3,220
EA2EWL,EA2EWL,True,True,both,B,IN91po,6.0,41.6042,-0.7083,N,41.6042,34.168,34.168,5,15069
EA2EX,EA2EX,True,True,both,B,IN83,4.0,43.5,-3.0,N,43.5,36.76,36.76,236,655731
EA2FDZ,EA2FDZ,True,True,both,B,IN91np,6.0,41.6458,-0.875,N,41.6458,34.221,34.221,61,3900
EA2FGS,EA2FGS,True,True,both,B,IN83,4.0,43.5,-3.0,N,43.5,36.76,36.76,3,192
EA2FLI,EA2FLI,True,True,both,A,IN83mg,6.0,43.2708,-2.9583,N,43.2708,36.443,36.443,19,5653
EA2FLK,EA2FLK,True,True,both,A,IN91,4.0,41.5,-1.0,N,41.5,34.012,34.012,18,185175
EA2NR,EA2NR,True,True,both,B,IN82ix,6.0,42.9792,-3.2917,N,42.9792,36.035,36.035,3,4765
EA2Z,EA2Z,True,True,both,A,IN91mp,6.0,41.6458,-0.9583,N,41.6458,34.218,34.218,24,11480
EA3/IU1GLI,IU1GLI,True,True,both,B,JN01se,6.0,41.1875,1.5417,N,41.1875,33.682,33.682,3,3885
EA3ABN,EA3ABN,True,True,both,A,JN11,4.0,41.5,3.0,N,41.5,34.191,34.191,32,402968
EA3AER,EA3AER,True,True,both,A,JN12kd,6.0,42.1458,2.875,N,42.1458,35.068,35.068,32,32481
EA3AGU,EA3AGU,True,True,both,A,JN01vr,6.0,41.7292,1.7917,N,41.7292,34.445,34.445,364,2313310
EA3ANS,EA3ANS,True,True,both,B,JN01wn,6.0,41.5625,1.875,N,41.5625,34.219,34.219,8,28780
EA3AWT,EA3AWT,True,False,wsprnet_only,B,JN59oq,6.0,49.6875,11.2083,N,49.6875,44.987,44.987,3,11
EA3BIN,EA3BIN,True,True,both,B,JN01,4.0,41.5,1.0,N,41.5,34.091,34.091,3,1059
EA3BJO,EA3BJO,True,True,both,B,JN01,4.0,41.5,1.0,N,41.5,34.091,34.091,3,788
EA3BZ,EA3BZ,True,True,both,B,JN11nu,6.0,41.8542,3.125,N,41.8542,34.683,34.683,5,25174
EA3HZE,EA3HZE,True,True,both,B,IN52qk,6.0,42.4375,-8.625,N,42.4375,35.305,35.305,6,4405
EA3IHV,EA3IHV,True,True,both,A,JN00jv,6.0,40.8958,0.7917,N,40.8958,33.236,33.236,339,99720
EA3IOT,EA3IOT,True,True,both,B,JN11ep,6.0,41.6458,2.375,N,41.6458,34.359,34.359,12,72283
EA3IUE,EA3IUE,True,True,both,B,JN11,4.0,41.5,3.0,N,41.5,34.191,34.191,6,2255
EA3IXC,EA3IXC,True,True,both,B,JN01,4.0,41.5,1.0,N,41.5,34.091,34.091,54,5284
EA3IXS,EA3IXS,True,True,both,A,JN11ep,6.0,41.6458,2.375,N,41.6458,34.359,34.359,48,17395
EA3JAK,EA3JAK,True,True,both,A,JN12fe,6.0,42.1875,2.4583,N,42.1875,35.105,35.105,32,5591
EA3MR,EA3MR,True,True,both,B,JN12db,6.0,42.0625,2.2917,N,42.0625,34.927,34.927,8,4891
EA3OW,EA3OW,True,True,both,A,JN11em,6.0,41.5208,2.375,N,41.5208,34.186,34.186,21,5006
EA3OW/3,EA3OW,True,True,both,A,JN11em,6.0,41.5208,2.375,N,41.5208,34.186,34.186,13,1797
EA3OW/P,EA3OW,True,True,both,A,JN11em,6.0,41.5208,2.375,N,41.5208,34.186,34.186,10,937
EA4BT,EA4BT,True,True,both,B,IN80gk,6.0,40.4375,-3.4583,N,40.4375,32.415,32.415,3,6210
EA4CM,EA4CM,True,True,both,A,IN80ek,6.0,40.4375,-3.625,N,40.4375,32.41,32.41,101,746998
EA4DTE,EA4DTE,True,True,both,B,IN80,4.0,40.5,-3.0,N,40.5,32.519,32.519,98,669921
EA4DUT,EA4DUT,True,True,both,A,IN80ej,6.0,40.3958,-3.625,N,40.3958,32.35,32.35,44,79602
EA4ETR,EA4ETR,True,True,both,B,IM86or,6.0,36.7292,-2.7917,N,36.7292,26.863,26.863,5,436
EA4EXD,EA4EXD,True,True,both,B,IN80bh,6.0,40.3125,-3.875,N,40.3125,32.222,32.222,6,3861
EA4FRI,EA4FRI,True,True,both,B,IM68tq,6.0,38.6875,-6.375,N,38.6875,29.733,29.733,31,25367
EA4FW,EA4FW,True,True,both,B,IM76gc,6.0,36.1042,-5.4583,N,36.1042,25.696,25.696,46,105045
EA4FW/7,EA4FW,True,True,both,A,IM76gc,6.0,36.1042,-5.4583,N,36.1042,25.696,25.696,15,20326
EA4FW/P,EA4FW,True,True,both,B,IM76gc,6.0,36.1042,-5.4583,N,36.1042,25.696,25.696,20,61071
EA4FW/R,EA4FW,True,True,both,B,IM76gc,6.0,36.1042,-5.4583,N,36.1042,25.696,25.696,22,67367
EA4HHX,EA4HHX,True,True,both,B,IN80ek,6.0,40.4375,-3.625,N,40.4375,32.41,32.41,4,579
EA4IHF,EA4IHF,True,True,both,A,IN80dj,6.0,40.3958,-3.7083,N,40.3958,32.348,32.348,32,1957
EA4IMQ,EA4IMQ,True,True,both,B,IN80dl,6.0,40.4792,-3.7083,N,40.4792,32.469,32.469,16,18309
EA4IRU,EA4IRU,True,True,both,A,IN80,4.0,40.5,-3.0,N,40.5,32.519,32.519,10,3245
EA4IZQ,EA4IZQ,True,True,both,B,IN80,4.0,40.5,-3.0,N,40.5,32.519,32.519,3,14026
EA4TK,EA4TK,True,True,both,A,IN80ej,6.0,40.3958,-3.625,N,40.3958,32.35,32.35,273,1342189
EA4URA,EA4URA,True,True,both,A,IN80ci,6.0,40.3542,-3.7917,N,40.3542,32.285,32.285,23,197732
EA5/G4NRO,G4NRO,True,True,both,A,IM97px,6.0,37.9792,-0.7083,N,37.9792,28.922,28.922,12,12411
EA5CYA,EA5CYA,True,True,both,A,IM99,4.0,39.5,-1.0,N,39.5,31.149,31.149,71,1298515
EA5GB,EA5GB,True,True,both,B,JN00ei,6.0,40.3542,0.375,N,40.3542,32.449,32.449,3,810
EA5IHM,EA5IHM,True,True,both,B,IM97in,6.0,37.5625,-1.2917,N,37.5625,28.253,28.253,110,29653
EA5IUE,EA5IUE,True,True,both,B,IM76he,6.0,36.1875,-5.375,N,36.1875,25.836,25.836,17,36202
EA5IXA,EA5IXA,True,True,both,B,IM99tm,6.0,39.5208,-0.375,N,39.5208,31.213,31.213,3,336
EA5IZI,EA5IZI,True,True,both,B,IM98qg,6.0,38.2708,-0.625,N,38.2708,29.362,29.362,7,45559
EA5JHA,EA5JHA,True,True,both,B,IM98ru,6.0,38.8542,-0.5417,N,38.8542,30.23,30.23,7,3318
EA5JKB,EA5JKB,True,True,both,B,IM98,4.0,38.5,-1.0,N,38.5,29.679,29.679,4,169
EA5JKT,EA5JKT,True,True,both,B,IM99rn,6.0,39.5625,-0.5417,N,39.5625,31.264,31.264,4,13162
EA5MT,EA5MT,True,True,both,B,IM88wv,6.0,38.8958,-2.125,N,38.8958,30.202,30.202,4,1990
EA5OM,EA5OM,True,True,both,A,IM99,4.0,39.5,-1.0,N,39.5,31.149,31.149,30,99302
EA5RKP,EA5RKP,True,True,both,A,IM99,4.0,39.5,-1.0,N,39.5,31.149,31.149,289,5358874
EA5RS,EA5RS,True,True,both,B,IM98,4.0,38.5,-1.0,N,38.5,29.679,29.679,4,21760
EA5UV,EA5UV,True,True,both,B,IM99,4.0,39.5,-1.0,N,39.5,31.149,31.149,395,3489454
EA5XQ,EA5XQ,True,True,both,B,IM99xw,6.0,39.9375,-0.0417,N,39.9375,31.832,31.832,6,19717
EA6ACW,EA6ACW,True,True,both,B,JM19,4.0,39.5,3.0,N,39.5,31.402,31.402,390,367801
EA6AJ,EA6AJ,True,True,both,A,JM19hn,6.0,39.5625,2.625,N,39.5625,31.463,31.463,315,1125865
EA6AJT,EA6AJT,True,True,both,A,JM19hn,6.0,39.5625,2.625,N,39.5625,31.463,31.463,22,11283
EA6ALL,EA6ALL,True,True,both,A,JM19fn,6.0,39.5625,2.4583,N,39.5625,31.452,31.452,395,2071290
EA6ANX,EA6ANX,True,True,both,A,JM19gm,6.0,39.5208,2.5417,N,39.5208,31.398,31.398,387,2125458
EA6DT,EA6DT,True,True,both,A,JM19kp,6.0,39.6458,2.875,N,39.6458,31.599,31.599,317,1853735
EA6EE,EA6EE,True,True,both,A,JM19hn,6.0,39.5625,2.625,N,39.5625,31.463,31.463,346,460189
EA6LA,EA6LA,True,True,both,B,JM19io,6.0,39.6042,2.7083,N,39.6042,31.528,31.528,395,4025741
EA6URP,EA6URP,True,True,both,A,JM19in,6.0,39.5625,2.7083,N,39.5625,31.469,31.469,287,4998822
EA6ZS,EA6ZS,True,True,both,B,JM19hn,6.0,39.5625,2.625,N,39.5625,31.463,31.463,3,692
EA7/DL8FCL,DL8FCL,True,True,both,A,IM76al,6.0,36.4792,-5.9583,N,36.4792,26.277,26.277,18,30881
EA7/N0AER,N0AER,True,True,both,B,IM76sq,6.0,36.6875,-4.4583,N,36.6875,26.69,26.69,8,147
EA7AC,EA7AC,True,True,both,B,IM67ie,6.0,37.1875,-7.2917,N,37.1875,27.366,27.366,3,614
EA7BEO,EA7BEO,True,True,both,B,IM76,4.0,36.5,-5.0,N,36.5,26.36,26.36,3,10
EA7DUU,EA7DUU,True,True,both,B,IM77aj,6.0,37.3958,-5.9583,N,37.3958,27.739,27.739,6,61936
EA7EJG,EA7EJG,True,True,both,B,IM76sr,6.0,36.7292,-4.4583,N,36.7292,26.756,26.756,4,692
EA7FRX,EA7FRX,True,True,both,A,IM77ov,6.0,37.8958,-4.7917,N,37.8958,28.564,28.564,28,16036
EA7GZO,EA7GZO,True,True,both,B,IM67xi,6.0,37.3542,-6.0417,N,37.3542,27.67,27.67,3,1222
EA7JW,EA7JW,True,True,both,B,IM76,4.0,36.5,-5.0,N,36.5,26.36,26.36,18,36899
EA7KQQ,EA7KQQ,True,True,both,B,IM76gd,6.0,36.1458,-5.4583,N,36.1458,25.763,25.763,3,452
EA7LER,EA7LER,True,True,both,A,IM86,4.0,36.5,-3.0,N,36.5,26.488,26.488,11,6337
EA7LGH,EA7LGH,True,True,both,B,IM66,4.0,36.5,-7.0,N,36.5,26.268,26.268,5,23752
EA7LIC,EA7LIC,True,True,both,B,IM86su,6.0,36.8542,-2.4583,N,36.8542,27.082,27.082,8,22751
EA7LPT,EA7LPT,True,True,both,B,IM77,4.0,37.5,-5.0,N,37.5,27.941,27.941,11,34550
EA7LPT/O,EA7LPT,True,True,both,B,KG34xb,6.0,-25.9375,27.9583,S,25.9375,-35.572,35.572,8,26
EA7LU,EA7LU,True,True,both,B,IM76sq,6.0,36.6875,-4.4583,N,36.6875,26.69,26.69,9,15429
EA8/DF4UE,DF4UE,True,True,both,B,IL38bp,6.0,28.6458,-13.875,N,28.6458,9.511,9.511,3,49
EA8/DF5AM,DF5AM,True,True,both,B,IL39db,6.0,29.0625,-13.7083,N,29.0625,10.835,10.835,14,1326
EA8/DK5HH,DK5HH,True,True,both,A,IL28ub,6.0,28.0625,-14.2917,N,28.0625,7.321,7.321,11,35782
EA8/DL2GRF,DL2GRF,True,True,both,B,IL18rc,6.0,28.1042,-16.5417,N,28.1042,7.535,7.535,3,454
EA8/G3WPD,G3WPD,True,True,both,A,IL18nf,6.0,28.2292,-16.875,N,28.2292,8.072,8.072,69,155496
EA8/HB9LCA,HB9LCA,True,True,both,B,IL39fc,6.0,29.1042,-13.5417,N,29.1042,10.966,10.966,3,2075
EA8/LA3JJ,LA3JJ,True,True,both,B,IL38ar,6.0,28.7292,-13.9583,N,28.7292,9.783,9.783,23,50039
EA8CDG,EA8CDG,True,True,both,B,IL18,4.0,28.5,-17.0,N,28.5,9.092,9.092,3,1658
EA8DOQ,EA8DOQ,True,True,both,B,IL18vv,6.0,28.8958,-16.2083,N,28.8958,10.348,10.348,4,3062
EA8GF,EA8GF,True,True,both,B,IL18tn,6.0,28.5625,-16.375,N,28.5625,9.257,9.257,4,353
EA8RCF,EA8RCF,True,True,both,A,IL27es,6.0,27.7708,-15.625,N,27.7708,5.948,5.948,13,64674
EA8RCT,EA8RCT,True,True,both,B,IL27,4.0,27.5,-15.0,N,27.5,4.357,4.357,6,31438
EA8TX,EA8TX,True,True,both,A,IL18,4.0,28.5,-17.0,N,28.5,9.092,9.092,188,641603
EA8WU,EA8WU,True,True,both,B,IL28hc,6.0,28.1042,-15.375,N,28.1042,7.477,7.477,5,6562
EB1A,EB1A,True,True,both,B,IN53tf,6.0,43.2292,-8.375,N,43.2292,36.43,36.43,249,10447254
EB1DXV,EB1DXV,True,True,both,B,IN62qn,6.0,42.5625,-6.625,N,42.5625,35.448,35.448,14,2760
EB1GUN,EB1GUN,True,True,both,A,IN53,4.0,43.5,-9.0,N,43.5,36.833,36.833,17,63456
EB1IFI,EB1IFI,True,True,both,A,IN53tf,6.0,43.2292,-8.375,N,43.2292,36.43,36.43,61,332589
EB1RPO,EB1RPO,True,False,wsprnet_only,B,JM19,4.0,39.5,3.0,N,39.5,31.402,31.402,9,12
EB3CYF,EB3CYF,True,True,both,A,JN01,4.0,41.5,1.0,N,41.5,34.091,34.091,22,15330
EB4FJN,EB4FJN,True,True,both,B,IN90co,6.0,40.6042,-1.7917,N,40.6042,32.71,32.71,16,8762
EB5A,EB5A,True,True,both,B,IM97qx,6.0,37.9792,-0.625,N,37.9792,28.928,28.928,3,8261
EB5BZM,EB5BZM,True,True,both,B,IM99sm,6.0,39.5208,-0.4583,N,39.5208,31.208,31.208,3,849
EB5DQ,EB5DQ,True,True,both,B,IM99tp,6.0,39.6458,-0.375,N,39.6458,31.394,31.394,292,1704459
EB5EP,EB5EP,True,True,both,B,IM98si,6.0,38.3542,-0.4583,N,38.3542,29.497,29.497,3,315
EB5RCA,EB5RCA,True,True,both,B,IM98,4.0,38.5,-1.0,N,38.5,29.679,29.679,188,839411
EB7FBJ,EB7FBJ,True,True,both,B,IM77ta,6.0,37.0208,-4.375,N,37.0208,27.221,27.221,11,13897
EC3ABA,EC3ABA,True,True,both,B,JN11,4.0,41.5,3.0,N,41.5,34.191,34.191,9,2013
EC3SP,EC3SP,True,True,both,B,JN11ck,6.0,41.4375,2.2083,N,41.4375,34.063,34.063,4,5549
EC4AA,EC4AA,True,True,both,B,IN60,4.0,40.5,-7.0,N,40.5,32.456,32.456,28,6160
EC5AKA,EC5AKA,True,True,both,B,IM99rn,6.0,39.5625,-0.5417,N,39.5625,31.264,31.264,5,15161
EF3VYY,EF3VYY,True,True,both,A,OE27,4.0,-42.5,105.0,S,42.5,-55.044,55.044,25,33
EG0YGX,EG0YGX,True,True,both,B,IG35,4.0,-24.5,-13.0,S,24.5,-32.309,32.309,6,42
EI0CF,EI0CF,True,True,both,A,IO65ih,6.0,55.3125,-7.2917,N,55.3125,52.168,52.168,381,1446185
EI2LH,EI2LH,True,True,both,B,IO63ri,6.0,53.3542,-6.5417,N,53.3542,49.72,49.72,7,5758
EI3AL,EI3AL,True,True,both,B,IO52gb,6.0,52.0625,-9.4583,N,52.0625,48.28,48.28,8,3647
EI3CTB,EI3CTB,True,True,both,B,IO63vk,6.0,53.4375,-6.2083,N,53.4375,49.805,49.805,4,1169
EI3GRB,EI3GRB,True,True,both,B,IO52ss,6.0,52.7708,-8.4583,N,52.7708,49.107,49.107,4,816
EI3JQB,EI3JQB,True,True,both,B,IO51,4.0,51.5,-9.0,N,51.5,47.538,47.538,162,2701459
EI4ACB,EI4ACB,True,True,both,B,IO62xx,6.0,52.9792,-6.0417,N,52.9792,49.229,49.229,7,35555
EI4GEB,EI4GEB,True,True,both,A,IO52rn,6.0,52.5625,-8.5417,N,52.5625,48.851,48.851,239,187145
EI4HKB,EI4HKB,True,True,both,B,IO62,4.0,52.5,-7.0,N,52.5,48.682,48.682,3,567
EI4JGB,EI4JGB,True,True,both,B,IO62lg,6.0,52.2708,-7.0417,N,52.2708,48.397,48.397,5,4502
EI4JJB,EI4JJB,True,True,both,B,IO63bp,6.0,53.6458,-7.875,N,53.6458,50.16,50.16,19,68603
EI4JY,EI4JY,True,True,both,B,IO63xd,6.0,53.1458,-6.0417,N,53.1458,49.435,49.435,29,14937
EI5EZ/P,EI5EZ,True,True,both,B,IO65gd,6.0,55.1458,-7.4583,N,55.1458,51.976,51.976,4,4900
EI5GN,EI5GN,True,True,both,B,IO62xx,6.0,52.9792,-6.0417,N,52.9792,49.229,49.229,3,1407
EI5HZB,EI5HZB,True,True,both,A,IO51,4.0,51.5,-9.0,N,51.5,47.538,47.538,111,954122
EI5IIB,EI5IIB,True,True,both,B,IO52ir,6.0,52.7292,-9.2917,N,52.7292,49.108,49.108,8,1754
EI5IYB,EI5IYB,True,True,both,A,IO63lf,6.0,53.2292,-7.0417,N,53.2292,49.593,49.593,23,621554
EI5JGB,EI5JGB,True,True,both,B,IO63si,6.0,53.3542,-6.4583,N,53.3542,49.716,49.716,4,1134
EI5JZ,EI5JZ,True,True,both,A,IO63,4.0,53.5,-7.0,N,53.5,49.927,49.927,13,5682
EI6EG,EI6EG,True,True,both,B,IO63wg,6.0,53.2708,-6.125,N,53.2708,49.595,49.595,4,360
EI6FZ,EI6FZ,True,True,both,A,IO63ue,6.0,53.1875,-6.2917,N,53.1875,49.5,49.5,43,65809
EI6IVB,EI6IVB,True,True,both,B,IO63qp,6.0,53.6458,-6.625,N,53.6458,50.086,50.086,6,7717
EI6IZ,EI6IZ,True,True,both,B,IO53hu,6.0,53.8542,-9.375,N,53.8542,50.516,50.516,5,3623
EI6JF,EI6JF,True,True,both,B,IO63wg,6.0,53.2708,-6.125,N,53.2708,49.595,49.595,3,563
EI6JG,EI6JG,True,True,both,B,IO53,4.0,53.5,-9.0,N,53.5,50.051,50.051,7,48684
EI6JJB,EI6JJB,True,True,both,B,IO63qf,6.0,53.2292,-6.625,N,53.2292,49.57,49.57,7,17141
EI7CLB,EI7CLB,True,True,both,B,IO53lg,6.0,53.2708,-9.0417,N,53.2708,49.769,49.769,7,520
EI7GSB,EI7GSB,True,True,both,A,IO52qd,6.0,52.1458,-8.625,N,52.1458,48.332,48.332,23,112787
EI7HZB,EI7HZB,True,True,both,A,IO65fb,6.0,55.0625,-7.5417,N,55.0625,51.879,51.879,182,376097
EI7II,EI7II,True,True,both,B,IO51li,6.0,51.3542,-9.0417,N,51.3542,47.355,47.355,163,1749313
EI7JR,EI7JR,True,True,both,A,IO63,4.0,53.5,-7.0,N,53.5,49.927,49.927,114,599192
EI7LC,EI7LC,True,True,both,B,IO53ok,6.0,53.4375,-8.7917,N,53.4375,49.96,49.96,6,5501
EI8ETB,EI8ETB,True,True,both,A,IO51su,6.0,51.8542,-8.4583,N,51.8542,47.954,47.954,187,499509
EI8EUB,EI8EUB,True,True,both,B,IO63ia,6.0,53.0208,-7.2917,N,53.0208,49.349,49.349,8,537
EI8IV,EI8IV,True,True,both,B,IO54,4.0,54.5,-9.0,N,54.5,51.287,51.287,7,54732
EI8JFB,EI8JFB,True,True,both,B,IO63we,6.0,53.1875,-6.125,N,53.1875,49.491,49.491,13,7329
EI8JVB,EI8JVB,True,True,both,A,IO54,4.0,54.5,-9.0,N,54.5,51.287,51.287,22,478
EI8KG,EI8KG,True,True,both,A,IO63we,6.0,53.1875,-6.125,N,53.1875,49.491,49.491,395,981085
EI9GQ,EI9GQ,True,True,both,A,IO51tv,6.0,51.8958,-8.375,N,51.8958,48.001,48.001,55,14715
EI9IMB,EI9IMB,True,True,both,B,IO51jv,6.0,51.8958,-9.2083,N,51.8958,48.053,48.053,4,281
EI9JF,EI9JF,True,True,both,B,IO63,4.0,53.5,-7.0,N,53.5,49.927,49.927,8,12300
EI9LB,EI9LB,True,True,both,B,IO54wp,6.0,54.6458,-8.125,N,54.6458,51.408,51.408,4,2340
EI9LR,EI9LR,True,True,both,B,IO52,4.0,52.5,-9.0,N,52.5,48.801,48.801,66,118331
EK1RR,EK1RR,True,True,both,B,LN20,4.0,40.5,45.0,N,40.5,36.439,36.439,314,2048826
EL2BG,EL2BG,True,True,both,A,IJ57nb,6.0,7.0625,-8.875,N,7.0625,,,274,31663
EM1U,EM1U,True,True,both,A,FC74,4.0,-65.5,-65.0,S,65.5,-51.535,51.535,103,21543
EO9S,EO9S,True,True,both,A,FC74,4.0,-65.5,-65.0,S,65.5,-51.535,51.535,17,9242
EP2C,EP2C,True,True,both,A,LM55,4.0,35.5,51.0,N,35.5,31.331,31.331,274,117968
EP2X,EP2X,True,True,both,B,LL55,4.0,25.5,51.0,N,25.5,20.584,20.584,4,26
EP9SAD,EP9SAD,True,True,both,A,LM47,4.0,37.5,49.0,N,37.5,33.399,33.399,36,36510
ER1IM,ER1IM,True,True,both,B,KN47kb,6.0,47.0625,28.875,N,47.0625,42.709,42.709,4,6833
ER1PL,ER1PL,True,True,both,A,KN46dw,6.0,46.9375,28.2917,N,46.9375,42.537,42.537,100,415223
ER8GVV,ER8GVV,True,False,wsprnet_only,B,DI34,4.0,-5.5,-113.0,S,5.5,1.578,1.578,6,12
ES1LL,ES1LL,True,True,both,B,KO29,4.0,59.5,25.0,N,59.5,56.213,56.213,3,89
ES2RR,ES2RR,True,True,both,A,KO29hg,6.0,59.2708,24.625,N,59.2708,55.968,55.968,42,197323
ES5KJA,ES5KJA,True,True,both,B,KO38fg,6.0,58.2708,26.4583,N,58.2708,54.9,54.9,20,23128
EU1BO,EU1BO,True,True,both,B,KO34fi,6.0,54.3542,26.4583,N,54.3542,50.669,50.669,17,35273
EU1ST,EU1ST,True,True,both,A,KO33tu,6.0,53.8542,27.625,N,53.8542,50.148,50.148,182,231233
EU2ABM,EU2ABM,True,True,both,B,KO43lu,6.0,53.8542,28.9583,N,53.8542,50.178,50.178,89,126186
EU6ABH,EU6ABH,True,True,both,A,KO44pw,6.0,54.9375,29.2917,N,54.9375,51.354,51.354,16,3609
EU7AS,EU7AS,True,True,both,A,KO43nh,6.0,53.3125,29.125,N,53.3125,49.595,49.595,15,9513
EU7FBB,EU7FBB,True,True,both,B,KO43nh,6.0,53.3125,29.125,N,53.3125,49.595,49.595,191,507834
EU8AF,EU8AF,True,True,both,B,KO42up,6.0,52.6458,29.7083,N,52.6458,48.887,48.887,6,659
EU8RA,EU8RA,True,True,both,A,KO52,4.0,52.5,31.0,N,52.5,48.764,48.764,11,1213
EW1AFT,EW1AFT,True,True,both,A,KO34ne,6.0,54.1875,27.125,N,54.1875,50.5,50.5,11,11000
EW1AGD,EW1AGD,True,True,both,B,KO33uw,6.0,53.9375,27.7083,N,53.9375,50.241,50.241,3,183
EW7SA,EW7SA,True,True,both,A,KO43od,6.0,53.1458,29.2083,N,53.1458,49.416,49.416,13,52531
EW8AAC,EW8AAC,True,True,both,B,KO52ei,6.0,52.3542,30.375,N,52.3542,48.589,48.589,5,814
EW8CG,EW8CG,True,True,both,B,KO52ki,6.0,52.3542,30.875,N,52.3542,48.603,48.603,5,1498
EW8HP,EW8HP,True,True,both,B,KO42up,6.0,52.6458,29.7083,N,52.6458,48.887,48.887,9,6698
EW8ME,EW8ME,True,True,both,B,KO52sf,6.0,52.2292,31.5417,N,52.2292,48.487,48.487,8,6094
EX0AA,EX0AA,True,True,both,A,MN72hu,6.0,42.8542,74.625,N,42.8542,39.236,39.236,76,117105
EX0DX,EX0DX,True,True,both,A,MN72fu,6.0,42.8542,74.4583,N,42.8542,39.238,39.238,366,708408
EX0QKT,EX0QKT,True,True,both,A,MN72,4.0,42.5,75.0,N,42.5,38.858,38.858,15,4376
F/DK4NL,DK4NL,True,True,both,A,JN24eg,6.0,44.2708,4.375,N,44.2708,37.977,37.977,30,69729
F/G3YHU,G3YHU,True,True,both,B,JN13tk,6.0,43.4375,3.625,N,43.4375,36.843,36.843,8,1236
F/M1FHB,M1FHB,True,True,both,B,JN04ms,6.0,44.7708,1.0417,N,44.7708,38.54,38.54,5,36742
F/ON7AN,ON7AN,True,True,both,B,JN24hi,6.0,44.3542,4.625,N,44.3542,38.096,38.096,8,29294
F/PA2EAR,PA2EAR,True,True,both,A,JN17xf,6.0,47.2292,3.9583,N,47.2292,41.794,41.794,107,805587
F/PE0FKO,PE0FKO,True,True,both,A,JN13iw,6.0,43.9375,2.7083,N,43.9375,37.475,37.475,132,718531
F/SP7TBS,SP7TBS,True,True,both,B,JN07qq,6.0,47.6875,1.375,N,47.6875,42.354,42.354,3,222
F0EGM,F0EGM,True,True,both,B,JN29hn,6.0,49.5625,4.625,N,49.5625,44.735,44.735,3,1640
F0XFK,F0XFK,True,True,both,B,JN57,4.0,47.5,11.0,N,47.5,42.325,42.325,3,324
F0XXN,F0XXN,True,False,wsprnet_only,B,JO02,4.0,52.5,1.0,N,52.5,48.383,48.383,6,12
F1AFJ,F1AFJ,True,True,both,B,JN06ht,6.0,46.8125,0.625,N,46.8125,41.22,41.22,97,402404
F1BGI,F1BGI,True,True,both,A,JN09dm,6.0,49.5208,0.2917,N,49.5208,44.692,44.692,379,42966
F1BLZ,F1BLZ,True,True,both,B,JN25wg,6.0,45.2708,5.875,N,45.2708,39.334,39.334,5,503
F1CEP,F1CEP,True,True,both,B,JN23rk,6.0,43.4375,5.4583,N,43.4375,36.926,36.926,3,974
F1CIY,F1CIY,True,True,both,B,JN18cx,6.0,48.9792,2.2083,N,48.9792,43.998,43.998,31,54299
F1CJN,F1CJN,True,True,both,B,JN18cv,6.0,48.8958,2.2083,N,48.8958,43.893,43.893,15,18313
F1DFI,F1DFI,True,True,both,A,JO00th,6.0,50.3125,1.625,N,50.3125,45.673,45.673,13,1858
F1EDJ,F1EDJ,True,True,both,A,JN18dt,6.0,48.8125,2.2917,N,48.8125,43.788,43.788,216,30776
F1EDJ/P,F1EDJ,True,True,both,A,IN87sg,6.0,47.2708,-2.4583,N,47.2708,41.828,41.828,228,256667
F1EHM,F1EHM,True,True,both,A,IN93tg,6.0,43.2708,-0.375,N,43.2708,36.486,36.486,29,16619
F1EML,F1EML,True,True,both,B,JN29,4.0,49.5,5.0,N,49.5,44.659,44.659,3,546
F1ETB,F1ETB,True,True,both,B,JN23,4.0,43.5,5.0,N,43.5,36.987,36.987,8,42520
F1ETB/P,F1ETB,True,True,both,B,JN23rm,6.0,43.5208,5.4583,N,43.5208,37.036,37.036,9,17992
F1EVZ,F1EVZ,True,True,both,B,JN25iq,6.0,45.6875,4.7083,N,45.6875,39.834,39.834,5,1253
F1FDA,F1FDA,True,True,both,B,IN87,4.0,47.5,-3.0,N,47.5,42.136,42.136,5,6376
F1FNJ,F1FNJ,True,True,both,B,IN96uw,6.0,46.9375,-0.2917,N,46.9375,41.38,41.38,45,122387
F1FPL,F1FPL,True,True,both,B,JN09le,6.0,49.1875,0.9583,N,49.1875,44.265,44.265,86,146927
F1GMA,F1GMA,True,True,both,B,JN18gt,6.0,48.8125,2.5417,N,48.8125,43.788,43.788,5,2309
F1GSQ,F1GSQ,True,False,wsprnet_only,A,JN03,4.0,43.5,1.0,N,43.5,36.834,36.834,12,26
F1GTM,F1GTM,True,True,both,B,JN26qa,6.0,46.0208,5.375,N,46.0208,40.282,40.282,191,391324
F1GZH,F1GZH,True,True,both,B,JN28,4.0,48.5,5.0,N,48.5,43.414,43.414,5,1607
F1IEE,F1IEE,True,True,both,B,IN99hp,6.0,49.6458,-1.375,N,49.6458,44.875,44.875,4,1197
F1IRJ,F1IRJ,True,True,both,B,JN23wg,6.0,43.2708,5.875,N,43.2708,36.727,36.727,5,1293
F1JGE,F1JGE,True,True,both,B,JN19gw,6.0,49.9375,2.5417,N,49.9375,45.199,45.199,8,4069
F1JSC,F1JSC,True,True,both,A,JN03ge,6.0,43.1875,0.5417,N,43.1875,36.397,36.397,299,2455433
F1JXA,F1JXA,True,True,both,A,JN39if,6.0,49.2292,6.7083,N,49.2292,44.343,44.343,40,51707
F1JZM,F1JZM,True,True,both,B,JN19,4.0,49.5,3.0,N,49.5,44.652,44.652,3,413
F1LFE,F1LFE,True,False,wsprnet_only,B,JN35,4.0,45.5,7.0,N,45.5,39.671,39.671,8,17
F1LYV,F1LYV,True,True,both,B,JN13di,6.0,43.3542,2.2917,N,43.3542,36.68,36.68,6,3906
F1NZC,F1NZC,True,False,wsprnet_only,B,JN15mr,6.0,45.7292,3.0417,N,45.7292,39.844,39.844,4,14
F1ONW,F1ONW,True,True,both,B,IN94ru,6.0,44.8542,-0.5417,N,44.8542,38.626,38.626,7,478
F1ORG,F1ORG,True,True,both,A,JN05,4.0,45.5,1.0,N,45.5,39.505,39.505,104,337329
F1ORV,F1ORV,True,True,both,A,JN18,4.0,48.5,3.0,N,48.5,43.396,43.396,85,1804041
F1RGC,F1RGC,True,True,both,A,IN88mj,6.0,48.3958,-2.9583,N,48.3958,43.302,43.302,15,139190
F1RVC,F1RVC,True,True,both,A,JN09oi,6.0,49.3542,1.2083,N,49.3542,44.474,44.474,18,4791
F1RXM,F1RXM,True,True,both,B,IN95tu,6.0,45.8542,-0.375,N,45.8542,39.958,39.958,75,470807
F1RZV,F1RZV,True,True,both,A,JN18fn,6.0,48.5625,2.4583,N,48.5625,43.472,43.472,35,418475
F1SOC,F1SOC,True,True,both,B,JO10no,6.0,50.6042,3.125,N,50.6042,46.024,46.024,8,1219
F1TWS,F1TWS,True,True,both,B,JN19dh,6.0,49.3125,2.2917,N,49.3125,44.418,44.418,14,20884
F1VMV,F1VMV,True,True,both,A,JN24kh,6.0,44.3125,4.875,N,44.3125,38.051,38.051,133,1101434
F4BAD,F4BAD,True,True,both,B,JN25xn,6.0,45.5625,5.9583,N,45.5625,39.713,39.713,257,584729
F4BHC,F4BHC,True,True,both,B,JN25nb,6.0,45.0625,5.125,N,45.0625,39.038,39.038,3,288
F4CQA,F4CQA,True,True,both,B,JN17ea,6.0,47.0208,2.375,N,47.0208,41.505,41.505,4,3656
F4CVO,F4CVO,True,True,both,B,JN38en,6.0,48.5625,6.375,N,48.5625,43.513,43.513,3,1657
F4CWZ,F4CWZ,True,True,both,A,JN38br,6.0,48.7292,6.125,N,48.7292,43.716,43.716,10,21910
F4CYZ,F4CYZ,True,True,both,B,JN28ah,6.0,48.3125,4.0417,N,48.3125,43.168,43.168,3,1403
F4DJY,F4DJY,True,True,both,A,JN34,4.0,44.5,7.0,N,44.5,38.386,38.386,25,361940
F4DXU,F4DXU,True,True,both,B,JN06dn,6.0,46.5625,0.2917,N,46.5625,40.892,40.892,7,10273
F4EBC,F4EBC,True,True,both,B,JN09jl,6.0,49.4792,0.7917,N,49.4792,44.635,44.635,7,606
F4EEI,F4EEI,True,True,both,B,JN27pu,6.0,47.8542,5.2917,N,47.8542,42.608,42.608,6,2505
F4EKH,F4EKH,True,True,both,B,IN97,4.0,47.5,-1.0,N,47.5,42.114,42.114,4,36848
F4EVC,F4EVC,True,True,both,A,JN39cb,6.0,49.0625,6.2083,N,49.0625,44.13,44.13,27,59764
F4FEY,F4FEY,True,True,both,A,IN97ef,6.0,47.2292,-1.625,N,47.2292,41.766,41.766,30,4440
F4FPR,F4FPR,True,True,both,A,IN88di,6.0,48.3542,-3.7083,N,48.3542,43.264,43.264,33,147237
F4FSV,F4FSV,True,True,both,B,IN93pm,6.0,43.5208,-0.7083,N,43.5208,36.82,36.82,6,8739
F4FTI,F4FTI,True,True,both,A,JN25,4.0,45.5,5.0,N,45.5,39.6,39.6,46,658283
F4GCB,F4GCB,True,True,both,A,IN78,4.0,48.5,-5.0,N,48.5,43.489,43.489,50,13837
F4GMT,F4GMT,True,True,both,A,IN93,4.0,43.5,-1.0,N,43.5,36.786,36.786,207,4206985
F4GNS,F4GNS,True,True,both,A,JN07br,6.0,47.7292,0.125,N,47.7292,42.406,42.406,11,64499
F4GYQ,F4GYQ,True,True,both,A,JN16wc,6.0,46.1042,3.875,N,46.1042,40.35,40.35,47,779427
F4HBG,F4HBG,True,True,both,A,JN33pq,6.0,43.6875,7.2917,N,43.6875,37.347,37.347,124,514756
F4HCL,F4HCL,True,True,both,B,IN97oc,6.0,47.1042,-0.7917,N,47.1042,41.598,41.598,5,2767
F4HCL/1,F4HCL,True,True,both,B,IN97oc,6.0,47.1042,-0.7917,N,47.1042,41.598,41.598,9,3333
F4HCL/2,F4HCL,True,True,both,B,IN97oc,6.0,47.1042,-0.7917,N,47.1042,41.598,41.598,9,2944
F4HDG,F4HDG,True,True,both,A,JN25ue,6.0,45.1875,5.7083,N,45.1875,39.221,39.221,25,2097
F4HEX,F4HEX,True,True,both,B,IN96ln,6.0,46.5625,-1.0417,N,46.5625,40.889,40.889,3,7152
F4HGQ,F4HGQ,True,True,both,B,JN38nj,6.0,48.3958,7.125,N,48.3958,43.32,43.32,3,529
F4HHR,F4HHR,True,True,both,A,JN07,4.0,47.5,1.0,N,47.5,42.112,42.112,42,1026746
F4HQJ,F4HQJ,True,True,both,B,JN38ea,6.0,48.0208,6.375,N,48.0208,42.838,42.838,6,517
F4HRG,F4HRG,True,True,both,B,IN87ul,6.0,47.4792,-2.2917,N,47.4792,42.099,42.099,7,13662
F4HTT,F4HTT,True,True,both,B,JN24bd,6.0,44.1458,4.125,N,44.1458,37.802,37.802,5,867
F4HUY,F4HUY,True,True,both,A,JN18,4.0,48.5,3.0,N,48.5,43.396,43.396,17,6729
F4HXN,F4HXN,True,True,both,B,JN33kw,6.0,43.9375,6.875,N,43.9375,37.651,37.651,3,4298
F4HZP,F4HZP,True,True,both,A,IN87,4.0,47.5,-3.0,N,47.5,42.136,42.136,52,356768
F4IDD,F4IDD,True,True,both,B,JN36,4.0,46.5,7.0,N,46.5,40.942,40.942,304,667295
F4IEW,F4IEW,True,True,both,B,JN19da,6.0,49.0208,2.2917,N,49.0208,44.051,44.051,12,23909
F4IEW/P,F4IEW,True,True,both,B,JN36he,6.0,46.1875,6.625,N,46.1875,40.534,40.534,4,343
F4IGG,F4IGG,True,True,both,B,JN18lt,6.0,48.8125,2.9583,N,48.8125,43.79,43.79,55,39151
F4IGN,F4IGN,True,True,both,B,JN23ti,6.0,43.3542,5.625,N,43.3542,36.824,36.824,29,20603
F4IKE,F4IKE,True,True,both,B,JN23hq,6.0,43.6875,4.625,N,43.6875,37.218,37.218,4,1554
F4IKX,F4IKX,True,True,both,A,JN18fj,6.0,48.3958,2.4583,N,48.3958,43.261,43.261,28,181577
F4ILW,F4ILW,True,True,both,B,JN38,4.0,48.5,7.0,N,48.5,43.446,43.446,19,9282
F4INZ,F4INZ,True,True,both,B,IN92vw,6.0,42.9375,-0.2083,N,42.9375,36.034,36.034,3,299
F4IOH,F4IOH,True,True,both,B,IN87,4.0,47.5,-3.0,N,47.5,42.136,42.136,3,914
F4IOU,F4IOU,True,True,both,B,JN38,4.0,48.5,7.0,N,48.5,43.446,43.446,14,8750
F4IRX,F4IRX,True,True,both,B,JN23er,6.0,43.7292,4.375,N,43.7292,37.262,37.262,4,17085
F4IUZ,F4IUZ,True,True,both,B,JN05pu,6.0,45.8542,1.2917,N,45.8542,39.975,39.975,3,1060
F4IXV,F4IXV,True,True,both,B,JN39lf,6.0,49.2292,6.9583,N,49.2292,44.347,44.347,4,4723
F4JAM,F4JAM,True,True,both,B,JN26lt,6.0,46.8125,4.9583,N,46.8125,41.283,41.283,6,9794
F4JDD,F4JDD,True,True,both,A,JN09td,6.0,49.1458,1.625,N,49.1458,44.209,44.209,13,39567
F4JGT,F4JGT,True,True,both,B,JN19cf,6.0,49.2292,2.2083,N,49.2292,44.313,44.313,10,2230
F4JHT,F4JHT,True,True,both,B,JO00ts,6.0,50.7708,1.625,N,50.7708,46.243,46.243,14,5194
F4JKS/P,F4JKS,True,True,both,B,IN95kp,6.0,45.6458,-1.125,N,45.6458,39.678,39.678,3,335
F4JLM,F4JLM,True,False,wsprnet_only,B,IN93,4.0,43.5,-1.0,N,43.5,36.786,36.786,7,13
F4JMJ,F4JMJ,True,False,wsprnet_only,B,JO21ox,6.0,51.9792,5.2083,N,51.9792,47.694,47.694,6,10
F4JNI,F4JNI,True,True,both,A,JN24jk,6.0,44.4375,4.7917,N,44.4375,38.211,38.211,210,514587
F4JRK,F4JRK,True,True,both,B,JN07lj,6.0,47.3958,0.9583,N,47.3958,41.977,41.977,4,403
F4JSV,F4JSV,True,True,both,B,JN26ct,6.0,46.8125,4.2083,N,46.8125,41.267,41.267,7,4857
F4KMN,F4KMN,True,True,both,B,JN07cx,6.0,47.9792,0.2083,N,47.9792,42.728,42.728,4,11331
F4LAV,F4LAV,True,True,both,B,JN08on,6.0,48.5625,1.2083,N,48.5625,43.472,43.472,8,4306
F4LFQ,F4LFQ,True,True,both,A,JN03rk,6.0,43.4375,1.4583,N,43.4375,36.764,36.764,16,19354
F4LGF,F4LGF,True,True,both,B,JN24bd,6.0,44.1458,4.125,N,44.1458,37.802,37.802,3,424
F4LHU,F4LHU,True,True,both,A,JN26,4.0,46.5,5.0,N,46.5,40.885,40.885,24,87408
F4LIY,F4LIY,True,True,both,B,JO20bb,6.0,50.0625,4.125,N,50.0625,45.352,45.352,75,19974
F4LNO,F4LNO,True,True,both,B,JN33mo,6.0,43.6042,7.0417,N,43.6042,37.225,37.225,7,1172
F4LPJ,F4LPJ,True,True,both,B,JN18mn,6.0,48.5625,3.0417,N,48.5625,43.475,43.475,29,45411
F4LSG,F4LSG,True,True,both,A,IN87,4.0,47.5,-3.0,N,47.5,42.136,42.136,14,7751
F4LSL,F4LSL,True,True,both,A,JN36,4.0,46.5,7.0,N,46.5,40.942,40.942,19,460639
F4LTV,F4LTV,True,True,both,B,IN98,4.0,48.5,-1.0,N,48.5,43.406,43.406,3,844
F4LXX,F4LXX,True,True,both,B,JN23rm,6.0,43.5208,5.4583,N,43.5208,37.036,37.036,5,503
F4MEE,F4MEE,True,True,both,B,IN95qd,6.0,45.1458,-0.625,N,45.1458,39.015,39.015,3,80
F4MIZ,F4MIZ,True,True,both,A,IN94lr,6.0,44.7292,-1.0417,N,44.7292,38.452,38.452,12,2365
F4MJK,F4MJK,True,True,both,B,JN25ks,6.0,45.7708,4.875,N,45.7708,39.946,39.946,4,222
F4MKJ,F4MKJ,True,True,both,A,JN25ks,6.0,45.7708,4.875,N,45.7708,39.946,39.946,18,776
F4MKP,F4MKP,True,True,both,B,IN99,4.0,49.5,-1.0,N,49.5,44.683,44.683,3,681
F4MMA,F4MMA,True,True,both,A,JN19jb,6.0,49.0625,2.7917,N,49.0625,44.104,44.104,12,3297
F4MOU,F4MOU,True,True,both,A,JN33,4.0,43.5,7.0,N,43.5,37.087,37.087,30,218896
F4MPI,F4MPI,True,True,both,B,JO10,4.0,50.5,3.0,N,50.5,45.896,45.896,3,72
F4MRA,F4MRA,True,True,both,B,JN23wg,6.0,43.2708,5.875,N,43.2708,36.727,36.727,10,677
F4MZI,F4MZI,True,True,both,A,JO10rk,6.0,50.4375,3.4583,N,50.4375,45.817,45.817,10,4755
F4NEM,F4NEM,True,True,both,A,JN19,4.0,49.5,3.0,N,49.5,44.652,44.652,10,4634
F4NFR,F4NFR,True,True,both,B,JO00tn,6.0,50.5625,1.625,N,50.5625,45.984,45.984,3,1982
F4PNC,F4PNC,True,False,wsprnet_only,B,JF97,4.0,-32.5,19.0,S,32.5,-40.935,40.935,3,10
F4TXR,F4TXR,True,True,both,B,JN33ps,6.0,43.7708,7.2917,N,43.7708,37.455,37.455,15,28862
F4UIT,F4UIT,True,True,both,B,IN88hn,6.0,48.5625,-3.375,N,48.5625,43.526,43.526,4,378
F4UIU,F4UIU,True,True,both,A,JO10jm,6.0,50.5208,2.7917,N,50.5208,45.923,45.923,46,139532
F4VQB,F4VQB,True,True,both,A,JN06sh,6.0,46.3125,1.5417,N,46.3125,40.578,40.578,17,21340
F4VTR,F4VTR,True,True,both,A,JN25pu,6.0,45.8542,5.2917,N,45.8542,40.066,40.066,16,18006
F4WDO,F4WDO,True,True,both,B,JN08ca,6.0,48.0208,0.2083,N,48.0208,42.782,42.782,5,4716
F4WDP,F4WDP,True,True,both,A,JO10,4.0,50.5,3.0,N,50.5,45.896,45.896,147,308650
F4WFT,F4WFT,True,True,both,A,IN98,4.0,48.5,-1.0,N,48.5,43.406,43.406,48,495733
F4WFX,F4WFX,True,True,both,B,JN18lu,6.0,48.8542,2.9583,N,48.8542,43.842,43.842,39,106420
F54SFT,F54SFT,True,False,wsprnet_only,A,HQ69,4.0,79.5,-27.0,N,79.5,80.442,80.442,16,56
F54YCA,F54YCA,True,True,both,A,MR94,4.0,84.5,79.0,N,84.5,79.942,79.942,88,210
F5BCB,F5BCB,True,True,both,B,IN97gg,6.0,47.2708,-1.4583,N,47.2708,41.819,41.819,4,10870
F5BUD,F5BUD,True,True,both,B,JN13wq,6.0,43.6875,3.875,N,43.6875,37.186,37.186,4,385
F5CBD,F5CBD,True,True,both,A,IO95,4.0,55.5,-1.0,N,55.5,52.072,52.072,14,23
F5DCQ,F5DCQ,True,True,both,A,JN04vs,6.0,44.7708,1.7917,N,44.7708,38.557,38.557,24,142413
F5DJL,F5DJL,True,True,both,B,JN36cd,6.0,46.1458,6.2083,N,46.1458,40.467,40.467,3,931
F5GKW,F5GKW,True,True,both,B,JN05lu,6.0,45.8542,0.9583,N,45.8542,39.971,39.971,26,194388
F5GNM,F5GNM,True,True,both,B,JN18cs,6.0,48.7708,2.2083,N,48.7708,43.735,43.735,3,342
F5GVA,F5GVA,True,True,both,B,IN95mp,6.0,45.6458,-0.9583,N,45.6458,39.678,39.678,5,2934
F5HGF,F5HGF,True,True,both,B,JN25ud,6.0,45.1458,5.7083,N,45.1458,39.167,39.167,329,610990
F5HMG,F5HMG,True,True,both,A,JN18dt,6.0,48.8125,2.2917,N,48.8125,43.788,43.788,10,1587
F5HRY,F5HRY,True,True,both,B,IN88ai,6.0,48.3542,-3.9583,N,48.3542,43.27,43.27,6,85198
F5IHM,F5IHM,True,True,both,B,IN88xa,6.0,48.0208,-2.0417,N,48.0208,42.8,42.8,14,172569
F5IHN,F5IHN,True,True,both,B,JN23fv,6.0,43.8958,4.4583,N,43.8958,37.486,37.486,23,23308
F5INV,F5INV,True,True,both,B,JN03,4.0,43.5,1.0,N,43.5,36.834,36.834,3,1256
F5ITU,F5ITU,True,True,both,B,JN25jr,6.0,45.7292,4.7917,N,45.7292,39.89,39.89,20,3409
F5IWR,F5IWR,True,True,both,A,JN37,4.0,47.5,7.0,N,47.5,42.2,42.2,12,3725
F5JDI,F5JDI,True,True,both,A,JO10wf,6.0,50.2292,3.875,N,50.2292,45.558,45.558,10,20901
F5JYS,F5JYS,True,True,both,B,JN23pm,6.0,43.5208,5.2917,N,43.5208,37.028,37.028,4,822
F5KDB,F5KDB,True,True,both,A,JO10,4.0,50.5,3.0,N,50.5,45.896,45.896,86,44076
F5KTR,F5KTR,True,True,both,A,JN18ev,6.0,48.8958,2.375,N,48.8958,43.893,43.893,11,27680
F5LEN,F5LEN,True,True,both,A,JN38bo,6.0,48.6042,6.125,N,48.6042,43.56,43.56,16,51873
F5LHF,F5LHF,True,True,both,A,JN25en,6.0,45.5625,4.375,N,45.5625,39.662,39.662,25,16500
F5LLZ,F5LLZ,True,True,both,B,JN38uo,6.0,48.6042,7.7083,N,48.6042,43.589,43.589,5,774
F5LTH,F5LTH,True,True,both,A,JN23rk,6.0,43.4375,5.4583,N,43.4375,36.926,36.926,11,6631
F5MAF,F5MAF,True,True,both,B,JN03pq,6.0,43.6875,1.2917,N,43.6875,37.096,37.096,113,159455
F5MMX,F5MMX,True,True,both,B,IN95oc,6.0,45.1042,-0.7917,N,45.1042,38.958,38.958,22,67982
F5MYH,F5MYH,True,True,both,B,JN07,4.0,47.5,1.0,N,47.5,42.112,42.112,5,81156
F5NGZ,F5NGZ,True,True,both,B,JN38bp,6.0,48.6458,6.125,N,48.6458,43.612,43.612,26,25543
F5NZY,F5NZY,True,True,both,A,JN09cn,6.0,49.5625,0.2083,N,49.5625,44.746,44.746,20,15604
F5OAA,F5OAA,True,True,both,A,JN18,4.0,48.5,3.0,N,48.5,43.396,43.396,118,231258
F5ONL,F5ONL,True,True,both,B,JN39ob,6.0,49.0625,7.2083,N,49.0625,44.145,44.145,14,4460
F5PEQ,F5PEQ,True,True,both,B,IN96gp,6.0,46.6458,-1.4583,N,46.6458,41.0,41.0,3,515
F5PGT,F5PGT,True,True,both,A,IN88gq,6.0,48.6875,-3.4583,N,48.6875,43.69,43.69,62,408767
F5POE,F5POE,True,True,both,B,JN18ao,6.0,48.6042,2.0417,N,48.6042,43.524,43.524,6,5340
F5PYJ,F5PYJ,True,True,both,B,IN87,4.0,47.5,-3.0,N,47.5,42.136,42.136,18,49786
F5PZT,F5PZT,True,True,both,A,JN38tk,6.0,48.4375,7.625,N,48.4375,43.382,43.382,11,33284
F5RMQ,F5RMQ,True,True,both,A,JN06,4.0,46.5,1.0,N,46.5,40.816,40.816,10,621
F5SAE,F5SAE,True,True,both,A,JN28bh,6.0,48.3125,4.125,N,48.3125,43.168,43.168,70,6942
F5SCC,F5SCC,True,True,both,B,JN38un,6.0,48.5625,7.7083,N,48.5625,43.538,43.538,37,395164
F5SEP,F5SEP,True,True,both,B,JN03bj,6.0,43.3958,0.125,N,43.3958,36.669,36.669,3,416
F5SHH,F5SHH,True,True,both,B,JN24lr,6.0,44.7292,4.9583,N,44.7292,38.599,38.599,3,408
F5SIK,F5SIK,True,True,both,B,JN26in,6.0,46.5625,4.7083,N,46.5625,40.958,40.958,5,579
F5SN,F5SN,True,True,both,B,JN27rb,6.0,47.0625,5.4583,N,47.0625,41.612,41.612,5,6936
F5TIL,F5TIL,True,True,both,A,JN36gc,6.0,46.1042,6.5417,N,46.1042,40.425,40.425,52,7947
F5TMB,F5TMB,True,True,both,B,JN18eq,6.0,48.6875,2.375,N,48.6875,43.63,43.63,13,248162
F5TYY,F5TYY,True,True,both,B,JN09oj,6.0,49.3958,1.2083,N,49.3958,44.527,44.527,3,2795
F5UJA,F5UJA,True,True,both,A,JN38rl,6.0,48.4792,7.4583,N,48.4792,43.43,43.43,250,122945
F5VAI,F5VAI,True,True,both,B,JN05nh,6.0,45.3125,1.125,N,45.3125,39.26,39.26,7,4036
F5VJC,F5VJC,True,True,both,B,IN98fn,6.0,48.5625,-1.5417,N,48.5625,43.493,43.493,6,10811
F5VJM,F5VJM,True,True,both,B,IN96fr,6.0,46.7292,-1.5417,N,46.7292,41.11,41.11,17,4540
F5VLB,F5VLB,True,True,both,A,IN88in,6.0,48.5625,-3.2917,N,48.5625,43.525,43.525,18,175409
F5VMH,F5VMH,True,True,both,B,JN08qr,6.0,48.7292,1.375,N,48.7292,43.683,43.683,6,31513
F5WK,F5WK,True,True,both,B,JN18hp,6.0,48.6458,2.625,N,48.6458,43.578,43.578,25,23417
F5ZXM,F5ZXM,True,True,both,A,IN88va,6.0,48.0208,-2.2083,N,48.0208,42.803,42.803,314,166651
F6ABJ,F6ABJ,True,False,wsprnet_only,A,JN25nj,6.0,45.3958,5.125,N,45.3958,39.47,39.47,386,26394
F6ACU,F6ACU,True,True,both,A,JN38fc,6.0,48.1042,6.4583,N,48.1042,42.943,42.943,18,12009
F6APU,F6APU,True,True,both,B,JN38un,6.0,48.5625,7.7083,N,48.5625,43.538,43.538,119,264129
F6AQN,F6AQN,True,True,both,A,JN08ll,6.0,48.4792,0.9583,N,48.4792,43.366,43.366,58,65301
F6BIB,F6BIB,True,True,both,B,IN88hc,6.0,48.1042,-3.375,N,48.1042,42.931,42.931,3,5988
F6BIR,F6BIR,True,True,both,A,JN19cf,6.0,49.2292,2.2083,N,49.2292,44.313,44.313,236,186897
F6BZT,F6BZT,True,True,both,B,JN23mw,6.0,43.9375,5.0417,N,43.9375,37.565,37.565,5,8273
F6CBA,F6CBA,True,True,both,B,IN93,4.0,43.5,-1.0,N,43.5,36.786,36.786,39,55276
F6CWN,F6CWN,True,True,both,A,JN09tt,6.0,49.8125,1.625,N,49.8125,45.048,45.048,304,1411301
F6DDV,F6DDV,True,True,both,B,JN04,4.0,44.5,1.0,N,44.5,38.178,38.178,4,131
F6DED,F6DED,True,True,both,A,IN96bt,6.0,46.8125,-1.875,N,46.8125,41.221,41.221,96,22345
F6DEX,F6DEX,True,True,both,B,JO10,4.0,50.5,3.0,N,50.5,45.896,45.896,7,78585
F6DFY,F6DFY,True,True,both,B,JN18,4.0,48.5,3.0,N,48.5,43.396,43.396,8,8414
F6DFZ,F6DFZ,True,True,both,B,JN24dk,6.0,44.4375,4.2917,N,44.4375,38.192,38.192,4,2265
F6DLX,F6DLX,True,True,both,A,JO10do,6.0,50.6042,2.2917,N,50.6042,46.029,46.029,46,3563
F6ECI,F6ECI,True,True,both,B,JN05sa,6.0,45.0208,1.5417,N,45.0208,38.882,38.882,84,1361622
F6ECK,F6ECK,True,True,both,B,JN23np,6.0,43.6458,5.125,N,43.6458,37.185,37.185,9,4524
F6EHJ,F6EHJ,True,True,both,A,JN03,4.0,43.5,1.0,N,43.5,36.834,36.834,25,47888
F6EIT,F6EIT,True,True,both,A,JN07ji,6.0,47.3542,0.7917,N,47.3542,41.923,41.923,32,150043
F6EKU,F6EKU,True,True,both,B,JN05,4.0,45.5,1.0,N,45.5,39.505,39.505,3,558
F6EMC/P,F6EMC,True,True,both,B,JN23ud,6.0,43.1458,5.7083,N,43.1458,36.553,36.553,9,851
F6END,F6END,True,True,both,B,IN97ue,6.0,47.1875,-0.2917,N,47.1875,41.706,41.706,8,995
F6ENI,F6ENI,True,True,both,B,IN87op,6.0,47.6458,-2.7917,N,47.6458,42.323,42.323,9,6787
F6EXG,F6EXG,True,True,both,A,JN33or,6.0,43.7292,7.2083,N,43.7292,37.397,37.397,10,1831
F6FBB,F6FBB,True,False,wsprnet_only,A,JN03,4.0,43.5,1.0,N,43.5,36.834,36.834,77,2678
F6FUZ,F6FUZ,True,True,both,A,JN05id,6.0,45.1458,0.7083,N,45.1458,39.032,39.032,395,3741464
F6GDZ,F6GDZ,True,True,both,B,JO10,4.0,50.5,3.0,N,50.5,45.896,45.896,4,2920
F6GPC,F6GPC,True,True,both,B,IN98ga,6.0,48.0208,-1.4583,N,48.0208,42.793,42.793,5,1328
F6GPG,F6GPG,True,True,both,B,JO10lk,6.0,50.4375,2.9583,N,50.4375,45.819,45.819,6,1671
F6HCC,F6HCC,True,True,both,A,IN87hs,6.0,47.7708,-3.375,N,47.7708,42.497,42.497,61,116194
F6HRJ,F6HRJ,True,True,both,A,IN88ht,6.0,48.8125,-3.375,N,48.8125,43.85,43.85,11,33175
F6HTJ,F6HTJ,True,False,wsprnet_only,A,JN12kq,6.0,42.6875,2.875,N,42.6875,35.804,35.804,38,150
F6IDT,F6IDT,True,True,both,A,JN33,4.0,43.5,7.0,N,43.5,37.087,37.087,326,3637233
F6IRF,F6IRF,True,True,both,B,JN35au,6.0,45.8542,6.0417,N,45.8542,40.09,40.09,25,62138
F6JON,F6JON,True,True,both,B,JN05uh,6.0,45.3125,1.7083,N,45.3125,39.27,39.27,6,2578
F6KJG,F6KJG,True,True,both,B,JN28,4.0,48.5,5.0,N,48.5,43.414,43.414,3,605
F6KOP,F6KOP,True,True,both,A,JN18,4.0,48.5,3.0,N,48.5,43.396,43.396,43,108567
F6KPL,F6KPL,True,True,both,B,IN99,4.0,49.5,-1.0,N,49.5,44.683,44.683,230,3158303
F8AOF,F8AOF,True,True,both,A,JN24jn,6.0,44.5625,4.7917,N,44.5625,38.375,38.375,12,45054
F8BOJ,F8BOJ,True,True,both,B,JN16wa,6.0,46.0208,3.875,N,46.0208,40.242,40.242,62,116718
F8BUU/P,F8BUU,True,True,both,B,IN94je,6.0,44.1875,-1.2083,N,44.1875,37.719,37.719,3,641
F8COD,F8COD,True,True,both,A,JN18gr,6.0,48.7292,2.5417,N,48.7292,43.683,43.683,15,14378
F8CPA,F8CPA,True,True,both,B,IN87,4.0,47.5,-3.0,N,47.5,42.136,42.136,7,3224
F8DO,F8DO,True,True,both,B,JN26if,6.0,46.2292,4.7083,N,46.2292,40.531,40.531,17,24074
F8DZB,F8DZB,True,True,both,A,IN98rh,6.0,48.3125,-0.5417,N,48.3125,43.161,43.161,61,187267
F8FFO,F8FFO,True,True,both,B,JN07il,6.0,47.4792,0.7083,N,47.4792,42.084,42.084,5,1295
F8FQJ,F8FQJ,True,True,both,B,JN18cv,6.0,48.8958,2.2083,N,48.8958,43.893,43.893,12,8036
F8FSK,F8FSK,True,True,both,B,IN98go,6.0,48.6042,-1.4583,N,48.6042,43.545,43.545,26,2719
F8IFT,F8IFT,True,True,both,B,JN18bw,6.0,48.9375,2.125,N,48.9375,43.946,43.946,40,108549
F8KGW,F8KGW,True,True,both,A,IN98ec,6.0,48.1042,-1.625,N,48.1042,42.903,42.903,43,20946
F8KHC,F8KHC,True,True,both,B,JN05,4.0,45.5,1.0,N,45.5,39.505,39.505,8,193160
F8MGW,F8MGW,True,True,both,B,JN06mp,6.0,46.6458,1.0417,N,46.6458,41.006,41.006,4,459
F97EFW,F97EFW,True,False,wsprnet_only,B,IK55,4.0,15.5,-9.0,N,15.5,,,5,10
F9KLS,F9KLS,True,False,wsprnet_only,B,IO96,4.0,56.5,-1.0,N,56.5,53.262,53.262,8,15
FF2PFU,FF2PFU,True,False,wsprnet_only,B,JK57,4.0,17.5,11.0,N,17.5,,,6,20
FH0JTW,FH0JTW,True,True,both,A,GA91,4.0,-88.5,-41.0,S,88.5,-73.027,73.027,88,2060
FK1TS,FK1TS,True,False,wsprnet_only,B,RG37fr,6.0,-22.2708,166.4583,S,22.2708,-28.695,28.695,9,42
FK8IH,FK8IH,True,True,both,A,RG37er,6.0,-22.2708,166.375,S,22.2708,-28.71,28.71,19,4778
FM4YKW,FM4YKW,True,True,both,A,IM09,4.0,39.5,-19.0,N,39.5,31.611,31.611,23,39
FM9JZK,FM9JZK,True,False,wsprnet_only,B,IA73,4.0,-86.5,-5.0,S,86.5,-72.095,72.095,7,10
FR1GZ,FR1GZ,True,True,both,A,LG79rc,6.0,-20.8958,55.4583,S,20.8958,-30.121,30.121,16,6855
FR1JB,FR1JB,True,True,both,B,LG78ru,6.0,-21.1458,55.4583,S,21.1458,-30.382,30.382,4,408
FR4AW,FR4AW,True,True,both,B,LG79pa,6.0,-20.9792,55.2917,S,20.9792,-30.204,30.204,5,973
FR4OZ,FR4OZ,True,True,both,A,LG79sb,6.0,-20.9375,55.5417,S,20.9375,-30.167,30.167,53,17554
FS3DUH,FS3DUH,True,True,both,A,FO58,4.0,58.5,-69.0,N,58.5,65.372,65.372,56,1419
FY5KE,FY5KE,True,True,both,A,GJ35pe,6.0,5.1875,-52.7083,N,5.1875,,,37,313594
FZ0FRA,FZ0FRA,True,True,both,A,JN17,4.0,47.5,3.0,N,47.5,42.126,42.126,41,7778
G0AEN,G0AEN,True,True,both,A,IO80,4.0,50.5,-3.0,N,50.5,45.996,45.996,218,634326
G0AFD,G0AFD,True,True,both,A,IO82td,6.0,52.1458,-2.375,N,52.1458,48.038,48.038,27,10739
G0AGO,G0AGO,True,True,both,B,JO01br,6.0,51.7292,0.125,N,51.7292,47.454,47.454,9,6988
G0AJZ,G0AJZ,True,True,both,B,IO94lo,6.0,54.6042,-1.0417,N,54.6042,50.998,50.998,37,84950
G0AMO,G0AMO,True,True,both,B,IO91ff,6.0,51.2292,-1.5417,N,51.2292,46.872,46.872,5,16768
G0AOO,G0AOO,True,True,both,B,IO94jm,6.0,54.5208,-1.2083,N,54.5208,50.903,50.903,3,2942
G0BAZ,G0BAZ,True,True,both,A,IO94fv,6.0,54.8958,-1.5417,N,54.8958,51.368,51.368,11,2833
G0BHX,G0BHX,True,True,both,B,IO82wr,6.0,52.7292,-2.125,N,52.7292,48.751,48.751,14,33880
G0BKR,G0BKR,True,True,both,B,IO91,4.0,51.5,-1.0,N,51.5,47.196,47.196,9,14843
G0BPI,G0BPI,True,True,both,B,IO93fp,6.0,53.6458,-1.5417,N,53.6458,49.854,49.854,17,1030
G0BQB,G0BQB,True,True,both,A,IO93ep,6.0,53.6458,-1.625,N,53.6458,49.857,49.857,11,19069
G0BUD,G0BUD,True,True,both,A,IO91xm,6.0,51.5208,-0.0417,N,51.5208,47.2,47.2,37,6466
G0BZB,G0BZB,True,True,both,A,IO94,4.0,54.5,-1.0,N,54.5,50.87,50.87,11,2535
G0CIU,G0CIU,True,True,both,A,IO90,4.0,50.5,-1.0,N,50.5,45.946,45.946,75,559574
G0DIH,G0DIH,True,True,both,B,IO80ej,6.0,50.3958,-3.625,N,50.3958,45.883,45.883,9,9347
G0DJA,G0DJA,True,True,both,B,IO93if,6.0,53.2292,-1.2917,N,53.2292,49.337,49.337,4,126
G0DLO,G0DLO,True,True,both,B,IO92ah,6.0,52.3125,-1.9583,N,52.3125,48.231,48.231,4,526
G0DUQ,G0DUQ,True,True,both,B,IO82xr,6.0,52.7292,-2.0417,N,52.7292,48.748,48.748,4,1503
G0DXK,G0DXK,True,True,both,B,JO03di,6.0,53.3542,0.2917,N,53.3542,49.441,49.441,26,1520
G0EBQ,G0EBQ,True,True,both,A,JO02,4.0,52.5,1.0,N,52.5,48.383,48.383,35,7431
G0ECX,G0ECX,True,True,both,A,IO80so,6.0,50.6042,-2.4583,N,50.6042,46.112,46.112,13,68045
G0EIG,G0EIG,True,True,both,A,IO70,4.0,50.5,-5.0,N,50.5,46.064,46.064,34,147134
G0EIY,G0EIY,True,True,both,A,IO82or,6.0,52.7292,-2.7917,N,52.7292,48.775,48.775,291,483664
G0EKQ,G0EKQ,True,True,both,A,IO83pi,6.0,53.3542,-2.7083,N,53.3542,49.541,49.541,20,82370
G0ELM,G0ELM,True,True,both,A,IO83,4.0,53.5,-3.0,N,53.5,49.731,49.731,113,50778
G0FCH,G0FCH,True,True,both,A,IO91cn,6.0,51.5625,-1.7917,N,51.5625,47.295,47.295,183,427064
G0FFB,G0FFB,True,True,both,B,IO92nk,6.0,52.4375,-0.875,N,52.4375,48.352,48.352,3,1705
G0FGG,G0FGG,True,True,both,A,IO94fm,6.0,54.5208,-1.5417,N,54.5208,50.916,50.916,144,33334
G0FGJ,G0FGJ,True,True,both,A,IO92rb,6.0,52.0625,-0.5417,N,52.0625,47.881,47.881,16,6481
G0FMB,G0FMB,True,True,both,A,IO83,4.0,53.5,-3.0,N,53.5,49.731,49.731,29,48
G0FNF,G0FNF,True,True,both,A,IO81wu,6.0,51.8542,-2.125,N,51.8542,47.668,47.668,115,13398
G0FQI,G0FQI,True,True,both,A,IO92ne,6.0,52.1875,-0.875,N,52.1875,48.044,48.044,25,42124
G0FTD,G0FTD,True,True,both,B,JO01mi,6.0,51.3542,1.0417,N,51.3542,46.973,46.973,4,111
G0FVF,G0FVF,True,True,both,A,JO02,4.0,52.5,1.0,N,52.5,48.383,48.383,14,13011
G0FVH,G0FVH,True,True,both,A,IO80xr,6.0,50.7292,-2.0417,N,50.7292,46.259,46.259,13,3297
G0FVN,G0FVN,True,True,both,B,IO93iq,6.0,53.6875,-1.2917,N,53.6875,49.896,49.896,9,3183
G0FYD,G0FYD,True,True,both,B,IO83lt,6.0,53.8125,-3.0417,N,53.8125,50.115,50.115,3,369
G0GCD,G0GCD,True,True,both,A,IO92ok,6.0,52.4375,-0.7917,N,52.4375,48.35,48.35,51,22276
G0GDA,G0GDA,True,True,both,B,JO01ij,6.0,51.3958,0.7083,N,51.3958,47.03,47.03,9,9999
G0HRX,G0HRX,True,True,both,B,IO70rj,6.0,50.3958,-4.5417,N,50.3958,45.914,45.914,9,13893
G0HTO,G0HTO,True,True,both,A,IO81,4.0,51.5,-3.0,N,51.5,47.254,47.254,73,355646
G0HYT,G0HYT,True,True,both,B,IO70,4.0,50.5,-5.0,N,50.5,46.064,46.064,74,233173
G0HZG,G0HZG,True,True,both,A,IO92jp,6.0,52.6458,-1.2083,N,52.6458,48.619,48.619,43,57148
G0IDE,G0IDE,True,True,both,A,IO83pq,6.0,53.6875,-2.7083,N,53.6875,49.949,49.949,395,4358416
G0IFI,G0IFI,True,True,both,B,IO81ld,6.0,51.1458,-3.0417,N,51.1458,46.811,46.811,83,78720
G0IKI,G0IKI,True,True,both,A,IO91nq,6.0,51.6875,-0.875,N,51.6875,47.426,47.426,14,260
G0IMB,G0IMB,True,True,both,A,IO83uk,6.0,53.4375,-2.2917,N,53.4375,49.627,49.627,91,94919
G0IUW,G0IUW,True,True,both,B,IO81,4.0,51.5,-3.0,N,51.5,47.254,47.254,136,109166
G0IXE,G0IXE,True,True,both,A,IO94fn,6.0,54.5625,-1.5417,N,54.5625,50.966,50.966,23,4676
G0JDL,G0JDL,True,True,both,B,JO02si,6.0,52.3542,1.5417,N,52.3542,48.193,48.193,3,1142
G0JEI,G0JEI,True,True,both,A,IO93ic,6.0,53.1042,-1.2917,N,53.1042,49.184,49.184,149,128232
G0JVY,G0JVY,True,True,both,B,IO93ai,6.0,53.3542,-1.9583,N,53.3542,49.513,49.513,5,758
G0JWM,G0JWM,True,True,both,B,IO95ga,6.0,55.0208,-1.4583,N,55.0208,51.515,51.515,4,1223
G0KMC,G0KMC,True,True,both,B,JO02pw,6.0,52.9375,1.2917,N,52.9375,48.91,48.91,14,4086
G0KRB,G0KRB,True,True,both,A,JO02ag,6.0,52.2708,0.0417,N,52.2708,48.123,48.123,116,1308100
G0KTN,G0KTN,True,True,both,B,IO81ti,6.0,51.3542,-2.375,N,51.3542,47.052,47.052,391,134268
G0KYA,G0KYA,True,True,both,B,JO02no,6.0,52.6042,1.125,N,52.6042,48.507,48.507,7,3841
G0LCQ,G0LCQ,True,True,both,B,IO80hr,6.0,50.7292,-3.375,N,50.7292,46.297,46.297,5,6349
G0LLU,G0LLU,True,True,both,B,IO82,4.0,52.5,-3.0,N,52.5,48.499,48.499,4,9639
G0LPI,G0LPI,True,True,both,B,IO91nl,6.0,51.4792,-0.875,N,51.4792,47.167,47.167,5,454
G0LUJ,G0LUJ,True,True,both,A,IO83ls,6.0,53.7708,-3.0417,N,53.7708,50.064,50.064,197,1298747
G0MBL,G0MBL,True,True,both,B,JO01qh,6.0,51.3125,1.375,N,51.3125,46.916,46.916,4,14
G0MDL,G0MDL,True,True,both,B,JO01ls,6.0,51.7708,0.9583,N,51.7708,47.489,47.489,4,2412
G0MGZ,G0MGZ,True,True,both,A,IO91hw,6.0,51.9375,-1.375,N,51.9375,47.749,47.749,142,352233
G0MIE,G0MIE,True,True,both,B,IO81vu,6.0,51.8542,-2.2083,N,51.8542,47.67,47.67,5,9674
G0MKW,G0MKW,True,True,both,A,IO82xo,6.0,52.6042,-2.0417,N,52.6042,48.594,48.594,56,12331
G0MQW,G0MQW,True,True,both,B,IO91ml,6.0,51.4792,-0.9583,N,51.4792,47.169,47.169,56,51420
G0MRF,G0MRF,True,True,both,A,IO91fr,6.0,51.7292,-1.5417,N,51.7292,47.495,47.495,25,114077
G0MSE,G0MSE,True,True,both,B,IO92as,6.0,52.7708,-1.9583,N,52.7708,48.796,48.796,8,3573
G0MYX,G0MYX,True,True,both,B,IO91fp,6.0,51.6458,-1.5417,N,51.6458,47.392,47.392,3,5704
G0MZJ,G0MZJ,True,True,both,B,IO81wg,6.0,51.2708,-2.125,N,51.2708,46.94,46.94,40,177289
G0NAD,G0NAD,True,True,both,B,JO01ot,6.0,51.8125,1.2083,N,51.8125,47.535,47.535,6,8587
G0NAM,G0NAM,True,True,both,B,IO92hm,6.0,52.5208,-1.375,N,52.5208,48.47,48.47,5,136
G0NFY,G0NFY,True,True,both,B,IO93,4.0,53.5,-1.0,N,53.5,49.658,49.658,247,460825
G0NGG,G0NGG,True,True,both,B,JO01fm,6.0,51.5208,0.4583,N,51.5208,47.19,47.19,4,959
G0NIG,G0NIG,True,True,both,A,IO93dv,6.0,53.8958,-1.7083,N,53.8958,50.164,50.164,24,61691
G0NWE,G0NWE,True,True,both,A,IO83pi,6.0,53.3542,-2.7083,N,53.3542,49.541,49.541,14,5122
G0OAN,G0OAN,True,True,both,B,IO91vo,6.0,51.6042,-0.2083,N,51.6042,47.307,47.307,75,151469
G0OBK,G0OBK,True,True,both,B,IO93ib,6.0,53.0625,-1.2917,N,53.0625,49.133,49.133,8,14189
G0ODS,G0ODS,True,True,both,B,IO94nb,6.0,54.0625,-0.875,N,54.0625,50.337,50.337,22,20607
G0OEY,G0OEY,True,True,both,B,JO01pw,6.0,51.9375,1.2917,N,51.9375,47.688,47.688,7,2779
G0OFC,G0OFC,True,False,wsprnet_only,B,IO92nh,6.0,52.3125,-0.875,N,52.3125,48.199,48.199,4,158
G0OIW,G0OIW,True,True,both,A,IO91ml,6.0,51.4792,-0.9583,N,51.4792,47.169,47.169,132,152692
G0OJB,G0OJB,True,True,both,A,JO02fc,6.0,52.1042,0.4583,N,52.1042,47.909,47.909,16,1743
G0OOD,G0OOD,True,True,both,B,JO02pp,6.0,52.6458,1.2917,N,52.6458,48.554,48.554,6,5885
G0ORD,G0ORD,True,True,both,B,IO91,4.0,51.5,-1.0,N,51.5,47.196,47.196,4,14260
G0ORG,G0ORG,True,True,both,A,JO02lb,6.0,52.0625,0.9583,N,52.0625,47.847,47.847,29,51020
G0ORK,G0ORK,True,True,both,B,IO80fk,6.0,50.4375,-3.5417,N,50.4375,45.933,45.933,4,9187
G0ORY,G0ORY,True,True,both,B,IO92jo,6.0,52.6042,-1.2083,N,52.6042,48.567,48.567,5,23910
G0PBE,G0PBE,True,True,both,A,IO83pn,6.0,53.5625,-2.7083,N,53.5625,49.796,49.796,10,5099
G0PBQ,G0PBQ,True,True,both,B,IO83mq,6.0,53.6875,-2.9583,N,53.6875,49.959,49.959,9,2204
G0PDR,G0PDR,True,True,both,B,IO81ww,6.0,51.9375,-2.125,N,51.9375,47.771,47.771,5,3725
G0PEB,G0PEB,True,True,both,B,IO90ir,6.0,50.7292,-1.2917,N,50.7292,46.24,46.24,9,3643
G0PWZ,G0PWZ,True,True,both,A,IO94,4.0,54.5,-1.0,N,54.5,50.87,50.87,44,102032
G0RAS,G0RAS,True,True,both,A,IO91ls,6.0,51.7708,-1.0417,N,51.7708,47.533,47.533,17,740
G0RGX,G0RGX,True,True,both,A,IO80,4.0,50.5,-3.0,N,50.5,45.996,45.996,17,856
G0RIB,G0RIB,True,True,both,B,IO90mu,6.0,50.8542,-0.9583,N,50.8542,46.389,46.389,9,29044
G0RIF,G0RIF,True,True,both,B,IO92cq,6.0,52.6875,-1.7917,N,52.6875,48.688,48.688,3,1804
G0RRZ,G0RRZ,True,True,both,B,IO93jd,6.0,53.1458,-1.2083,N,53.1458,49.232,49.232,3,127
G0RTD,G0RTD,True,True,both,B,JO01js,6.0,51.7708,0.7917,N,51.7708,47.492,47.492,5,29121
G0RTM,G0RTM,True,True,both,B,IO84ph,6.0,54.3125,-2.7083,N,54.3125,50.71,50.71,4,224
G0SBN,G0SBN,True,True,both,B,IO95da,6.0,55.0208,-1.7083,N,55.0208,51.525,51.525,24,16412
G0SCV,G0SCV,True,True,both,A,IO94ql,6.0,54.4792,-0.625,N,54.4792,50.832,50.832,11,2894
G0SEC,G0SEC,True,True,both,B,IO80sp,6.0,50.6458,-2.4583,N,50.6458,46.165,46.165,3,96
G0SJP,G0SJP,True,True,both,B,JO00ds,6.0,50.7708,0.2917,N,50.7708,46.261,46.261,81,65430
G0SNJ,G0SNJ,True,True,both,B,JO02uk,6.0,52.4375,1.7083,N,52.4375,48.292,48.292,7,4723
G0SYI,G0SYI,True,True,both,A,IO81ql,6.0,51.4792,-2.625,N,51.4792,47.216,47.216,63,58100
G0TCD,G0TCD,True,True,both,A,IO91vx,6.0,51.9792,-0.2083,N,51.9792,47.77,47.77,393,1145085
G0TCP,G0TCP,True,True,both,A,JO02,4.0,52.5,1.0,N,52.5,48.383,48.383,69,187070
G0TCY,G0TCY,True,True,both,A,IO83tn,6.0,53.5625,-2.375,N,53.5625,49.783,49.783,17,9095
G0TKZ,G0TKZ,True,True,both,B,JO01ae,6.0,51.1875,0.0417,N,51.1875,46.784,46.784,7,49756
G0TOV,G0TOV,True,True,both,A,IO83pq,6.0,53.6875,-2.7083,N,53.6875,49.949,49.949,10,8046
G0TPZ,G0TPZ,True,True,both,B,IO82wl,6.0,52.4792,-2.125,N,52.4792,48.442,48.442,5,22028
G0TTV,G0TTV,True,True,both,A,JO02pn,6.0,52.5625,1.2917,N,52.5625,48.453,48.453,87,37508
G0TYS,G0TYS,True,True,both,B,IO93gp,6.0,53.6458,-1.4583,N,53.6458,49.851,49.851,3,877
G0TYZ,G0TYZ,True,True,both,B,IO91qk,6.0,51.4375,-0.625,N,51.4375,47.109,47.109,3,182
G0UBX,G0UBX,True,True,both,A,IO92sg,6.0,52.2708,-0.4583,N,52.2708,48.136,48.136,12,29209
G0UFB,G0UFB,True,True,both,A,IO92,4.0,52.5,-1.0,N,52.5,48.433,48.433,24,4290
G0UND,G0UND,True,True,both,A,IO93qe,6.0,53.1875,-0.625,N,53.1875,49.265,49.265,15,29813
G0UOA,G0UOA,True,True,both,A,IO70,4.0,50.5,-5.0,N,50.5,46.064,46.064,10,971
G0UON,G0UON,True,True,both,B,IO84qs,6.0,54.7708,-2.625,N,54.7708,51.262,51.262,7,8045
G0UOZ,G0UOZ,True,True,both,B,IO93rf,6.0,53.2292,-0.5417,N,53.2292,49.313,49.313,10,1947
G0UQQ,G0UQQ,True,True,both,B,IO93km,6.0,53.5208,-1.125,N,53.5208,49.687,49.687,3,1977
G0URR,G0URR,True,True,both,B,IO80hw,6.0,50.9375,-3.375,N,50.9375,46.56,46.56,6,26576
G0UYG,G0UYG,True,True,both,B,IO93re,6.0,53.1875,-0.5417,N,53.1875,49.262,49.262,3,1674
G0VCA,G0VCA,True,True,both,B,IO81xx,6.0,51.9792,-2.0417,N,51.9792,47.821,47.821,138,909111
G0VOK,G0VOK,True,True,both,A,IO83rg,6.0,53.2708,-2.5417,N,53.2708,49.432,49.432,86,203255
G0VQH,G0VQH,True,True,both,A,JO02fe,6.0,52.1875,0.4583,N,52.1875,48.011,48.011,24,24098
G0WBX,G0WBX,True,True,both,B,IO92ma,6.0,52.0208,-0.9583,N,52.0208,47.841,47.841,5,551
G0WNV,G0WNV,True,True,both,B,IO90hv,6.0,50.8958,-1.375,N,50.8958,46.451,46.451,7,3503
G0WUU,G0WUU,True,True,both,B,IO93kt,6.0,53.8125,-1.125,N,53.8125,50.042,50.042,4,6837
G0WYL,G0WYL,True,True,both,B,IO90,4.0,50.5,-1.0,N,50.5,45.946,45.946,6,25529
G0WZM,G0WZM,True,True,both,B,IO91ui,6.0,51.3542,-0.2917,N,51.3542,46.998,46.998,89,182110
G0XRC,G0XRC,True,True,both,A,IO80hp,6.0,50.6458,-3.375,N,50.6458,46.192,46.192,99,230398
G0YYM,G0YYM,True,True,both,B,IO90,4.0,50.5,-1.0,N,50.5,45.946,45.946,7,1572
G0YYZ,G0YYZ,True,True,both,B,IO93gn,6.0,53.5625,-1.4583,N,53.5625,49.749,49.749,5,2247
G0ZMH,G0ZMH,True,True,both,B,IO71iv,6.0,51.8958,-5.2917,N,51.8958,47.84,47.84,3,1315
G1BLO,G1BLO,True,True,both,A,IO90ds,6.0,50.7708,-1.7083,N,50.7708,46.302,46.302,386,269561
G1BVI,G1BVI,True,True,both,B,IO91wc,6.0,51.1042,-0.125,N,51.1042,46.684,46.684,8,13680
G1DOC,G1DOC,True,True,both,B,IO83ua,6.0,53.0208,-2.2917,N,53.0208,49.116,49.116,6,5636
G1DRG,G1DRG,True,True,both,A,IO93lx,6.0,53.9792,-1.0417,N,53.9792,50.242,50.242,43,3887
G1DWG,G1DWG,True,True,both,B,JO03aa,6.0,53.0208,0.0417,N,53.0208,49.042,49.042,21,3476
G1DXN,G1DXN,True,True,both,A,IO84ob,6.0,54.0625,-2.7917,N,54.0625,50.41,50.41,287,170596
G1EEK,G1EEK,True,True,both,A,IO91,4.0,51.5,-1.0,N,51.5,47.196,47.196,44,78351
G1EUH,G1EUH,True,True,both,B,IO83nt,6.0,53.8125,-2.875,N,53.8125,50.108,50.108,4,200
G1FXB,G1FXB,True,True,both,A,IO91,4.0,51.5,-1.0,N,51.5,47.196,47.196,394,1198510
G1GKN,G1GKN,True,True,both,B,JO01gt,6.0,51.8125,0.5417,N,51.8125,47.548,47.548,6,826
G1HHU,G1HHU,True,True,both,A,IO83um,6.0,53.5208,-2.2917,N,53.5208,49.729,49.729,10,1546
G1HJW,G1HJW,True,True,both,B,JO01in,6.0,51.5625,0.7083,N,51.5625,47.236,47.236,13,516
G1HZN,G1HZN,True,True,both,B,IO93wm,6.0,53.5208,-0.125,N,53.5208,49.656,49.656,54,17161
G1IAB,G1IAB,True,True,both,B,IO93nn,6.0,53.5625,-0.875,N,53.5625,49.73,49.73,4,1052
G1IDZ,G1IDZ,True,True,both,B,IO82tc,6.0,52.1042,-2.375,N,52.1042,47.986,47.986,129,58618
G1IMU,G1IMU,True,True,both,B,IO80du,6.0,50.8542,-3.7083,N,50.8542,46.466,46.466,60,27867
G1ISP,G1ISP,True,True,both,B,IO93,4.0,53.5,-1.0,N,53.5,49.658,49.658,3,1996
G1JMD,G1JMD,True,True,both,A,IO92,4.0,52.5,-1.0,N,52.5,48.433,48.433,63,266188
G1JSF,G1JSF,True,True,both,B,IO94im,6.0,54.5208,-1.2917,N,54.5208,50.906,50.906,5,3152
G1JXP,G1JXP,True,True,both,B,IO70pi,6.0,50.3542,-4.7083,N,50.3542,45.867,45.867,7,15175
G1MEI,G1MEI,True,True,both,A,IO91,4.0,51.5,-1.0,N,51.5,47.196,47.196,237,1263587
G1MME,G1MME,True,True,both,B,JO02be,6.0,52.1875,0.125,N,52.1875,48.019,48.019,7,1483
G1MPC,G1MPC,True,True,both,B,IO91sp,6.0,51.6458,-0.4583,N,51.6458,47.364,47.364,4,8232
G1NNR,G1NNR,True,True,both,B,IO90ar,6.0,50.7292,-1.9583,N,50.7292,46.256,46.256,3,8482
G1NUN,G1NUN,True,True,both,A,IO92,4.0,52.5,-1.0,N,52.5,48.433,48.433,10,1526
G1NVS,G1NVS,True,True,both,A,IO82,4.0,52.5,-3.0,N,52.5,48.499,48.499,27,214476
G1NXS,G1NXS,True,True,both,B,IO83rk,6.0,53.4375,-2.5417,N,53.4375,49.636,49.636,21,1225
G1OJS,G1OJS,True,True,both,B,IO90ju,6.0,50.8542,-1.2083,N,50.8542,46.395,46.395,5,1036
G1PHZ,G1PHZ,True,True,both,A,IO82ud,6.0,52.1458,-2.2917,N,52.1458,48.035,48.035,14,112272
G1PPZ,G1PPZ,True,True,both,B,IO82xk,6.0,52.4375,-2.0417,N,52.4375,48.388,48.388,18,18530
G1PRX,G1PRX,True,True,both,A,IO90jp,6.0,50.6458,-1.2083,N,50.6458,46.134,46.134,13,3312
G1PTN,G1PTN,True,False,wsprnet_only,B,IO91,4.0,51.5,-1.0,N,51.5,47.196,47.196,5,16
G1RLI,G1RLI,True,True,both,B,IO82,4.0,52.5,-3.0,N,52.5,48.499,48.499,8,38640
G1ROK,G1ROK,True,True,both,B,IO91xj,6.0,51.3958,-0.0417,N,51.3958,47.045,47.045,88,571931
G1RQK,G1RQK,True,True,both,B,IO94,4.0,54.5,-1.0,N,54.5,50.87,50.87,6,13221
G1RVI,G1RVI,True,True,both,A,IO91,4.0,51.5,-1.0,N,51.5,47.196,47.196,17,21806
G1TZZ,G1TZZ,True,True,both,B,JO01,4.0,51.5,1.0,N,51.5,47.154,47.154,27,9931
G1UDS,G1UDS,True,True,both,B,IO82wt,6.0,52.8125,-2.125,N,52.8125,48.854,48.854,6,1351
G1UQK,G1UQK,True,True,both,A,IO82,4.0,52.5,-3.0,N,52.5,48.499,48.499,10,97369
G1UZL,G1UZL,True,True,both,A,IO83xl,6.0,53.4792,-2.0417,N,53.4792,49.669,49.669,16,24243
G1VAQ,G1VAQ,True,True,both,B,JO02ul,6.0,52.4792,1.7083,N,52.4792,48.343,48.343,3,841
G1VNA,G1VNA,True,True,both,B,IO70um,6.0,50.5208,-4.2917,N,50.5208,46.064,46.064,5,2812
G1VWC,G1VWC,True,True,both,A,IO92wh,6.0,52.3125,-0.125,N,52.3125,48.179,48.179,11,40737
G1VXD,G1VXD,True,True,both,B,IO83xb,6.0,53.0625,-2.0417,N,53.0625,49.158,49.158,8,803
G1WYA,G1WYA,True,True,both,B,IO83wn,6.0,53.5625,-2.125,N,53.5625,49.773,49.773,8,1935
G1XVW,G1XVW,True,True,both,B,JO01,4.0,51.5,1.0,N,51.5,47.154,47.154,4,9287
G1XYG,G1XYG,True,True,both,A,IO92,4.0,52.5,-1.0,N,52.5,48.433,48.433,142,96043
G1YBJ,G1YBJ,True,True,both,B,IO92qh,6.0,52.3125,-0.625,N,52.3125,48.192,48.192,3,3136
G1ZGC,G1ZGC,True,True,both,A,IO80go,6.0,50.6042,-3.4583,N,50.6042,46.142,46.142,11,5674
G1ZRN,G1ZRN,True,True,both,B,IO82ui,6.0,52.3542,-2.2917,N,52.3542,48.293,48.293,6,995
G21URP,G21URP,True,False,wsprnet_only,B,FC52,4.0,-67.5,-69.0,S,67.5,-53.294,53.294,9,22
G22SOS,G22SOS,True,True,both,A,FK29,4.0,19.5,-75.0,N,19.5,28.441,28.441,12,15
G2DD,G2DD,True,True,both,B,IO91oj,6.0,51.3958,-0.7917,N,51.3958,47.061,47.061,4,2894
G2HR,G2HR,True,True,both,A,IO91,4.0,51.5,-1.0,N,51.5,47.196,47.196,12,1397
G2ML,G2ML,True,True,both,B,IO91rk,6.0,51.4375,-0.5417,N,51.4375,47.107,47.107,8,10248
G2OU,G2OU,True,True,both,B,IO92pa,6.0,52.0208,-0.7083,N,52.0208,47.834,47.834,8,68858
G2PLX,G2PLX,True,True,both,B,JO02,4.0,52.5,1.0,N,52.5,48.383,48.383,335,796587
G2QJV,G2QJV,True,False,wsprnet_only,B,IO91kg,6.0,51.2708,-1.125,N,51.2708,46.914,46.914,4,180
G34VKU,G34VKU,True,False,wsprnet_only,B,JL82,4.0,22.5,17.0,N,22.5,6.54,6.54,6,10
G3AGG,G3AGG,True,True,both,B,IO83,4.0,53.5,-3.0,N,53.5,49.731,49.731,10,15726
G3AGM,G3AGM,True,True,both,B,JO01bx,6.0,51.9792,0.125,N,51.9792,47.763,47.763,4,4688
G3AML,G3AML,True,True,both,B,IO92ko,6.0,52.6042,-1.125,N,52.6042,48.565,48.565,8,2714
G3ARM,G3ARM,True,True,both,B,IO93rf,6.0,53.2292,-0.5417,N,53.2292,49.313,49.313,3,315
G3DVF,G3DVF,True,True,both,A,IO95,4.0,55.5,-1.0,N,55.5,52.072,52.072,193,139743
G3EFG,G3EFG,True,True,both,B,IO92qw,6.0,52.9375,-0.625,N,52.9375,48.959,48.959,4,5218
G3EFO,G3EFO,True,True,both,A,IO91wp,6.0,51.6458,-0.125,N,51.6458,47.356,47.356,26,8441
G3ILO,G3ILO,True,True,both,A,IO81,4.0,51.5,-3.0,N,51.5,47.254,47.254,10,7329
G3IUZ,G3IUZ,True,True,both,A,IO81,4.0,51.5,-3.0,N,51.5,47.254,47.254,154,939341
G3KFB,G3KFB,True,True,both,B,IO93po,6.0,53.6042,-0.7083,N,53.6042,49.775,49.775,3,2402
G3L,G3L,True,False,wsprnet_only,A,JO00,4.0,50.5,1.0,N,50.5,45.913,45.913,45,111
G3LES,G3LES,True,True,both,B,IO94,4.0,54.5,-1.0,N,54.5,50.87,50.87,14,10715
G3MD,G3MD,True,True,both,B,JO01aw,6.0,51.9375,0.0417,N,51.9375,47.713,47.713,9,5465
G3MOT,G3MOT,True,True,both,A,IO92kw,6.0,52.9375,-1.125,N,52.9375,48.974,48.974,21,164781
G3MRH,G3MRH,True,True,both,A,IO93,4.0,53.5,-1.0,N,53.5,49.658,49.658,61,7294
G3MXH,G3MXH,True,True,both,B,JO02lf,6.0,52.2292,0.9583,N,52.2292,48.052,48.052,4,6701
G3NR,G3NR,True,True,both,B,IO90ao,6.0,50.6042,-1.9583,N,50.6042,46.099,46.099,4,1039
G3OVH,G3OVH,True,True,both,B,IO92jp,6.0,52.6458,-1.2083,N,52.6458,48.619,48.619,5,294
G3OWL,G3OWL,True,True,both,B,IO92,4.0,52.5,-1.0,N,52.5,48.433,48.433,5,3254
G3PDQ,G3PDQ,True,True,both,A,IO91oh,6.0,51.3125,-0.7917,N,51.3125,46.958,46.958,14,669
G3PMY,G3PMY,True,True,both,B,IO90is,6.0,50.7708,-1.2917,N,50.7708,46.292,46.292,163,341920
G3RBT,G3RBT,True,True,both,B,IO93,4.0,53.5,-1.0,N,53.5,49.658,49.658,7,1411
G3RCE,G3RCE,True,True,both,B,IO90ku,6.0,50.8542,-1.125,N,50.8542,46.393,46.393,4,15486
G3RCQ,G3RCQ,True,True,both,B,IO92,4.0,52.5,-1.0,N,52.5,48.433,48.433,9,28520
G3RZF,G3RZF,True,True,both,B,IO91,4.0,51.5,-1.0,N,51.5,47.196,47.196,6,71
G3SNT,G3SNT,True,True,both,A,IO94dt,6.0,54.8125,-1.7083,N,54.8125,51.275,51.275,39,96201
G3SPJ,G3SPJ,True,True,both,A,JO01bl,6.0,51.4792,0.125,N,51.4792,47.145,47.145,78,284450
G3SQU,G3SQU,True,True,both,A,IO95ea,6.0,55.0208,-1.625,N,55.0208,51.522,51.522,12,13353
G3SRT,G3SRT,True,True,both,B,IO82,4.0,52.5,-3.0,N,52.5,48.499,48.499,4,12126
G3SWW,G3SWW,True,True,both,B,IO94vc,6.0,54.1042,-0.2083,N,54.1042,50.365,50.365,4,693
G3TBJ,G3TBJ,True,True,both,A,IO70lb,6.0,50.0625,-5.0417,N,50.0625,45.507,45.507,10,4731
G3TGD,G3TGD,True,True,both,A,IO82ud,6.0,52.1458,-2.2917,N,52.1458,48.035,48.035,126,238802
G3TMD,G3TMD,True,True,both,B,IO93,4.0,53.5,-1.0,N,53.5,49.658,49.658,234,670235
G3TZR,G3TZR,True,True,both,B,IO91,4.0,51.5,-1.0,N,51.5,47.196,47.196,4,13
G3UKB,G3UKB,True,True,both,B,IO92wf,6.0,52.2292,-0.125,N,52.2292,48.076,48.076,8,3664
G3USE,G3USE,True,True,both,A,IO80,4.0,50.5,-3.0,N,50.5,45.996,45.996,11,5431
G3UUX,G3UUX,True,False,wsprnet_only,B,JO02,4.0,52.5,1.0,N,52.5,48.383,48.383,3,16
G3VBQ,G3VBQ,True,True,both,B,IO81,4.0,51.5,-3.0,N,51.5,47.254,47.254,6,5056
G3VGZ,G3VGZ,True,True,both,B,IO94im,6.0,54.5208,-1.2917,N,54.5208,50.906,50.906,3,3081
G3VRE,G3VRE,True,True,both,B,IO81wl,6.0,51.4792,-2.125,N,51.4792,47.201,47.201,6,541
G3WCB,G3WCB,True,True,both,A,IO80ei,6.0,50.3542,-3.625,N,50.3542,45.83,45.83,344,98087
G3WCE,G3WCE,True,True,both,B,JO02pt,6.0,52.8125,1.2917,N,52.8125,48.758,48.758,115,281340
G3WDX,G3WDX,True,True,both,B,IO91tq,6.0,51.6875,-0.375,N,51.6875,47.414,47.414,3,24365
G3WIP,G3WIP,True,True,both,A,JO01al,6.0,51.4792,0.0417,N,51.4792,47.146,47.146,11,19425
G3WUN,G3WUN,True,True,both,A,IO91ms,6.0,51.7708,-0.9583,N,51.7708,47.531,47.531,105,267255
G3XBM,G3XBM,True,True,both,B,JO02dg,6.0,52.2708,0.2917,N,52.2708,48.117,48.117,262,120656
G3XFD,G3XFD,True,True,both,A,IO90,4.0,50.5,-1.0,N,50.5,45.946,45.946,26,7342
G3XIZ,G3XIZ,True,True,both,A,IO92ub,6.0,52.0625,-0.2917,N,52.0625,47.875,47.875,69,92245
G3XJE,G3XJE,True,True,both,B,IO86pm,6.0,56.5208,-2.7083,N,56.5208,53.365,53.365,9,16655
G3XML,G3XML,True,True,both,A,IO93co,6.0,53.6042,-1.7917,N,53.6042,49.812,49.812,25,85075
G3XTZ,G3XTZ,True,True,both,B,IO91sk,6.0,51.4375,-0.4583,N,51.4375,47.105,47.105,8,22393
G3XUP,G3XUP,True,True,both,A,IO90wx,6.0,50.9792,-0.125,N,50.9792,46.528,46.528,13,6635
G3XVL,G3XVL,True,True,both,B,JO02me,6.0,52.1875,1.0417,N,52.1875,47.999,47.999,4,12948
G3XZP,G3XZP,True,True,both,A,JO02af,6.0,52.2292,0.0417,N,52.2292,48.072,48.072,11,10292
G3YAS,G3YAS,True,True,both,B,IO91bp,6.0,51.6458,-1.875,N,51.6458,47.401,47.401,101,137986
G3YBO,G3YBO,True,True,both,B,IO93ge,6.0,53.1875,-1.4583,N,53.1875,49.291,49.291,3,6838
G3YHM,G3YHM,True,True,both,B,IO90tt,6.0,50.8125,-0.375,N,50.8125,46.325,46.325,34,16496
G3YHV,G3YHV,True,True,both,B,IO81pl,6.0,51.4792,-2.7083,N,51.4792,47.219,47.219,59,160093
G3YPW,G3YPW,True,True,both,B,IO90,4.0,50.5,-1.0,N,50.5,45.946,45.946,3,733
G3YPZ,G3YPZ,True,True,both,A,JO02bs,6.0,52.7708,0.125,N,52.7708,48.734,48.734,19,18912
G3YSG,G3YSG,True,True,both,A,IO90iv,6.0,50.8958,-1.2917,N,50.8958,46.449,46.449,11,28961
G3YSX,G3YSX,True,True,both,A,IO91wg,6.0,51.2708,-0.125,N,51.2708,46.891,46.891,38,360077
G3YZO,G3YZO,True,True,both,B,JO02ca,6.0,52.0208,0.2083,N,52.0208,47.812,47.812,3,237
G3ZDQ,G3ZDQ,True,True,both,A,IO80vt,6.0,50.8125,-2.2083,N,50.8125,46.368,46.368,15,18896
G3ZHZ,G3ZHZ,True,True,both,B,JO00ct,6.0,50.8125,0.2083,N,50.8125,46.315,46.315,9,1453
G3ZIL,G3ZIL,True,True,both,B,IO90hw,6.0,50.9375,-1.375,N,50.9375,46.503,46.503,134,256225
G3ZJO,G3ZJO,True,True,both,A,IO92ng,6.0,52.2708,-0.875,N,52.2708,48.147,48.147,326,58442
G3ZNG,G3ZNG,True,True,both,B,IO80ov,6.0,50.8958,-2.7917,N,50.8958,46.489,46.489,33,59720
G3ZOH,G3ZOH,True,True,both,B,JO01,4.0,51.5,1.0,N,51.5,47.154,47.154,7,410
G3ZSE,G3ZSE,True,True,both,A,IO92pj,6.0,52.3958,-0.7083,N,52.3958,48.296,48.296,27,10999
G3ZYD,G3ZYD,True,True,both,B,IO93ga,6.0,53.0208,-1.4583,N,53.0208,49.087,49.087,367,329354
G4AAV,G4AAV,True,True,both,B,IO92hm,6.0,52.5208,-1.375,N,52.5208,48.47,48.47,5,636
G4AHG,G4AHG,True,True,both,B,IO81ok,6.0,51.4375,-2.7917,N,51.4375,47.169,47.169,150,15730
G4AKW,G4AKW,True,True,both,A,JO02pc,6.0,52.1042,1.2917,N,52.1042,47.892,47.892,26,33021
G4APB,G4APB,True,True,both,B,JO01cl,6.0,51.4792,0.2083,N,51.4792,47.143,47.143,137,29612
G4APP,G4APP,True,True,both,B,IO94du,6.0,54.8542,-1.7083,N,54.8542,51.325,51.325,19,18051
G4ASE,G4ASE,True,True,both,B,IO93,4.0,53.5,-1.0,N,53.5,49.658,49.658,6,511
G4AWP,G4AWP,True,True,both,B,IO94la,6.0,54.0208,-1.0417,N,54.0208,50.292,50.292,9,27799
G4BAV,G4BAV,True,True,both,B,JO02,4.0,52.5,1.0,N,52.5,48.383,48.383,385,384100
G4BKC,G4BKC,True,True,both,A,IO92,4.0,52.5,-1.0,N,52.5,48.433,48.433,35,22434
G4BOO,G4BOO,True,True,both,A,IO91ij,6.0,51.3958,-1.2917,N,51.3958,47.074,47.074,118,843574
G4BRK,G4BRK,True,True,both,B,IO91hp,6.0,51.6458,-1.375,N,51.6458,47.387,47.387,6,26591
G4CAO,G4CAO,True,True,both,A,IO91si,6.0,51.3542,-0.4583,N,51.3542,47.002,47.002,204,347594
G4CAZ,G4CAZ,True,True,both,B,IO92ns,6.0,52.7708,-0.875,N,52.7708,48.762,48.762,8,31766
G4CDC,G4CDC,True,True,both,B,IO93pp,6.0,53.6458,-0.7083,N,53.6458,49.826,49.826,23,7942
G4CJZ,G4CJZ,True,True,both,B,IO81ro,6.0,51.6042,-2.5417,N,51.6042,47.37,47.37,54,79581
G4CLO,G4CLO,True,True,both,B,JO02pw,6.0,52.9375,1.2917,N,52.9375,48.91,48.91,272,412900
G4CPE,G4CPE,True,True,both,B,IO91sw,6.0,51.9375,-0.4583,N,51.9375,47.725,47.725,47,6118
G4CVC,G4CVC,True,True,both,B,JO01dk,6.0,51.4375,0.2917,N,51.4375,47.09,47.09,6,4880
G4CVM,G4CVM,True,True,both,A,IO92dj,6.0,52.3958,-1.7083,N,52.3958,48.326,48.326,48,76418
G4DAT,G4DAT,True,True,both,A,IO91ko,6.0,51.6042,-1.125,N,51.6042,47.329,47.329,11,10952
G4DEU,G4DEU,True,True,both,B,IO81sl,6.0,51.4792,-2.4583,N,51.4792,47.211,47.211,30,36521
G4DJB,G4DJB,True,True,both,A,IO91ph,6.0,51.3125,-0.7083,N,51.3125,46.956,46.956,106,113859
G4DND,G4DND,True,True,both,B,IO80bo,6.0,50.6042,-3.875,N,50.6042,46.156,46.156,6,18642
G4DOD,G4DOD,True,True,both,B,IO91vd,6.0,51.1458,-0.2083,N,51.1458,46.738,46.738,3,386
G4DPZ,G4DPZ,True,True,both,B,IO82xl,6.0,52.4792,-2.0417,N,52.4792,48.44,48.44,4,1261
G4DUK,G4DUK,True,True,both,A,IO93ii,6.0,53.3542,-1.2917,N,53.3542,49.489,49.489,12,8191
G4DVS,G4DVS,True,True,both,B,IO83,4.0,53.5,-3.0,N,53.5,49.731,49.731,5,3943
G4DXG,G4DXG,True,True,both,B,JO00tc,6.0,50.1042,1.625,N,50.1042,45.413,45.413,5,313
G4DXO,G4DXO,True,True,both,A,IO90tu,6.0,50.8542,-0.375,N,50.8542,46.377,46.377,32,5917
G4DYK,G4DYK,True,True,both,B,IO82wk,6.0,52.4375,-2.125,N,52.4375,48.391,48.391,4,4848
G4EAG,G4EAG,True,True,both,A,JO02be,6.0,52.1875,0.125,N,52.1875,48.019,48.019,49,75413
G4EDR,G4EDR,True,True,both,A,IO94uf,6.0,54.2292,-0.2917,N,54.2292,50.519,50.519,14,10830
G4EDY,G4EDY,True,True,both,B,IO81ur,6.0,51.7292,-2.2917,N,51.7292,47.518,47.518,31,32888
G4EFE,G4EFE,True,True,both,B,IO91ll,6.0,51.4792,-1.0417,N,51.4792,47.171,47.171,31,105583
G4ELJ,G4ELJ,True,True,both,B,IO91nf,6.0,51.2292,-0.875,N,51.2292,46.856,46.856,19,38871
G4ENZ,G4ENZ,True,True,both,B,IO81vv,6.0,51.8958,-2.2083,N,51.8958,47.722,47.722,3,1793
G4ETN,G4ETN,True,True,both,B,IO81ha,6.0,51.0208,-3.375,N,51.0208,46.665,46.665,30,311794
G4EUR,G4EUR,True,True,both,A,IO92ng,6.0,52.2708,-0.875,N,52.2708,48.147,48.147,64,34202
G4FAB,G4FAB,True,True,both,B,IO92mw,6.0,52.9375,-0.9583,N,52.9375,48.969,48.969,6,15202
G4FBA,G4FBA,True,True,both,B,IO93lu,6.0,53.8542,-1.0417,N,53.8542,50.09,50.09,147,589158
G4FCD,G4FCD,True,True,both,B,IO91sp,6.0,51.6458,-0.4583,N,51.6458,47.364,47.364,5,618
G4FDD,G4FDD,True,True,both,A,IO93kx,6.0,53.9792,-1.125,N,53.9792,50.245,50.245,110,164137
G4FDL,G4FDL,True,True,both,A,IO83,4.0,53.5,-3.0,N,53.5,49.731,49.731,221,3527
G4FEV,G4FEV,True,True,both,B,IO92rg,6.0,52.2708,-0.5417,N,52.2708,48.138,48.138,3,7975
G4FFC,G4FFC,True,True,both,B,IO92tg,6.0,52.2708,-0.375,N,52.2708,48.134,48.134,9,2272
G4FGJ,G4FGJ,True,True,both,B,IO92uc,6.0,52.1042,-0.2917,N,52.1042,47.926,47.926,22,2805
G4FKK,G4FKK,True,True,both,A,IO91wi,6.0,51.3542,-0.125,N,51.3542,46.995,46.995,13,49350
G4FPH,G4FPH,True,False,wsprnet_only,B,IO81ld,6.0,51.1458,-3.0417,N,51.1458,46.811,46.811,3,12
G4FSX,G4FSX,True,True,both,A,IO92uq,6.0,52.6875,-0.2917,N,52.6875,48.643,48.643,25,50875
G4GCI,G4GCI,True,True,both,B,IO90gu,6.0,50.8542,-1.4583,N,50.8542,46.401,46.401,381,6830251
G4GCI/P,G4GCI,True,True,both,B,IO90gu,6.0,50.8542,-1.4583,N,50.8542,46.401,46.401,7,872
G4GIR,G4GIR,True,True,both,B,IO92sd,6.0,52.1458,-0.4583,N,52.1458,47.982,47.982,27,23170
G4GJR,G4GJR,True,True,both,A,IO92pb,6.0,52.0625,-0.7083,N,52.0625,47.886,47.886,38,54317
G4GNK,G4GNK,True,True,both,B,IO93ob,6.0,53.0625,-0.7917,N,53.0625,49.117,49.117,17,25021
G4GOC,G4GOC,True,True,both,A,IO92,4.0,52.5,-1.0,N,52.5,48.433,48.433,321,3385007
G4GOY,G4GOY,True,True,both,A,JO02ag,6.0,52.2708,0.0417,N,52.2708,48.123,48.123,14,1915
G4GRR,G4GRR,True,True,both,A,IO91fh,6.0,51.3125,-1.5417,N,51.3125,46.976,46.976,13,12340
G4GVB,G4GVB,True,True,both,B,JP02,4.0,62.5,1.0,N,62.5,60.082,60.082,30,101
G4GVZ,G4GVZ,True,True,both,B,IO81wv,6.0,51.8958,-2.125,N,51.8958,47.72,47.72,382,557814
G4HDS,G4HDS,True,True,both,B,IO85ug,6.0,55.2708,-2.2917,N,55.2708,51.851,51.851,8,2349
G4HGL,G4HGL,True,True,both,B,IO83,4.0,53.5,-3.0,N,53.5,49.731,49.731,5,7540
G4HJE,G4HJE,True,True,both,A,JO01,4.0,51.5,1.0,N,51.5,47.154,47.154,386,919345
G4HJN,G4HJN,True,False,wsprnet_only,B,IO93,4.0,53.5,-1.0,N,53.5,49.658,49.658,9,17
G4HLX,G4HLX,True,True,both,B,IO91go,6.0,51.6042,-1.4583,N,51.6042,47.338,47.338,6,1155
G4HRM,G4HRM,True,True,both,A,IO94mm,6.0,54.5208,-0.9583,N,54.5208,50.894,50.894,83,24120
G4HSB,G4HSB,True,True,both,B,IO94,4.0,54.5,-1.0,N,54.5,50.87,50.87,395,24012732
G4HZW,G4HZW,True,True,both,A,IO83uh,6.0,53.3125,-2.2917,N,53.3125,49.474,49.474,14,12842
G4IBZ,G4IBZ,True,True,both,A,IO93kh,6.0,53.3125,-1.125,N,53.3125,49.433,49.433,46,98013
G4IDF,G4IDF,True,True,both,A,IO82ve,6.0,52.1875,-2.2083,N,52.1875,48.084,48.084,14,4533
G4IKZ,G4IKZ,True,True,both,B,JO02af,6.0,52.2292,0.0417,N,52.2292,48.072,48.072,9,39988
G4IOA,G4IOA,True,True,both,B,IO81wv,6.0,51.8958,-2.125,N,51.8958,47.72,47.72,5,284
G4IOG,G4IOG,True,True,both,B,JO01ii,6.0,51.3542,0.7083,N,51.3542,46.979,46.979,3,394
G4IUP,G4IUP,True,True,both,A,IO93au,6.0,53.8542,-1.9583,N,53.8542,50.123,50.123,75,274101
G4JDB,G4JDB,True,False,wsprnet_only,A,IO90,4.0,50.5,-1.0,N,50.5,45.946,45.946,21,40
G4JEI,G4JEI,True,True,both,B,IO90tu,6.0,50.8542,-0.375,N,50.8542,46.377,46.377,3,1884
G4JGR,G4JGR,True,True,both,B,IO92,4.0,52.5,-1.0,N,52.5,48.433,48.433,61,19746
G4JIX,G4JIX,True,True,both,B,IO94fq,6.0,54.6875,-1.5417,N,54.6875,51.117,51.117,29,66630
G4JJH,G4JJH,True,True,both,B,JO01,4.0,51.5,1.0,N,51.5,47.154,47.154,8,1310
G4JNT,G4JNT,True,True,both,B,IO90iv,6.0,50.8958,-1.2917,N,50.8958,46.449,46.449,7,2761
G4JNW,G4JNW,True,True,both,A,IO94,4.0,54.5,-1.0,N,54.5,50.87,50.87,13,12767
G4JQT,G4JQT,True,True,both,A,JO02ju,6.0,52.8542,0.7917,N,52.8542,48.82,48.82,18,34992
G4JQT/P,G4JQT,True,True,both,A,IO91ll,6.0,51.4792,-1.0417,N,51.4792,47.171,47.171,220,1034435
G4JUW,G4JUW,True,True,both,A,IO82,4.0,52.5,-3.0,N,52.5,48.499,48.499,14,3493
G4JVF,G4JVF,True,True,both,A,IO93ie,6.0,53.1875,-1.2917,N,53.1875,49.286,49.286,36,158319
G4JXZ,G4JXZ,True,True,both,B,IO92qb,6.0,52.0625,-0.625,N,52.0625,47.883,47.883,8,11588
G4KIN,G4KIN,True,True,both,B,IO83om,6.0,53.5208,-2.7917,N,53.5208,49.748,49.748,4,2186
G4KPX,G4KPX,True,True,both,A,JO02dj,6.0,52.3958,0.2917,N,52.3958,48.271,48.271,304,23973
G4LCM,G4LCM,True,True,both,A,IO81xv,6.0,51.8958,-2.0417,N,51.8958,47.717,47.717,347,125827
G4LJH,G4LJH,True,True,both,B,IO83,4.0,53.5,-3.0,N,53.5,49.731,49.731,3,106
G4LJZ,G4LJZ,True,True,both,A,IO81pd,6.0,51.1458,-2.7083,N,51.1458,46.801,46.801,13,19692
G4LLI,G4LLI,True,True,both,A,IO91ub,6.0,51.0625,-0.2917,N,51.0625,46.635,46.635,58,35727
G4LMN,G4LMN,True,True,both,B,IO91tr,6.0,51.7292,-0.375,N,51.7292,47.465,47.465,24,128448
G4LRP,G4LRP,True,True,both,A,IO91ta,6.0,51.0208,-0.375,N,51.0208,46.585,46.585,148,455481
G4MHJ,G4MHJ,True,True,both,B,JO01bl,6.0,51.4792,0.125,N,51.4792,47.145,47.145,3,134
G4MIB,G4MIB,True,True,both,A,IO81la,6.0,51.0208,-3.0417,N,51.0208,46.654,46.654,20,68823
G4MKF,G4MKF,True,True,both,A,IO91hj,6.0,51.3958,-1.375,N,51.3958,47.076,47.076,10,9471
G4MKR,G4MKR,True,True,both,B,IO92vd,6.0,52.1458,-0.2083,N,52.1458,47.976,47.976,22,23162
G4MQS,G4MQS,True,True,both,B,IO92ko,6.0,52.6042,-1.125,N,52.6042,48.565,48.565,5,16389
G4MRE,G4MRE,True,True,both,B,IO81tj,6.0,51.3958,-2.375,N,51.3958,47.104,47.104,6,18533
G4MRS,G4MRS,True,True,both,A,JO02pb,6.0,52.0625,1.2917,N,52.0625,47.841,47.841,38,45754
G4MSN,G4MSN,True,True,both,B,IO93fu,6.0,53.8542,-1.5417,N,53.8542,50.108,50.108,31,16265
G4MUV,G4MUV,True,True,both,B,IO92bh,6.0,52.3125,-1.875,N,52.3125,48.228,48.228,115,88414
G4NDM,G4NDM,True,True,both,A,IO92kw,6.0,52.9375,-1.125,N,52.9375,48.974,48.974,19,24356
G4NEY,G4NEY,True,True,both,A,JO02ah,6.0,52.3125,0.0417,N,52.3125,48.175,48.175,18,35218
G4NJI,G4NJI,True,True,both,B,IO93ik,6.0,53.4375,-1.2917,N,53.4375,49.591,49.591,9,1186
G4NJJ,G4NJJ,True,True,both,A,JO02,4.0,52.5,1.0,N,52.5,48.383,48.383,101,674488
G4NKX,G4NKX,True,True,both,B,IO90lv,6.0,50.8958,-1.0417,N,50.8958,46.443,46.443,3,171
G4NSJ,G4NSJ,True,True,both,B,IO90tt,6.0,50.8125,-0.375,N,50.8125,46.325,46.325,338,105667
G4NSJ/M,G4NSJ,True,True,both,A,IO90tt,6.0,50.8125,-0.375,N,50.8125,46.325,46.325,15,995
G4NU,G4NU,True,True,both,A,IO81,4.0,51.5,-3.0,N,51.5,47.254,47.254,69,126
G4NUO,G4NUO,True,True,both,B,IO94lo,6.0,54.6042,-1.0417,N,54.6042,50.998,50.998,3,2786
G4NXH,G4NXH,True,True,both,A,IO94hu,6.0,54.8542,-1.375,N,54.8542,51.312,51.312,278,10422
G4OEP,G4OEP,True,True,both,B,IO81ql,6.0,51.4792,-2.625,N,51.4792,47.216,47.216,128,503899
G4OMJ,G4OMJ,True,True,both,B,IO92mv,6.0,52.8958,-0.9583,N,52.8958,48.918,48.918,4,1129
G4PCI,G4PCI,True,True,both,B,IO81xj,6.0,51.3958,-2.0417,N,51.3958,47.094,47.094,251,16320
G4PDC,G4PDC,True,True,both,A,IO81sh,6.0,51.3125,-2.4583,N,51.3125,47.002,47.002,127,1737
G4PEY,G4PEY,True,True,both,A,IO91tb,6.0,51.0625,-0.375,N,51.0625,46.637,46.637,125,655465
G4PHC,G4PHC,True,False,wsprnet_only,A,IO90,4.0,50.5,-1.0,N,50.5,45.946,45.946,89,278
G4PMB,G4PMB,True,True,both,A,IO92qb,6.0,52.0625,-0.625,N,52.0625,47.883,47.883,38,84510
G4RAA,G4RAA,True,True,both,B,IO91qm,6.0,51.5208,-0.625,N,51.5208,47.213,47.213,26,18253
G4RAF,G4RAF,True,True,both,A,IO82,4.0,52.5,-3.0,N,52.5,48.499,48.499,216,536353
G4RCV,G4RCV,True,True,both,B,IO92,4.0,52.5,-1.0,N,52.5,48.433,48.433,3,5905
G4RGH,G4RGH,True,True,both,A,IO93ik,6.0,53.4375,-1.2917,N,53.4375,49.591,49.591,24,65644
G4RGH/P,G4RGH,True,True,both,B,IO80cs,6.0,50.7708,-3.7917,N,50.7708,46.364,46.364,4,6172
G4RHR,G4RHR,True,True,both,B,JO02pa,6.0,52.0208,1.2917,N,52.0208,47.79,47.79,3,175
G4RKB,G4RKB,True,True,both,B,JO01lv,6.0,51.8958,0.9583,N,51.8958,47.643,47.643,3,2390
G4RNI,G4RNI,True,True,both,B,IO94gx,6.0,54.9792,-1.4583,N,54.9792,51.465,51.465,25,13824
G4RSD,G4RSD,True,True,both,B,JO02pd,6.0,52.1458,1.2917,N,52.1458,47.943,47.943,7,16968
G4RVH,G4RVH,True,True,both,A,IO84fm,6.0,54.5208,-3.5417,N,54.5208,51.0,51.0,385,2204882
G4SDG,G4SDG,True,True,both,B,IO92tc,6.0,52.1042,-0.375,N,52.1042,47.929,47.929,282,366790
G4SDL,G4SDL,True,True,both,A,IO83tk,6.0,53.4375,-2.375,N,53.4375,49.63,49.63,14,19360
G4SFS,G4SFS,True,True,both,A,IO81qf,6.0,51.2292,-2.625,N,51.2292,46.903,46.903,154,401142
G4SGI,G4SGI,True,True,both,A,IO81wv,6.0,51.8958,-2.125,N,51.8958,47.72,47.72,23,20004
G4SHS,G4SHS,True,True,both,A,IO90jp,6.0,50.6458,-1.2083,N,50.6458,46.134,46.134,395,776405
G4SPE,G4SPE,True,True,both,A,IO81wi,6.0,51.3542,-2.125,N,51.3542,47.045,47.045,15,29459
G4SRD,G4SRD,True,True,both,B,IO81wi,6.0,51.3542,-2.125,N,51.3542,47.045,47.045,7,590
G4SRT,G4SRT,True,True,both,B,IO82,4.0,52.5,-3.0,N,52.5,48.499,48.499,6,1061
G4TAH,G4TAH,True,True,both,B,IO81rk,6.0,51.4375,-2.5417,N,51.4375,47.161,47.161,4,9651
G4TGP,G4TGP,True,True,both,B,IM67,4.0,37.5,-7.0,N,37.5,27.87,27.87,8,20304
G4TJE,G4TJE,True,True,both,B,JO01bh,6.0,51.3125,0.125,N,51.3125,46.938,46.938,28,2313
G4TNU,G4TNU,True,True,both,A,IO91rq,6.0,51.6875,-0.5417,N,51.6875,47.418,47.418,264,1324942
G4TRW,G4TRW,True,True,both,B,IO80sp,6.0,50.6458,-2.4583,N,50.6458,46.165,46.165,46,50856
G4TTO,G4TTO,True,True,both,B,IO83,4.0,53.5,-3.0,N,53.5,49.731,49.731,3,503
G4TUS,G4TUS,True,True,both,B,DO30ar,6.0,50.7292,-113.9583,N,50.7292,57.104,57.104,7,5832
G4TVP,G4TVP,True,True,both,B,JO01,4.0,51.5,1.0,N,51.5,47.154,47.154,18,6026
G4UCU,G4UCU,True,True,both,A,IO83,4.0,53.5,-3.0,N,53.5,49.731,49.731,11,64097
G4UDU,G4UDU,True,True,both,B,IO90uv,6.0,50.8958,-0.2917,N,50.8958,46.428,46.428,9,14085
G4UGD,G4UGD,True,True,both,B,IO83og,6.0,53.2708,-2.7917,N,53.2708,49.442,49.442,319,678965
G4UJS,G4UJS,True,True,both,B,IO82,4.0,52.5,-3.0,N,52.5,48.499,48.499,220,1386593
G4UMW,G4UMW,True,True,both,B,IO92rd,6.0,52.1458,-0.5417,N,52.1458,47.984,47.984,5,198
G4UOH,G4UOH,True,True,both,B,IO93,4.0,53.5,-1.0,N,53.5,49.658,49.658,3,13
G4USI,G4USI,True,True,both,A,IO81ia,6.0,51.0208,-3.2917,N,51.0208,46.662,46.662,34,5656
G4USI/W,G4USI,True,True,both,A,IO81ia,6.0,51.0208,-3.2917,N,51.0208,46.662,46.662,293,585458
G4UZE,G4UZE,True,True,both,B,IO91so,6.0,51.6042,-0.4583,N,51.6042,47.312,47.312,5,2402
G4VME,G4VME,True,True,both,A,JO02cg,6.0,52.2708,0.2083,N,52.2708,48.119,48.119,359,106199
G4VNM,G4VNM,True,True,both,A,IO90ju,6.0,50.8542,-1.2083,N,50.8542,46.395,46.395,358,4258700
G4VRR,G4VRR,True,True,both,B,IO91,4.0,51.5,-1.0,N,51.5,47.196,47.196,3,1032
G4VZO,G4VZO,True,True,both,A,IO82vm,6.0,52.5208,-2.2083,N,52.5208,48.497,48.497,201,428192
G4WIM,G4WIM,True,True,both,A,IO83ns,6.0,53.7708,-2.875,N,53.7708,50.057,50.057,17,42558
G4WLC,G4WLC,True,True,both,A,IO81,4.0,51.5,-3.0,N,51.5,47.254,47.254,395,1036848
G4WNC,G4WNC,True,True,both,B,IO90cu,6.0,50.8542,-1.7917,N,50.8542,46.409,46.409,3,5471
G4WPD,G4WPD,True,True,both,B,IO91sk,6.0,51.4375,-0.4583,N,51.4375,47.105,47.105,49,86412
G4WQG,G4WQG,True,True,both,A,IO91,4.0,51.5,-1.0,N,51.5,47.196,47.196,32,80856
G4WQL,G4WQL,True,True,both,B,IO70jg,6.0,50.2708,-5.2083,N,50.2708,45.78,45.78,4,160
G4WTV,G4WTV,True,True,both,A,IO90st,6.0,50.8125,-0.4583,N,50.8125,46.327,46.327,168,403505
G4XPD,G4XPD,True,True,both,A,IO92jl,6.0,52.4792,-1.2083,N,52.4792,48.413,48.413,14,37750
G4XPL,G4XPL,True,True,both,B,IO83,4.0,53.5,-3.0,N,53.5,49.731,49.731,6,2571
G4XTZ,G4XTZ,True,True,both,A,IO91,4.0,51.5,-1.0,N,51.5,47.196,47.196,10,37093
G4XWR,G4XWR,True,True,both,B,IO94gx,6.0,54.9792,-1.4583,N,54.9792,51.465,51.465,4,576
G4XZL,G4XZL,True,True,both,B,IO90iu,6.0,50.8542,-1.2917,N,50.8542,46.397,46.397,4,5588
G4YDM,G4YDM,True,True,both,B,IO94fv,6.0,54.8958,-1.5417,N,54.8958,51.368,51.368,4,144
G4YTU,G4YTU,True,True,both,B,JO01gi,6.0,51.3542,0.5417,N,51.3542,46.982,46.982,7,3578
G4ZAL,G4ZAL,True,True,both,B,IO80gv,6.0,50.8958,-3.4583,N,50.8958,46.51,46.51,5,52950
G4ZDY,G4ZDY,True,True,both,A,JO01ou,6.0,51.8542,1.2083,N,51.8542,47.587,47.587,18,1632
G4ZFL,G4ZFL,True,True,both,B,JO01,4.0,51.5,1.0,N,51.5,47.154,47.154,9,736
G4ZFQ,G4ZFQ,True,True,both,B,IO90ir,6.0,50.7292,-1.2917,N,50.7292,46.24,46.24,395,3361999
G5ACF,G5ACF,True,True,both,B,IO93ob,6.0,53.0625,-0.7917,N,53.0625,49.117,49.117,3,1059
G5AMW,G5AMW,True,True,both,B,IO71ws,6.0,51.7708,-4.125,N,51.7708,47.634,47.634,4,1424
G5BBL,G5BBL,True,True,both,B,IO81vh,6.0,51.3125,-2.2083,N,51.3125,46.995,46.995,5,1438
G5END,G5END,True,True,both,B,IO95,4.0,55.5,-1.0,N,55.5,52.072,52.072,5,6119
G5GPD,G5GPD,True,True,both,A,IO91bn,6.0,51.5625,-1.875,N,51.5625,47.297,47.297,27,17801
G5GPS,G5GPS,True,True,both,B,JO01,4.0,51.5,1.0,N,51.5,47.154,47.154,18,13716
G5GYR,G5GYR,True,True,both,B,IO70nj,6.0,50.3958,-4.875,N,50.3958,45.927,45.927,6,2611
G5HOW,G5HOW,True,True,both,B,IO92ms,6.0,52.7708,-0.9583,N,52.7708,48.765,48.765,50,55489
G5HRL,G5HRL,True,False,wsprnet_only,B,JO02,4.0,52.5,1.0,N,52.5,48.383,48.383,9,22
G5JCW,G5JCW,True,True,both,A,IO95,4.0,55.5,-1.0,N,55.5,52.072,52.072,11,20052
G5LFC,G5LFC,True,True,both,B,IO91,4.0,51.5,-1.0,N,51.5,47.196,47.196,8,22040
G5MAT,G5MAT,True,True,both,B,IO92gl,6.0,52.4792,-1.4583,N,52.4792,48.421,48.421,3,2610
G5MDR,G5MDR,True,True,both,B,IO91bn,6.0,51.5625,-1.875,N,51.5625,47.297,47.297,11,12162
G5OHM,G5OHM,True,True,both,B,IO83mp,6.0,53.6458,-2.9583,N,53.6458,49.908,49.908,6,413
G5RKS,G5RKS,True,True,both,B,IO93oj,6.0,53.3958,-0.7917,N,53.3958,49.524,49.524,3,83
G5STE,G5STE,True,True,both,B,IO82,4.0,52.5,-3.0,N,52.5,48.499,48.499,6,30121
G5UAS,G5UAS,True,True,both,B,IO92,4.0,52.5,-1.0,N,52.5,48.433,48.433,6,2471
G5VCO,G5VCO,True,True,both,B,IO90cr,6.0,50.7292,-1.7917,N,50.7292,46.252,46.252,8,5862
G5XWA,G5XWA,True,False,wsprnet_only,B,IO83,4.0,53.5,-3.0,N,53.5,49.731,49.731,3,13
G5XWH,G5XWH,True,True,both,A,IO93,4.0,53.5,-1.0,N,53.5,49.658,49.658,123,358676
G6ABC,G6ABC,True,True,both,B,IO90ou,6.0,50.8542,-0.7917,N,50.8542,46.386,46.386,13,3617
G6AII,G6AII,True,True,both,A,IO93,4.0,53.5,-1.0,N,53.5,49.658,49.658,148,228845
G6AKG,G6AKG,True,True,both,B,IO80xr,6.0,50.7292,-2.0417,N,50.7292,46.259,46.259,12,991
G6ALA,G6ALA,True,True,both,B,IO83tl,6.0,53.4792,-2.375,N,53.4792,49.681,49.681,77,127120
G6AML,G6AML,True,True,both,B,IO91kl,6.0,51.4792,-1.125,N,51.4792,47.173,47.173,7,11675
G6APE,G6APE,True,True,both,B,IO82xt,6.0,52.8125,-2.0417,N,52.8125,48.851,48.851,6,1497
G6AVK,G6AVK,True,True,both,B,JO01ho,6.0,51.6042,0.625,N,51.6042,47.289,47.289,386,307907
G6BBG,G6BBG,True,True,both,A,IO91,4.0,51.5,-1.0,N,51.5,47.196,47.196,336,7002
G6BHB,G6BHB,True,True,both,B,IO90hp,6.0,50.6458,-1.375,N,50.6458,46.138,46.138,7,2513
G6BHS,G6BHS,True,True,both,B,IO81wv,6.0,51.8958,-2.125,N,51.8958,47.72,47.72,8,5229
G6CKK,G6CKK,True,True,both,A,JO01fj,6.0,51.3958,0.4583,N,51.3958,47.035,47.035,90,1377957
G6DLG,G6DLG,True,False,wsprnet_only,A,JO01,4.0,51.5,1.0,N,51.5,47.154,47.154,51,168
G6EJD,G6EJD,True,True,both,B,IO81wi,6.0,51.3542,-2.125,N,51.3542,47.045,47.045,97,660091
G6FCI,G6FCI,True,True,both,B,IO83lt,6.0,53.8125,-3.0417,N,53.8125,50.115,50.115,3,3897
G6FDN,G6FDN,True,True,both,B,IO82ud,6.0,52.1458,-2.2917,N,52.1458,48.035,48.035,67,739007
G6FTV,G6FTV,True,True,both,B,JO01ns,6.0,51.7708,1.125,N,51.7708,47.486,47.486,7,6918
G6FVZ,G6FVZ,True,True,both,B,IO90,4.0,50.5,-1.0,N,50.5,45.946,45.946,4,23715
G6GBT,G6GBT,True,True,both,B,IO82,4.0,52.5,-3.0,N,52.5,48.499,48.499,9,59845
G6GEV,G6GEV,True,True,both,A,IO91gu,6.0,51.8542,-1.4583,N,51.8542,47.648,47.648,16,13988
G6GN,G6GN,True,True,both,B,IO81rm,6.0,51.5208,-2.5417,N,51.5208,47.265,47.265,112,1184840
G6HPC,G6HPC,True,True,both,B,IO81oi,6.0,51.3542,-2.7917,N,51.3542,47.065,47.065,7,11885
G6HUI,G6HUI,True,True,both,B,IO81wl,6.0,51.4792,-2.125,N,51.4792,47.201,47.201,59,26959
G6IQI,G6IQI,True,True,both,A,IO91ha,6.0,51.0208,-1.375,N,51.0208,46.608,46.608,15,12808
G6JHS,G6JHS,True,True,both,B,IO82,4.0,52.5,-3.0,N,52.5,48.499,48.499,9,1043
G6JTB,G6JTB,True,True,both,B,IO83pr,6.0,53.7292,-2.7083,N,53.7292,50.0,50.0,17,5182
G6JVT,G6JVT,True,True,both,A,IO90,4.0,50.5,-1.0,N,50.5,45.946,45.946,82,214340
G6LQI,G6LQI,True,True,both,A,IO81mi,6.0,51.3542,-2.9583,N,51.3542,47.07,47.07,19,2896
G6LRE,G6LRE,True,True,both,B,JO02,4.0,52.5,1.0,N,52.5,48.383,48.383,22,1709
G6LTT,G6LTT,True,True,both,B,IO91vo,6.0,51.6042,-0.2083,N,51.6042,47.307,47.307,16,5445
G6NFE,G6NFE,True,True,both,B,IO82,4.0,52.5,-3.0,N,52.5,48.499,48.499,3,4178
G6NHU,G6NHU,True,True,both,A,JO01ou,6.0,51.8542,1.2083,N,51.8542,47.587,47.587,14,80279
G6NQB,G6NQB,True,True,both,A,IO82xi,6.0,52.3542,-2.0417,N,52.3542,48.285,48.285,21,2589
G6ORL,G6ORL,True,True,both,B,IO90ju,6.0,50.8542,-1.2083,N,50.8542,46.395,46.395,5,5737
G6ORN,G6ORN,True,True,both,B,IO91jo,6.0,51.6042,-1.2083,N,51.6042,47.331,47.331,99,457610
G6PRE,G6PRE,True,True,both,B,IO83jk,6.0,53.4375,-3.2083,N,53.4375,49.663,49.663,3,254
G6PSZ,G6PSZ,True,True,both,B,IO82,4.0,52.5,-3.0,N,52.5,48.499,48.499,377,1742501
G6PWY,G6PWY,True,True,both,B,IO94gi,6.0,54.3542,-1.4583,N,54.3542,50.711,50.711,4,6396
G6QHY,G6QHY,True,True,both,B,JO01,4.0,51.5,1.0,N,51.5,47.154,47.154,7,10
G6SAA,G6SAA,True,True,both,B,IO86,4.0,56.5,-3.0,N,56.5,53.355,53.355,6,2634
G6SDW,G6SDW,True,True,both,A,IO81,4.0,51.5,-3.0,N,51.5,47.254,47.254,18,217480
G6SHS,G6SHS,True,False,wsprnet_only,B,IO82,4.0,52.5,-3.0,N,52.5,48.499,48.499,5,23
G6TEQ,G6TEQ,True,True,both,B,IO80fl,6.0,50.4792,-3.5417,N,50.4792,45.986,45.986,4,1242
G6TOT,G6TOT,True,True,both,B,JO01gi,6.0,51.3542,0.5417,N,51.3542,46.982,46.982,25,6926
G6TU,G6TU,True,False,wsprnet_only,A,IO94,4.0,54.5,-1.0,N,54.5,50.87,50.87,10,14
G6UFW,G6UFW,True,True,both,B,IO92,4.0,52.5,-1.0,N,52.5,48.433,48.433,8,12143
G6UOH,G6UOH,True,True,both,A,IO92qw,6.0,52.9375,-0.625,N,52.9375,48.959,48.959,14,19996
G6UYG,G6UYG,True,True,both,A,IO82pq,6.0,52.6875,-2.7083,N,52.6875,48.72,48.72,36,109712
G6UZT,G6UZT,True,True,both,A,IO82vb,6.0,52.0625,-2.2083,N,52.0625,47.929,47.929,371,1269387
G6WCZ,G6WCZ,True,True,both,A,IO92ii,6.0,52.3542,-1.2917,N,52.3542,48.262,48.262,23,39963
G6WRW,G6WRW,True,True,both,B,IO82uj,6.0,52.3958,-2.2917,N,52.3958,48.345,48.345,41,67833
G6WZA,G6WZA,True,True,both,B,IO80mv,6.0,50.8958,-2.9583,N,50.8958,46.494,46.494,326,121614
G6XWO,G6XWO,True,True,both,B,JO02fu,6.0,52.8542,0.4583,N,52.8542,48.828,48.828,4,2159
G6YBC,G6YBC,True,True,both,B,IO83,4.0,53.5,-3.0,N,53.5,49.731,49.731,7,11005
G7BQM,G7BQM,True,True,both,B,IO92kg,6.0,52.2708,-1.125,N,52.2708,48.154,48.154,4,3014
G7BXQ,G7BXQ,True,False,wsprnet_only,A,IO91,4.0,51.5,-1.0,N,51.5,47.196,47.196,11,29
G7BYG,G7BYG,True,True,both,B,IO80or,6.0,50.7292,-2.7917,N,50.7292,46.279,46.279,20,18587
G7BYN,G7BYN,True,True,both,B,IO81,4.0,51.5,-3.0,N,51.5,47.254,47.254,4,5727
G7CKX,G7CKX,True,True,both,A,IO83,4.0,53.5,-3.0,N,53.5,49.731,49.731,137,381940
G7COD,G7COD,True,True,both,A,IO83wx,6.0,53.9792,-2.125,N,53.9792,50.282,50.282,37,1639
G7CYQ,G7CYQ,True,True,both,B,IO91vv,6.0,51.8958,-0.2083,N,51.8958,47.667,47.667,5,274
G7DLQ,G7DLQ,True,False,wsprnet_only,A,JN16,4.0,46.5,3.0,N,46.5,40.843,40.843,12,46
G7ETT,G7ETT,True,True,both,B,JO01,4.0,51.5,1.0,N,51.5,47.154,47.154,4,8348
G7FBD,G7FBD,True,True,both,B,IO81sk,6.0,51.4375,-2.4583,N,51.4375,47.159,47.159,13,1297
G7FOI,G7FOI,True,True,both,B,JO01ao,6.0,51.6042,0.0417,N,51.6042,47.301,47.301,5,4740
G7FPE,G7FPE,True,True,both,B,JO01bq,6.0,51.6875,0.125,N,51.6875,47.402,47.402,67,178227
G7FSD,G7FSD,True,True,both,B,IO92hm,6.0,52.5208,-1.375,N,52.5208,48.47,48.47,7,1765
G7FTN,G7FTN,True,True,both,A,IO83sb,6.0,53.0625,-2.4583,N,53.0625,49.173,49.173,73,147772
G7GGK,G7GGK,True,True,both,A,IO80,4.0,50.5,-3.0,N,50.5,45.996,45.996,17,100565
G7GQC,G7GQC,True,True,both,A,IO81vu,6.0,51.8542,-2.2083,N,51.8542,47.67,47.67,218,944412
G7GYP,G7GYP,True,True,both,A,IO82xa,6.0,52.0208,-2.0417,N,52.0208,47.872,47.872,395,2125952
G7HIP,G7HIP,True,True,both,A,IO90aw,6.0,50.9375,-1.9583,N,50.9375,46.518,46.518,112,288988
G7HJX,G7HJX,True,True,both,B,IO92cq,6.0,52.6875,-1.7917,N,52.6875,48.688,48.688,5,1265
G7ICV,G7ICV,True,True,both,A,JO01,4.0,51.5,1.0,N,51.5,47.154,47.154,30,302051
G7IDB,G7IDB,True,True,both,B,IO91xk,6.0,51.4375,-0.0417,N,51.4375,47.096,47.096,13,18170
G7IET,G7IET,True,True,both,B,JO01,4.0,51.5,1.0,N,51.5,47.154,47.154,9,13017
G7IMF,G7IMF,True,True,both,B,IO80xu,6.0,50.8542,-2.0417,N,50.8542,46.416,46.416,5,2215
G7JEW,G7JEW,True,True,both,B,IO92,4.0,52.5,-1.0,N,52.5,48.433,48.433,8,14661
G7JLC,G7JLC,True,True,both,A,IO82,4.0,52.5,-3.0,N,52.5,48.499,48.499,14,64343
G7JSC,G7JSC,True,True,both,B,IO92ac,6.0,52.1042,-1.9583,N,52.1042,47.973,47.973,3,1919
G7JTT,G7JTT,True,True,both,A,IO93sf,6.0,53.2292,-0.4583,N,53.2292,49.31,49.31,65,172530
G7JUR,G7JUR,True,True,both,A,IO91of,6.0,51.2292,-0.7917,N,51.2292,46.854,46.854,24,19869
G7JYM,G7JYM,True,True,both,A,IO91vl,6.0,51.4792,-0.2083,N,51.4792,47.152,47.152,348,22425
G7KDM,G7KDM,True,True,both,B,IO91es,6.0,51.7708,-1.625,N,51.7708,47.549,47.549,3,1027
G7KIA,G7KIA,True,True,both,B,IO93et,6.0,53.8125,-1.625,N,53.8125,50.06,50.06,333,2939308
G7KNK,G7KNK,True,True,both,A,IO91ph,6.0,51.3125,-0.7083,N,51.3125,46.956,46.956,391,1473689
G7KZA,G7KZA,True,True,both,A,IO92,4.0,52.5,-1.0,N,52.5,48.433,48.433,22,7692
G7LHS,G7LHS,True,True,both,A,IO83ri,6.0,53.3542,-2.5417,N,53.3542,49.534,49.534,22,53677
G7LMY,G7LMY,True,True,both,B,IO90iu,6.0,50.8542,-1.2917,N,50.8542,46.397,46.397,4,3284
G7LTQ,G7LTQ,True,True,both,B,IO91wn,6.0,51.5625,-0.125,N,51.5625,47.253,47.253,7,3913
G7MNP,G7MNP,True,True,both,B,IO83,4.0,53.5,-3.0,N,53.5,49.731,49.731,175,2347035
G7NJX,G7NJX,True,True,both,B,IO81oh,6.0,51.3125,-2.7917,N,51.3125,47.013,47.013,4,429
G7NRU,G7NRU,True,True,both,B,IO93qa,6.0,53.0208,-0.625,N,53.0208,49.061,49.061,6,4795
G7NSJ,G7NSJ,True,True,both,A,IO82ql,6.0,52.4792,-2.625,N,52.4792,48.46,48.46,86,121675
G7NTG,G7NTG,True,True,both,B,IO92pj,6.0,52.3958,-0.7083,N,52.3958,48.296,48.296,63,5518
G7OAE,G7OAE,True,True,both,B,IO83xc,6.0,53.1042,-2.0417,N,53.1042,49.209,49.209,87,90399
G7OBK,G7OBK,True,True,both,A,IO82,4.0,52.5,-3.0,N,52.5,48.499,48.499,62,132109
G7OFC,G7OFC,True,True,both,B,IO82vb,6.0,52.0625,-2.2083,N,52.0625,47.929,47.929,3,11588
G7PAN,G7PAN,True,True,both,B,IO93gi,6.0,53.3542,-1.4583,N,53.3542,49.495,49.495,3,522
G7POT,G7POT,True,True,both,B,IO94sa,6.0,54.0208,-0.4583,N,54.0208,50.272,50.272,77,10328
G7PQT,G7PQT,True,True,both,B,IO92es,6.0,52.7708,-1.625,N,52.7708,48.785,48.785,3,358
G7RCQ,G7RCQ,True,True,both,B,IO91,4.0,51.5,-1.0,N,51.5,47.196,47.196,3,915
G7RES,G7RES,True,True,both,B,IO90fq,6.0,50.6875,-1.5417,N,50.6875,46.194,46.194,5,332
G7REV,G7REV,True,True,both,A,IO83ne,6.0,53.1875,-2.875,N,53.1875,49.342,49.342,25,18876
G7RHF,G7RHF,True,True,both,A,IO82qk,6.0,52.4375,-2.625,N,52.4375,48.408,48.408,28,13588
G7RKT,G7RKT,True,True,both,B,IO81,4.0,51.5,-3.0,N,51.5,47.254,47.254,6,4547
G7ROM,G7ROM,True,True,both,B,IO83so,6.0,53.6042,-2.4583,N,53.6042,49.837,49.837,6,4848
G7RQD,G7RQD,True,True,both,A,IO90,4.0,50.5,-1.0,N,50.5,45.946,45.946,106,328087
G7RWX,G7RWX,True,True,both,A,IO91ip,6.0,51.6458,-1.2917,N,51.6458,47.385,47.385,216,1377
G7SMO,G7SMO,True,True,both,A,IO93gi,6.0,53.3542,-1.4583,N,53.3542,49.495,49.495,12,11306
G7SYO,G7SYO,True,True,both,A,IO90dr,6.0,50.7292,-1.7083,N,50.7292,46.25,46.25,345,1818106
G7TXX,G7TXX,True,True,both,B,IO83vb,6.0,53.0625,-2.2083,N,53.0625,49.164,49.164,7,5770
G7TZZ,G7TZZ,True,True,both,B,IO92pk,6.0,52.4375,-0.7083,N,52.4375,48.348,48.348,34,4704
G7UJY,G7UJY,True,True,both,A,IO93,4.0,53.5,-1.0,N,53.5,49.658,49.658,395,4909732
G7VLH,G7VLH,True,True,both,A,IO90hx,6.0,50.9792,-1.375,N,50.9792,46.556,46.556,12,3176
G7VRD,G7VRD,True,True,both,A,IO81rl,6.0,51.4792,-2.5417,N,51.4792,47.213,47.213,16,2933
G7WBY,G7WBY,True,True,both,A,IO91,4.0,51.5,-1.0,N,51.5,47.196,47.196,68,192620
G7WZY,G7WZY,True,False,wsprnet_only,B,JP02,4.0,62.5,1.0,N,62.5,60.082,60.082,5,20
G8AFN,G8AFN,True,True,both,B,IO80qw,6.0,50.9375,-2.625,N,50.9375,46.537,46.537,8,2304
G8ANJ,G8ANJ,True,True,both,B,IO91wp,6.0,51.6458,-0.125,N,51.6458,47.356,47.356,90,202868
G8AXA,G8AXA,True,True,both,A,JO01bi,6.0,51.3542,0.125,N,51.3542,46.99,46.99,72,83042
G8BGT,G8BGT,True,True,both,B,IO82xc,6.0,52.1042,-2.0417,N,52.1042,47.976,47.976,7,1285
G8BIS,G8BIS,True,True,both,A,JO00lx,6.0,50.9792,0.9583,N,50.9792,46.51,46.51,21,27942
G8BZT,G8BZT,True,True,both,B,IO92,4.0,52.5,-1.0,N,52.5,48.433,48.433,3,370
G8CHP,G8CHP,True,True,both,A,JO02pw,6.0,52.9375,1.2917,N,52.9375,48.91,48.91,15,1560
G8CPZ,G8CPZ,True,True,both,B,IO84of,6.0,54.2292,-2.7917,N,54.2292,50.613,50.613,4,1248
G8CQX,G8CQX,True,True,both,B,IO80,4.0,50.5,-3.0,N,50.5,45.996,45.996,10,2015
G8DYK,G8DYK,True,True,both,B,IO85te,6.0,55.1875,-2.375,N,55.1875,51.754,51.754,7,11248
G8ECI,G8ECI,True,True,both,B,IO93xm,6.0,53.5208,-0.0417,N,53.5208,49.653,49.653,7,75125
G8EIS,G8EIS,True,True,both,A,IO80dk,6.0,50.4375,-3.7083,N,50.4375,45.939,45.939,45,11699
G8FAT,G8FAT,True,True,both,B,IO91uo,6.0,51.6042,-0.2917,N,51.6042,47.309,47.309,47,21252
G8FCQ,G8FCQ,True,True,both,B,IO92ko,6.0,52.6042,-1.125,N,52.6042,48.565,48.565,4,2050
G8FCU,G8FCU,True,True,both,A,JO02,4.0,52.5,1.0,N,52.5,48.383,48.383,328,12437
G8FGK,G8FGK,True,True,both,A,IO94gw,6.0,54.9375,-1.4583,N,54.9375,51.415,51.415,13,4468
G8GAR,G8GAR,True,True,both,A,IO90,4.0,50.5,-1.0,N,50.5,45.946,45.946,94,70531
G8GDS,G8GDS,True,True,both,B,IO70ed,6.0,50.1458,-5.625,N,50.1458,45.637,45.637,4,1382
G8GTV,G8GTV,True,True,both,A,IO80,4.0,50.5,-3.0,N,50.5,45.996,45.996,20,22449
G8GUV,G8GUV,True,True,both,A,JO01bs,6.0,51.7708,0.125,N,51.7708,47.505,47.505,75,54077
G8GZN,G8GZN,True,True,both,B,IO90dr,6.0,50.7292,-1.7083,N,50.7292,46.25,46.25,5,1783
G8HAM,G8HAM,True,True,both,B,IO81wk,6.0,51.4375,-2.125,N,51.4375,47.149,47.149,5,316
G8HUH,G8HUH,True,True,both,B,IO81mg,6.0,51.2708,-2.9583,N,51.2708,46.966,46.966,284,64121
G8IAK,G8IAK,True,True,both,A,IO91vj,6.0,51.3958,-0.2083,N,51.3958,47.048,47.048,15,84943
G8IHT,G8IHT,True,True,both,A,IO94gi,6.0,54.3542,-1.4583,N,54.3542,50.711,50.711,13,21526
G8IJZ,G8IJZ,True,True,both,B,JO02bn,6.0,52.5625,0.125,N,52.5625,48.479,48.479,4,3319
G8INE,G8INE,True,True,both,B,JO02,4.0,52.5,1.0,N,52.5,48.383,48.383,6,3783
G8IOA,G8IOA,True,False,wsprnet_only,A,JO01,4.0,51.5,1.0,N,51.5,47.154,47.154,18,38
G8JDN,G8JDN,True,True,both,B,IO91xo,6.0,51.6042,-0.0417,N,51.6042,47.303,47.303,9,1075
G8JUT,G8JUT,True,True,both,A,IO81rl,6.0,51.4792,-2.5417,N,51.4792,47.213,47.213,13,41478
G8JXA,G8JXA,True,True,both,A,IO91rk,6.0,51.4375,-0.5417,N,51.4375,47.107,47.107,14,14124
G8KOE,G8KOE,True,True,both,A,IO81le,6.0,51.1875,-3.0417,N,51.1875,46.864,46.864,115,701000
G8KVM,G8KVM,True,True,both,B,IO83wb,6.0,53.0625,-2.125,N,53.0625,49.161,49.161,37,64777
G8KVP,G8KVP,True,True,both,B,IO81la,6.0,51.0208,-3.0417,N,51.0208,46.654,46.654,5,18325
G8KYT,G8KYT,True,True,both,B,IO90jv,6.0,50.8958,-1.2083,N,50.8958,46.447,46.447,9,1466
G8LDJ,G8LDJ,True,True,both,B,JO01ii,6.0,51.3542,0.7083,N,51.3542,46.979,46.979,395,2858976
G8LGM,G8LGM,True,True,both,B,IO91,4.0,51.5,-1.0,N,51.5,47.196,47.196,4,183
G8LIK,G8LIK,True,True,both,A,IO93,4.0,53.5,-1.0,N,53.5,49.658,49.658,395,3339469
G8LJO,G8LJO,True,True,both,B,IO91,4.0,51.5,-1.0,N,51.5,47.196,47.196,7,6450
G8MAD,G8MAD,True,True,both,A,IO90,4.0,50.5,-1.0,N,50.5,45.946,45.946,40,28158
G8MXV,G8MXV,True,True,both,A,JO01px,6.0,51.9792,1.2917,N,51.9792,47.739,47.739,57,197660
G8NDL,G8NDL,True,True,both,B,JO01cj,6.0,51.3958,0.2083,N,51.3958,47.04,47.04,3,483
G8NFZ,G8NFZ,True,True,both,B,JO00du,6.0,50.8542,0.2917,N,50.8542,46.365,46.365,8,4133
G8NGR,G8NGR,True,True,both,A,IO91tr,6.0,51.7292,-0.375,N,51.7292,47.465,47.465,14,10681
G8NMK,G8NMK,True,True,both,B,IO94in,6.0,54.5625,-1.2917,N,54.5625,50.957,50.957,392,413033
G8NQO,G8NQO,True,True,both,A,IO81,4.0,51.5,-3.0,N,51.5,47.254,47.254,380,373470
G8NSV,G8NSV,True,True,both,B,IO95fc,6.0,55.1042,-1.5417,N,55.1042,51.619,51.619,9,7890
G8NXD,G8NXD,True,True,both,A,IO70je,6.0,50.1875,-5.2083,N,50.1875,45.674,45.674,82,33716
G8OFA,G8OFA,True,True,both,A,IO91dc,6.0,51.1042,-1.7083,N,51.1042,46.72,46.72,18,100597
G8OMU,G8OMU,True,True,both,B,IO91,4.0,51.5,-1.0,N,51.5,47.196,47.196,107,28383
G8ORM,G8ORM,True,True,both,A,IO93cu,6.0,53.8542,-1.7917,N,53.8542,50.117,50.117,317,4313441
G8OSN,G8OSN,True,True,both,A,JO01gi,6.0,51.3542,0.5417,N,51.3542,46.982,46.982,68,275413
G8PAE,G8PAE,True,True,both,B,IO90,4.0,50.5,-1.0,N,50.5,45.946,45.946,3,7278
G8PBH,G8PBH,True,True,both,A,IO92,4.0,52.5,-1.0,N,52.5,48.433,48.433,301,965908
G8PCB,G8PCB,True,True,both,A,IO91,4.0,51.5,-1.0,N,51.5,47.196,47.196,297,257398
G8PGO,G8PGO,True,True,both,A,IO92im,6.0,52.5208,-1.2917,N,52.5208,48.467,48.467,40,77774
G8PJH,G8PJH,True,True,both,A,JO01fs,6.0,51.7708,0.4583,N,51.7708,47.498,47.498,35,106304
G8PME,G8PME,True,True,both,B,IO80so,6.0,50.6042,-2.4583,N,50.6042,46.112,46.112,4,360
G8PY,G8PY,True,True,both,A,IO92,4.0,52.5,-1.0,N,52.5,48.433,48.433,121,304274
G8RAF,G8RAF,True,True,both,A,IO82,4.0,52.5,-3.0,N,52.5,48.499,48.499,30,48895
G8RKE,G8RKE,True,True,both,B,IO90hx,6.0,50.9792,-1.375,N,50.9792,46.556,46.556,6,1746
G8RLJ,G8RLJ,True,True,both,B,IO91oo,6.0,51.6042,-0.7917,N,51.6042,47.32,47.32,4,4574
G8RRG,G8RRG,True,True,both,A,IO93,4.0,53.5,-1.0,N,53.5,49.658,49.658,139,411
G8RXZ,G8RXZ,True,True,both,A,IO82,4.0,52.5,-3.0,N,52.5,48.499,48.499,14,18253
G8SCU,G8SCU,True,True,both,A,KM56vo,6.0,36.6042,31.7917,N,36.6042,31.079,31.079,90,6703
G8SHF,G8SHF,True,False,wsprnet_only,B,FM18ds,6.0,38.7708,-77.7083,N,38.7708,47.23,47.23,9,21
G8SRV,G8SRV,True,True,both,A,IO91pm,6.0,51.5208,-0.7083,N,51.5208,47.215,47.215,46,4328
G8SVC,G8SVC,True,True,both,B,IO90,4.0,50.5,-1.0,N,50.5,45.946,45.946,5,10723
G8TDL,G8TDL,True,True,both,A,IO91ok,6.0,51.4375,-0.7917,N,51.4375,47.113,47.113,12,34711
G8TQK,G8TQK,True,True,both,B,IO91vi,6.0,51.3542,-0.2083,N,51.3542,46.997,46.997,4,1417
G8TTI,G8TTI,True,True,both,B,IO81wm,6.0,51.5208,-2.125,N,51.5208,47.253,47.253,185,47968
G8UDZ,G8UDZ,True,True,both,A,IO91kb,6.0,51.0625,-1.125,N,51.0625,46.654,46.654,57,84172
G8VTN,G8VTN,True,True,both,A,IO92,4.0,52.5,-1.0,N,52.5,48.433,48.433,61,164263
G8VYO,G8VYO,True,True,both,B,IO93ga,6.0,53.0208,-1.4583,N,53.0208,49.087,49.087,5,1584
G8XWR,G8XWR,True,True,both,B,IO91md,6.0,51.1458,-0.9583,N,51.1458,46.754,46.754,7,1536
G8XYQ,G8XYQ,True,True,both,B,JO02,4.0,52.5,1.0,N,52.5,48.383,48.383,323,196824
G8YMM,G8YMM,True,True,both,B,IO81rm,6.0,51.5208,-2.5417,N,51.5208,47.265,47.265,195,496482
G8YPE,G8YPE,True,True,both,B,IO92aj,6.0,52.3958,-1.9583,N,52.3958,48.334,48.334,7,7012
G8ZBJ,G8ZBJ,True,True,both,B,IO82xo,6.0,52.6042,-2.0417,N,52.6042,48.594,48.594,9,12733
G8ZVT,G8ZVT,True,True,both,B,IO92vd,6.0,52.1458,-0.2083,N,52.1458,47.976,47.976,3,251
G9CNE,G9CNE,True,True,both,A,IO94,4.0,54.5,-1.0,N,54.5,50.87,50.87,49,153
GB1QTM,GB1QTM,True,True,both,B,IO73th,6.0,53.3125,-4.375,N,53.3125,49.56,49.56,6,412
GB3MB,GB3MB,True,True,both,A,JO01,4.0,51.5,1.0,N,51.5,47.154,47.154,47,1286
GB3PKT,GB3PKT,True,True,both,A,JO01,4.0,51.5,1.0,N,51.5,47.154,47.154,56,99004
GB3RS,GB3RS,True,True,both,A,IO91px,6.0,51.9792,-0.7083,N,51.9792,47.783,47.783,285,172595
GC4STB,GC4STB,True,True,both,A,KQ03,4.0,73.5,21.0,N,73.5,70.935,70.935,51,181
GD3MAN,GD3MAN,True,True,both,A,IO74qe,6.0,54.1875,-4.625,N,54.1875,50.646,50.646,295,1188254
GD5MUP,GD5MUP,True,True,both,B,IO74se,6.0,54.1875,-4.4583,N,54.1875,50.638,50.638,224,2875721
GD7KAM,GD7KAM,True,True,both,B,IO74pc,6.0,54.1042,-4.7083,N,54.1042,50.548,50.548,3,807
GD8BUE,GD8BUE,True,True,both,B,IO74,4.0,54.5,-5.0,N,54.5,51.046,51.046,4,12377
GE5HOW,GE5HOW,True,True,both,B,IO92,4.0,52.5,-1.0,N,52.5,48.433,48.433,51,158890
GI0BEY,GI0BEY,True,True,both,A,IO74ep,6.0,54.6458,-5.625,N,54.6458,51.258,51.258,14,3899
GI0KMX,GI0KMX,True,True,both,B,IO64uo,6.0,54.6042,-6.2917,N,54.6042,51.244,51.244,221,182094
GI0LSB,GI0LSB,True,True,both,B,IO74,4.0,54.5,-5.0,N,54.5,51.046,51.046,3,1434
GI3JMC,GI3JMC,True,True,both,A,IO65rb,6.0,55.0625,-6.5417,N,55.0625,51.818,51.818,35,133782
GI3KME/1,GI3KME,True,True,both,B,IO74bg,6.0,54.2708,-5.875,N,54.2708,50.813,50.813,5,10057
GI3VAF,GI3VAF,True,True,both,A,IO74ep,6.0,54.6458,-5.625,N,54.6458,51.258,51.258,385,2518496
GI4BTG,GI4BTG,True,True,both,B,IO64xq,6.0,54.6875,-6.0417,N,54.6875,51.332,51.332,4,1559
GI4LGP,GI4LGP,True,True,both,B,IO74,4.0,54.5,-5.0,N,54.5,51.046,51.046,388,3691160
GI4OYM,GI4OYM,True,True,both,B,IO64ei,6.0,54.3542,-7.625,N,54.3542,51.018,51.018,190,273619
GI4SZU,GI4SZU,True,True,both,B,IO65ta,6.0,55.0208,-6.375,N,55.0208,51.757,51.757,4,4756
GI5REG,GI5REG,True,True,both,B,IO65pc,6.0,55.1042,-6.7083,N,55.1042,51.878,51.878,5,1097
GI7MWA,GI7MWA,True,True,both,B,IO64,4.0,54.5,-7.0,N,54.5,51.158,51.158,7,11027
GJ3YHU,GJ3YHU,True,True,both,A,IN89ve,6.0,49.1875,-2.2083,N,49.1875,44.306,44.306,50,31246
GJ7DNI,GJ7DNI,True,True,both,A,IN89we,6.0,49.1875,-2.125,N,49.1875,44.305,44.305,120,1657451
GJ8PVL,GJ8PVL,True,True,both,A,IN89xf,6.0,49.2292,-2.0417,N,49.2292,44.356,44.356,70,306978
GM0DYU,GM0DYU,True,True,both,A,IO97bk,6.0,57.4375,-1.875,N,57.4375,54.41,54.41,43,48126
GM0HUU,GM0HUU,True,True,both,B,IO75su,6.0,55.8542,-4.4583,N,55.8542,52.658,52.658,3,447
GM0HYY,GM0HYY,True,True,both,A,IO75,4.0,55.5,-5.0,N,55.5,52.26,52.26,76,246228
GM0IVQ,GM0IVQ,True,True,both,A,IO75us,6.0,55.7708,-4.2917,N,55.7708,52.549,52.549,26,13223
GM0LZE,GM0LZE,True,True,both,B,IO68tf,6.0,58.2292,-6.375,N,58.2292,55.601,55.601,7,1065
GM0MAK,GM0MAK,True,True,both,B,IO87fo,6.0,57.6042,-3.5417,N,57.6042,54.692,54.692,5,8383
GM0MKM/A,GM0MKM,True,True,both,B,IO77sl,6.0,57.4792,-4.4583,N,57.4792,54.596,54.596,3,711
GM0OCH,GM0OCH,True,True,both,B,IO75qt,6.0,55.8125,-4.625,N,55.8125,52.616,52.616,3,82
GM0OTS,GM0OTS,True,True,both,B,IO87gq,6.0,57.6875,-3.4583,N,57.6875,54.786,54.786,81,274265
GM0PKF,GM0PKF,True,True,both,B,IO87xi,6.0,57.3542,-2.0417,N,57.3542,54.32,54.32,6,9820
GM0PXV,GM0PXV,True,True,both,A,IO85iw,6.0,55.9375,-3.2917,N,55.9375,52.698,52.698,339,4042951
GM0TLY,GM0TLY,True,True,both,B,IO76ef,6.0,56.2292,-5.625,N,56.2292,53.174,53.174,27,10783
GM0UDL,GM0UDL,True,True,both,A,IO77vo,6.0,57.6042,-4.2083,N,57.6042,54.73,54.73,72,188071
GM0VMV,GM0VMV,True,True,both,A,IO85jv,6.0,55.8958,-3.2083,N,55.8958,52.644,52.644,14,27005
GM1BAN,GM1BAN,True,True,both,A,IO88,4.0,58.5,-3.0,N,58.5,55.715,55.715,395,1171360
GM1OXB,GM1OXB,True,True,both,B,IO87lp,6.0,57.6458,-3.0417,N,57.6458,54.715,54.715,9,7149
GM1TBW,GM1TBW,True,True,both,B,IO97ck,6.0,57.4375,-1.7917,N,57.4375,54.406,54.406,4,3772
GM3EDN,GM3EDN,True,True,both,A,IO85,4.0,55.5,-3.0,N,55.5,52.159,52.159,64,585430
GM3RQQ,GM3RQQ,True,True,both,A,IO75tv,6.0,55.8958,-4.375,N,55.8958,52.703,52.703,219,917092
GM3RTG,GM3RTG,True,True,both,B,IO87wi,6.0,57.3542,-2.125,N,57.3542,54.324,54.324,5,8556
GM3SBC,GM3SBC,True,True,both,B,IO85ix,6.0,55.9792,-3.2917,N,55.9792,52.748,52.748,3,523
GM3YXM,GM3YXM,True,True,both,A,IO75xc,6.0,55.1042,-4.0417,N,55.1042,51.732,51.732,88,253805
GM4AOR,GM4AOR,True,True,both,B,IO86cs,6.0,56.7708,-3.7917,N,56.7708,53.718,53.718,4,12525
GM4BDJ,GM4BDJ,True,True,both,A,IO85,4.0,55.5,-3.0,N,55.5,52.159,52.159,19,85308
GM4BLO,GM4BLO,True,True,both,A,IO75tv,6.0,55.8958,-4.375,N,55.8958,52.703,52.703,18,3356
GM4CCN,GM4CCN,True,True,both,A,IO87dh,6.0,57.3125,-3.7083,N,57.3125,54.357,54.357,14,2303
GM4DIJ,GM4DIJ,True,True,both,B,IO85iw,6.0,55.9375,-3.2917,N,55.9375,52.698,52.698,75,335874
GM4DTH,GM4DTH,True,True,both,A,IO85jw,6.0,55.9375,-3.2083,N,55.9375,52.694,52.694,395,7327030
GM4EAU,GM4EAU,True,True,both,B,IO85hv,6.0,55.8958,-3.375,N,55.8958,52.652,52.652,346,113261
GM4EIW,GM4EIW,True,True,both,A,IO75xw,6.0,55.9375,-4.0417,N,55.9375,52.736,52.736,61,171697
GM4EMX,GM4EMX,True,True,both,B,IO87uc,6.0,57.1042,-2.2917,N,57.1042,54.037,54.037,3,670
GM4FVQ,GM4FVQ,True,True,both,A,IO75,4.0,55.5,-5.0,N,55.5,52.26,52.26,108,203517
GM4HAM,GM4HAM,True,True,both,A,IO85,4.0,55.5,-3.0,N,55.5,52.159,52.159,395,4608446
GM4HJO,GM4HJO,True,True,both,A,IO86ge,6.0,56.1875,-3.4583,N,56.1875,53.005,53.005,234,2503621
GM4HWO,GM4HWO,True,True,both,A,IO85,4.0,55.5,-3.0,N,55.5,52.159,52.159,323,1798020
GM4HYG,GM4HYG,True,True,both,B,IO87ip,6.0,57.6458,-3.2917,N,57.6458,54.728,54.728,116,223792
GM4ISM,GM4ISM,True,True,both,B,IO85ar,6.0,55.7292,-3.9583,N,55.7292,52.481,52.481,288,1524760
GM4JMU,GM4JMU,True,True,both,A,IO75rn,6.0,55.5625,-4.5417,N,55.5625,52.311,52.311,44,53448
GM4JRF,GM4JRF,True,True,both,A,IO75,4.0,55.5,-5.0,N,55.5,52.26,52.26,157,45195
GM4JRT,GM4JRT,True,True,both,A,IO85jw,6.0,55.9375,-3.2083,N,55.9375,52.694,52.694,176,994038
GM4KHE,GM4KHE,True,True,both,B,IO75sv,6.0,55.8958,-4.4583,N,55.8958,52.708,52.708,3,3199
GM4NEE,GM4NEE,True,False,wsprnet_only,B,IO85,4.0,55.5,-3.0,N,55.5,52.159,52.159,8,40
GM4OAS,GM4OAS,True,True,both,A,IO76cx,6.0,56.9792,-5.7917,N,56.9792,54.081,54.081,49,11153
GM4RJI,GM4RJI,True,True,both,A,IO85iw,6.0,55.9375,-3.2917,N,55.9375,52.698,52.698,35,25189
GM4SLV,GM4SLV,True,True,both,B,IP90gg,6.0,60.2708,-1.4583,N,60.2708,57.683,57.683,6,3398
GM4VAC,GM4VAC,True,True,both,B,IO77xm,6.0,57.5208,-4.0417,N,57.5208,54.622,54.622,42,16135
GM4WJA,GM4WJA,True,True,both,A,IO87mn,6.0,57.5625,-2.9583,N,57.5625,54.612,54.612,36,6344
GM4WZP,GM4WZP,True,True,both,A,IO85,4.0,55.5,-3.0,N,55.5,52.159,52.159,236,9491
GM5DNA,GM5DNA,True,True,both,A,IO77um,6.0,57.5208,-4.2917,N,57.5208,54.636,54.636,23,272808
GM5JFC,GM5JFC,True,True,both,B,IO86hi,6.0,56.3542,-3.375,N,56.3542,53.2,53.2,3,1442
GM6AGC,GM6AGC,True,True,both,A,IO77so,6.0,57.6042,-4.4583,N,57.6042,54.744,54.744,11,31922
GM6SAA,GM6SAA,True,True,both,B,IO86,4.0,56.5,-3.0,N,56.5,53.355,53.355,4,1389
GM7ATQ,GM7ATQ,True,True,both,A,IO77sm,6.0,57.5208,-4.4583,N,57.5208,54.645,54.645,41,111077
GM7EEY,GM7EEY,True,True,both,A,IO85kw,6.0,55.9375,-3.125,N,55.9375,52.689,52.689,11,4261
GM7FIE,GM7FIE,True,True,both,A,IO85ix,6.0,55.9792,-3.2917,N,55.9792,52.748,52.748,339,3103196
GM7FPN,GM7FPN,True,True,both,B,IO87ip,6.0,57.6458,-3.2917,N,57.6458,54.728,54.728,4,537
GM7GAX,GM7GAX,True,True,both,B,IO86ba,6.0,56.0208,-3.875,N,56.0208,52.827,52.827,5,326
GM7PVV,GM7PVV,True,True,both,B,IO85,4.0,55.5,-3.0,N,55.5,52.159,52.159,4,1661
GM7RBY,GM7RBY,True,True,both,A,IO75fr,6.0,55.7292,-5.5417,N,55.7292,52.567,52.567,241,344220
GM7VEC,GM7VEC,True,True,both,A,IO67im,6.0,57.5208,-7.2917,N,57.5208,54.823,54.823,19,3641
GM8CZU,GM8CZU,True,True,both,B,IO86jd,6.0,56.1458,-3.2083,N,56.1458,52.943,52.943,4,1213
GM8DOR,GM8DOR,True,True,both,B,IO86ho,6.0,56.6042,-3.375,N,56.6042,53.498,53.498,6,21645
GM8HHC,GM8HHC,True,True,both,A,IO85jw,6.0,55.9375,-3.2083,N,55.9375,52.694,52.694,375,4309141
GM8JPQ,GM8JPQ,True,False,wsprnet_only,A,IO85,4.0,55.5,-3.0,N,55.5,52.159,52.159,82,7307
GM8NKV,GM8NKV,True,False,wsprnet_only,B,IO85,4.0,55.5,-3.0,N,55.5,52.159,52.159,7,79
GM8PKL,GM8PKL,True,True,both,A,IO85jv,6.0,55.8958,-3.2083,N,55.8958,52.644,52.644,60,573008
GM8POB,GM8POB,True,False,wsprnet_only,B,IO85,4.0,55.5,-3.0,N,55.5,52.159,52.159,7,16
GM8XBZ,GM8XBZ,True,True,both,A,IO75jv,6.0,55.8958,-5.2083,N,55.8958,52.749,52.749,395,782253
GN3CMT,GN3CMT,True,False,wsprnet_only,B,IO85,4.0,55.5,-3.0,N,55.5,52.159,52.159,7,10
GN3GDK,GN3GDK,True,False,wsprnet_only,B,IO85,4.0,55.5,-3.0,N,55.5,52.159,52.159,5,11
GU3ONJ,GU3ONJ,True,True,both,A,IN89rl,6.0,49.4792,-2.5417,N,49.4792,44.686,44.686,19,171801
GW0ADC,GW0ADC,True,True,both,B,IO83,4.0,53.5,-3.0,N,53.5,49.731,49.731,6,32349
GW0FJV,GW0FJV,True,True,both,A,IO81,4.0,51.5,-3.0,N,51.5,47.254,47.254,17,46144
GW0KQX,GW0KQX,True,True,both,A,IO82fh,6.0,52.3125,-3.5417,N,52.3125,48.287,48.287,32,101860
GW0NDZ,GW0NDZ,True,True,both,A,IO81fp,6.0,51.6458,-3.5417,N,51.6458,47.456,47.456,16,133531
GW0OAJ,GW0OAJ,True,True,both,B,IO81lo,6.0,51.6042,-3.0417,N,51.6042,47.386,47.386,6,26724
GW0PEB,GW0PEB,True,True,both,A,IO73ub,6.0,53.0625,-4.2917,N,53.0625,49.248,49.248,13,27326
GW0PZZ,GW0PZZ,True,True,both,B,IO81jk,6.0,51.4375,-3.2083,N,51.4375,47.183,47.183,3,554
GW3TYI,GW3TYI,True,True,both,B,IO81ao,6.0,51.6042,-3.9583,N,51.6042,47.419,47.419,36,42206
GW3TYI/H,GW3TYI,True,True,both,B,IO81ao,6.0,51.6042,-3.9583,N,51.6042,47.419,47.419,3,1269
GW4HZA,GW4HZA,True,True,both,A,IO81jk,6.0,51.4375,-3.2083,N,51.4375,47.183,47.183,44,58029
GW4JDZ,GW4JDZ,True,True,both,B,IO81ap,6.0,51.6458,-3.9583,N,51.6458,47.471,47.471,6,781
GW4JJW,GW4JJW,True,True,both,B,IO81jm,6.0,51.5208,-3.2083,N,51.5208,47.287,47.287,134,217100
GW4JWG,GW4JWG,True,True,both,B,IO71uq,6.0,51.6875,-4.2917,N,51.6875,47.536,47.536,3,5639
GW4LFO,GW4LFO,True,True,both,A,IO81,4.0,51.5,-3.0,N,51.5,47.254,47.254,65,145570
GW4LWD,GW4LWD,True,True,both,B,IO81hq,6.0,51.6875,-3.375,N,51.6875,47.502,47.502,3,1880
GW4NOS,GW4NOS,True,True,both,B,IO81gp,6.0,51.6458,-3.4583,N,51.6458,47.453,47.453,9,1167
GW4SYI,GW4SYI,True,True,both,A,IO83ch,6.0,53.3125,-3.7917,N,53.3125,49.534,49.534,13,1043
GW4TUD,GW4TUD,True,True,both,B,IO72xj,6.0,52.3958,-4.0417,N,52.3958,48.411,48.411,4,24473
GW5NIC,GW5NIC,True,True,both,B,IO81ik,6.0,51.4375,-3.2917,N,51.4375,47.186,47.186,6,26411
GW6RRL,GW6RRL,True,True,both,A,IO82,4.0,52.5,-3.0,N,52.5,48.499,48.499,22,34811
GW7DET,GW7DET,True,True,both,A,IO71qv,6.0,51.8958,-4.625,N,51.8958,47.811,47.811,34,96837
GW7DND,GW7DND,True,True,both,A,IO82kn,6.0,52.5625,-3.125,N,52.5625,48.581,48.581,105,68352
GW7HQL,GW7HQL,True,True,both,B,IO81ik,6.0,51.4375,-3.2917,N,51.4375,47.186,47.186,4,1917
GW7UNV,GW7UNV,True,True,both,A,IO82ji,6.0,52.3542,-3.2083,N,52.3542,48.326,48.326,29,38980
GW7VGB,GW7VGB,True,True,both,A,IO81,4.0,51.5,-3.0,N,51.5,47.254,47.254,22,60097
GW8BQK,GW8BQK,True,True,both,B,IO83dh,6.0,53.3125,-3.7083,N,53.3125,49.53,49.53,3,1673
GW8IKH,GW8IKH,True,True,both,B,IO81iu,6.0,51.8542,-3.2917,N,51.8542,47.707,47.707,6,1185
GW8JKC,GW8JKC,True,True,both,A,IO83cg,6.0,53.2708,-3.7917,N,53.2708,49.483,49.483,10,3033
GW8LGX,GW8LGX,True,True,both,B,IO81ap,6.0,51.6458,-3.9583,N,51.6458,47.471,47.471,3,484
GW8TRO,GW8TRO,True,True,both,A,IO81jp,6.0,51.6458,-3.2083,N,51.6458,47.444,47.444,373,149014
GX0FRE,GX0FRE,True,True,both,B,IO82uc,6.0,52.1042,-2.2917,N,52.1042,47.984,47.984,6,975
GX0NWM,GX0NWM,True,True,both,A,IO95,4.0,55.5,-1.0,N,55.5,52.072,52.072,11,30414
GX2PLX,GX2PLX,True,True,both,A,JO02,4.0,52.5,1.0,N,52.5,48.383,48.383,36,474362
GX4AAX,GX4AAX,True,True,both,B,IO95,4.0,55.5,-1.0,N,55.5,52.072,52.072,3,2678
GX4ZFR,GX4ZFR,True,True,both,B,JO02ob,6.0,52.0625,1.2083,N,52.0625,47.843,47.843,8,7145
GX7IKA,GX7IKA,True,True,both,B,JO02,4.0,52.5,1.0,N,52.5,48.383,48.383,5,40
H0DOU,H0DOU,True,False,wsprnet_only,A,IN88,4.0,48.5,-3.0,N,48.5,43.437,43.437,17,31
H0ZTP,H0ZTP,True,False,wsprnet_only,A,IO94,4.0,54.5,-1.0,N,54.5,50.87,50.87,16,32
H1OGK,H1OGK,True,False,wsprnet_only,A,IO94,4.0,54.5,-1.0,N,54.5,50.87,50.87,13,29
H21XCH,H21XCH,True,True,both,A,EC46,4.0,-63.5,-91.0,S,63.5,-50.266,50.266,14,43
H60RMG,H60RMG,True,False,wsprnet_only,B,JQ37,4.0,77.5,7.0,N,77.5,75.68,75.68,4,11
H64CVM,H64CVM,True,True,both,A,JM60,4.0,30.5,13.0,N,30.5,19.677,19.677,16,43
H74ORJ,H74ORJ,True,False,wsprnet_only,B,JN56,4.0,46.5,11.0,N,46.5,41.093,41.093,6,10
HA/PD1JOL,PD1JOL,True,True,both,B,JN86rc,6.0,46.1042,17.4583,N,46.1042,40.942,40.942,3,881
HA/S57MK,S57MK,True,True,both,B,JN86vt,6.0,46.8125,17.7917,N,46.8125,41.806,41.806,8,5194
HA/VK1UN,VK1UN,True,True,both,B,JN86os,6.0,46.7708,17.2083,N,46.7708,41.725,41.725,12,39916
HA1NB,HA1NB,True,True,both,B,JN87ih,6.0,47.3125,16.7083,N,47.3125,42.345,42.345,13,499
HA1QCJ,HA1QCJ,True,False,wsprnet_only,A,JN97,4.0,47.5,19.0,N,47.5,42.68,42.68,11,16
HA1TIB,HA1TIB,True,True,both,B,JN87hf,6.0,47.2292,16.625,N,47.2292,42.242,42.242,8,5855
HA2EDX,HA2EDX,True,True,both,B,JN97,4.0,47.5,19.0,N,47.5,42.68,42.68,25,199304
HA2PP,HA2PP,True,True,both,A,JN87wb,6.0,47.0625,17.875,N,47.0625,42.107,42.107,24,103038
HA2RED,HA2RED,True,True,both,B,JN86sb,6.0,46.0625,17.5417,N,46.0625,40.897,40.897,3,20900
HA3AN,HA3AN,True,True,both,B,JN86us,6.0,46.7708,17.7083,N,46.7708,41.751,41.751,3,1189
HA3IS,HA3IS,True,True,both,B,JN86vt,6.0,46.8125,17.7917,N,46.8125,41.806,41.806,4,5998
HA3MGA,HA3MGA,True,True,both,A,JN96bv,6.0,46.8958,18.125,N,46.8958,41.922,41.922,57,113204
HA3PG,HA3PG,True,True,both,A,JN96db,6.0,46.0625,18.2917,N,46.0625,40.941,40.941,43,134443
HA3PV,HA3PV,True,True,both,B,JN96cb,6.0,46.0625,18.2083,N,46.0625,40.936,40.936,111,70539
HA4DBA,HA4DBA,True,False,wsprnet_only,A,JN92,4.0,42.5,19.0,N,42.5,36.697,36.697,10,13
HA4GHR,HA4GHR,True,True,both,A,JN97,4.0,47.5,19.0,N,47.5,42.68,42.68,347,2014659
HA4ULB,HA4ULB,True,True,both,B,JN96it,6.0,46.8125,18.7083,N,46.8125,41.855,41.855,3,1332
HA5AOE,HA5AOE,True,True,both,A,JN97,4.0,47.5,19.0,N,47.5,42.68,42.68,15,681
HA5GB,HA5GB,True,True,both,B,JN97ba,6.0,47.0208,18.125,N,47.0208,42.07,42.07,5,161
HA5IS,HA5IS,True,True,both,A,JN97nn,6.0,47.5625,19.125,N,47.5625,42.76,42.76,178,1532362
HA5IZ,HA5IZ,True,True,both,B,JN97,4.0,47.5,19.0,N,47.5,42.68,42.68,3,363
HA5KPI,HA5KPI,True,True,both,B,JN97nl,6.0,47.4792,19.125,N,47.4792,42.662,42.662,8,2090
HA5NR,HA5NR,True,True,both,B,JN97lm,6.0,47.5208,18.9583,N,47.5208,42.703,42.703,3,2749
HA5SPA,HA5SPA,True,True,both,A,JN97ok,6.0,47.4375,19.2083,N,47.4375,42.617,42.617,16,1499
HA5TBN,HA5TBN,True,True,both,A,JN97ep,6.0,47.6458,18.375,N,47.6458,42.821,42.821,10,112806
HA5UDS,HA5UDS,True,True,both,A,JN97nn,6.0,47.5625,19.125,N,47.5625,42.76,42.76,28,78816
HA5WZ,HA5WZ,True,True,both,B,JN97,4.0,47.5,19.0,N,47.5,42.68,42.68,3,38
HA6AN,HA6AN,True,True,both,B,JN97lk,6.0,47.4375,18.9583,N,47.4375,42.605,42.605,67,43172
HA6KLY,HA6KLY,True,True,both,B,KN07ev,6.0,47.8958,20.375,N,47.8958,43.211,43.211,15,13409
HA6QL,HA6QL,True,True,both,B,JN97xs,6.0,47.7708,19.9583,N,47.7708,43.045,43.045,385,7496350
HA6RQD,HA6RQD,True,False,wsprnet_only,A,JN97,4.0,47.5,19.0,N,47.5,42.68,42.68,22,51
HA6SUC,HA6SUC,True,False,wsprnet_only,A,JN97,4.0,47.5,19.0,N,47.5,42.68,42.68,54,99
HA7AA,HA7AA,True,True,both,A,JN97,4.0,47.5,19.0,N,47.5,42.68,42.68,381,1790301
HA7BX,HA7BX,True,True,both,B,JN97nk,6.0,47.4375,19.125,N,47.4375,42.613,42.613,3,1559
HA7KR,HA7KR,True,True,both,B,JN97sj,6.0,47.3958,19.5417,N,47.3958,42.586,42.586,4,2199
HA7LC,HA7LC,True,True,both,B,KN07bc,6.0,47.1042,20.125,N,47.1042,42.275,42.275,3,42
HA7RJA,HA7RJA,True,True,both,A,JN97td,6.0,47.1458,19.625,N,47.1458,42.297,42.297,26,19653
HA7TP,HA7TP,True,True,both,B,JN97pp,6.0,47.6458,19.2917,N,47.6458,42.866,42.866,3,3877
HA9HEY,HA9HEY,True,True,both,A,JN96cb,6.0,46.0625,18.2083,N,46.0625,40.936,40.936,115,7153
HA9MT,HA9MT,True,True,both,A,KN08,4.0,48.5,21.0,N,48.5,43.94,43.94,27,2252
HB0BVR,HB0BVR,True,True,both,B,JN36,4.0,46.5,7.0,N,46.5,40.942,40.942,3,943
HB3XEK,HB3XEK,True,True,both,B,JN36,4.0,46.5,7.0,N,46.5,40.942,40.942,3,1862
HB3XFV,HB3XFV,True,True,both,B,JN47in,6.0,47.5625,8.7083,N,47.5625,42.326,42.326,4,4637
HB3XVJ,HB3XVJ,True,True,both,A,JN36eo,6.0,46.6042,6.375,N,46.6042,41.055,41.055,54,46668
HB3YHD,HB3YHD,True,True,both,B,JN36qw,6.0,46.9375,7.375,N,46.9375,41.505,41.505,8,2115
HB3YNF,HB3YNF,True,True,both,A,JN47ng,6.0,47.2708,9.125,N,47.2708,41.977,41.977,11,20189
HB3YQP,HB3YQP,True,True,both,B,JN47ge,6.0,47.1875,8.5417,N,47.1875,41.855,41.855,5,942
HB3YYA,HB3YYA,True,True,both,B,JN46,4.0,46.5,9.0,N,46.5,41.012,41.012,4,815
HB4FV,HB4FV,True,True,both,A,JN36,4.0,46.5,7.0,N,46.5,40.942,40.942,366,1817290
HB4JDD,HB4JDD,True,False,wsprnet_only,B,JN36,4.0,46.5,7.0,N,46.5,40.942,40.942,9,23
HB9/PA1GVZ,PA1GVZ,True,True,both,B,JN36sl,6.0,46.4792,7.5417,N,46.4792,40.934,40.934,3,877
HB9AFZ,HB9AFZ,True,True,both,B,JN46me,6.0,46.1875,9.0417,N,46.1875,40.622,40.622,54,508326
HB9AK,HB9AK,True,True,both,A,JN36pv,6.0,46.8958,7.2917,N,46.8958,41.45,41.45,395,6747474
HB9AKB,HB9AKB,True,True,both,B,JN37wn,6.0,47.5625,7.875,N,47.5625,42.302,42.302,4,865
HB9AMB,HB9AMB,True,True,both,B,JN47jh,6.0,47.3125,8.7917,N,47.3125,42.018,42.018,8,47375
HB9AOC,HB9AOC,True,True,both,A,JN36rw,6.0,46.9375,7.4583,N,46.9375,41.508,41.508,13,3109
HB9AR,HB9AR,True,True,both,A,JN36be,6.0,46.1875,6.125,N,46.1875,40.518,40.518,395,3673076
HB9ASB,HB9ASB,True,True,both,B,JN36no,6.0,46.6042,7.125,N,46.6042,41.078,41.078,5,1373
HB9BAX,HB9BAX,True,True,both,A,JN36oc,6.0,46.1042,7.2083,N,46.1042,40.448,40.448,387,3460851
HB9BBM,HB9BBM,True,True,both,A,JN37xj,6.0,47.3958,7.9583,N,47.3958,42.096,42.096,16,35634
HB9BFD,HB9BFD,True,True,both,A,JN47,4.0,47.5,9.0,N,47.5,42.257,42.257,11,19739
HB9BKT,HB9BKT,True,True,both,A,JN56dt,6.0,46.8125,10.2917,N,46.8125,41.451,41.451,21,187337
HB9BRJ,HB9BRJ,True,True,both,A,JN47hq,6.0,47.6875,8.625,N,47.6875,42.478,42.478,16,1453
HB9BTL,HB9BTL,True,True,both,B,JN47ck,6.0,47.4375,8.2083,N,47.4375,42.156,42.156,5,5377
HB9BV,HB9BV,True,True,both,A,JN36,4.0,46.5,7.0,N,46.5,40.942,40.942,387,85686
HB9BVL,HB9BVL,True,True,both,B,JN47gj,6.0,47.3958,8.5417,N,47.3958,42.114,42.114,5,592
HB9BVR,HB9BVR,True,True,both,B,JN36tr,6.0,46.7292,7.625,N,46.7292,41.251,41.251,9,12369
HB9BWA,HB9BWA,True,True,both,B,JN36sv,6.0,46.8958,7.5417,N,46.8958,41.458,41.458,9,24192
HB9CCQ,HB9CCQ,True,True,both,A,JN47fj,6.0,47.3958,8.4583,N,47.3958,42.111,42.111,144,285316
HB9CPS,HB9CPS,True,True,both,B,JN47hi,6.0,47.3542,8.625,N,47.3542,42.065,42.065,284,285104
HB9CYN,HB9CYN,True,True,both,B,JN36rw,6.0,46.9375,7.4583,N,46.9375,41.508,41.508,5,3566
HB9CYV,HB9CYV,True,True,both,B,JN47,4.0,47.5,9.0,N,47.5,42.257,42.257,6,970
HB9DAQ,HB9DAQ,True,True,both,B,JN47tk,6.0,47.4375,9.625,N,47.4375,42.2,42.2,6,1882
HB9DAZ,HB9DAZ,True,True,both,B,JN36ur,6.0,46.7292,7.7083,N,46.7292,41.254,41.254,5,3917
HB9DBC,HB9DBC,True,True,both,A,JN36qg,6.0,46.2708,7.375,N,46.2708,40.665,40.665,13,3045
HB9DDF,HB9DDF,True,True,both,B,JN47ah,6.0,47.3125,8.0417,N,47.3125,41.995,41.995,25,91885
HB9DFV,HB9DFV,True,True,both,A,JN47fk,6.0,47.4375,8.4583,N,47.4375,42.163,42.163,45,97648
HB9DGZ,HB9DGZ,True,True,both,B,JN47go,6.0,47.6042,8.5417,N,47.6042,42.373,42.373,3,3424
HB9DKB,HB9DKB,True,True,both,B,JN47ii,6.0,47.3542,8.7083,N,47.3542,42.067,42.067,3,1147
HB9DLI,HB9DLI,True,True,both,B,JN37sn,6.0,47.5625,7.5417,N,47.5625,42.293,42.293,17,2139
HB9DMT,HB9DMT,True,True,both,B,JN47gm,6.0,47.5208,8.5417,N,47.5208,42.269,42.269,6,885
HB9DOS,HB9DOS,True,True,both,B,JN46,4.0,46.5,9.0,N,46.5,41.012,41.012,3,2790
HB9DOZ,HB9DOZ,True,True,both,A,JN37rf,6.0,47.2292,7.4583,N,47.2292,41.874,41.874,167,1200063
HB9DSY,HB9DSY,True,True,both,A,JN47fk,6.0,47.4375,8.4583,N,47.4375,42.163,42.163,41,21699
HB9DWR,HB9DWR,True,True,both,B,JN37nc,6.0,47.1042,7.125,N,47.1042,41.707,41.707,35,16651
HB9EAJ,HB9EAJ,True,True,both,B,JN37tl,6.0,47.4792,7.625,N,47.4792,42.191,42.191,3,205
HB9EFX,HB9EFX,True,True,both,B,JN47,4.0,47.5,9.0,N,47.5,42.257,42.257,7,25532
HB9EGA,HB9EGA,True,True,both,B,JN47fj,6.0,47.3958,8.4583,N,47.3958,42.111,42.111,5,2019
HB9ELW,HB9ELW,True,True,both,B,JN47,4.0,47.5,9.0,N,47.5,42.257,42.257,30,33262
HB9EMG,HB9EMG,True,True,both,B,JN47jj,6.0,47.3958,8.7917,N,47.3958,42.122,42.122,8,2703
HB9ENC,HB9ENC,True,True,both,B,JN47in,6.0,47.5625,8.7083,N,47.5625,42.326,42.326,3,9341
HB9ESO,HB9ESO,True,True,both,A,JN47gk,6.0,47.4375,8.5417,N,47.4375,42.166,42.166,137,209656
HB9EVW,HB9EVW,True,True,both,B,JN36rw,6.0,46.9375,7.4583,N,46.9375,41.508,41.508,3,5670
HB9EXR,HB9EXR,True,True,both,B,JN47gj,6.0,47.3958,8.5417,N,47.3958,42.114,42.114,5,798
HB9FAL,HB9FAL,True,True,both,A,JN46,4.0,46.5,9.0,N,46.5,41.012,41.012,12,33066
HB9FEA,HB9FEA,True,True,both,B,JN46as,6.0,46.7708,8.0417,N,46.7708,41.317,41.317,75,17642
HB9FED,HB9FED,True,True,both,B,JN37um,6.0,47.5208,7.7083,N,47.5208,42.245,42.245,8,23421
HB9FGU,HB9FGU,True,True,both,B,JN37qe,6.0,47.1875,7.375,N,47.1875,41.819,41.819,5,10941
HB9FID,HB9FID,True,True,both,A,JN37xb,6.0,47.0625,7.9583,N,47.0625,41.68,41.68,67,377053
HB9FKP,HB9FKP,True,True,both,A,JN36rv,6.0,46.8958,7.4583,N,46.8958,41.456,41.456,11,9937
HB9FOH,HB9FOH,True,True,both,A,JN36jn,6.0,46.5625,6.7917,N,46.5625,41.015,41.015,24,19446
HB9FRM,HB9FRM,True,True,both,B,JN37tm,6.0,47.5208,7.625,N,47.5208,42.243,42.243,3,5539
HB9FRQ,HB9FRQ,True,True,both,B,JN37wn,6.0,47.5625,7.875,N,47.5625,42.302,42.302,8,2193
HB9FWF,HB9FWF,True,True,both,A,JN47if,6.0,47.2292,8.7083,N,47.2292,41.912,41.912,45,129973
HB9FXK,HB9FXK,True,True,both,A,JN37te,6.0,47.1875,7.625,N,47.1875,41.826,41.826,343,62266
HB9FXL,HB9FXL,True,True,both,B,JN47gi,6.0,47.3542,8.5417,N,47.3542,42.062,42.062,3,1129
HB9GCC,HB9GCC,True,True,both,B,JN47da,6.0,47.0208,8.2917,N,47.0208,41.638,41.638,31,11622
HB9GF,HB9GF,True,True,both,B,JN47dd,6.0,47.1458,8.2917,N,47.1458,41.795,41.795,9,157099
HB9GVC,HB9GVC,True,True,both,B,JN47ki,6.0,47.3542,8.875,N,47.3542,42.073,42.073,6,20517
HB9GWL,HB9GWL,True,True,both,A,JN47hp,6.0,47.6458,8.625,N,47.6458,42.427,42.427,23,26952
HB9GXI,HB9GXI,True,True,both,A,JN47rb,6.0,47.0625,9.4583,N,47.0625,41.73,41.73,20,64820
HB9GXK,HB9GXK,True,True,both,B,JN36ut,6.0,46.8125,7.7083,N,46.8125,41.359,41.359,30,15073
HB9HAL,HB9HAL,True,True,both,B,JN46ru,6.0,46.8542,9.4583,N,46.8542,41.471,41.471,4,3306
HB9HEY,HB9HEY,True,True,both,B,JN47qk,6.0,47.4375,9.375,N,47.4375,42.192,42.192,26,25200
HB9HFR,HB9HFR,True,True,both,A,JN36ku,6.0,46.8542,6.875,N,46.8542,41.386,41.386,14,130513
HB9HFV,HB9HFV,True,True,both,B,JN36nl,6.0,46.4792,7.125,N,46.4792,40.92,40.92,9,7142
HB9HIH,HB9HIH,True,True,both,B,JN36nw,6.0,46.9375,7.125,N,46.9375,41.498,41.498,5,6760
HB9HIP,HB9HIP,True,True,both,B,JN47gh,6.0,47.3125,8.5417,N,47.3125,42.01,42.01,8,618
HB9HJF,HB9HJF,True,True,both,A,JN47ej,6.0,47.3958,8.375,N,47.3958,42.109,42.109,334,7277
HB9HJI,HB9HJI,True,True,both,B,JN47pn,6.0,47.5625,9.2917,N,47.5625,42.344,42.344,4,3758
HB9HJL,HB9HJL,True,True,both,A,JN47gs,6.0,47.7708,8.5417,N,47.7708,42.579,42.579,40,393901
HB9HJZ,HB9HJZ,True,True,both,A,JN47db,6.0,47.0625,8.2917,N,47.0625,41.691,41.691,19,56139
HB9HRF,HB9HRF,True,True,both,B,IM57,4.0,37.5,-9.0,N,37.5,27.839,27.839,3,10773
HB9HSN,HB9HSN,True,True,both,A,JN36cf,6.0,46.2292,6.2083,N,46.2292,40.574,40.574,63,8057
HB9HTA/P,HB9HTA,True,True,both,B,JN46rx,6.0,46.9792,9.4583,N,46.9792,41.627,41.627,3,305
HB9HWR,HB9HWR,True,True,both,A,JN36qu,6.0,46.8542,7.375,N,46.8542,41.401,41.401,10,8581
HB9HWR/1,HB9HWR,True,True,both,A,JN36qu,6.0,46.8542,7.375,N,46.8542,41.401,41.401,14,15911
HB9HWX,HB9HWX,True,True,both,B,JN47jg,6.0,47.2708,8.7917,N,47.2708,41.966,41.966,7,5819
HB9HXD,HB9HXD,True,True,both,B,JN47ng,6.0,47.2708,9.125,N,47.2708,41.977,41.977,4,3653
HB9HZS,HB9HZS,True,True,both,A,JN36su,6.0,46.8542,7.5417,N,46.8542,41.406,41.406,208,220809
HB9IIU,HB9IIU,True,True,both,A,JN36kl,6.0,46.4792,6.875,N,46.4792,40.912,40.912,91,1039205
HB9IJJ,HB9IJJ,True,True,both,B,JN36eo,6.0,46.6042,6.375,N,46.6042,41.055,41.055,3,2532
HB9INV,HB9INV,True,True,both,A,JN37pd,6.0,47.1458,7.2917,N,47.1458,41.764,41.764,13,4660
HB9IOA,HB9IOA,True,True,both,B,JN37uj,6.0,47.3958,7.7083,N,47.3958,42.089,42.089,5,522
HB9IOL,HB9IOL,True,True,both,A,JN47md,6.0,47.1458,9.0417,N,47.1458,41.819,41.819,16,3165
HB9ISD,HB9ISD,True,True,both,B,JN47gj,6.0,47.3958,8.5417,N,47.3958,42.114,42.114,8,4852
HB9ISP,HB9ISP,True,True,both,B,JN47jg,6.0,47.2708,8.7917,N,47.2708,41.966,41.966,35,8761
HB9ITF,HB9ITF,True,True,both,A,JN47,4.0,47.5,9.0,N,47.5,42.257,42.257,74,21465
HB9ITJ,HB9ITJ,True,True,both,B,JN47di,6.0,47.3542,8.2917,N,47.3542,42.054,42.054,8,1996
HB9JBP,HB9JBP,True,True,both,A,JN47hj,6.0,47.3958,8.625,N,47.3958,42.116,42.116,27,108070
HB9KNR,HB9KNR,True,True,both,B,JN47,4.0,47.5,9.0,N,47.5,42.257,42.257,3,981
HB9LAG,HB9LAG,True,True,both,B,JN47dm,6.0,47.5208,8.2917,N,47.5208,42.262,42.262,73,409711
HB9LAG/1,HB9LAG,True,True,both,A,JN47el,6.0,47.4792,8.375,N,47.4792,42.212,42.212,29,90061
HB9LAG/2,HB9LAG,True,True,both,B,JN47el,6.0,47.4792,8.375,N,47.4792,42.212,42.212,3,2582
HB9LAS,HB9LAS,True,True,both,B,JN47fi,6.0,47.3542,8.4583,N,47.3542,42.059,42.059,27,5992
HB9LEH,HB9LEH,True,True,both,B,JN47gk,6.0,47.4375,8.5417,N,47.4375,42.166,42.166,29,43601
HB9MDU,HB9MDU,True,True,both,B,JN47eb,6.0,47.0625,8.375,N,47.0625,41.693,41.693,7,2632
HB9OAB,HB9OAB,True,True,both,B,JN46me,6.0,46.1875,9.0417,N,46.1875,40.622,40.622,5,12084
HB9PDZ,HB9PDZ,True,True,both,B,JN47cl,6.0,47.4792,8.2083,N,47.4792,42.208,42.208,6,4853
HB9PVI,HB9PVI,True,True,both,A,JN37,4.0,47.5,7.0,N,47.5,42.2,42.2,391,1007793
HB9RAX,HB9RAX,True,True,both,B,JN37,4.0,47.5,7.0,N,47.5,42.2,42.2,21,24245
HB9RGX,HB9RGX,True,True,both,B,IL39,4.0,29.5,-13.0,N,29.5,12.115,12.115,18,5986
HB9RWR,HB9RWR,True,True,both,B,JN37tc,6.0,47.1042,7.625,N,47.1042,41.722,41.722,3,1351
HB9SKP,HB9SKP,True,True,both,A,JN36nu,6.0,46.8542,7.125,N,46.8542,41.393,41.393,12,3779
HB9T,HB9T,True,True,both,A,JN36,4.0,46.5,7.0,N,46.5,40.942,40.942,395,1744600
HB9TCS,HB9TCS,True,True,both,A,JN36rw,6.0,46.9375,7.4583,N,46.9375,41.508,41.508,204,160002
HB9TJM,HB9TJM,True,True,both,A,JN36fq,6.0,46.6875,6.4583,N,46.6875,41.163,41.163,25,136287
HB9TMC,HB9TMC,True,True,both,A,JN46lj,6.0,46.3958,8.9583,N,46.3958,40.88,40.88,102,155323
HB9TSU,HB9TSU,True,True,both,A,JN46ke,6.0,46.1875,8.875,N,46.1875,40.616,40.616,18,24435
HB9TUP,HB9TUP,True,True,both,A,JN36qx,6.0,46.9792,7.375,N,46.9792,41.558,41.558,11,3402
HB9TVP,HB9TVP,True,True,both,A,JN36,4.0,46.5,7.0,N,46.5,40.942,40.942,25,833
HB9TZR,HB9TZR,True,True,both,A,JN36,4.0,46.5,7.0,N,46.5,40.942,40.942,51,796
HB9TZS,HB9TZS,True,True,both,A,JN36,4.0,46.5,7.0,N,46.5,40.942,40.942,173,2166
HB9TZY,HB9TZY,True,True,both,A,JN36,4.0,46.5,7.0,N,46.5,40.942,40.942,37,543
HB9UQF,HB9UQF,True,True,both,A,JN36nb,6.0,46.0625,7.125,N,46.0625,40.392,40.392,313,85970
HB9YC,HB9YC,True,True,both,B,JN46,4.0,46.5,9.0,N,46.5,41.012,41.012,8,149490
HB9ZHK,HB9ZHK,True,True,both,B,JN47hh,6.0,47.3125,8.625,N,47.3125,42.013,42.013,8,46371
HC3XML,HC3XML,True,False,wsprnet_only,A,JN36,4.0,46.5,7.0,N,46.5,40.942,40.942,38,85
HC5PH,HC5PH,True,True,both,A,FI06js,6.0,-3.2292,-79.2083,S,3.2292,7.693,7.693,27,145747
HC5PH/1,HC5PH,True,True,both,A,EI98ok,6.0,-1.5625,-80.7917,S,1.5625,9.335,9.335,27,40797
HD2YGC,HD2YGC,True,False,wsprnet_only,B,JN36,4.0,46.5,7.0,N,46.5,40.942,40.942,4,12
HE9LTJ,HE9LTJ,True,True,both,B,JN36ou,6.0,46.8542,7.2083,N,46.8542,41.396,41.396,3,165
HF2N,HF2N,True,True,both,A,JO94,4.0,54.5,19.0,N,54.5,50.708,50.708,111,294805
HF3O,HF3O,True,True,both,B,JO71sw,6.0,51.9375,15.5417,N,51.9375,47.735,47.735,6,2697
HF6UWU,HF6UWU,True,True,both,B,JO81hi,6.0,51.3542,16.625,N,51.3542,47.084,47.084,3,877
HF7A,HF7A,True,True,both,B,JO91oq,6.0,51.6875,19.2083,N,51.6875,47.532,47.532,14,220
HG1DBQ,HG1DBQ,True,True,both,B,JN87pw,6.0,47.9375,17.2917,N,47.9375,43.114,43.114,4,706
HG5CRH,HG5CRH,True,True,both,A,JN97mk,6.0,47.4375,19.0417,N,47.4375,42.609,42.609,68,134914
HG7RED,HG7RED,True,True,both,A,JN97kj,6.0,47.3958,18.875,N,47.3958,42.552,42.552,363,4178167
HK3LRB,HK3LRB,True,True,both,A,FJ24xq,6.0,4.6875,-74.0417,N,4.6875,14.553,14.553,380,3859031
HK4CZE,HK4CZE,True,True,both,A,FJ26,4.0,6.5,-75.0,N,6.5,16.411,16.411,16,62406
HK4KM,HK4KM,True,True,both,B,FJ26ga,6.0,6.0208,-75.4583,N,6.0208,16.047,16.047,3,381
HK4LRM,HK4LRM,True,True,both,B,FJ26,4.0,6.5,-75.0,N,6.5,16.411,16.411,37,584554
HK7BEI,HK7BEI,True,True,both,A,FJ37kc,6.0,7.1042,-73.125,N,7.1042,16.573,16.573,11,22961
HL0Y,HL0Y,True,True,both,B,PM37,4.0,37.5,127.0,N,37.5,31.765,31.765,3,55
HL2OTX,HL2OTX,True,False,wsprnet_only,B,JO80,4.0,50.5,17.0,N,50.5,46.104,46.104,9,15
HL2PTX,HL2PTX,True,True,both,B,PM37,4.0,37.5,127.0,N,37.5,31.765,31.765,9,2866
HL3AMO,HL3AMO,True,True,both,A,PM36pj,6.0,36.3958,127.2917,N,36.3958,30.593,30.593,28,5287
HL5BUU,HL5BUU,True,True,both,B,PM46ec,6.0,36.1042,128.375,N,36.1042,30.201,30.201,3,135
HP1GDP,HP1GDP,True,True,both,A,FJ09,4.0,9.5,-79.0,N,9.5,19.739,19.739,386,3125789
HP1PCR,HP1PCR,True,True,both,A,FJ09gb,6.0,9.0625,-79.4583,N,9.0625,19.366,19.366,73,148459
HP2DFA,HP2DFA,True,True,both,A,FJ09cg,6.0,9.2708,-79.7917,N,9.2708,19.587,19.587,393,6846250
HR1JBR,HR1JBR,True,True,both,A,EK64jc,6.0,14.1042,-87.2083,N,14.1042,24.253,24.253,14,5545
HS0AC,HS0AC,True,True,both,A,OK03dt,6.0,13.8125,100.2917,N,13.8125,7.37,7.37,315,241060
HS0ZBS,HS0ZBS,True,True,both,B,OK03ss,6.0,13.7708,101.5417,N,13.7708,7.337,7.337,3,35
HS0ZEV,HS0ZEV,True,True,both,A,OK08dh,6.0,18.3125,100.2917,N,18.3125,12.364,12.364,394,146187
HS0ZJX,HS0ZJX,True,True,both,A,OK02lw,6.0,12.9375,100.9583,N,12.9375,6.388,6.388,72,103623
HS0ZKB,HS0ZKB,True,True,both,B,NK94,4.0,14.5,99.0,N,14.5,8.129,8.129,9,7084
HS0ZLQ,HS0ZLQ,True,True,both,B,OK15ff,6.0,15.2292,102.4583,N,15.2292,8.981,8.981,7,687
HS0ZOB,HS0ZOB,True,True,both,A,NK92xu,6.0,12.8542,99.9583,N,12.8542,6.284,6.284,13,8521
HS0ZOK,HS0ZOK,True,True,both,A,NJ97ev,6.0,7.8958,98.375,N,7.8958,,,22,4034
HS0ZQF,HS0ZQF,True,True,both,B,NK99xf,6.0,19.2292,99.9583,N,19.2292,13.369,13.369,35,2470
HS0ZQP,HS0ZQP,True,True,both,B,NJ98db,6.0,8.0625,98.2917,N,8.0625,,,6,1424
HS0ZRE,HS0ZRE,True,True,both,A,NJ97,4.0,7.5,99.0,N,7.5,,,12,1474
HS0ZRM,HS0ZRM,True,True,both,B,NK98ms,6.0,18.7708,99.0417,N,18.7708,12.858,12.858,3,37
HS0ZRR,HS0ZRR,True,False,wsprnet_only,B,NJ97,4.0,7.5,99.0,N,7.5,,,3,162
HS0ZRT,HS0ZRT,True,True,both,B,NK92wm,6.0,12.5208,99.875,N,12.5208,5.904,5.904,20,2873
HS1PGS,HS1PGS,True,True,both,B,OK03ft,6.0,13.8125,100.4583,N,13.8125,7.372,7.372,9,2544
HS2JFW,HS2JFW,True,False,wsprnet_only,B,OK03,4.0,13.5,101.0,N,13.5,7.025,7.025,7,115
HS4MLV,HS4MLV,True,True,both,B,OK16kq,6.0,16.6875,102.875,N,16.6875,10.603,10.603,8,706
HS5IGY,HS5IGY,True,True,both,A,NK98,4.0,18.5,99.0,N,18.5,12.559,12.559,126,88890
HZ1AM,HZ1AM,True,True,both,A,LL34ht,6.0,24.8125,46.625,N,24.8125,19.575,19.575,53,33319
HZ2XPL,HZ2XPL,True,True,both,A,AF74,4.0,-35.5,-165.0,S,35.5,-37.216,37.216,24,32
I/DL2OO,DL2OO,True,True,both,B,JN65gl,6.0,45.4792,12.5417,N,45.4792,39.904,39.904,4,12624
I0HCJ,I0HCJ,True,True,both,A,JN62ig,6.0,42.2708,12.7083,N,42.2708,35.882,35.882,58,890746
I0LYO,I0LYO,True,True,both,A,JN52vb,6.0,42.0625,11.7917,N,42.0625,35.542,35.542,90,2546934
I0NAA,I0NAA,True,True,both,A,JN63gc,6.0,43.1042,12.5417,N,43.1042,36.929,36.929,26,12997
I1HNY,I1HNY,True,True,both,B,JN35ta,6.0,45.0208,7.625,N,45.0208,39.084,39.084,8,30905
I1LDE,I1LDE,True,True,both,B,JN45an,6.0,45.5625,8.0417,N,45.5625,39.792,39.792,7,26675
I1RFQ,I1RFQ,True,True,both,B,JN35,4.0,45.5,7.0,N,45.5,39.671,39.671,12,6832
I1SKV,I1SKV,True,True,both,A,JN44cv,6.0,44.8958,8.2083,N,44.8958,38.951,38.951,202,220939
I1SOP,I1SOP,True,True,both,A,JN44lm,6.0,44.5208,8.9583,N,44.5208,38.509,38.509,82,434199
I1SXT,I1SXT,True,True,both,A,JN44ph,6.0,44.3125,9.2917,N,44.3125,38.26,38.26,42,24631
I1WVQ,I1WVQ,True,True,both,B,JN44,4.0,44.5,9.0,N,44.5,38.484,38.484,3,86
I1YHU,I1YHU,True,True,both,B,JN33vu,6.0,43.8542,7.7917,N,43.8542,37.59,37.59,8,285
I1ZDW,I1ZDW,True,True,both,A,JN44,4.0,44.5,9.0,N,44.5,38.484,38.484,49,253187
I21GET,I21GET,True,True,both,A,DG27,4.0,-22.5,-115.0,S,22.5,-16.198,16.198,75,432
I2BPP,I2BPP,True,True,both,B,JN45op,6.0,45.6458,9.2083,N,45.6458,39.948,39.948,3,505
I2HCD,I2HCD,True,True,both,B,JN45rr,6.0,45.7292,9.4583,N,45.7292,40.064,40.064,3,1104
I2HFS,I2HFS,True,True,both,B,JN46sd,6.0,46.1458,9.5417,N,46.1458,40.59,40.59,3,8233
I2HUC,I2HUC,True,False,wsprnet_only,A,EP60,4.0,60.5,-87.0,N,60.5,68.757,68.757,17,212
I2NOS,I2NOS,True,False,wsprnet_only,B,JN55cm,6.0,45.5208,10.2083,N,45.5208,39.837,39.837,5,228
I2NOY/2,I2NOY,True,True,both,B,JN56el,6.0,46.4792,10.375,N,46.4792,41.041,41.041,3,22852
I2SIP,I2SIP,True,True,both,A,JN45km,6.0,45.5208,8.875,N,45.5208,39.775,39.775,34,39392
I3/OE6MBG,OE6MBG,True,True,both,A,JN65lr,6.0,45.7292,12.9583,N,45.7292,40.236,40.236,14,56592
I3RKE,I3RKE,True,True,both,B,JN65dv,6.0,45.8958,12.2917,N,45.8958,40.407,40.407,5,931
I3VWK,I3VWK,True,True,both,B,JN55vr,6.0,45.7292,11.7917,N,45.7292,40.175,40.175,20,1782
I4JXE,I4JXE,True,True,both,B,JN54tu,6.0,44.8542,11.625,N,44.8542,39.075,39.075,4,426
I4ZTO,I4ZTO,True,True,both,A,JN54pl,6.0,44.4792,11.2917,N,44.4792,38.585,38.585,67,110774
I5FIP,I5FIP,True,True,both,B,JN53ps,6.0,43.7708,11.2917,N,43.7708,37.689,37.689,3,10150
I5OXT,I5OXT,True,True,both,B,JN52jw,6.0,42.9375,10.7917,N,42.9375,36.592,36.592,94,20500
I6PDR,I6PDR,True,True,both,B,IN87,4.0,47.5,-3.0,N,47.5,42.136,42.136,3,494
I7DNT,I7DNT,True,True,both,A,KN64,4.0,44.5,33.0,N,44.5,40.103,40.103,16,37
I7OEZ,I7OEZ,True,True,both,A,FE31,4.0,-48.5,-73.0,S,48.5,-35.52,35.52,40,655
I7OSI,I7OSI,True,True,both,A,FA99,4.0,-80.5,-61.0,S,80.5,-65.468,65.468,44,134
IA5ITY,IA5ITY,True,True,both,A,JN52,4.0,42.5,11.0,N,42.5,36.045,36.045,27,7503
ID1JYH,ID1JYH,True,True,both,B,NJ43,4.0,3.5,89.0,N,3.5,-4.039,4.039,5,16
IE8TZK,IE8TZK,True,True,both,A,DN39,4.0,49.5,-113.0,N,49.5,56.063,56.063,20,136
IH9YMC,IH9YMC,True,True,both,B,JM56xt,6.0,36.8125,11.9583,N,36.8125,28.595,28.595,3,1047
II4FGM,II4FGM,True,True,both,B,JN54,4.0,44.5,11.0,N,44.5,38.594,38.594,148,74357
IJ3VGO,IJ3VGO,True,False,wsprnet_only,B,JN45,4.0,45.5,9.0,N,45.5,39.755,39.755,5,61
IK0AOC,IK0AOC,True,True,both,B,JN61fs,6.0,41.7708,12.4583,N,41.7708,35.221,35.221,8,21140
IK0NKA,IK0NKA,True,True,both,A,JN61eu,6.0,41.8542,12.375,N,41.8542,35.321,35.321,27,54535
IK0OZB,IK0OZB,True,True,both,B,JN61oh,6.0,41.3125,13.2083,N,41.3125,34.697,34.697,3,1243
IK0PCJ,IK0PCJ,True,True,both,A,JN63cl,6.0,43.4792,12.2083,N,43.4792,37.381,37.381,36,277710
IK0QKU,IK0QKU,True,True,both,A,JN61gx,6.0,41.9792,12.5417,N,41.9792,35.496,35.496,78,39638
IK1APW,IK1APW,True,True,both,A,JN44jr,6.0,44.7292,8.7917,N,44.7292,38.766,38.766,18,24690
IK1FJH,IK1FJH,True,True,both,A,JN44lj,6.0,44.3958,8.9583,N,44.3958,38.349,38.349,12,2857
IK1HGI,IK1HGI,True,True,both,A,JN45ik,6.0,45.4375,8.7083,N,45.4375,39.662,39.662,25,10394
IK1JLL,IK1JLL,True,True,both,B,JN33tt,6.0,43.8125,7.625,N,43.8125,37.527,37.527,6,2470
IK1LBL,IK1LBL,True,True,both,B,JN33ts,6.0,43.7708,7.625,N,43.7708,37.473,37.473,4,171
IK1LBW,IK1LBW,True,True,both,B,JN44vd,6.0,44.1458,9.7917,N,44.1458,38.075,38.075,9,14655
IK1ROV,IK1ROV,True,True,both,B,JN44lm,6.0,44.5208,8.9583,N,44.5208,38.509,38.509,3,398
IK1SKC,IK1SKC,True,True,both,B,JN45fh,6.0,45.3125,8.4583,N,45.3125,39.493,39.493,7,2389
IK1W,IK1W,True,True,both,B,JN44,4.0,44.5,9.0,N,44.5,38.484,38.484,5,1240
IK1WVQ,IK1WVQ,True,True,both,B,JN44cb,6.0,44.0625,8.2083,N,44.0625,37.881,37.881,308,721483
IK2AOS,IK2AOS,True,True,both,A,JN45lr,6.0,45.7292,8.9583,N,45.7292,40.042,40.042,208,1199
IK2CMN,IK2CMN,True,True,both,B,JN45oq,6.0,45.6875,9.2083,N,45.6875,40.0,40.0,21,7249
IK2DFS,IK2DFS,True,True,both,B,JN46sd,6.0,46.1458,9.5417,N,46.1458,40.59,40.59,4,12462
IK2GFT,IK2GFT,True,True,both,B,JN45nk,6.0,45.4375,9.125,N,45.4375,39.681,39.681,32,1177
IK2HNG,IK2HNG,True,True,both,B,JN45tp,6.0,45.6458,9.625,N,45.6458,39.967,39.967,85,658676
IK2JET,IK2JET,True,True,both,A,JN55fl,6.0,45.4792,10.4583,N,45.4792,39.797,39.797,39,17774
IK2LWY,IK2LWY,True,True,both,B,JN45,4.0,45.5,9.0,N,45.5,39.755,39.755,3,223
IK2NJV,IK2NJV,True,True,both,B,JN55co,6.0,45.6042,10.2083,N,45.6042,39.942,39.942,4,287
IK2TCT,IK2TCT,True,True,both,A,JN45uq,6.0,45.6875,9.7083,N,45.6875,40.023,40.023,10,39798
IK2UEC,IK2UEC,True,True,both,B,JN45pa,6.0,45.0208,9.2917,N,45.0208,39.162,39.162,16,79390
IK2UME,IK2UME,True,True,both,B,JN45wt,6.0,45.8125,9.875,N,45.8125,40.187,40.187,10,20346
IK2VOD,IK2VOD,True,True,both,A,JN54,4.0,44.5,11.0,N,44.5,38.594,38.594,10,128861
IK2XDS,IK2XDS,True,True,both,B,JN45,4.0,45.5,9.0,N,45.5,39.755,39.755,3,55
IK3CHK,IK3CHK,True,True,both,A,JN55ur,6.0,45.7292,11.7083,N,45.7292,40.171,40.171,33,3705
IK3HHG,IK3HHG,True,True,both,A,JN65do,6.0,45.6042,12.2917,N,45.6042,40.046,40.046,200,773890
IK3OTW,IK3OTW,True,True,both,A,JN66ac,6.0,46.1042,12.0417,N,46.1042,40.652,40.652,392,256076
IK3RIY,IK3RIY,True,True,both,B,JN65ej,6.0,45.3958,12.375,N,45.3958,39.792,39.792,6,510
IK3ZQU,IK3ZQU,True,True,both,B,JN55,4.0,45.5,11.0,N,45.5,39.85,39.85,4,7365
IK4GBU,IK4GBU,True,True,both,B,JN54pl,6.0,44.4792,11.2917,N,44.4792,38.585,38.585,3,2769
IK4LLX,IK4LLX,True,True,both,A,JN54po,6.0,44.6042,11.2917,N,44.6042,38.742,38.742,10,4803
IK4MGG,IK4MGG,True,True,both,B,JN54kq,6.0,44.6875,10.875,N,44.6875,38.824,38.824,202,821078
IK4NTO,IK4NTO,True,True,both,A,JN54,4.0,44.5,11.0,N,44.5,38.594,38.594,193,1031492
IK4PLZ,IK4PLZ,True,True,both,B,JN54ql,6.0,44.4792,11.375,N,44.4792,38.59,38.59,362,1863014
IK4RQE,IK4RQE,True,True,both,B,JN54oi,6.0,44.3542,11.2083,N,44.3542,38.422,38.422,13,6570
IK4UXE,IK4UXE,True,True,both,A,JN54,4.0,44.5,11.0,N,44.5,38.594,38.594,121,2034032
IK5CHL,IK5CHL,True,True,both,A,JN53,4.0,43.5,11.0,N,43.5,37.326,37.326,152,885744
IK5LWE,IK5LWE,True,True,both,B,JN53mv,6.0,43.8958,11.0417,N,43.8958,37.832,37.832,3,18327
IK5MEL,IK5MEL,True,True,both,B,JN53,4.0,43.5,11.0,N,43.5,37.326,37.326,5,2174
IK5OWC,IK5OWC,True,True,both,B,JN53,4.0,43.5,11.0,N,43.5,37.326,37.326,3,12151
IK5UIK,IK5UIK,True,True,both,B,JN53mr,6.0,43.7292,11.0417,N,43.7292,37.621,37.621,9,7715
IK5XXK,IK5XXK,True,True,both,B,JN53kw,6.0,43.9375,10.875,N,43.9375,37.875,37.875,8,1688
IK5ZAI,IK5ZAI,True,True,both,A,JN53fu,6.0,43.8542,10.4583,N,43.8542,37.743,37.743,327,1654966
IK5ZVE,IK5ZVE,True,True,both,A,JN53fu,6.0,43.8542,10.4583,N,43.8542,37.743,37.743,241,144411
IK5ZVE/5,IK5ZVE,True,True,both,A,JN53hx,6.0,43.9792,10.625,N,43.9792,37.912,37.912,13,58081
IK6BMU,IK6BMU,True,True,both,B,JN72bm,6.0,42.5208,14.125,N,42.5208,36.313,36.313,8,6858
IK6RAM,IK6RAM,True,True,both,B,JN62ww,6.0,42.9375,13.875,N,42.9375,36.818,36.818,10,1230
IK6ZEW,IK6ZEW,True,True,both,A,JN72ck,6.0,42.4375,14.2083,N,42.4375,36.214,36.214,336,582861
IK7EJC,IK7EJC,True,True,both,B,JN80,4.0,40.5,17.0,N,40.5,34.028,34.028,62,31375
IK8CHL,IK8CHL,True,True,both,A,JN71,4.0,41.5,15.0,N,41.5,35.098,35.098,305,257927
IK8VHF,IK8VHF,True,True,both,B,JN70kp,6.0,40.6458,14.875,N,40.6458,33.999,33.999,5,309
IL0HDE,IL0HDE,True,False,wsprnet_only,A,NH98,4.0,-11.5,99.0,S,11.5,-20.426,20.426,61,438
IN1XYJ,IN1XYJ,True,False,wsprnet_only,B,JN09vg,6.0,49.2708,1.7917,N,49.2708,44.366,44.366,14,284
IN3/IU2TUL,IU2TUL,True,True,both,B,JN56nk,6.0,46.4375,11.125,N,46.4375,41.021,41.021,8,468
IN3ENR,IN3ENR,True,True,both,B,JN56,4.0,46.5,11.0,N,46.5,41.093,41.093,4,8650
IN3HER,IN3HER,True,True,both,A,JN56tr,6.0,46.7292,11.625,N,46.7292,41.403,41.403,119,25164
IN3IVF,IN3IVF,True,True,both,B,JN56,4.0,46.5,11.0,N,46.5,41.093,41.093,35,10430
IN3XZP,IN3XZP,True,True,both,B,JN56,4.0,46.5,11.0,N,46.5,41.093,41.093,8,43820
IN3ZWF,IN3ZWF,True,True,both,B,JN56,4.0,46.5,11.0,N,46.5,41.093,41.093,8,28904
IP6NHS,IP6NHS,True,False,wsprnet_only,B,JA58,4.0,-81.5,11.0,S,81.5,-69.892,69.892,8,22
IS0AAO,IS0AAO,True,True,both,A,JM49,4.0,39.5,9.0,N,39.5,31.917,31.917,58,179299
IS0FQK,IS0FQK,True,True,both,B,JM49of,6.0,39.2292,9.2083,N,39.2292,31.57,31.57,8,3662
IT9GSH,IT9GSH,True,True,both,B,JM76gt,6.0,36.8125,14.5417,N,36.8125,28.949,28.949,4,5246
IT9IKY,IT9IKY,True,True,both,B,JM67wk,6.0,37.4375,13.875,N,37.4375,29.695,29.695,5,1051
IT9KHE,IT9KHE,True,True,both,B,JM67xl,6.0,37.4792,13.9583,N,37.4792,29.762,29.762,5,264
IT9YBG,IT9YBG,True,True,both,B,JM78se,6.0,38.1875,15.5417,N,38.1875,30.899,30.899,8,18880
IU0FML,IU0FML,True,True,both,B,JN61ev,6.0,41.8958,12.375,N,41.8958,35.375,35.375,5,2552
IU0JJD,IU0JJD,True,True,both,A,JN61tp,6.0,41.6458,13.625,N,41.6458,35.161,35.161,318,12251744
IU0MTL,IU0MTL,True,True,both,A,JN61,4.0,41.5,13.0,N,41.5,34.919,34.919,17,200137
IU0OQM,IU0OQM,True,True,both,B,JN62dp,6.0,42.6458,12.2917,N,42.6458,36.328,36.328,87,837050
IU0PXR,IU0PXR,True,True,both,A,JN61,4.0,41.5,13.0,N,41.5,34.919,34.919,20,161246
IU0SZP,IU0SZP,True,True,both,B,JN61jx,6.0,41.9792,12.7917,N,41.9792,35.516,35.516,6,2583
IU0TMJ,IU0TMJ,True,True,both,A,JN61ks,6.0,41.7708,12.875,N,41.7708,35.256,35.256,21,3017
IU0TXF/P,IU0TXF,True,True,both,A,JN62el,6.0,42.4792,12.375,N,42.4792,36.122,36.122,58,39334
IU0VCK,IU0VCK,True,True,both,B,JN61ug,6.0,41.2708,13.7083,N,41.2708,34.689,34.689,48,21390
IU1CYJ,IU1CYJ,True,True,both,B,JN34tx,6.0,44.9792,7.625,N,44.9792,39.031,39.031,3,761
IU1FIG,IU1FIG,True,True,both,A,JN44,4.0,44.5,9.0,N,44.5,38.484,38.484,361,644176
IU1HHH,IU1HHH,True,True,both,B,JN44cd,6.0,44.1458,8.2083,N,44.1458,37.989,37.989,6,1084
IU1HKD,IU1HKD,True,True,both,B,JN34rx,6.0,44.9792,7.4583,N,44.9792,39.023,39.023,6,797
IU1JSF,IU1JSF,True,True,both,B,JN45eg,6.0,45.2708,8.375,N,45.2708,39.436,39.436,15,3811
IU1OIS,IU1OIS,True,True,both,B,JN44ni,6.0,44.3542,9.125,N,44.3542,38.305,38.305,5,668
IU1PPC,IU1PPC,True,True,both,A,JN44,4.0,44.5,9.0,N,44.5,38.484,38.484,319,4006602
IU1QZX,IU1QZX,True,True,both,B,JN35ta,6.0,45.0208,7.625,N,45.0208,39.084,39.084,4,775
IU1TKN,IU1TKN,True,True,both,B,JN45gw,6.0,45.9375,8.5417,N,45.9375,40.287,40.287,6,17323
IU2BWQ,IU2BWQ,True,True,both,B,JN45ji,6.0,45.3542,8.7917,N,45.3542,39.561,39.561,65,204966
IU2GZY,IU2GZY,True,True,both,A,JN45,4.0,45.5,9.0,N,45.5,39.755,39.755,10,35873
IU2IEW,IU2IEW,True,True,both,B,JN45,4.0,45.5,9.0,N,45.5,39.755,39.755,14,7328
IU2ITE,IU2ITE,True,True,both,B,JN45mk,6.0,45.4375,9.0417,N,45.4375,39.677,39.677,7,1438
IU2KOI,IU2KOI,True,True,both,B,JN45,4.0,45.5,9.0,N,45.5,39.755,39.755,4,2274
IU2MZM,IU2MZM,True,True,both,B,JN55gl,6.0,45.4792,10.5417,N,45.4792,39.801,39.801,3,157
IU2NRI,IU2NRI,True,True,both,B,JN55,4.0,45.5,11.0,N,45.5,39.85,39.85,4,2944
IU2OZE,IU2OZE,True,True,both,B,JN45ne,6.0,45.1875,9.125,N,45.1875,39.365,39.365,12,1572
IU2PJI,IU2PJI,True,False,wsprnet_only,B,JN45,4.0,45.5,9.0,N,45.5,39.755,39.755,6,203
IU2RJH,IU2RJH,True,True,both,A,JN55jd,6.0,45.1458,10.7917,N,45.1458,39.396,39.396,45,5327
IU2ROI,IU2ROI,True,True,both,A,JN45hr,6.0,45.7292,8.625,N,45.7292,40.028,40.028,13,12991
IU2SJU,IU2SJU,True,True,both,B,JN45,4.0,45.5,9.0,N,45.5,39.755,39.755,4,393
IU2SNY,IU2SNY,True,True,both,B,JN45,4.0,45.5,9.0,N,45.5,39.755,39.755,4,637
IU2SOK,IU2SOK,True,True,both,A,JN45js,6.0,45.7708,8.7917,N,45.7708,40.087,40.087,21,2432
IU2TOG,IU2TOG,True,True,both,B,JN45,4.0,45.5,9.0,N,45.5,39.755,39.755,4,321
IU2UBQ,IU2UBQ,True,True,both,B,JN55bt,6.0,45.8125,10.125,N,45.8125,40.199,40.199,11,2259
IU2VTN,IU2VTN,True,True,both,B,JN45,4.0,45.5,9.0,N,45.5,39.755,39.755,9,1877
IU2VVA,IU2VVA,True,True,both,B,JN45ti,6.0,45.3542,9.625,N,45.3542,39.599,39.599,22,8023
IU3EIA,IU3EIA,True,True,both,A,JN55ut,6.0,45.8125,11.7083,N,45.8125,40.274,40.274,37,32165
IU3MBY,IU3MBY,True,True,both,B,JN55rr,6.0,45.7292,11.4583,N,45.7292,40.158,40.158,4,641
IU3OAR,IU3OAR,True,True,both,B,JN65dm,6.0,45.5208,12.2917,N,45.5208,39.942,39.942,6,1328
IU3QMK,IU3QMK,True,True,both,A,JN65lr,6.0,45.7292,12.9583,N,45.7292,40.236,40.236,22,120684
IU3SEM,IU3SEM,True,True,both,B,JN55sn,6.0,45.5625,11.5417,N,45.5625,39.955,39.955,12,15233
IU3TAI,IU3TAI,True,True,both,A,JN65as,6.0,45.7708,12.0417,N,45.7708,40.239,40.239,23,4708
IU3VGK,IU3VGK,True,True,both,A,JN55so,6.0,45.6042,11.5417,N,45.6042,40.007,40.007,83,580692
IU3VUJ,IU3VUJ,True,True,both,A,JN55,4.0,45.5,11.0,N,45.5,39.85,39.85,52,130901
IU4COO,IU4COO,True,True,both,B,JN63,4.0,43.5,13.0,N,43.5,37.462,37.462,3,862
IU4JNR,IU4JNR,True,True,both,B,JN64cd,6.0,44.1458,12.2083,N,44.1458,38.221,38.221,4,1321
IU4LGT,IU4LGT,True,True,both,A,JN54lq,6.0,44.6875,10.9583,N,44.6875,38.828,38.828,16,2215
IU4QRU,IU4QRU,True,True,both,B,JN44ru,6.0,44.8542,9.4583,N,44.8542,38.959,38.959,3,236
IU4RTQ,IU4RTQ,True,True,both,B,JN54ql,6.0,44.4792,11.375,N,44.4792,38.59,38.59,48,61685
IU4VQZ,IU4VQZ,True,True,both,B,JN45xc,6.0,45.1042,9.9583,N,45.1042,39.3,39.3,7,1263
IU5CIJ,IU5CIJ,True,True,both,B,JN53rp,6.0,43.6458,11.4583,N,43.6458,37.541,37.541,6,348
IU5EXX,IU5EXX,True,True,both,B,JN53sn,6.0,43.5625,11.5417,N,43.5625,37.441,37.441,10,4092
IU5GEZ,IU5GEZ,True,True,both,B,JN53dn,6.0,43.5625,10.2917,N,43.5625,37.36,37.36,3,2224
IU5ICR,IU5ICR,True,True,both,B,JN53ho,6.0,43.6042,10.625,N,43.6042,37.435,37.435,5,7603
IU5JJW,IU5JJW,True,True,both,B,JN52gw,6.0,42.9375,10.5417,N,42.9375,36.575,36.575,4,13461
IU5KYZ,IU5KYZ,True,True,both,A,JN53os,6.0,43.7708,11.2083,N,43.7708,37.684,37.684,19,4727
IU5KZF,IU5KZF,True,True,both,B,JN53rt,6.0,43.8125,11.4583,N,43.8125,37.753,37.753,5,1919
IU5KZG,IU5KZG,True,True,both,B,JN53kt,6.0,43.8125,10.875,N,43.8125,37.716,37.716,8,3855
IU5SFC,IU5SFC,True,True,both,B,JN53,4.0,43.5,11.0,N,43.5,37.326,37.326,7,47676
IU5TRG,IU5TRG,True,True,both,A,JN53pu,6.0,43.8542,11.2917,N,43.8542,37.795,37.795,19,4491
IU5TRX,IU5TRX,True,True,both,B,JN53kb,6.0,43.0625,10.875,N,43.0625,36.759,36.759,63,41023
IU5UDR,IU5UDR,True,True,both,A,JN44,4.0,44.5,9.0,N,44.5,38.484,38.484,24,7109
IU6DGD,IU6DGD,True,True,both,B,JN63lj,6.0,43.3958,12.9583,N,43.3958,37.328,37.328,3,768
IU6FRS,IU6FRS,True,True,both,B,JN62ww,6.0,42.9375,13.875,N,42.9375,36.818,36.818,31,20501
IU6MUI,IU6MUI,True,True,both,B,JN63,4.0,43.5,13.0,N,43.5,37.462,37.462,6,8222
IU6VMR,IU6VMR,True,True,both,B,JN63rh,6.0,43.3125,13.4583,N,43.3125,37.259,37.259,10,3623
IU7RAL,IU7RAL,True,True,both,A,JN80pk,6.0,40.4375,17.2917,N,40.4375,33.98,33.98,17,1687
IU7SNW,IU7SNW,True,True,both,B,JM99du,6.0,39.8542,18.2917,N,39.8542,33.354,33.354,3,1500
IU7VNE,IU7VNE,True,True,both,B,JN81,4.0,41.5,17.0,N,41.5,35.282,35.282,10,476
IU8OQJ,IU8OQJ,True,True,both,B,JN70jq,6.0,40.6875,14.7917,N,40.6875,34.044,34.044,3,174
IU8VYY,IU8VYY,True,False,wsprnet_only,A,JN61,4.0,41.5,13.0,N,41.5,34.919,34.919,14,15
IV3ICH,IV3ICH,True,True,both,B,JN66od,6.0,46.1458,13.2083,N,46.1458,40.761,40.761,3,668
IV3IKW,IV3IKW,True,True,both,B,JN66,4.0,46.5,13.0,N,46.5,41.184,41.184,4,263
IV3JJO,IV3JJO,True,True,both,B,JN66,4.0,46.5,13.0,N,46.5,41.184,41.184,234,3302149
IV3KNU,IV3KNU,True,True,both,B,JN66,4.0,46.5,13.0,N,46.5,41.184,41.184,3,466
IV3UJD,IV3UJD,True,True,both,A,JN66pb,6.0,46.0625,13.2917,N,46.0625,40.663,40.663,32,390299
IV3VLN,IV3VLN,True,True,both,A,JN66oc,6.0,46.1042,13.2083,N,46.1042,40.71,40.71,20,12181
IV3WJP,IV3WJP,True,True,both,B,JN65rv,6.0,45.8958,13.4583,N,45.8958,40.467,40.467,4,392
IW0DTK,IW0DTK,True,True,both,A,JN61,4.0,41.5,13.0,N,41.5,34.919,34.919,179,258387
IW0ELF,IW0ELF,True,True,both,B,JN61,4.0,41.5,13.0,N,41.5,34.919,34.919,210,181406
IW0FKO,IW0FKO,True,True,both,B,JN62eb,6.0,42.0625,12.375,N,42.0625,35.589,35.589,4,1524
IW0HK,IW0HK,True,True,both,B,JN61,4.0,41.5,13.0,N,41.5,34.919,34.919,284,712565
IW0HKR,IW0HKR,True,True,both,A,JN62am,6.0,42.5208,12.0417,N,42.5208,36.15,36.15,24,12853
IW0HOP,IW0HOP,True,True,both,B,JN61ix,6.0,41.9792,12.7083,N,41.9792,35.509,35.509,8,4098
IW0RQJ,IW0RQJ,True,True,both,B,JN63ha,6.0,43.0208,12.625,N,43.0208,36.83,36.83,9,858
IW1BEF,IW1BEF,True,True,both,B,JN45an,6.0,45.5625,8.0417,N,45.5625,39.792,39.792,3,208
IW1FBY,IW1FBY,True,True,both,B,JN44ar,6.0,44.7292,8.0417,N,44.7292,38.73,38.73,3,10593
IW1GAL,IW1GAL,True,True,both,B,JN44lq,6.0,44.6875,8.9583,N,44.6875,38.721,38.721,6,9758
IW1GFN,IW1GFN,True,True,both,B,JN45bn,6.0,45.5625,8.125,N,45.5625,39.796,39.796,3,290
IW1PAK,IW1PAK,True,True,both,B,JN33vt,6.0,43.8125,7.7917,N,43.8125,37.536,37.536,4,215
IW1PVQ,IW1PVQ,True,True,both,B,JN44lj,6.0,44.3958,8.9583,N,44.3958,38.349,38.349,4,1554
IW1PVT,IW1PVT,True,True,both,B,JN33wu,6.0,43.8542,7.875,N,43.8542,37.594,37.594,3,153
IW1QEF,IW1QEF,True,True,both,B,JN44ph,6.0,44.3125,9.2917,N,44.3125,38.26,38.26,7,1860
IW1QLH,IW1QLH,True,True,both,A,JN43av,6.0,43.8958,8.0417,N,43.8958,37.657,37.657,395,694194
IW2DMO,IW2DMO,True,True,both,A,JN45uj,6.0,45.3958,9.7083,N,45.3958,39.656,39.656,334,71810
IW2DRM,IW2DRM,True,True,both,B,JN45kl,6.0,45.4792,8.875,N,45.4792,39.723,39.723,5,1566
IW2DWN,IW2DWN,True,True,both,A,JN46,4.0,46.5,9.0,N,46.5,41.012,41.012,395,1147604
IW2DZX,IW2DZX,True,True,both,B,JN45kp,6.0,45.6458,8.875,N,45.6458,39.933,39.933,5,9078
IW2FPI,IW2FPI,True,True,both,B,JN45mt,6.0,45.8125,9.0417,N,45.8125,40.151,40.151,3,292
IW2FZR,IW2FZR,True,True,both,A,JN46we,6.0,46.1875,9.875,N,46.1875,40.657,40.657,18,682
IW2HTZ,IW2HTZ,True,True,both,B,JN45tl,6.0,45.4792,9.625,N,45.4792,39.757,39.757,9,5552
IW2IBU,IW2IBU,True,True,both,A,JN45,4.0,45.5,9.0,N,45.5,39.755,39.755,21,178067
IW2IOL,IW2IOL,True,True,both,B,JN45,4.0,45.5,9.0,N,45.5,39.755,39.755,3,61
IW2JPB,IW2JPB,True,True,both,B,JN55la,6.0,45.0208,10.9583,N,45.0208,39.247,39.247,4,723
IW2LJB,IW2LJB,True,True,both,B,JN45,4.0,45.5,9.0,N,45.5,39.755,39.755,3,1762
IW2NBW,IW2NBW,True,True,both,B,JN45jl,6.0,45.4792,8.7917,N,45.4792,39.719,39.719,5,3180
IW2NOO,IW2NOO,True,True,both,B,JN46jb,6.0,46.0625,8.7917,N,46.0625,40.455,40.455,3,18585
IW2OHP,IW2OHP,True,True,both,B,JN45lq,6.0,45.6875,8.9583,N,45.6875,39.99,39.99,22,12595
IW3FRF,IW3FRF,True,True,both,B,JN66bb,6.0,46.0625,12.125,N,46.0625,40.604,40.604,29,5488
IW3GGU,IW3GGU,True,True,both,B,JN65bm,6.0,45.5208,12.125,N,45.5208,39.934,39.934,5,1781
IW3INQ,IW3INQ,True,True,both,B,JN65eu,6.0,45.8542,12.375,N,45.8542,40.359,40.359,5,335
IW3IPD,IW3IPD,True,True,both,B,JN65,4.0,45.5,13.0,N,45.5,39.955,39.955,7,10060
IW3QTG,IW3QTG,True,True,both,B,JN65pt,6.0,45.8125,13.2917,N,45.8125,40.356,40.356,37,564468
IW3RMR,IW3RMR,True,True,both,A,JN66pa,6.0,46.0208,13.2917,N,46.0208,40.612,40.612,395,5481370
IW4DXW,IW4DXW,True,True,both,B,JN64bw,6.0,44.9375,12.125,N,44.9375,39.208,39.208,3,360
IW5BHY,IW5BHY,True,True,both,B,JN54fb,6.0,44.0625,10.4583,N,44.0625,38.008,38.008,39,103311
IW5CRK,IW5CRK,True,True,both,B,JN53wd,6.0,43.1458,11.875,N,43.1458,36.935,36.935,3,6376
IW6CAE,IW6CAE,True,True,both,A,JN63,4.0,43.5,13.0,N,43.5,37.462,37.462,60,128149
IW6NEM,IW6NEM,True,True,both,B,JN62,4.0,42.5,13.0,N,42.5,36.197,36.197,7,4078
IW7BFN,IW7BFN,True,True,both,B,JN80pl,6.0,40.4792,17.2917,N,40.4792,34.032,34.032,20,127378
IW8IWQ,IW8IWQ,True,True,both,A,JN71,4.0,41.5,15.0,N,41.5,35.098,35.098,11,1499
IW8XOI,IW8XOI,True,True,both,B,JN71in,6.0,41.5625,14.7083,N,41.5625,35.15,35.15,3,1347
IW9DNS,IW9DNS,True,True,both,B,JM77lu,6.0,37.8542,14.9583,N,37.8542,30.388,30.388,5,870
IZ0AWG,IZ0AWG,True,True,both,A,JN61hl,6.0,41.4792,12.625,N,41.4792,34.86,34.86,11,18753
IZ0AXF,IZ0AXF,True,True,both,A,JN61kr,6.0,41.7292,12.875,N,41.7292,35.203,35.203,42,229171
IZ0CVF,IZ0CVF,True,True,both,B,JN61bx,6.0,41.9792,12.125,N,41.9792,35.462,35.462,5,5285
IZ0CWX,IZ0CWX,True,True,both,A,JN61gv,6.0,41.8958,12.5417,N,41.8958,35.389,35.389,14,595
IZ0PMP,IZ0PMP,True,True,both,B,JN61jk,6.0,41.4375,12.7917,N,41.4375,34.821,34.821,6,6779
IZ0QPO,IZ0QPO,True,True,both,A,JN61,4.0,41.5,13.0,N,41.5,34.919,34.919,14,272685
IZ0SQZ,IZ0SQZ,True,True,both,B,JN62kk,6.0,42.4375,12.875,N,42.4375,36.108,36.108,3,10494
IZ0TCN,IZ0TCN,True,True,both,A,JN61,4.0,41.5,13.0,N,41.5,34.919,34.919,12,12921
IZ1DLU,IZ1DLU,True,True,both,B,JN33vu,6.0,43.8542,7.7917,N,43.8542,37.59,37.59,3,591
IZ1GCQ,IZ1GCQ,True,True,both,A,JN35,4.0,45.5,7.0,N,45.5,39.671,39.671,23,26787
IZ1MHY,IZ1MHY,True,True,both,A,JN54ac,6.0,44.1042,10.0417,N,44.1042,38.037,38.037,379,295432
IZ2BKC,IZ2BKC,True,True,both,B,JN45mm,6.0,45.5208,9.0417,N,45.5208,39.783,39.783,3,1937
IZ2CPS,IZ2CPS,True,True,both,B,JN45ss,6.0,45.7708,9.5417,N,45.7708,40.12,40.12,4,59
IZ2EAS,IZ2EAS,True,True,both,B,JN45ol,6.0,45.4792,9.2083,N,45.4792,39.738,39.738,5,369
IZ2FDY,IZ2FDY,True,True,both,B,JN45,4.0,45.5,9.0,N,45.5,39.755,39.755,8,25835
IZ2FER,IZ2FER,True,True,both,A,JN45oj,6.0,45.3958,9.2083,N,45.3958,39.632,39.632,347,1334278
IZ2FLY,IZ2FLY,True,False,wsprnet_only,B,JN55fo,6.0,45.6042,10.4583,N,45.6042,39.954,39.954,7,81
IZ2HXV,IZ2HXV,True,True,both,B,JN55,4.0,45.5,11.0,N,45.5,39.85,39.85,4,320
IZ2LRU,IZ2LRU,True,True,both,B,JN45,4.0,45.5,9.0,N,45.5,39.755,39.755,3,2159
IZ2NAW,IZ2NAW,True,True,both,B,JN45qm,6.0,45.5208,9.375,N,45.5208,39.798,39.798,5,774
IZ2NCA,IZ2NCA,True,True,both,B,JN46xd,6.0,46.1458,9.9583,N,46.1458,40.608,40.608,3,628
IZ2PDR,IZ2PDR,True,True,both,B,JN45,4.0,45.5,9.0,N,45.5,39.755,39.755,6,7151
IZ2WMD,IZ2WMD,True,True,both,B,JN45sq,6.0,45.6875,9.5417,N,45.6875,40.015,40.015,11,3319
IZ2YNS,IZ2YNS,True,True,both,B,JN45mq,6.0,45.6875,9.0417,N,45.6875,39.993,39.993,5,686
IZ3ATX,IZ3ATX,True,True,both,B,JN55wk,6.0,45.4375,11.875,N,45.4375,39.817,39.817,3,1277
IZ3BUI,IZ3BUI,True,True,both,B,JN55sr,6.0,45.7292,11.5417,N,45.7292,40.163,40.163,3,119
IZ3EYY,IZ3EYY,True,True,both,B,JN55qr,6.0,45.7292,11.375,N,45.7292,40.154,40.154,5,931
IZ3GTH,IZ3GTH,True,True,both,A,JN65,4.0,45.5,13.0,N,45.5,39.955,39.955,19,34615
IZ3LWT,IZ3LWT,True,True,both,A,JN65ag,6.0,45.2708,12.0417,N,45.2708,39.618,39.618,67,55791
IZ3SOF,IZ3SOF,True,True,both,B,JN65in,6.0,45.5625,12.7083,N,45.5625,40.016,40.016,5,1705
IZ3WSP,IZ3WSP,True,True,both,A,JN65dq,6.0,45.6875,12.2917,N,45.6875,40.149,40.149,11,19385
IZ3WXD,IZ3WXD,True,True,both,A,JN55wk,6.0,45.4375,11.875,N,45.4375,39.817,39.817,42,258016
IZ3YPS,IZ3YPS,True,True,both,A,JN55,4.0,45.5,11.0,N,45.5,39.85,39.85,21,67403
IZ3ZPY,IZ3ZPY,True,True,both,A,JN55qm,6.0,45.5208,11.375,N,45.5208,39.895,39.895,39,40363
IZ4BKK,IZ4BKK,True,True,both,B,JN33mn,6.0,43.5625,7.0417,N,43.5625,37.171,37.171,4,241
IZ4LXP,IZ4LXP,True,True,both,A,JN54,4.0,44.5,11.0,N,44.5,38.594,38.594,51,401790
IZ4MAO,IZ4MAO,True,True,both,B,JN54,4.0,44.5,11.0,N,44.5,38.594,38.594,3,3662
IZ4VQS,IZ4VQS,True,True,both,B,JN44,4.0,44.5,9.0,N,44.5,38.484,38.484,17,78846
IZ5IOS,IZ5IOS,True,True,both,B,JN53ku,6.0,43.8542,10.875,N,43.8542,37.769,37.769,3,1151
IZ5MJO,IZ5MJO,True,True,both,A,JN53,4.0,43.5,11.0,N,43.5,37.326,37.326,301,819006
IZ5MMH,IZ5MMH,True,True,both,A,JN53,4.0,43.5,11.0,N,43.5,37.326,37.326,390,1018236
IZ5OPW,IZ5OPW,True,True,both,B,JN54,4.0,44.5,11.0,N,44.5,38.594,38.594,4,364
IZ6GSB,IZ6GSB,True,True,both,A,JN72aj,6.0,42.3958,14.0417,N,42.3958,36.148,36.148,10,58831
IZ6QZB,IZ6QZB,True,True,both,A,JN62qi,6.0,42.3542,13.375,N,42.3542,36.042,36.042,21,372
IZ7FMR,IZ7FMR,True,True,both,B,JN80,4.0,40.5,17.0,N,40.5,34.028,34.028,9,1422
IZ7GLC,IZ7GLC,True,True,both,B,JN90ca,6.0,40.0208,18.2083,N,40.0208,33.554,33.554,4,109
IZ7QVD,IZ7QVD,True,True,both,B,JN81fc,6.0,41.1042,16.4583,N,41.1042,34.735,34.735,6,553
IZ7VHF,IZ7VHF,True,True,both,B,JN80ql,6.0,40.4792,17.375,N,40.4792,34.041,34.041,12,1316
IZ7ZKR,IZ7ZKR,True,True,both,A,JN80xp,6.0,40.6458,17.9583,N,40.6458,34.31,34.31,36,6699
IZ8FFZ,IZ8FFZ,True,True,both,A,JM89de,6.0,39.1875,16.2917,N,39.1875,32.283,32.283,243,4107751
IZ8GCH,IZ8GCH,True,True,both,B,JN70aw,6.0,40.9375,14.0417,N,40.9375,34.292,34.292,10,1380
IZ8YBS,IZ8YBS,True,True,both,B,JM89ch,6.0,39.3125,16.2083,N,39.3125,32.433,32.433,3,251
J2MZC,J2MZC,True,False,wsprnet_only,A,DN47,4.0,47.5,-111.0,N,47.5,54.435,54.435,63,177
J38LD,J38LD,True,True,both,B,FK92ca,6.0,12.0208,-61.7917,N,12.0208,16.058,16.058,4,635
JA0HXV,JA0HXV,True,True,both,A,PM85vj,6.0,35.3958,137.7917,N,35.3958,28.746,28.746,370,203038
JA1AWF,JA1AWF,True,True,both,A,PM96ur,6.0,36.7292,139.7083,N,36.7292,30.021,30.021,110,42844
JA1KPF,JA1KPF,True,True,both,A,QM06bb,6.0,36.0625,140.125,N,36.0625,29.301,29.301,353,52841
JA1MNM,JA1MNM,True,True,both,A,PM95sn,6.0,35.5625,139.5417,N,35.5625,28.812,28.812,260,88525
JA1NQI,JA1NQI,True,True,both,A,QM05dv,6.0,35.8958,140.2917,N,35.8958,29.117,29.117,88,1461
JA1PKG,JA1PKG,True,True,both,A,PM96qg,6.0,36.2708,139.375,N,36.2708,29.561,29.561,10,2396
JA1TLH,JA1TLH,True,True,both,A,PM95sp,6.0,35.6458,139.5417,N,35.6458,28.899,28.899,34,5201
JA1VBN,JA1VBN,True,True,both,A,PM95ug,6.0,35.2708,139.7083,N,35.2708,28.498,28.498,10,642
JA2KLY,JA2KLY,True,True,both,B,PM84mv,6.0,34.8958,137.0417,N,34.8958,28.273,28.273,150,4778
JA2STU,JA2STU,True,False,wsprnet_only,A,PM85jg,6.0,35.2708,136.7917,N,35.2708,28.682,28.682,28,193
JA3HDB,JA3HDB,True,False,wsprnet_only,B,KA23,4.0,-86.5,25.0,S,86.5,-73.476,73.476,7,14
JA3TVF,JA3TVF,True,True,both,A,PM74pc,6.0,34.1042,135.2917,N,34.1042,27.571,27.571,249,95663
JA3TYD,JA3TYD,True,True,both,B,PM74,4.0,34.5,135.0,N,34.5,28.005,28.005,4,107
JA4RQO,JA4RQO,True,True,both,A,PM65hh,6.0,35.3125,132.625,N,35.3125,29.034,29.034,17,615
JA5FFO,JA5FFO,True,True,both,A,PM74bi,6.0,34.3542,134.125,N,34.3542,27.918,27.918,395,443335
JA5NVN,JA5NVN,True,True,both,A,PM74ec,6.0,34.1042,134.375,N,34.1042,27.639,27.639,379,1223180
JA5OPR,JA5OPR,True,True,both,B,PM73eq,6.0,33.6875,134.375,N,33.6875,27.204,27.204,285,205552
JA6SOQ,JA6SOQ,True,True,both,B,PM53aj,6.0,33.3958,130.0417,N,33.3958,27.245,27.245,347,47668
JA6VNJ,JA6VNJ,True,True,both,A,PM53gt,6.0,33.8125,130.5417,N,33.8125,27.638,27.638,12,407
JA7GVQ,JA7GVQ,True,True,both,A,QM08ki,6.0,38.3542,140.875,N,38.3542,31.656,31.656,128,7602
JA8HUW,JA8HUW,True,True,both,B,QN12,4.0,42.5,143.0,N,42.5,35.9,35.9,24,2852
JA8INU,JA8INU,True,True,both,A,QN03qa,6.0,43.0208,141.375,N,43.0208,36.526,36.526,118,12794
JA8XMC,JA8XMC,True,True,both,B,QN03sa,6.0,43.0208,141.5417,N,43.0208,36.518,36.518,262,361372
JA9MAT,JA9MAT,True,True,both,B,PM86mr,6.0,36.7292,137.0417,N,36.7292,30.188,30.188,10,5078
JA9TTT,JA9TTT,True,True,both,B,PM96of,6.0,36.2292,139.2083,N,36.2292,29.528,29.528,9,3081
JE0CRZ,JE0CRZ,True,False,wsprnet_only,A,FN13,4.0,43.5,-77.0,N,43.5,51.727,51.727,14,38
JE1JDL,JE1JDL,True,True,both,A,PM96,4.0,36.5,139.0,N,36.5,29.823,29.823,126,12435
JE6VER,JE6VER,True,True,both,B,PM52,4.0,32.5,131.0,N,32.5,26.233,26.233,3,183
JF1DKB,JF1DKB,True,True,both,A,QM05bi,6.0,35.3542,140.125,N,35.3542,28.561,28.561,28,170996
JF1MUX,JF1MUX,True,True,both,A,PM95vr,6.0,35.7292,139.7917,N,35.7292,28.971,28.971,358,29471
JF3HPN,JF3HPN,True,True,both,B,PM74qt,6.0,34.8125,135.375,N,34.8125,28.303,28.303,168,734268
JF3YVS,JF3YVS,True,False,wsprnet_only,B,JG07,4.0,-22.5,1.0,S,22.5,-32.563,32.563,5,22
JF6XIQ,JF6XIQ,True,True,both,A,PM52jt,6.0,32.8125,130.7917,N,32.8125,26.576,26.576,26,2500
JG1PIX,JG1PIX,True,False,wsprnet_only,A,PM95so,6.0,35.6042,139.5417,N,35.6042,28.855,28.855,213,5343
JG5GLB,JG5GLB,True,True,both,B,PM63un,6.0,33.5625,133.7083,N,33.5625,27.125,27.125,5,161
JH1ARY,JH1ARY,True,True,both,B,PM95wt,6.0,35.8125,139.875,N,35.8125,29.054,29.054,5,649
JH1GYE,JH1GYE,True,True,both,A,PM96mi,6.0,36.3542,139.0417,N,36.3542,29.668,29.668,116,10831
JH1OFX,JH1OFX,True,True,both,A,PM95ql,6.0,35.4792,139.375,N,35.4792,28.735,28.735,369,101617
JH1TWZ,JH1TWZ,True,True,both,B,PM95ru,6.0,35.8542,139.4583,N,35.8542,29.121,29.121,4,3262
JH2CCT,JH2CCT,True,True,both,B,PM85il,6.0,35.4792,136.7083,N,35.4792,28.905,28.905,3,1657
JH3KTL,JH3KTL,True,True,both,A,PM74ow,6.0,34.9375,135.2083,N,34.9375,28.446,28.446,353,518047
JH9TJT,JH9TJT,True,True,both,A,PM86hk,6.0,36.4375,136.625,N,36.4375,29.912,29.912,29,7720
JI1BQW,JI1BQW,True,True,both,A,PM95rl,6.0,35.4792,139.4583,N,35.4792,28.73,28.73,19,2327
JI2RVK,JI2RVK,True,True,both,B,PM86vi,6.0,36.3542,137.7917,N,36.3542,29.747,29.747,6,1538
JI2UFX,JI2UFX,True,True,both,B,PM94,4.0,34.5,139.0,N,34.5,27.735,27.735,6,201
JI3VRC,JI3VRC,True,False,wsprnet_only,B,EM69,4.0,39.5,-87.0,N,39.5,48.696,48.696,3,12
JI4GLC,JI4GLC,True,False,wsprnet_only,B,EM67,4.0,37.5,-87.0,N,37.5,46.774,46.774,9,29
JI4YQF,JI4YQF,True,False,wsprnet_only,A,EM67,4.0,37.5,-87.0,N,37.5,46.774,46.774,39,161
JI9CGA,JI9CGA,True,True,both,A,DE45,4.0,-44.5,-111.0,S,44.5,-35.659,35.659,15,77
JI9UCG,JI9UCG,True,False,wsprnet_only,A,FN28,4.0,48.5,-75.0,N,48.5,56.346,56.346,16,45
JJ0ETL,JJ0ETL,True,True,both,B,PM96,4.0,36.5,139.0,N,36.5,29.823,29.823,3,89
JJ0VBZ,JJ0VBZ,True,True,both,A,PM86vq,6.0,36.6875,137.7917,N,36.6875,30.095,30.095,99,876
JJ1BDX,JJ1BDX,True,False,wsprnet_only,B,PM95tp,6.0,35.6458,139.625,N,35.6458,28.894,28.894,3,93
JJ1IMG,JJ1IMG,True,True,both,B,QM06fi,6.0,36.3542,140.4583,N,36.3542,29.587,29.587,3,275
JJ1LFO,JJ1LFO,True,True,both,B,PM95wq,6.0,35.6875,139.875,N,35.6875,28.923,28.923,8,423
JJ1XRV,JJ1XRV,True,True,both,A,QM05ds,6.0,35.7708,140.2917,N,35.7708,28.987,28.987,13,702
JJ2YZQ,JJ2YZQ,True,True,both,B,PM85,4.0,35.5,137.0,N,35.5,28.907,28.907,74,151769
JK6JAB,JK6JAB,True,True,both,B,PM53kt,6.0,33.8125,130.875,N,33.8125,27.61,27.61,3,258
JK7NGT,JK7NGT,True,False,wsprnet_only,B,JM35,4.0,35.5,7.0,N,35.5,26.053,26.053,7,10
JL1AJE,JL1AJE,True,True,both,B,PM95vv,6.0,35.8958,139.7917,N,35.8958,29.145,29.145,3,237
JL1DJZ,JL1DJZ,True,True,both,B,PM95ug,6.0,35.2708,139.7083,N,35.2708,28.498,28.498,10,2885
JL1DRF,JL1DRF,True,True,both,A,PM95qk,6.0,35.4375,139.375,N,35.4375,28.691,28.691,11,643
JL1EFR,JL1EFR,True,True,both,B,PM95,4.0,35.5,139.0,N,35.5,28.779,28.779,3,114
JL1WCN,JL1WCN,True,True,both,A,PM95tl,6.0,35.4792,139.625,N,35.4792,28.72,28.72,118,4970
JM1CZS,JM1CZS,True,True,both,A,QM06gi,6.0,36.3542,140.5417,N,36.3542,29.582,29.582,377,45378
JM1ISX,JM1ISX,True,True,both,A,PM95vq,6.0,35.6875,139.7917,N,35.6875,28.928,28.928,14,1624
JM1MKH,JM1MKH,True,True,both,B,QM05,4.0,35.5,141.0,N,35.5,28.666,28.666,4,388
JM1NCA,JM1NCA,True,True,both,B,PM95tp,6.0,35.6458,139.625,N,35.6458,28.894,28.894,6,433
JM1ZLK,JM1ZLK,True,True,both,A,PM95vq,6.0,35.6875,139.7917,N,35.6875,28.928,28.928,12,12334
JM2NTB,JM2NTB,True,True,both,B,PM84hx,6.0,34.9792,136.625,N,34.9792,28.389,28.389,5,574
JM2PVS,JM2PVS,True,True,both,A,PM95,4.0,35.5,139.0,N,35.5,28.779,28.779,118,174306
JM7NBS,JM7NBS,True,False,wsprnet_only,A,QM08dl,6.0,38.4792,140.2917,N,38.4792,31.818,31.818,24,102
JN1IXX,JN1IXX,True,True,both,B,PM95rs,6.0,35.7708,139.4583,N,35.7708,29.034,29.034,4,109
JN1ZOG,JN1ZOG,True,False,wsprnet_only,A,PM95tr,6.0,35.7292,139.625,N,35.7292,28.981,28.981,395,45526
JO1LVZ,JO1LVZ,True,True,both,B,PM95,4.0,35.5,139.0,N,35.5,28.779,28.779,22,118
JO3XPH,JO3XPH,True,True,both,B,PM75va,6.0,35.0208,135.7917,N,35.0208,28.491,28.491,17,7519
JOB/I6WKM,I6WKM,True,True,both,A,IO91vw,6.0,51.9375,-0.2083,N,51.9375,47.719,47.719,84,249
JP1ODJ,JP1ODJ,True,True,both,A,PM96sa,6.0,36.0208,139.5417,N,36.0208,29.29,29.29,18,22154
JR1TKT,JR1TKT,True,True,both,A,PM95qu,6.0,35.8542,139.375,N,35.8542,29.126,29.126,20,2034
JR2KBA,JR2KBA,True,True,both,B,PM84uq,6.0,34.6875,137.7083,N,34.6875,28.012,28.012,17,1150
JR2VYM,JR2VYM,True,True,both,A,PM84wr,6.0,34.7292,137.875,N,34.7292,28.044,28.044,140,100197
JR4AIR,JR4AIR,True,True,both,B,PM54,4.0,34.5,131.0,N,34.5,28.317,28.317,3,36
JR5JEU,JR5JEU,True,True,both,A,PM63is,6.0,33.7708,132.7083,N,33.7708,27.42,27.42,363,86604
JR6IOT,JR6IOT,True,True,both,B,PM51hf,6.0,31.2292,130.625,N,31.2292,24.94,24.94,28,1971
JS1YEG,JS1YEG,True,False,wsprnet_only,A,PM95tr,6.0,35.7292,139.625,N,35.7292,28.981,28.981,395,118912
JS2SBF,JS2SBF,True,True,both,A,PM84,4.0,34.5,137.0,N,34.5,27.863,27.863,14,562
JW1WSP,JW1WSP,True,True,both,A,JQ77sa,6.0,77.0208,15.5417,N,77.0208,74.731,74.731,177,1333334
JY4CH,JY4CH,True,True,both,A,KM71,4.0,31.5,35.0,N,31.5,25.634,25.634,26,5674
JY4CI,JY4CI,True,True,both,B,KM71,4.0,31.5,35.0,N,31.5,25.634,25.634,14,5579
JY6SC,JY6SC,True,True,both,B,KM71ww,6.0,31.9375,35.875,N,31.9375,26.26,26.26,3,344
K06DQN,K06DQN,True,True,both,B,CM95po,6.0,35.6042,-120.7083,N,35.6042,40.98,40.98,5,2917
K0AID,K0AID,True,True,both,A,EN26,4.0,46.5,-95.0,N,46.5,55.299,55.299,17,134700
K0ALB,K0ALB,True,True,both,B,DN70jd,6.0,40.1458,-105.2083,N,40.1458,48.098,48.098,4,2607
K0ANS,K0ANS,True,True,both,A,DN70kd,6.0,40.1458,-105.125,N,40.1458,48.11,48.11,395,1925067
K0AV,K0AV,True,True,both,B,DM78,4.0,38.5,-105.0,N,38.5,46.509,46.509,3,8659
K0BH,K0BH,True,True,both,B,DM79,4.0,39.5,-105.0,N,39.5,47.493,47.493,5,2357
K0BHB,K0BHB,True,True,both,B,EN34iv,6.0,44.8958,-93.2917,N,44.8958,53.835,53.835,4,5945
K0BL,K0BL,True,True,both,A,EN31sa,6.0,41.0208,-92.4583,N,41.0208,50.129,50.129,19,15278
K0BUF,K0BUF,True,True,both,A,FN20,4.0,40.5,-75.0,N,40.5,48.492,48.492,23,40463
K0CFW,K0CFW,True,True,both,A,EN34oq,6.0,44.6875,-92.7917,N,44.6875,53.653,53.653,392,13522587
K0CXF,K0CXF,True,True,both,B,EM07pp,6.0,37.6458,-98.7083,N,37.6458,46.429,46.429,6,1119
K0DCR,K0DCR,True,True,both,B,DM78ov,6.0,38.8958,-104.7917,N,38.8958,46.927,46.927,8,3188
K0DCR/0,K0DCR,True,True,both,B,DM78ov,6.0,38.8958,-104.7917,N,38.8958,46.927,46.927,3,172
K0DEV,K0DEV,True,True,both,A,FM18jv,6.0,38.8958,-77.2083,N,38.8958,47.28,47.28,365,266886
K0DJD,K0DJD,True,False,wsprnet_only,B,EN34ix,6.0,44.9792,-93.2917,N,44.9792,53.915,53.915,3,124
K0DLM,K0DLM,True,True,both,B,EM17in,6.0,37.5625,-97.2917,N,37.5625,46.479,46.479,7,2625
K0DSP,K0DSP,True,True,both,B,EN10ow,6.0,40.9375,-96.7917,N,40.9375,49.803,49.803,3,264
K0DTM,K0DTM,True,True,both,B,EN34kt,6.0,44.8125,-93.125,N,44.8125,53.761,53.761,9,55239
K0EAP,K0EAP,True,True,both,B,EN34,4.0,44.5,-93.0,N,44.5,53.465,53.465,8,27829
K0ED,K0ED,True,True,both,A,CM97bq,6.0,37.6875,-121.875,N,37.6875,42.813,42.813,387,3581393
K0ESQ,K0ESQ,True,True,both,A,BP51in,6.0,61.5625,-149.2917,N,61.5625,61.283,61.283,324,51376
K0ITP,K0ITP,True,True,both,B,DN70md,6.0,40.1458,-104.9583,N,40.1458,48.133,48.133,8,960
K0IZI,K0IZI,True,True,both,B,EN31er,6.0,41.7292,-93.625,N,41.7292,50.766,50.766,17,3875
K0JCR,K0JCR,True,True,both,B,EN24xg,6.0,44.2708,-94.0417,N,44.2708,53.2,53.2,6,12950
K0JDD,K0JDD,True,True,both,B,EN34,4.0,44.5,-93.0,N,44.5,53.465,53.465,5,1621
K0KLB,K0KLB,True,True,both,B,EN32kq,6.0,42.6875,-93.125,N,42.6875,51.713,51.713,6,519
K0KQ,K0KQ,True,True,both,B,DM79dg,6.0,39.2708,-105.7083,N,39.2708,47.167,47.167,4,420
K0LKD,K0LKD,True,True,both,B,FM18iv,6.0,38.8958,-77.2917,N,38.8958,47.292,47.292,3,10
K0LMB,K0LMB,True,True,both,A,EM37jg,6.0,37.2708,-93.2083,N,37.2708,46.472,46.472,24,109637
K0NRA,K0NRA,True,True,both,B,DN70hq,6.0,40.6875,-105.375,N,40.6875,48.607,48.607,6,10303
K0OOI,K0OOI,True,True,both,A,EN34mu,6.0,44.8542,-92.9583,N,44.8542,53.808,53.808,12,27828
K0PC,K0PC,True,True,both,B,EN34fu,6.0,44.8542,-93.5417,N,44.8542,53.784,53.784,4,1963
K0PCG,K0PCG,True,True,both,A,EN31,4.0,41.5,-93.0,N,41.5,50.571,50.571,395,5288453
K0PDL,K0PDL,True,True,both,B,EN35ff,6.0,45.2292,-93.5417,N,45.2292,54.146,54.146,5,5005
K0QKM,K0QKM,True,True,both,B,CN96,4.0,46.5,-121.0,N,46.5,51.659,51.659,4,378
K0RAE,K0RAE,True,True,both,A,EN35ec,6.0,45.1042,-93.625,N,45.1042,54.022,54.022,74,174769
K0RE,K0RE,True,True,both,A,EN41rn,6.0,41.5625,-90.5417,N,41.5625,50.699,50.699,72,96644
K0REH,K0REH,True,True,both,B,DM78jk,6.0,38.4375,-105.2083,N,38.4375,46.418,46.418,4,1993
K0RET,K0RET,True,True,both,B,EM55,4.0,35.5,-89.0,N,35.5,44.87,44.87,3,8439
K0RZ,K0RZ,True,True,both,B,DM79jx,6.0,39.9792,-105.2083,N,39.9792,47.935,47.935,4,2206
K0SCW,K0SCW,True,True,both,B,EM48qr,6.0,38.7292,-90.625,N,38.7292,47.966,47.966,5,3214
K0SPU,K0SPU,True,True,both,B,DN96,4.0,46.5,-101.0,N,46.5,54.816,54.816,4,2207
K0TB,K0TB,True,True,both,B,FN42qo,6.0,42.6042,-70.625,N,42.6042,49.749,49.749,3,318
K0TT,K0TT,True,True,both,B,EN34ko,6.0,44.6042,-93.125,N,44.6042,53.56,53.56,4,7957
K0UO,K0UO,True,True,both,B,EM07rb,6.0,37.0625,-98.5417,N,37.0625,45.875,45.875,9,60820
K0VG,K0VG,True,True,both,B,EN35,4.0,45.5,-93.0,N,45.5,54.428,54.428,7,200
K0WT,K0WT,True,True,both,B,EN36,4.0,46.5,-93.0,N,46.5,55.39,55.39,4,3252
K0XG,K0XG,True,True,both,A,EM79,4.0,39.5,-85.0,N,39.5,48.623,48.623,165,2381514
K0XL,K0XL,True,True,both,B,EN25vp,6.0,45.6458,-94.2083,N,45.6458,54.517,54.517,45,89461
K0XU,K0XU,True,True,both,B,EN10,4.0,40.5,-97.0,N,40.5,49.362,49.362,3,1120
K15RCL,K15RCL,True,True,both,B,FM05,4.0,35.5,-79.0,N,35.5,44.253,44.253,3,393
K19J,K19J,True,False,wsprnet_only,B,DJ45,4.0,5.5,-111.0,N,5.5,12.163,12.163,7,13
K1ABC,K1ABC,True,True,both,B,FN42,4.0,42.5,-71.0,N,42.5,49.721,49.721,3,139
K1ABK,K1ABK,True,True,both,B,FN53,4.0,43.5,-69.0,N,43.5,50.307,50.307,3,1019
K1AOS,K1AOS,True,True,both,B,EL89,4.0,29.5,-83.0,N,29.5,38.927,38.927,4,3233
K1BRO,K1BRO,True,True,both,B,FN75,4.0,45.5,-65.0,N,45.5,51.452,51.452,3,1534
K1BU,K1BU,True,True,both,B,FN43,4.0,43.5,-71.0,N,43.5,50.719,50.719,11,5115
K1BZ,K1BZ,True,True,both,A,FN54ci,6.0,44.3542,-69.7917,N,44.3542,51.333,51.333,395,829550
K1CME,K1CME,True,True,both,B,FN42,4.0,42.5,-71.0,N,42.5,49.721,49.721,3,9748
K1CSF,K1CSF,True,True,both,A,FN34rp,6.0,44.6458,-72.5417,N,44.6458,52.149,52.149,392,457703
K1FIE,K1FIE,True,True,both,B,CM98lq,6.0,38.6875,-121.0417,N,38.6875,43.955,43.955,4,1493
K1FM,K1FM,True,True,both,B,FN30as,6.0,40.7708,-73.9583,N,40.7708,48.576,48.576,3,1858
K1FR,K1FR,True,True,both,A,FM18kt,6.0,38.8125,-77.125,N,38.8125,47.187,47.187,11,12145
K1FRC,K1FRC,True,True,both,B,FN31lk,6.0,41.4375,-73.0417,N,41.4375,49.065,49.065,3,856
K1FVK,K1FVK,True,True,both,B,EM96,4.0,36.5,-81.0,N,36.5,45.443,45.443,3,1698
K1GLV,K1GLV,True,True,both,B,FN42,4.0,42.5,-71.0,N,42.5,49.721,49.721,4,17226
K1IRK,K1IRK,True,True,both,A,FN54,4.0,44.5,-69.0,N,44.5,51.316,51.316,356,1380714
K1JOZ,K1JOZ,True,True,both,B,FM18ki,6.0,38.3542,-77.125,N,38.3542,46.743,46.743,5,2235
K1JSG,K1JSG,True,True,both,A,EM40mh,6.0,30.3125,-90.9583,N,30.3125,39.82,39.82,12,2814
K1JX,K1JX,True,True,both,B,FN31,4.0,41.5,-73.0,N,41.5,49.119,49.119,4,443
K1KDA,K1KDA,True,True,both,B,FM18fr,6.0,38.7292,-77.5417,N,38.7292,47.167,47.167,5,753
K1KEZ,K1KEZ,True,True,both,B,EN32,4.0,42.5,-93.0,N,42.5,51.537,51.537,4,4722
K1LO,K1LO,True,True,both,B,FN42hr,6.0,42.7292,-71.375,N,42.7292,50.025,50.025,3,1806
K1MEA,K1MEA,True,True,both,B,DM33pt,6.0,33.8125,-112.7083,N,33.8125,40.642,40.642,133,173455
K1MIO,K1MIO,True,True,both,B,CM87us,6.0,37.7708,-122.2917,N,37.7708,42.816,42.816,92,18971
K1MKY,K1MKY,True,True,both,B,DM42mf,6.0,32.2292,-110.9583,N,32.2292,39.362,39.362,3,349
K1MRE,K1MRE,True,True,both,A,FN31jj,6.0,41.3958,-73.2083,N,41.3958,49.054,49.054,27,89901
K1NBT,K1NBT,True,True,both,B,FN43ml,6.0,43.4792,-70.9583,N,43.4792,50.69,50.69,9,18699
K1NBT/5,K1NBT,True,True,both,B,FN43ml,6.0,43.4792,-70.9583,N,43.4792,50.69,50.69,3,13741
K1NF,K1NF,True,True,both,B,FN53bw,6.0,43.9375,-69.875,N,43.9375,50.931,50.931,4,1252
K1NFD,K1NFD,True,True,both,B,FN42gj,6.0,42.3958,-71.4583,N,42.3958,49.709,49.709,6,2489
K1OB,K1OB,True,True,both,B,FM16rw,6.0,36.9375,-76.5417,N,36.9375,45.282,45.282,4,553
K1OF,K1OF,True,True,both,A,FN31hd,6.0,41.1458,-73.375,N,41.1458,48.839,48.839,12,1083
K1OF/4,K1OF,True,True,both,B,FN31hd,6.0,41.1458,-73.375,N,41.1458,48.839,48.839,3,494
K1OKS,K1OKS,True,True,both,A,CM97am,6.0,37.5208,-121.9583,N,37.5208,42.633,42.633,86,1385199
K1PLL,K1PLL,True,True,both,B,FN42hh,6.0,42.3125,-71.375,N,42.3125,49.61,49.61,7,138
K1QKZ,K1QKZ,True,True,both,B,EM65,4.0,35.5,-87.0,N,35.5,44.852,44.852,3,1118
K1QLN,K1QLN,True,True,both,B,FN54os,6.0,44.7708,-68.7917,N,44.7708,51.546,51.546,3,4676
K1RAH,K1RAH,True,True,both,B,EM75xr,6.0,35.7292,-84.0417,N,35.7292,44.95,44.95,7,12358
K1RAX,K1RAX,True,True,both,B,FN42kj,6.0,42.3958,-71.125,N,42.3958,49.643,49.643,70,35035
K1RBC,K1RBC,True,True,both,B,FN43,4.0,43.5,-71.0,N,43.5,50.719,50.719,7,3454
K1RID,K1RID,True,True,both,B,FN43,4.0,43.5,-71.0,N,43.5,50.719,50.719,3,532
K1RPN,K1RPN,True,True,both,B,CN87tr,6.0,47.7292,-122.375,N,47.7292,52.604,52.604,4,3208
K1RS,K1RS,True,True,both,A,DM43cr,6.0,33.7292,-111.7917,N,33.7292,40.716,40.716,12,9324
K1SEA,K1SEA,True,True,both,B,FN42on,6.0,42.5625,-70.7917,N,42.5625,49.741,49.741,9,4612
K1TAP,K1TAP,True,True,both,B,EM65,4.0,35.5,-87.0,N,35.5,44.852,44.852,3,2817
K1TE,K1TE,True,True,both,A,FN55,4.0,45.5,-69.0,N,45.5,52.326,52.326,51,5202
K1TIG,K1TIG,True,True,both,B,FN43dd,6.0,43.1458,-71.7083,N,43.1458,50.504,50.504,3,1624
K1TP,K1TP,True,True,both,B,FN42,4.0,42.5,-71.0,N,42.5,49.721,49.721,8,25599
K1TTL,K1TTL,True,True,both,A,FM05os,6.0,35.7708,-78.7917,N,35.7708,44.486,44.486,10,37274
K1TXI,K1TXI,True,True,both,B,FN31jm,6.0,41.5208,-73.2083,N,41.5208,49.178,49.178,6,1623
K1UZ,K1UZ,True,True,both,A,FN42lu,6.0,42.8542,-71.0417,N,42.8542,50.083,50.083,18,16951
K1VIN,K1VIN,True,True,both,B,CN84mx,6.0,44.9792,-122.9583,N,44.9792,49.779,49.779,5,43735
K1WY,K1WY,True,True,both,A,FN31ps,6.0,41.7708,-72.7083,N,41.7708,49.331,49.331,361,701490
K1YZY,K1YZY,True,True,both,A,FN41xr,6.0,41.7292,-70.0417,N,41.7292,48.751,48.751,392,939366
K2BAD,K2BAD,True,True,both,B,FN30,4.0,40.5,-73.0,N,40.5,48.132,48.132,247,676115
K2BAG,K2BAG,True,True,both,A,DM33xp,6.0,33.6458,-112.0417,N,33.6458,40.59,40.59,16,64215
K2BDE,K2BDE,True,True,both,B,FM16wm,6.0,36.5208,-76.125,N,36.5208,44.811,44.811,18,17571
K2BLA,K2BLA,True,True,both,B,EL99,4.0,29.5,-81.0,N,29.5,38.757,38.757,4,516
K2CAT,K2CAT,True,True,both,B,FN21xu,6.0,41.8542,-74.0417,N,41.8542,49.655,49.655,3,727
K2CED,K2CED,True,True,both,B,DM61us,6.0,31.7708,-106.2917,N,31.7708,39.655,39.655,6,3753
K2DAK,K2DAK,True,True,both,A,DM33vq,6.0,33.6875,-112.2083,N,33.6875,40.603,40.603,365,3653559
K2ERK,K2ERK,True,True,both,B,FN20ue,6.0,40.1875,-74.2917,N,40.1875,48.063,48.063,16,556
K2EU,K2EU,True,False,wsprnet_only,B,FM06id,6.0,36.1458,-79.2917,N,36.1458,44.911,44.911,5,48
K2FD,K2FD,True,True,both,B,FN30lv,6.0,40.8958,-73.0417,N,40.8958,48.53,48.53,3,1502
K2GGE,K2GGE,True,True,both,B,FN20,4.0,40.5,-75.0,N,40.5,48.492,48.492,3,1857
K2GSH,K2GSH,True,True,both,B,FN12ke,6.0,42.1875,-77.125,N,42.1875,50.465,50.465,9,7296
K2HJ,K2HJ,True,True,both,B,FN22jp,6.0,42.6458,-75.2083,N,42.6458,50.627,50.627,3,6800
K2JAY,K2JAY,True,True,both,B,FN20up,6.0,40.6458,-74.2917,N,40.6458,48.513,48.513,25,1480
K2JY,K2JY,True,True,both,A,EM40xa,6.0,30.0208,-90.0417,N,30.0208,39.566,39.566,51,79739
K2LD,K2LD,True,True,both,B,FN22we,6.0,42.1875,-74.125,N,42.1875,49.998,49.998,8,9471
K2MSY,K2MSY,True,True,both,B,EL87ox,6.0,27.9792,-82.7917,N,27.9792,37.464,37.464,5,997
K2OCA,K2OCA,True,True,both,B,FN20so,6.0,40.6042,-74.4583,N,40.6042,48.501,48.501,6,667
K2ORS/1,K2ORS,True,True,both,A,FN44nd,6.0,44.1458,-70.875,N,44.1458,51.34,51.34,41,91215
K2PI,K2PI,True,True,both,B,FM18cq,6.0,38.6875,-77.7917,N,38.6875,47.162,47.162,196,641689
K2POG,K2POG,True,True,both,B,EN51sw,6.0,41.9375,-88.4583,N,41.9375,51.065,51.065,4,1933
K2RMA,K2RMA,True,True,both,A,EM95cr,6.0,35.7292,-81.7917,N,35.7292,44.78,44.78,377,1881393
K2RSJ,K2RSJ,True,True,both,B,FM19dp,6.0,39.6458,-77.7083,N,39.6458,48.078,48.078,3,164
K2RWB,K2RWB,True,True,both,B,FN20ua,6.0,40.0208,-74.2917,N,40.0208,47.9,47.9,5,377
K2TL,K2TL,True,True,both,B,FN20vd,6.0,40.1458,-74.2083,N,40.1458,48.008,48.008,3,949
K2TTA,K2TTA,True,True,both,B,FN21pc,6.0,41.1042,-74.7083,N,41.1042,49.034,49.034,29,158309
K2TY,K2TY,True,True,both,B,EM60cj,6.0,30.3958,-87.7917,N,30.3958,39.955,39.955,5,90323
K2UCW,K2UCW,True,True,both,A,FN22pt,6.0,42.8125,-74.7083,N,42.8125,50.71,50.71,26,30689
K2UFH,K2UFH,True,True,both,A,FN21,4.0,41.5,-75.0,N,41.5,49.47,49.47,230,3841607
K2ULM,K2ULM,True,True,both,B,EM10di,6.0,30.3542,-97.7083,N,30.3542,39.373,39.373,8,3047
K2YV,K2YV,True,True,both,A,FN32cw,6.0,42.9375,-73.7917,N,42.9375,50.678,50.678,22,3420
K2ZA,K2ZA,True,True,both,A,FM29lo,6.0,39.6042,-75.0417,N,39.6042,47.624,47.624,61,245017
K2ZC,K2ZC,True,True,both,B,FN20vx,6.0,40.9792,-74.2083,N,40.9792,48.825,48.825,5,5902
K2ZN,K2ZN,True,True,both,A,FN13ec,6.0,43.1042,-77.625,N,43.1042,51.425,51.425,61,25246
K2ZV,K2ZV,True,True,both,B,EL99aa,6.0,29.0208,-81.9583,N,29.0208,38.39,38.39,3,416
K3ATA,K3ATA,True,True,both,B,FM19qk,6.0,39.4375,-76.625,N,39.4375,47.718,47.718,3,7841
K3AV,K3AV,True,True,both,A,FM19nc,6.0,39.1042,-76.875,N,39.1042,47.432,47.432,11,2680
K3BAB,K3BAB,True,True,both,B,FM19kb,6.0,39.0625,-77.125,N,39.0625,47.429,47.429,5,2239
K3BZP,K3BZP,True,True,both,A,FN20,4.0,40.5,-75.0,N,40.5,48.492,48.492,234,328236
K3CDY,K3CDY,True,True,both,B,DM79lx,6.0,39.9792,-105.0417,N,39.9792,47.958,47.958,4,1654
K3CEV,K3CEV,True,True,both,A,FN10en,6.0,40.5625,-77.625,N,40.5625,48.955,48.955,20,9265
K3DFD,K3DFD,True,True,both,B,FN20,4.0,40.5,-75.0,N,40.5,48.492,48.492,6,3540
K3DGH,K3DGH,True,True,both,A,EM75va,6.0,35.0208,-84.2083,N,35.0208,44.281,44.281,390,162709
K3EMS,K3EMS,True,True,both,A,EN90xj,6.0,40.3958,-80.0417,N,40.3958,49.092,49.092,34,10653
K3ENV,K3ENV,True,True,both,B,EL99io,6.0,29.6042,-81.2917,N,29.6042,38.885,38.885,4,682
K3ERM,K3ERM,True,True,both,B,FM19,4.0,39.5,-77.0,N,39.5,47.835,47.835,3,1907
K3EZY,K3EZY,True,True,both,B,EM92,4.0,32.5,-81.0,N,32.5,41.615,41.615,11,5015
K3EZY/1,K3EZY,True,True,both,B,FM19ki,6.0,39.3542,-77.125,N,39.3542,47.712,47.712,3,700
K3FAW,K3FAW,True,True,both,A,EL87,4.0,27.5,-83.0,N,27.5,37.022,37.022,14,16833
K3FMQ,K3FMQ,True,True,both,A,FN20,4.0,40.5,-75.0,N,40.5,48.492,48.492,21,207146
K3FNB,K3FNB,True,True,both,B,FM19je,6.0,39.1875,-77.2083,N,39.1875,47.562,47.562,4,1142
K3FTW,K3FTW,True,True,both,A,EN61hk,6.0,41.4375,-87.375,N,41.4375,50.568,50.568,14,37920
K3FZ,K3FZ,True,True,both,A,FN30kx,6.0,40.9792,-73.125,N,40.9792,48.628,48.628,388,4347651
K3GHI,K3GHI,True,True,both,A,EL98,4.0,28.5,-81.0,N,28.5,37.807,37.807,44,17524
K3GLM,K3GLM,True,True,both,A,CN87,4.0,47.5,-123.0,N,47.5,52.256,52.256,50,215734
K3GNW,K3GNW,True,True,both,B,CN87vt,6.0,47.8125,-122.2083,N,47.8125,52.718,52.718,7,2222
K3GO,K3GO,True,True,both,B,EM90hb,6.0,30.0625,-81.375,N,30.0625,39.329,39.329,131,570267
K3JAL,K3JAL,True,True,both,B,FM18lw,6.0,38.9375,-77.0417,N,38.9375,47.295,47.295,6,3571
K3JIM,K3JIM,True,True,both,B,FN20ac,6.0,40.1042,-75.9583,N,40.1042,48.262,48.262,6,1047
K3JMR,K3JMR,True,True,both,A,FM19,4.0,39.5,-77.0,N,39.5,47.835,47.835,13,68331
K3JX,K3JX,True,True,both,B,FM04na,6.0,34.0208,-78.875,N,34.0208,42.818,42.818,12,18019
K3JYD,K3JYD,True,True,both,B,FM09qk,6.0,39.4375,-78.625,N,39.4375,47.998,47.998,45,75425
K3LOE,K3LOE,True,True,both,A,FM05qt,6.0,35.8125,-78.625,N,35.8125,44.504,44.504,34,9747
K3MF,K3MF,True,True,both,A,FM19sr,6.0,39.7292,-76.4583,N,39.7292,47.976,47.976,116,443133
K3NS,K3NS,True,True,both,B,FM19mf,6.0,39.2292,-76.9583,N,39.2292,47.566,47.566,32,36249
K3NUQ,K3NUQ,True,True,both,A,FM09th,6.0,39.3125,-78.375,N,39.3125,47.845,47.845,374,5711419
K3OB,K3OB,True,True,both,B,EM77rx,6.0,37.9792,-84.5417,N,37.9792,47.138,47.138,5,5756
K3PDH,K3PDH,True,True,both,A,EN90xh,6.0,40.3125,-80.0417,N,40.3125,49.012,49.012,13,17395
K3RDE,K3RDE,True,True,both,B,FN10re,6.0,40.1875,-76.5417,N,40.1875,48.434,48.434,9,27688
K3RDO,K3RDO,True,True,both,B,FN10xl,6.0,40.4792,-76.0417,N,40.4792,48.641,48.641,4,1111
K3RTA,K3RTA,True,True,both,B,FM29do,6.0,39.6042,-75.7083,N,39.6042,47.735,47.735,19,23296
K3RU,K3RU,True,True,both,B,EN90,4.0,40.5,-81.0,N,40.5,49.291,49.291,5,9416
K3RWR,K3RWR,True,True,both,B,FM18qi,6.0,38.3542,-76.625,N,38.3542,46.667,46.667,266,1213753
K3RZ,K3RZ,True,True,both,B,EM15,4.0,35.5,-97.0,N,35.5,44.491,44.491,6,3891
K3SBP,K3SBP,True,True,both,B,FN20,4.0,40.5,-75.0,N,40.5,48.492,48.492,6,2191
K3SIW,K3SIW,True,True,both,A,EN52tb,6.0,42.0625,-88.375,N,42.0625,51.185,51.185,269,261452
K3SRQ,K3SRQ,True,True,both,B,EL87tb,6.0,27.0625,-82.375,N,27.0625,36.562,36.562,8,4881
K3TCT,K3TCT,True,True,both,B,FM19qc,6.0,39.1042,-76.625,N,39.1042,47.394,47.394,7,4420
K3TRU,K3TRU,True,True,both,B,FM19qh,6.0,39.3125,-76.625,N,39.3125,47.596,47.596,8,20222
K3UFM,K3UFM,True,True,both,A,FN00ao,6.0,40.6042,-79.9583,N,40.6042,49.284,49.284,11,4882
K3WRG,K3WRG,True,True,both,A,FM28,4.0,38.5,-75.0,N,38.5,46.54,46.54,394,3749126
K3WSU,K3WSU,True,True,both,A,FN00,4.0,40.5,-79.0,N,40.5,49.073,49.073,73,748147
K3WVU,K3WVU,True,True,both,B,FM19ew,6.0,39.9375,-77.625,N,39.9375,48.349,48.349,64,403450
K3XR,K3XR,True,True,both,A,FN10xh,6.0,40.3125,-76.0417,N,40.3125,48.478,48.478,340,1385333
K3YBN,K3YBN,True,True,both,B,FM19nm,6.0,39.5208,-76.875,N,39.5208,47.836,47.836,5,1996
K3YHV,K3YHV,True,True,both,A,CH82,4.0,-17.5,-123.0,S,17.5,-12.542,12.542,16,48
K3YLE,K3YLE,True,True,both,A,FN20ic,6.0,40.1042,-75.2917,N,40.1042,48.154,48.154,32,3455
K3ZD,K3ZD,True,True,both,A,EL98pd,6.0,28.1458,-80.7083,N,28.1458,37.441,37.441,16,4971
K3ZV,K3ZV,True,True,both,B,EL99aa,6.0,29.0208,-81.9583,N,29.0208,38.39,38.39,96,162297
K41QQT,K41QQT,True,False,wsprnet_only,B,FM07,4.0,37.5,-79.0,N,37.5,46.177,46.177,7,12
K4AGR,K4AGR,True,True,both,A,EM71gc,6.0,31.1042,-85.4583,N,31.1042,40.589,40.589,75,1025980
K4AKO,K4AKO,True,True,both,B,FM18hk,6.0,38.4375,-77.375,N,38.4375,46.86,46.86,4,7945
K4ALE,K4ALE,True,True,both,B,FM07jj,6.0,37.3958,-79.2083,N,37.3958,46.102,46.102,3,709
K4AOL,K4AOL,True,True,both,B,EM55ns,6.0,35.7708,-88.875,N,35.7708,45.131,45.131,3,749
K4BWI,K4BWI,True,True,both,A,FM18kt,6.0,38.8125,-77.125,N,38.8125,47.187,47.187,13,446
K4BYB,K4BYB,True,True,both,B,EM73rt,6.0,33.8125,-84.5417,N,33.8125,43.142,43.142,6,1160
K4BYN,K4BYN,True,True,both,B,FM05qu,6.0,35.8542,-78.625,N,35.8542,44.544,44.544,146,129955
K4CCT,K4CCT,True,True,both,B,EM62tm,6.0,32.5208,-86.375,N,32.5208,41.976,41.976,5,1092
K4CFB,K4CFB,True,True,both,A,FM04,4.0,34.5,-79.0,N,34.5,43.294,43.294,395,1444970
K4CHX,K4CHX,True,True,both,B,FM05mq,6.0,35.6875,-78.9583,N,35.6875,44.428,44.428,6,4558
K4CIU,K4CIU,True,True,both,B,DN43ct,6.0,43.8125,-111.7917,N,43.8125,50.685,50.685,17,5351
K4CKR,K4CKR,True,True,both,A,EL98,4.0,28.5,-81.0,N,28.5,37.807,37.807,21,2843
K4CKY,K4CKY,True,True,both,B,EM78,4.0,38.5,-85.0,N,38.5,47.662,47.662,3,335
K4CML,K4CML,True,True,both,B,FM17sb,6.0,37.0625,-76.4583,N,37.0625,45.389,45.389,4,1464
K4COD,K4COD,True,True,both,A,EM73sc,6.0,33.1042,-84.4583,N,33.1042,42.459,42.459,207,2714365
K4CQO,K4CQO,True,True,both,A,EM74,4.0,34.5,-85.0,N,34.5,43.823,43.823,384,12466
K4CRZ,K4CRZ,True,True,both,B,FM18eu,6.0,38.8542,-77.625,N,38.8542,47.299,47.299,8,14558
K4DD,K4DD,True,True,both,A,EM12jx,6.0,32.9792,-97.2083,N,32.9792,42.004,42.004,40,13913
K4DGH,K4DGH,True,True,both,B,EN71ib,6.0,41.0625,-85.2917,N,41.0625,50.138,50.138,4,2209
K4DGW,K4DGW,True,True,both,B,FM16sc,6.0,36.1042,-76.4583,N,36.1042,44.463,44.463,54,737339
K4DOB,K4DOB,True,True,both,A,FM08pp,6.0,38.6458,-78.7083,N,38.6458,47.244,47.244,62,300048
K4DQL,K4DQL,True,True,both,B,EM86ab,6.0,36.0625,-83.9583,N,36.0625,45.265,45.265,7,7787
K4DU,K4DU,True,True,both,A,FM07,4.0,37.5,-79.0,N,37.5,46.177,46.177,14,42262
K4EBY,K4EBY,True,True,both,B,FM17,4.0,37.5,-77.0,N,37.5,45.897,45.897,3,543
K4EGA,K4EGA,True,True,both,B,EM83hh,6.0,33.3125,-83.375,N,33.3125,42.593,42.593,9,75471
K4EKB,K4EKB,True,True,both,A,FM16sx,6.0,36.9792,-76.4583,N,36.9792,45.309,45.309,14,29830
K4ELI,K4ELI,True,True,both,B,EM74,4.0,34.5,-85.0,N,34.5,43.823,43.823,3,1517
K4ERO,K4ERO,True,True,both,B,EM74gt,6.0,34.8125,-85.4583,N,34.8125,44.143,44.143,15,10575
K4FBK,K4FBK,True,True,both,B,EM75la,6.0,35.0208,-85.0417,N,35.0208,44.325,44.325,6,2281
K4FMH,K4FMH,True,True,both,B,EM42,4.0,32.5,-91.0,N,32.5,41.938,41.938,6,2097
K4GDJ,K4GDJ,True,True,both,B,EL98hk,6.0,28.4375,-81.375,N,28.4375,37.784,37.784,4,627
K4GJW,K4GJW,True,True,both,B,EL87sx,6.0,27.9792,-82.4583,N,27.9792,37.44,37.44,4,1259
K4GMX,K4GMX,True,True,both,A,EM56uq,6.0,36.6875,-88.2917,N,36.6875,46.012,46.012,14,13240
K4GTR,K4GTR,True,True,both,A,EM74xb,6.0,34.0625,-84.0417,N,34.0625,43.353,43.353,38,270909
K4HA,K4HA,True,True,both,A,FM05pr,6.0,35.7292,-78.7083,N,35.7292,44.435,44.435,89,1493315
K4HTC,K4HTC,True,True,both,A,EL88,4.0,28.5,-83.0,N,28.5,37.974,37.974,35,345120
K4IDB,K4IDB,True,True,both,B,EM76pf,6.0,36.2292,-84.7083,N,36.2292,45.467,45.467,3,1516
K4IO,K4IO,True,True,both,B,EM83,4.0,33.5,-83.0,N,33.5,42.746,42.746,28,10697
K4IQQ,K4IQQ,True,True,both,B,EM78,4.0,38.5,-85.0,N,38.5,47.662,47.662,3,80
K4ISU,K4ISU,True,True,both,B,EM75xa,6.0,35.0208,-84.0417,N,35.0208,44.271,44.271,3,1397
K4JK,K4JK,True,True,both,A,FM07vs,6.0,37.7708,-78.2083,N,37.7708,46.334,46.334,21,139800
K4JMW,K4JMW,True,True,both,B,EM77,4.0,37.5,-85.0,N,37.5,46.701,46.701,37,80433
K4JTN,K4JTN,True,True,both,B,FM17rx,6.0,37.9792,-76.5417,N,37.9792,46.29,46.29,3,579
K4KB,K4KB,True,True,both,B,EM95,4.0,35.5,-81.0,N,35.5,44.484,44.484,6,2602
K4KRB,K4KRB,True,True,both,A,EM85so,6.0,35.6042,-82.4583,N,35.6042,44.718,44.718,12,14058
K4LEL,K4LEL,True,True,both,A,FN33,4.0,43.5,-73.0,N,43.5,51.095,51.095,23,131298
K4LWE,K4LWE,True,True,both,B,EM84rr,6.0,34.7292,-82.5417,N,34.7292,43.887,43.887,25,2522
K4LXY,K4LXY,True,True,both,A,FM08,4.0,38.5,-79.0,N,38.5,47.141,47.141,60,188305
K4LY,K4LY,True,True,both,A,EM85wb,6.0,35.0625,-82.125,N,35.0625,44.171,44.171,17,60455
K4MKP,K4MKP,True,True,both,B,FM03wv,6.0,33.8958,-78.125,N,33.8958,42.595,42.595,3,690
K4MTS,K4MTS,True,True,both,B,EN90xn,6.0,40.5625,-80.0417,N,40.5625,49.253,49.253,3,336
K4MXW,K4MXW,True,True,both,B,EL98dt,6.0,28.8125,-81.7083,N,28.8125,38.17,38.17,8,2274
K4NCC,K4NCC,True,True,both,A,EM84,4.0,34.5,-83.0,N,34.5,43.703,43.703,24,9868
K4NHX,K4NHX,True,True,both,B,EL88rk,6.0,28.4375,-82.5417,N,28.4375,37.882,37.882,8,2113
K4NYC,K4NYC,True,True,both,B,EL98gf,6.0,28.2292,-81.4583,N,28.2292,37.594,37.594,10,10201
K4NYX,K4NYX,True,True,both,B,EL97tg,6.0,27.2708,-80.375,N,27.2708,36.576,36.576,6,51973
K4OCY,K4OCY,True,True,both,B,EM76cg,6.0,36.2708,-85.7917,N,36.2708,45.556,45.556,16,10235
K4PAR,K4PAR,True,True,both,B,EM83,4.0,33.5,-83.0,N,33.5,42.746,42.746,3,32697
K4PGD,K4PGD,True,True,both,A,EL87xa,6.0,27.0208,-82.0417,N,27.0208,36.497,36.497,19,1506
K4PPK,K4PPK,True,True,both,B,EL87pt,6.0,27.8125,-82.7083,N,27.8125,37.3,37.3,3,411
K4PV,K4PV,True,True,both,B,EM60,4.0,30.5,-87.0,N,30.5,40.048,40.048,5,7800
K4QJZ,K4QJZ,True,True,both,A,FM08,4.0,38.5,-79.0,N,38.5,47.141,47.141,26,66183
K4RCC,K4RCC,True,True,both,A,EM85ji,6.0,35.3542,-83.2083,N,35.3542,44.536,44.536,395,1546600
K4RHG,K4RHG,True,True,both,A,EL96,4.0,26.5,-81.0,N,26.5,35.91,35.91,395,2643862
K4RPD,K4RPD,True,True,both,B,FM02,4.0,32.5,-79.0,N,32.5,41.381,41.381,20,34099
K4SDR,K4SDR,True,True,both,A,EL87rg,6.0,27.2708,-82.5417,N,27.2708,36.773,36.773,19,71088
K4SGP,K4SGP,True,True,both,B,EN91ek,6.0,41.4375,-81.625,N,41.4375,50.253,50.253,3,4357
K4SOI,K4SOI,True,True,both,A,FM18hb,6.0,38.0625,-77.375,N,38.0625,46.497,46.497,11,3667
K4TJM,K4TJM,True,True,both,B,EM62vi,6.0,32.3542,-86.2083,N,32.3542,41.811,41.811,7,19474
K4TKH,K4TKH,True,True,both,B,EL88rw,6.0,28.9375,-82.5417,N,28.9375,38.358,38.358,3,1557
K4TLS,K4TLS,True,True,both,B,EM86sl,6.0,36.4792,-82.4583,N,36.4792,45.557,45.557,4,680
K4TMO,K4TMO,True,True,both,B,EM73tv,6.0,33.8958,-84.375,N,33.8958,43.213,43.213,9,4312
K4TMV,K4TMV,True,True,both,A,EM94,4.0,34.5,-81.0,N,34.5,43.526,43.526,23,38822
K4TOE,K4TOE,True,True,both,B,EM88ej,6.0,38.3958,-83.625,N,38.3958,47.483,47.483,131,427311
K4UI,K4UI,True,True,both,B,EM76er,6.0,36.7292,-85.625,N,36.7292,45.989,45.989,8,2959
K4VBR,K4VBR,True,True,both,B,FM16xr,6.0,36.7292,-76.0417,N,36.7292,44.998,44.998,7,354
K4WBT,K4WBT,True,True,both,A,EM94pu,6.0,34.8542,-80.7083,N,34.8542,43.835,43.835,201,1314304
K4WH,K4WH,True,True,both,B,EM95kc,6.0,35.1042,-81.125,N,35.1042,44.118,44.118,5,10840
K4WLO,K4WLO,True,True,both,B,EM65wm,6.0,35.5208,-86.125,N,35.5208,44.848,44.848,14,104513
K4WY,K4WY,True,True,both,A,FM18is,6.0,38.7708,-77.2917,N,38.7708,47.171,47.171,19,10996
K4XLG,K4XLG,True,True,both,A,EL98,4.0,28.5,-81.0,N,28.5,37.807,37.807,18,5613
K4YLP,K4YLP,True,True,both,B,EM73nv,6.0,33.8958,-84.875,N,33.8958,43.238,43.238,24,8009
K4YRI,K4YRI,True,True,both,A,EM80hj,6.0,30.3958,-83.375,N,30.3958,39.807,39.807,20,24332
K4ZW,K4ZW,True,True,both,A,FM18gl,6.0,38.4792,-77.4583,N,38.4792,46.913,46.913,84,260745
K5AQ,K5AQ,True,True,both,B,EM73vu,6.0,33.8542,-84.2083,N,33.8542,43.164,43.164,6,1441
K5BBR,K5BBR,True,True,both,B,EM13ln,6.0,33.5625,-97.0417,N,33.5625,42.591,42.591,4,1075
K5CB,K5CB,True,True,both,B,EM03,4.0,33.5,-99.0,N,33.5,42.335,42.335,3,4501
K5DMG,K5DMG,True,True,both,A,EM12hx,6.0,32.9792,-97.375,N,32.9792,41.988,41.988,14,13809
K5DRN,K5DRN,True,True,both,B,EM40,4.0,30.5,-91.0,N,30.5,40.0,40.0,6,3457
K5EAN,K5EAN,True,True,both,A,EM12qx,6.0,32.9792,-96.625,N,32.9792,42.057,42.057,10,30045
K5FLU,K5FLU,True,True,both,B,EM53ok,6.0,33.4375,-88.7917,N,33.4375,42.884,42.884,63,31764
K5GFL,K5GFL,True,True,both,A,EM20hc,6.0,30.1042,-95.375,N,30.1042,39.346,39.346,24,8623
K5GGC,K5GGC,True,True,both,B,EM13,4.0,33.5,-97.0,N,33.5,42.534,42.534,7,1983
K5GIL,K5GIL,True,True,both,A,EM13na,6.0,33.0208,-96.875,N,33.0208,42.076,42.076,14,1698
K5HCS,K5HCS,True,True,both,B,EM20ub,6.0,30.0625,-94.2917,N,30.0625,39.391,39.391,3,1944
K5HTJ,K5HTJ,True,True,both,A,EL06uq,6.0,26.6875,-98.2917,N,26.6875,35.679,35.679,17,13564
K5IJB,K5IJB,True,True,both,A,DM61,4.0,31.5,-107.0,N,31.5,39.275,39.275,247,116663
K5JAZ/1,K5JAZ,True,True,both,B,EM32da,6.0,32.0208,-93.7083,N,32.0208,41.343,41.343,3,2114
K5JAZ/D,K5JAZ,True,True,both,A,EM32da,6.0,32.0208,-93.7083,N,32.0208,41.343,41.343,20,186169
K5JAZ/V,K5JAZ,True,True,both,A,EM32da,6.0,32.0208,-93.7083,N,32.0208,41.343,41.343,14,156561
K5JCT,K5JCT,True,True,both,B,FM04ub,6.0,34.0625,-78.2917,N,34.0625,42.779,42.779,3,217
K5JR,K5JR,True,True,both,B,EM74,4.0,34.5,-85.0,N,34.5,43.823,43.823,13,100045
K5JRN,K5JRN,True,True,both,B,FN42hc,6.0,42.1042,-71.375,N,42.1042,49.403,49.403,3,310
K5JTR,K5JTR,True,True,both,B,EM13pe,6.0,33.1875,-96.7083,N,33.1875,42.254,42.254,3,4196
K5KET,K5KET,True,True,both,B,EM26he,6.0,36.1875,-95.375,N,36.1875,45.291,45.291,4,772
K5LVB,K5LVB,True,True,both,A,JO10rv,6.0,50.8958,3.4583,N,50.8958,46.382,46.382,57,8377
K5MGF,K5MGF,True,True,both,A,DM64,4.0,34.5,-107.0,N,34.5,42.26,42.26,13,23260
K5MWA,K5MWA,True,False,wsprnet_only,B,JN45km,6.0,45.5208,8.875,N,45.5208,39.775,39.775,8,56
K5NAN,K5NAN,True,True,both,B,EM13uc,6.0,33.1042,-96.2917,N,33.1042,42.209,42.209,3,2168
K5NAV,K5NAV,True,True,both,A,DM55,4.0,35.5,-109.0,N,35.5,42.938,42.938,375,5749154
K5NOV,K5NOV,True,True,both,A,EM16ih,6.0,36.3125,-97.2917,N,36.3125,45.259,45.259,32,84113
K5NWC,K5NWC,True,True,both,B,EM91,4.0,31.5,-81.0,N,31.5,40.661,40.661,3,636
K5NWZ,K5NWZ,True,True,both,B,DN70lk,6.0,40.4375,-105.0417,N,40.4375,48.408,48.408,14,18528
K5ODP,K5ODP,True,True,both,B,EM35,4.0,35.5,-93.0,N,35.5,44.765,44.765,3,121
K5OK,K5OK,True,True,both,A,EM12qx,6.0,32.9792,-96.625,N,32.9792,42.057,42.057,101,185840
K5OWO,K5OWO,True,True,both,B,EM10vl,6.0,30.4792,-96.2083,N,30.4792,39.642,39.642,10,20589
K5PAT,K5PAT,True,True,both,B,EM40wl,6.0,30.4792,-90.125,N,30.4792,40.007,40.007,6,20360
K5PK,K5PK,True,True,both,A,EM10ci,6.0,30.3542,-97.7917,N,30.3542,39.364,39.364,277,721033
K5QP,K5QP,True,True,both,B,EM13sc,6.0,33.1042,-96.4583,N,33.1042,42.194,42.194,3,645
K5RAP,K5RAP,True,True,both,B,EM42se,6.0,32.1875,-90.4583,N,32.1875,41.652,41.652,3,319
K5RFK,K5RFK,True,True,both,B,EM10,4.0,30.5,-97.0,N,30.5,39.588,39.588,5,1774
K5RHD,K5RHD,True,True,both,B,DM79ku,6.0,39.8542,-105.125,N,39.8542,47.823,47.823,3,22814
K5SIF,K5SIF,True,True,both,B,EM13pb,6.0,33.0625,-96.7083,N,33.0625,42.132,42.132,5,7247
K5SWA,K5SWA,True,True,both,A,EM12ox,6.0,32.9792,-96.7917,N,32.9792,42.042,42.042,315,6946042
K5TGF,K5TGF,True,True,both,B,EM12ku,6.0,32.8542,-97.125,N,32.8542,41.889,41.889,4,2058
K5TMT,K5TMT,True,True,both,A,EM10bo,6.0,30.6042,-97.875,N,30.6042,39.602,39.602,394,231369
K5TUC,K5TUC,True,True,both,B,EM10,4.0,30.5,-97.0,N,30.5,39.588,39.588,5,4101
K5TXS,K5TXS,True,True,both,B,EM74ta,6.0,34.0208,-84.375,N,34.0208,43.332,43.332,7,20712
K5UCO,K5UCO,True,True,both,A,EM36,4.0,36.5,-93.0,N,36.5,45.735,45.735,48,118633
K5USB,K5USB,True,True,both,A,EM20fb,6.0,30.0625,-95.5417,N,30.0625,39.291,39.291,19,18914
K5VAB,K5VAB,True,True,both,B,FM16,4.0,36.5,-77.0,N,36.5,44.931,44.931,6,2106
K5VJV,K5VJV,True,True,both,B,DM62pf,6.0,32.2292,-106.7083,N,32.2292,40.048,40.048,11,12776
K5VOP,K5VOP,True,True,both,B,EM13ne,6.0,33.1875,-96.875,N,33.1875,42.239,42.239,3,2654
K5WLY,K5WLY,True,True,both,A,EM10dr,6.0,30.7292,-97.7083,N,30.7292,39.743,39.743,63,46872
K5WRE,K5WRE,True,True,both,B,DN60,4.0,40.5,-107.0,N,40.5,48.188,48.188,116,1448685
K5XL,K5XL,True,True,both,A,EM12kp,6.0,32.6458,-97.125,N,32.6458,41.685,41.685,384,3758657
K5ZAK,K5ZAK,True,True,both,B,EL09up,6.0,29.6458,-98.2917,N,29.6458,38.611,38.611,390,5931897
K6ACJ,K6ACJ,True,True,both,A,DM03xq,6.0,33.6875,-118.0417,N,33.6875,39.574,39.574,16,11815
K6AKW,K6AKW,True,True,both,B,CN87tp,6.0,47.6458,-122.375,N,47.6458,52.522,52.522,7,23252
K6ARE,K6ARE,True,True,both,A,CN80up,6.0,40.6458,-122.2917,N,40.6458,45.643,45.643,25,34734
K6ATZ,K6ATZ,True,True,both,B,CM87xh,6.0,37.3125,-122.0417,N,37.3125,42.412,42.412,7,3980
K6AUS,K6AUS,True,True,both,B,FN42kj,6.0,42.3958,-71.125,N,42.3958,49.643,49.643,62,450282
K6BBC,K6BBC,True,True,both,B,EM73,4.0,33.5,-85.0,N,33.5,42.865,42.865,4,4274
K6BBY,K6BBY,True,True,both,A,CO27,4.0,57.5,-135.0,N,57.5,59.799,59.799,35,7095
K6BWB,K6BWB,True,True,both,A,DM03ts,6.0,33.7708,-118.375,N,33.7708,39.596,39.596,66,480805
K6BZZ,K6BZZ,True,True,both,A,DM33xb,6.0,33.0625,-112.0417,N,33.0625,40.009,40.009,20,53398
K6CA,K6CA,True,True,both,B,DM12,4.0,32.5,-117.0,N,32.5,38.583,38.583,3,6793
K6CJS,K6CJS,True,True,both,B,CM87,4.0,37.5,-123.0,N,37.5,42.415,42.415,79,19405
K6DAP,K6DAP,True,True,both,B,FM16vt,6.0,36.8125,-76.2083,N,36.8125,45.107,45.107,5,2194
K6DDJ,K6DDJ,True,True,both,A,DM14hj,6.0,34.3958,-117.375,N,34.3958,40.396,40.396,12,29042
K6DJB,K6DJB,True,True,both,B,EN34,4.0,44.5,-93.0,N,44.5,53.465,53.465,9,11647
K6DPL,K6DPL,True,True,both,B,EM83,4.0,33.5,-83.0,N,33.5,42.746,42.746,4,1073
K6DYE,K6DYE,True,True,both,A,DM65qe,6.0,35.1875,-106.625,N,35.1875,42.999,42.999,28,161925
K6ESS,K6ESS,True,True,both,A,CM98,4.0,38.5,-121.0,N,38.5,43.778,43.778,321,749177
K6FIB,K6FIB,True,True,both,B,CN84lv,6.0,44.8958,-123.0417,N,44.8958,49.681,49.681,15,23076
K6FJH,K6FJH,True,True,both,B,DM13su,6.0,33.8542,-116.4583,N,33.8542,40.024,40.024,4,1446
K6FOD,K6FOD,True,True,both,A,DM04wc,6.0,34.1042,-118.125,N,34.1042,39.972,39.972,19,639
K6FTP,K6FTP,True,True,both,A,DM04,4.0,34.5,-119.0,N,34.5,40.204,40.204,392,3938535
K6FX,K6FX,True,True,both,B,EL09nw,6.0,29.9375,-98.875,N,29.9375,38.834,38.834,3,639
K6GHD,K6GHD,True,True,both,B,DM12lw,6.0,32.9375,-117.0417,N,32.9375,39.01,39.01,7,7958
K6HIK,K6HIK,True,True,both,B,DM12ls,6.0,32.7708,-117.0417,N,32.7708,38.844,38.844,5,224
K6HO,K6HO,True,True,both,B,EM12dn,6.0,32.5625,-97.7083,N,32.5625,41.547,41.547,34,54925
K6JEA,K6JEA,True,True,both,A,DM04,4.0,34.5,-119.0,N,34.5,40.204,40.204,82,540647
K6JQ,K6JQ,True,True,both,B,CM88we,6.0,38.1875,-122.125,N,38.1875,43.257,43.257,3,638
K6JUS,K6JUS,True,True,both,B,EM20np,6.0,30.6458,-94.875,N,30.6458,39.918,39.918,5,4321
K6KCT,K6KCT,True,True,both,B,CM98ai,6.0,38.3542,-121.9583,N,38.3542,43.453,43.453,20,21751
K6KKW,K6KKW,True,True,both,B,DM79jt,6.0,39.8125,-105.2083,N,39.8125,47.771,47.771,5,2964
K6KMH,K6KMH,True,True,both,B,DM13,4.0,33.5,-117.0,N,33.5,39.576,39.576,8,6457
K6KRQ,K6KRQ,True,True,both,B,CM98gp,6.0,38.6458,-121.4583,N,38.6458,43.835,43.835,5,480
K6KWI,K6KWI,True,True,both,B,DM13cu,6.0,33.8542,-117.7917,N,33.8542,39.784,39.784,3,1887
K6LAW,K6LAW,True,True,both,B,DM12jr,6.0,32.7292,-117.2083,N,32.7292,38.773,38.773,4,1447
K6MCO,K6MCO,True,True,both,A,CM87uv,6.0,37.8958,-122.2917,N,37.8958,42.939,42.939,22,3056
K6MCS,K6MCS,True,True,both,A,CM98hq,6.0,38.6875,-121.375,N,38.6875,43.892,43.892,159,971345
K6MKD,K6MKD,True,True,both,B,DM04sf,6.0,34.2292,-118.4583,N,34.2292,40.035,40.035,16,6122
K6NAZ,K6NAZ,True,True,both,A,DM04wd,6.0,34.1458,-118.125,N,34.1458,40.013,40.013,11,2521
K6NOG,K6NOG,True,True,both,A,DM13kl,6.0,33.4792,-117.125,N,33.4792,39.533,39.533,27,7897
K6OI,K6OI,True,True,both,B,DM14bb,6.0,34.0625,-117.875,N,34.0625,39.976,39.976,4,166
K6ORJ/M,K6ORJ,True,True,both,B,DM06hq,6.0,36.6875,-119.375,N,36.6875,42.296,42.296,9,841
K6PB,K6PB,True,True,both,B,DM13cq,6.0,33.6875,-117.7917,N,33.6875,39.619,39.619,6,2791
K6PSM,K6PSM,True,True,both,A,DM13,4.0,33.5,-117.0,N,33.5,39.576,39.576,31,8736
K6QE,K6QE,True,True,both,B,DM04,4.0,34.5,-119.0,N,34.5,40.204,40.204,9,9472
K6REV,K6REV,True,True,both,A,CM87wx,6.0,37.9792,-122.125,N,37.9792,43.052,43.052,30,34973
K6RIP,K6RIP,True,True,both,B,CM97,4.0,37.5,-121.0,N,37.5,42.793,42.793,4,2354
K6RPT,K6RPT,True,True,both,B,CM97bg,6.0,37.2708,-121.875,N,37.2708,42.403,42.403,6,595
K6RRP,K6RRP,True,True,both,A,DM12lw,6.0,32.9375,-117.0417,N,32.9375,39.01,39.01,151,2809735
K6RRS,K6RRS,True,True,both,B,DN18ja,6.0,48.0208,-117.2083,N,48.0208,53.87,53.87,8,14363
K6RWW,K6RWW,True,True,both,B,CM87xw,6.0,37.9375,-122.0417,N,37.9375,43.027,43.027,10,2154
K6SCN,K6SCN,True,True,both,B,DM06du,6.0,36.8542,-119.7083,N,36.8542,42.399,42.399,6,5917
K6SDW,K6SDW,True,True,both,B,CM98hp,6.0,38.6458,-121.375,N,38.6458,43.851,43.851,62,12244
K6SGW,K6SGW,True,True,both,A,CM87xi,6.0,37.3542,-122.0417,N,37.3542,42.453,42.453,395,1366219
K6SH,K6SH,True,True,both,B,CM87vt,6.0,37.8125,-122.2083,N,37.8125,42.872,42.872,3,2208
K6STB,K6STB,True,True,both,B,DM06,4.0,36.5,-119.0,N,36.5,42.18,42.18,7,2907
K6TGW,K6TGW,True,True,both,B,CM95ql,6.0,35.4792,-120.625,N,35.4792,40.872,40.872,9,6580
K6VDU,K6VDU,True,True,both,A,CM98hk,6.0,38.4375,-121.375,N,38.4375,43.646,43.646,136,545593
K6VLF,K6VLF,True,True,both,B,DM06cr,6.0,36.7292,-119.7917,N,36.7292,42.26,42.26,111,124904
K6VVK,K6VVK,True,True,both,B,CM87wk,6.0,37.4375,-122.125,N,37.4375,42.519,42.519,5,2570
K6WCE,K6WCE,True,True,both,B,CN80aq,6.0,40.6875,-123.9583,N,40.6875,45.362,45.362,30,13283
K6WDE,K6WDE,True,True,both,B,DM37,4.0,37.5,-113.0,N,37.5,44.25,44.25,3,8379
K6WFV,K6WFV,True,True,both,B,DM43,4.0,33.5,-111.0,N,33.5,40.621,40.621,6,2276
K6YPK,K6YPK,True,True,both,B,DM13,4.0,33.5,-117.0,N,33.5,39.576,39.576,40,12789
K6YUP,K6YUP,True,True,both,B,DM12kw,6.0,32.9375,-117.125,N,32.9375,38.995,38.995,4,267
K6YYL,K6YYL,True,True,both,A,DM14dc,6.0,34.1042,-117.7083,N,34.1042,40.047,40.047,34,52131
K6ZEN,K6ZEN,True,True,both,B,FN20jb,6.0,40.0625,-75.2083,N,40.0625,48.099,48.099,6,106
K7ALF,K7ALF,True,True,both,B,CN85ol,6.0,45.4792,-122.7917,N,45.4792,50.305,50.305,5,6057
K7ALO,K7ALO,True,True,both,B,CN85rp,6.0,45.6458,-122.5417,N,45.6458,50.518,50.518,3,838
K7AMI,K7AMI,True,True,both,B,DN13,4.0,43.5,-117.0,N,43.5,49.457,49.457,6,236
K7AMR,K7AMR,True,True,both,A,DM43fj,6.0,33.3958,-111.5417,N,33.3958,40.426,40.426,97,340361
K7AU,K7AU,True,True,both,B,CN87oa,6.0,47.0208,-122.7917,N,47.0208,51.824,51.824,117,46515
K7AVG,K7AVG,True,True,both,B,CN84iw,6.0,44.9375,-123.2917,N,44.9375,49.673,49.673,6,1274
K7AZ,K7AZ,True,True,both,A,CM94,4.0,34.5,-121.0,N,34.5,39.837,39.837,209,21325
K7AZT,K7AZT,True,True,both,B,DM42lg,6.0,32.2708,-111.0417,N,32.2708,39.389,39.389,4,2166
K7BAV,K7BAV,True,True,both,B,CN87kg,6.0,47.2708,-123.125,N,47.2708,52.005,52.005,4,586
K7BIX,K7BIX,True,True,both,B,CN87ro,6.0,47.6042,-122.5417,N,47.6042,52.448,52.448,3,5378
K7BKB,K7BKB,True,True,both,B,DM33,4.0,33.5,-113.0,N,33.5,40.281,40.281,7,1365
K7BSO,K7BSO,True,True,both,B,CN85qr,6.0,45.7292,-122.625,N,45.7292,50.583,50.583,4,3299
K7BTE,K7BTE,True,True,both,B,DM26,4.0,36.5,-115.0,N,36.5,42.908,42.908,4,748
K7BUX,K7BUX,True,True,both,A,DN40ai,6.0,40.3542,-111.9583,N,40.3542,47.25,47.25,31,26603
K7CMI,K7CMI,True,True,both,A,DN57,4.0,47.5,-109.0,N,47.5,54.749,54.749,390,7005703
K7CTM,K7CTM,True,True,both,B,DN55hq,6.0,45.6875,-109.375,N,45.6875,52.918,52.918,5,2490
K7DMG,K7DMG,True,True,both,B,DN17jp,6.0,47.6458,-117.2083,N,47.6458,53.501,53.501,3,674
K7DTF,K7DTF,True,True,both,B,DN06ub,6.0,46.0625,-118.2917,N,46.0625,51.742,51.742,4,751
K7DYE,K7DYE,True,True,both,A,CN82oh,6.0,42.3125,-122.7917,N,42.3125,47.186,47.186,37,83068
K7EIM,K7EIM,True,True,both,A,CN74,4.0,44.5,-125.0,N,44.5,48.905,48.905,13,20795
K7ESU,K7ESU,True,True,both,B,DN40bm,6.0,40.5208,-111.875,N,40.5208,47.428,47.428,67,38029
K7FET,K7FET,True,True,both,A,CN85mm,6.0,45.5208,-122.9583,N,45.5208,50.313,50.313,87,178502
K7FYI,K7FYI,True,True,both,B,DM26if,6.0,36.2292,-115.2917,N,36.2292,42.587,42.587,7,56206
K7FZO,K7FZO,True,True,both,A,CN97dl,6.0,47.4792,-121.7083,N,47.4792,52.487,52.487,181,628262
K7GFH,K7GFH,True,True,both,B,CN74,4.0,44.5,-125.0,N,44.5,48.905,48.905,16,7276
K7GXB,K7GXB,True,True,both,B,DM34sn,6.0,34.5625,-112.4583,N,34.5625,41.43,41.43,382,3688104
K7IF,K7IF,True,True,both,B,CN87oa,6.0,47.0208,-122.7917,N,47.0208,51.824,51.824,10,4314
K7ILR,K7ILR,True,True,both,B,DN47,4.0,47.5,-111.0,N,47.5,54.435,54.435,6,698
K7JJP,K7JJP,True,True,both,A,DN17,4.0,47.5,-117.0,N,47.5,53.396,53.396,273,258124
K7JW,K7JW,True,True,both,B,DM34rm,6.0,34.5208,-112.5417,N,34.5208,41.374,41.374,8,4814
K7KAU,K7KAU,True,True,both,B,FN00,4.0,40.5,-79.0,N,40.5,49.073,49.073,6,854
K7KCM,K7KCM,True,True,both,A,DM43dg,6.0,33.2708,-111.7083,N,33.2708,40.273,40.273,45,1665
K7KS,K7KS,True,True,both,B,DM33sq,6.0,33.6875,-112.4583,N,33.6875,40.56,40.56,4,1279
K7LBT,K7LBT,True,True,both,B,DM42mf,6.0,32.2292,-110.9583,N,32.2292,39.362,39.362,8,5667
K7LNA,K7LNA,True,True,both,A,DN18qb,6.0,48.0625,-116.625,N,48.0625,54.018,54.018,13,28721
K7LOL,K7LOL,True,True,both,B,DM43ah,6.0,33.3125,-111.9583,N,33.3125,40.272,40.272,4,3533
K7MAP,K7MAP,True,True,both,B,DM41ox,6.0,31.9792,-110.7917,N,31.9792,39.14,39.14,262,288635
K7MEE,K7MEE,True,True,both,B,DN18oc,6.0,48.1042,-116.7917,N,48.1042,54.029,54.029,4,159
K7MSO,K7MSO,True,True,both,B,DN36av,6.0,46.8958,-113.9583,N,46.8958,53.345,53.345,3,543
K7MWD,K7MWD,True,True,both,B,DM33wp,6.0,33.6458,-112.125,N,33.6458,40.576,40.576,3,5479
K7MWG,K7MWG,True,True,both,B,CN85pm,6.0,45.5208,-122.7083,N,45.5208,50.362,50.362,5,2020
K7MXN,K7MXN,True,True,both,B,EM90dh,6.0,30.3125,-81.7083,N,30.3125,39.598,39.598,3,126
K7NC,K7NC,True,True,both,B,CN87sm,6.0,47.5208,-122.4583,N,47.5208,52.382,52.382,7,27516
K7NNT,K7NNT,True,True,both,B,DM43cj,6.0,33.3958,-111.7917,N,33.3958,40.384,40.384,5,1526
K7NVC,K7NVC,True,True,both,B,DN43al,6.0,43.4792,-111.9583,N,43.4792,50.329,50.329,3,725
K7NX,K7NX,True,True,both,B,DM42og,6.0,32.2708,-110.7917,N,32.2708,39.431,39.431,6,315
K7OGL,K7OGL,True,True,both,B,CN85,4.0,45.5,-123.0,N,45.5,50.284,50.284,3,393
K7ONE,K7ONE,True,True,both,A,EL87sb,6.0,27.0625,-82.4583,N,27.0625,36.568,36.568,12,29444
K7OPC,K7OPC,True,True,both,B,CN87qc,6.0,47.1042,-122.625,N,47.1042,51.939,51.939,12,1588
K7POF,K7POF,True,True,both,B,DM34sr,6.0,34.7292,-112.4583,N,34.7292,41.596,41.596,40,151560
K7PWE,K7PWE,True,True,both,B,CN84kp,6.0,44.6458,-123.125,N,44.6458,49.418,49.418,4,5299
K7PWP,K7PWP,True,True,both,A,CN93gr,6.0,43.7292,-121.4583,N,43.7292,48.84,48.84,11,8045
K7QXY,K7QXY,True,True,both,A,CN85oj,6.0,45.3958,-122.7917,N,45.3958,50.222,50.222,15,82473
K7REH,K7REH,True,False,wsprnet_only,B,JO23vk,6.0,53.4375,5.7917,N,53.4375,49.44,49.44,4,14
K7RGA,K7RGA,True,True,both,B,CN88tk,6.0,48.4375,-122.375,N,48.4375,53.302,53.302,14,13748
K7RLN,K7RLN,True,True,both,B,DN40,4.0,40.5,-111.0,N,40.5,47.555,47.555,3,578
K7RRL,K7RRL,True,True,both,B,CN87ud,6.0,47.1458,-122.2917,N,47.1458,52.045,52.045,65,32648
K7SK,K7SK,True,True,both,A,CN86lp,6.0,46.6458,-123.0417,N,46.6458,51.405,51.405,67,56998
K7SVW,K7SVW,True,True,both,B,EM13oh,6.0,33.3125,-96.7917,N,33.3125,42.369,42.369,6,3221
K7TD,K7TD,True,True,both,B,DM78,4.0,38.5,-105.0,N,38.5,46.509,46.509,3,11687
K7TLU,K7TLU,True,True,both,B,CN84kb,6.0,44.0625,-123.125,N,44.0625,48.844,48.844,58,65765
K7TR,K7TR,True,True,both,A,CN88wc,6.0,48.1042,-122.125,N,48.1042,53.022,53.022,395,97387
K7UAP,K7UAP,True,True,both,B,CN87wt,6.0,47.8125,-122.125,N,47.8125,52.735,52.735,3,799
K7UK,K7UK,True,True,both,B,DN08gj,6.0,48.3958,-119.4583,N,48.3958,53.821,53.821,9,28530
K7UKE,K7UKE,True,True,both,B,DN70jm,6.0,40.5208,-105.2083,N,40.5208,48.467,48.467,9,8356
K7UNX,K7UNX,True,True,both,A,BP51do,6.0,61.6042,-149.7083,N,61.6042,61.255,61.255,67,50533
K7UV,K7UV,True,True,both,A,DN31xm,6.0,41.5208,-112.0417,N,41.5208,48.386,48.386,367,2901022
K7VF,K7VF,True,True,both,B,EM22hn,6.0,32.5625,-95.375,N,32.5625,41.754,41.754,6,7938
K7VLL,K7VLL,True,True,both,B,DM42kj,6.0,32.3958,-111.125,N,32.3958,39.5,39.5,7,1915
K7VTT,K7VTT,True,True,both,A,DM42,4.0,32.5,-111.0,N,32.5,39.625,39.625,64,4325
K7WMI,K7WMI,True,True,both,A,DM43av,6.0,33.8958,-111.9583,N,33.8958,40.853,40.853,10,1156
K7WTB,K7WTB,True,True,both,B,DM37st,6.0,37.8125,-112.4583,N,37.8125,44.653,44.653,5,738
K7WWP,K7WWP,True,True,both,A,CN88,4.0,48.5,-123.0,N,48.5,53.242,53.242,11,311
K7WWR,K7WWR,True,True,both,A,EL86vv,6.0,26.8958,-82.2083,N,26.8958,36.391,36.391,13,2589
K7WZX,K7WZX,True,True,both,A,DM43dg,6.0,33.2708,-111.7083,N,33.2708,40.273,40.273,16,5522
K7XA,K7XA,True,True,both,B,CN85nn,6.0,45.5625,-122.875,N,45.5625,50.37,50.37,4,1679
K7YHX,K7YHX,True,True,both,B,CN87,4.0,47.5,-123.0,N,47.5,52.256,52.256,7,3867
K7YIC,K7YIC,True,True,both,A,CN85,4.0,45.5,-123.0,N,45.5,50.284,50.284,10,5410
K7ZIN,K7ZIN,True,True,both,A,DN36,4.0,46.5,-113.0,N,46.5,53.122,53.122,395,2261901
K7ZMO,K7ZMO,True,True,both,B,CN87tq,6.0,47.6875,-122.375,N,47.6875,52.563,52.563,3,2006
K7ZOO,K7ZOO,True,True,both,B,DM42mf,6.0,32.2292,-110.9583,N,32.2292,39.362,39.362,7,33187
K7ZUO,K7ZUO,True,False,wsprnet_only,B,IM76al,6.0,36.4792,-5.9583,N,36.4792,26.277,26.277,4,13
K8/PY2LGR,PY2LGR,True,True,both,B,EN62rb,6.0,42.0625,-86.5417,N,42.0625,51.147,51.147,8,3150
K8AJX,K8AJX,True,True,both,B,EM62vj,6.0,32.3958,-86.2083,N,32.3958,41.851,41.851,5,5653
K8APA,K8APA,True,True,both,B,DM04we,6.0,34.1875,-118.125,N,34.1875,40.054,40.054,3,8453
K8CHY,K8CHY,True,True,both,A,EM72gn,6.0,32.5625,-85.4583,N,32.5625,41.986,41.986,335,2615405
K8CWS,K8CWS,True,True,both,B,EM89,4.0,39.5,-83.0,N,39.5,48.5,48.5,4,10907
K8DIU,K8DIU,True,True,both,B,FM18kv,6.0,38.8958,-77.125,N,38.8958,47.267,47.267,5,67
K8DLD,K8DLD,True,True,both,B,EN63us,6.0,43.7708,-86.2917,N,43.7708,52.782,52.782,15,19895
K8EB,K8EB,True,True,both,A,EN73cb,6.0,43.0625,-85.7917,N,43.0625,52.083,52.083,234,3356698
K8FER,K8FER,True,True,both,B,EM88vk,6.0,38.4375,-82.2083,N,38.4375,47.416,47.416,3,485
K8FOF,K8FOF,True,True,both,B,EM12fv,6.0,32.8958,-97.5417,N,32.8958,41.89,41.89,65,137604
K8GED,K8GED,True,True,both,A,EN81,4.0,41.5,-83.0,N,41.5,50.424,50.424,16,1406
K8GUN,K8GUN,True,True,both,B,FM09wh,6.0,39.3125,-78.125,N,39.3125,47.812,47.812,8,2554
K8HTL,K8HTL,True,True,both,B,EN74oh,6.0,44.3125,-84.7917,N,44.3125,53.241,53.241,4,2153
K8HTP,K8HTP,True,False,wsprnet_only,A,JN17xf,6.0,47.2292,3.9583,N,47.2292,41.794,41.794,74,222
K8IRS,K8IRS,True,True,both,B,DN16lj,6.0,46.3958,-117.0417,N,46.3958,52.302,52.302,4,886
K8IY,K8IY,True,True,both,A,FM03ms,6.0,33.7708,-78.9583,N,33.7708,42.59,42.59,16,12088
K8KA,K8KA,True,True,both,B,EN91jh,6.0,41.3125,-81.2083,N,41.3125,50.095,50.095,3,710
K8KJR,K8KJR,True,True,both,A,EN91rc,6.0,41.1042,-80.5417,N,41.1042,49.829,49.829,13,392
K8LF,K8LF,True,True,both,A,FM17pg,6.0,37.2708,-76.7083,N,37.2708,45.63,45.63,12,26045
K8MAL,K8MAL,True,True,both,B,EN91gd,6.0,41.1458,-81.4583,N,41.1458,49.957,49.957,3,3188
K8MCW,K8MCW,True,True,both,B,EM90dm,6.0,30.5208,-81.7083,N,30.5208,39.796,39.796,13,9210
K8MSF,K8MSF,True,True,both,A,EN80uu,6.0,40.8542,-82.2917,N,40.8542,49.748,49.748,16,16583
K8MUD,K8MUD,True,True,both,B,EN82,4.0,42.5,-83.0,N,42.5,51.387,51.387,4,11768
K8NGW,K8NGW,True,True,both,B,EN82ai,6.0,42.3542,-83.9583,N,42.3542,51.31,51.31,4,9072
K8NPD,K8NPD,True,True,both,B,EL96,4.0,26.5,-81.0,N,26.5,35.91,35.91,9,347
K8OE,K8OE,True,True,both,B,EN73jp,6.0,43.6458,-85.2083,N,43.6458,52.619,52.619,393,1122219
K8RAH,K8RAH,True,True,both,A,EN00,4.0,40.5,-99.0,N,40.5,49.186,49.186,49,86833
K8RAY,K8RAY,True,True,both,A,EN72,4.0,42.5,-85.0,N,42.5,51.507,51.507,126,500084
K8RGC,K8RGC,True,True,both,A,EN57qb,6.0,47.0625,-88.625,N,47.0625,55.992,55.992,10,88
K8RWM,K8RWM,True,True,both,B,EN82op,6.0,42.6458,-82.7917,N,42.6458,51.513,51.513,3,4917
K8SQR,K8SQR,True,True,both,B,EM79ug,6.0,39.2708,-84.2917,N,39.2708,48.364,48.364,3,733
K8STS,K8STS,True,True,both,B,EN83ea,6.0,43.0208,-83.625,N,43.0208,51.931,51.931,3,871
K8TK,K8TK,True,True,both,A,EN72tc,6.0,42.1042,-84.375,N,42.1042,51.094,51.094,23,23552
K8TV,K8TV,True,True,both,B,EN81xh,6.0,41.3125,-82.0417,N,41.3125,50.169,50.169,66,7333
K8UMF,K8UMF,True,True,both,B,EN81er,6.0,41.7292,-83.625,N,41.7292,50.688,50.688,3,2567
K8WS,K8WS,True,True,both,B,EN80sj,6.0,40.3958,-82.4583,N,40.3958,49.32,49.32,3,812
K8YDR,K8YDR,True,True,both,B,EN82sv,6.0,42.8958,-82.4583,N,42.8958,51.728,51.728,4,3521
K8YYZ,K8YYZ,True,True,both,B,EN82,4.0,42.5,-83.0,N,42.5,51.387,51.387,4,134
K8ZA,K8ZA,True,True,both,A,EN80ka,6.0,40.0208,-83.125,N,40.0208,49.01,49.01,19,15885
K8ZK,K8ZK,True,True,both,B,EM95,4.0,35.5,-81.0,N,35.5,44.484,44.484,395,1438322
K9ARI,K9ARI,True,True,both,B,CN88xa,6.0,48.0208,-122.0417,N,48.0208,52.956,52.956,3,982
K9AV,K9AV,True,True,both,B,EM99xc,6.0,39.1042,-80.0417,N,39.1042,47.846,47.846,26,43953
K9BCT,K9BCT,True,True,both,B,EL96ud,6.0,26.1458,-80.2917,N,26.1458,35.502,35.502,6,599
K9BN,K9BN,True,True,both,B,EN50,4.0,40.5,-89.0,N,40.5,49.685,49.685,3,374
K9CYK,K9CYK,True,True,both,A,EM69wn,6.0,39.5625,-86.125,N,39.5625,48.73,48.73,12,4537
K9DCH,K9DCH,True,True,both,A,FM26da,6.0,36.0208,-75.7083,N,36.0208,44.256,44.256,21,42140
K9DCO,K9DCO,True,True,both,A,EN60,4.0,40.5,-87.0,N,40.5,49.658,49.658,12,4251
K9DLO,K9DLO,True,True,both,B,EN44rs,6.0,44.7708,-90.5417,N,44.7708,53.787,53.787,4,986
K9DZT,K9DZT,True,True,both,A,EN52wx,6.0,42.9792,-88.125,N,42.9792,52.063,52.063,23,174498
K9EAD,K9EAD,True,True,both,B,EN62cc,6.0,42.1042,-87.7917,N,42.1042,51.217,51.217,3,12975
K9EQ,K9EQ,True,False,wsprnet_only,B,FM19am,6.0,39.5208,-77.9583,N,39.5208,47.991,47.991,7,23
K9ESM,K9ESM,True,True,both,A,EN71dd,6.0,41.1458,-85.7083,N,41.1458,50.236,50.236,39,53096
K9EZL,K9EZL,True,True,both,B,EM68fq,6.0,38.6875,-87.5417,N,38.6875,47.927,47.927,3,180
K9FOX,K9FOX,True,True,both,B,FM09,4.0,39.5,-79.0,N,39.5,48.106,48.106,6,36422
K9GMA,K9GMA,True,True,both,A,DM65,4.0,35.5,-107.0,N,35.5,43.252,43.252,11,178980
K9GTT,K9GTT,True,True,both,B,EM49wc,6.0,39.1042,-90.125,N,39.1042,48.335,48.335,3,3134
K9HN,K9HN,True,True,both,B,EM10ck,6.0,30.4375,-97.7917,N,30.4375,39.446,39.446,3,857
K9JJM,K9JJM,True,True,both,A,EN71bp,6.0,41.6458,-85.875,N,41.6458,50.724,50.724,38,81742
K9JVA,K9JVA,True,True,both,B,EM79te,6.0,39.1875,-84.375,N,39.1875,48.289,48.289,7,6497
K9KCH,K9KCH,True,True,both,B,EN60wk,6.0,40.4375,-86.125,N,40.4375,49.571,49.571,5,1950
K9KFR,K9KFR,True,True,both,B,EN71gg,6.0,41.2708,-85.4583,N,41.2708,50.346,50.346,349,1115187
K9LZJ,K9LZJ,True,True,both,A,EM79au,6.0,39.8542,-85.9583,N,39.8542,49.004,49.004,244,432397
K9MFJ,K9MFJ,True,False,wsprnet_only,B,EN82gi,6.0,42.3542,-83.4583,N,42.3542,51.278,51.278,3,17
K9MWG,K9MWG,True,True,both,B,EN52tv,6.0,42.8958,-88.375,N,42.8958,51.986,51.986,3,3176
K9NNT,K9NNT,True,True,both,B,EN61,4.0,41.5,-87.0,N,41.5,50.619,50.619,312,36418
K9NXS,K9NXS,True,True,both,A,EM60,4.0,30.5,-87.0,N,30.5,40.048,40.048,19,7275
K9PAL,K9PAL,True,True,both,B,EM83,4.0,33.5,-83.0,N,33.5,42.746,42.746,4,22815
K9PAW,K9PAW,True,True,both,A,EN61ar,6.0,41.7292,-87.9583,N,41.7292,50.859,50.859,323,1296383
K9PTF,K9PTF,True,True,both,B,EM63,4.0,33.5,-87.0,N,33.5,42.93,42.93,4,53237
K9QKL,K9QKL,True,True,both,B,EN62bs,6.0,42.7708,-87.875,N,42.7708,51.859,51.859,8,268
K9REO,K9REO,True,True,both,A,EN53gb,6.0,43.0625,-89.4583,N,43.0625,52.151,52.151,158,175796
K9RQ,K9RQ,True,True,both,B,EL88,4.0,28.5,-83.0,N,28.5,37.974,37.974,12,10348
K9SAT,K9SAT,True,True,both,B,DM42ob,6.0,32.0625,-110.7917,N,32.0625,39.223,39.223,27,168006
K9STG,K9STG,True,True,both,B,DN28te,6.0,48.1875,-114.375,N,48.1875,54.541,54.541,3,108
K9TR,K9TR,True,True,both,B,EN50hi,6.0,40.3542,-89.375,N,40.3542,49.545,49.545,9,2156
K9VEG,K9VEG,True,True,both,B,FM18,4.0,38.5,-77.0,N,38.5,46.865,46.865,7,812
K9VIC,K9VIC,True,True,both,B,EN51vo,6.0,41.6042,-88.2083,N,41.6042,50.742,50.742,3,2276
K9WYF,K9WYF,True,True,both,B,EN41sk,6.0,41.4375,-90.4583,N,41.4375,50.579,50.579,4,2493
K9YT,K9YT,True,True,both,A,EN53,4.0,43.5,-89.0,N,43.5,52.571,52.571,11,5824
KA0EQP,KA0EQP,True,True,both,B,EM18ej,6.0,38.3958,-97.625,N,38.3958,47.262,47.262,5,1419
KA0EZE,KA0EZE,True,True,both,B,EN45mh,6.0,45.3125,-90.9583,N,45.3125,54.302,54.302,3,734
KA0L,KA0L,True,True,both,B,EM28qu,6.0,38.8542,-94.625,N,38.8542,47.931,47.931,6,11196
KA1AL,KA1AL,True,True,both,B,FN55eb,6.0,45.0625,-69.625,N,45.0625,52.012,52.012,10,619
KA1BMF,KA1BMF,True,True,both,A,FN31mj,6.0,41.3958,-72.9583,N,41.3958,49.008,49.008,10,27246
KA1FT,KA1FT,True,True,both,B,FN30,4.0,40.5,-73.0,N,40.5,48.132,48.132,4,1828
KA1SC,KA1SC,True,True,both,B,FN42mp,6.0,42.6458,-70.9583,N,42.6458,49.858,49.858,3,210
KA1TP,KA1TP,True,True,both,B,EM97po,6.0,37.6042,-80.7083,N,37.6042,46.474,46.474,10,7307
KA1VDZ,KA1VDZ,True,True,both,B,FN42nn,6.0,42.5625,-70.875,N,42.5625,49.758,49.758,7,68690
KA1VOB,KA1VOB,True,True,both,B,FN43ok,6.0,43.4375,-70.7917,N,43.4375,50.616,50.616,77,397165
KA2ADX,KA2ADX,True,True,both,B,FN32cq,6.0,42.6875,-73.7917,N,42.6875,50.432,50.432,5,2104
KA2MKQ,KA2MKQ,True,True,both,A,FN22,4.0,42.5,-75.0,N,42.5,50.45,50.45,110,382993
KA2PBT,KA2PBT,True,True,both,B,FN20ls,6.0,40.7708,-75.0417,N,40.7708,48.764,48.764,3,5373
KA2R,KA2R,True,True,both,A,FN31cq,6.0,41.6875,-73.7917,N,41.6875,49.447,49.447,102,148090
KA2YRA,KA2YRA,True,True,both,B,FN22ad,6.0,42.1458,-75.9583,N,42.1458,50.254,50.254,3,631
KA2ZOH,KA2ZOH,True,True,both,A,FN22,4.0,42.5,-75.0,N,42.5,50.45,50.45,13,2982
KA3BPN,KA3BPN,True,True,both,B,FN11vb,6.0,41.0625,-76.2083,N,41.0625,49.235,49.235,7,2438
KA3FAD,KA3FAD,True,True,both,B,EL89,4.0,29.5,-83.0,N,29.5,38.927,38.927,6,726
KA3GGZ,KA3GGZ,True,True,both,B,FN01,4.0,41.5,-79.0,N,41.5,50.04,50.04,8,4250
KA3JNN,KA3JNN,True,True,both,B,FM19ld,6.0,39.1458,-77.0417,N,39.1458,47.497,47.497,50,37076
KA3KAF,KA3KAF,True,True,both,B,FN42,4.0,42.5,-71.0,N,42.5,49.721,49.721,3,229
KA3NNJ,KA3NNJ,True,True,both,B,FM19,4.0,39.5,-77.0,N,39.5,47.835,47.835,3,592
KA3SDL,KA3SDL,True,True,both,B,FM19dp,6.0,39.6458,-77.7083,N,39.6458,48.078,48.078,3,12602
KA3SKN,KA3SKN,True,True,both,A,FM18kx,6.0,38.9792,-77.125,N,38.9792,47.348,47.348,395,2682546
KA3UFV,KA3UFV,True,True,both,B,DM79ju,6.0,39.8542,-105.2083,N,39.8542,47.812,47.812,8,10352
KA3WPP,KA3WPP,True,True,both,B,EM84tq,6.0,34.6875,-82.375,N,34.6875,43.833,43.833,4,3950
KA3ZPH,KA3ZPH,True,True,both,B,FN34ch,6.0,44.3125,-73.7917,N,44.3125,52.034,52.034,3,300
KA4ACC,KA4ACC,True,True,both,B,EM95,4.0,35.5,-81.0,N,35.5,44.484,44.484,4,428
KA4IOX,KA4IOX,True,True,both,A,EL87,4.0,27.5,-83.0,N,27.5,37.022,37.022,123,11132
KA4PKB/0,KA4PKB,True,True,both,A,EN41kf,6.0,41.2292,-91.125,N,41.2292,50.367,50.367,12,146957
KA4RUR,KA4RUR,True,True,both,A,EM48,4.0,38.5,-91.0,N,38.5,47.738,47.738,11,37206
KA4WIM,KA4WIM,True,True,both,A,EM95ld,6.0,35.1458,-81.0417,N,35.1458,44.149,44.149,76,202454
KA5F,KA5F,True,True,both,B,EM13,4.0,33.5,-97.0,N,33.5,42.534,42.534,7,4972
KA5KFK,KA5KFK,True,True,both,A,EL09uj,6.0,29.3958,-98.2917,N,29.3958,38.364,38.364,152,335157
KA5MIZ,KA5MIZ,True,True,both,A,EM15,4.0,35.5,-97.0,N,35.5,44.491,44.491,383,1068891
KA5PNX,KA5PNX,True,True,both,B,EN10su,6.0,40.8542,-96.4583,N,40.8542,49.748,49.748,37,83294
KA5TXN,KA5TXN,True,True,both,B,EM13rj,6.0,33.3958,-96.5417,N,33.3958,42.473,42.473,6,965
KA5ZHG,KA5ZHG,True,True,both,B,EL49,4.0,29.5,-91.0,N,29.5,39.03,39.03,3,660
KA6AKH,KA6AKH,True,True,both,B,FM18kt,6.0,38.8125,-77.125,N,38.8125,47.187,47.187,4,695
KA6BXT,KA6BXT,True,True,both,B,DM13as,6.0,33.7708,-117.9583,N,33.7708,39.672,39.672,7,5355
KA6DTJ,KA6DTJ,True,True,both,B,CN83ij,6.0,43.3958,-123.2917,N,43.3958,48.155,48.155,6,58
KA6SNB,KA6SNB,True,True,both,B,DM04sk,6.0,34.4375,-118.4583,N,34.4375,40.241,40.241,6,42
KA7EXM,KA7EXM,True,True,both,B,CN85,4.0,45.5,-123.0,N,45.5,50.284,50.284,8,32055
KA7FNQ,KA7FNQ,True,True,both,B,DM42kk,6.0,32.4375,-111.125,N,32.4375,39.542,39.542,78,183201
KA7FTP,KA7FTP,True,True,both,A,DN40,4.0,40.5,-111.0,N,40.5,47.555,47.555,395,1610293
KA7GPP,KA7GPP,True,True,both,B,CN88,4.0,48.5,-123.0,N,48.5,53.242,53.242,5,961
KA7OAO,KA7OAO,True,False,wsprnet_only,A,DO34ir,6.0,54.7292,-113.2917,N,54.7292,61.117,61.117,14,30
KA7OEI,KA7OEI,True,True,both,B,DN40ao,6.0,40.6042,-111.9583,N,40.6042,47.497,47.497,26,1610162
KA7SWP,KA7SWP,True,True,both,B,DM54ch,6.0,34.3125,-109.7917,N,34.3125,41.63,41.63,6,2787
KA7WET,KA7WET,True,True,both,B,DN13tp,6.0,43.6458,-116.375,N,43.6458,49.716,49.716,3,1174
KA8CLN,KA8CLN,True,True,both,B,EN82gi,6.0,42.3542,-83.4583,N,42.3542,51.278,51.278,3,4872
KA8JMW,KA8JMW,True,True,both,A,DM65uc,6.0,35.1042,-106.2917,N,35.1042,42.967,42.967,144,1096966
KA8SAF,KA8SAF,True,True,both,A,FN20,4.0,40.5,-75.0,N,40.5,48.492,48.492,395,1716563
KA8SYX,KA8SYX,True,True,both,B,FM18fa,6.0,38.0208,-77.5417,N,38.0208,46.481,46.481,6,3101
KA8VHF,KA8VHF,True,True,both,B,EN34mw,6.0,44.9375,-92.9583,N,44.9375,53.888,53.888,30,90661
KA8YES,KA8YES,True,True,both,A,EN90ri,6.0,40.3542,-80.5417,N,40.3542,49.105,49.105,344,572093
KA8YOR,KA8YOR,True,True,both,A,EN91,4.0,41.5,-81.0,N,41.5,50.256,50.256,74,14051
KA8YZP,KA8YZP,True,False,wsprnet_only,A,DM60,4.0,30.5,-107.0,N,30.5,38.277,38.277,19,65
KA9CFD,KA9CFD,True,True,both,B,EN40om,6.0,40.5208,-90.7917,N,40.5208,49.691,49.691,90,10778
KA9CUT,KA9CUT,True,True,both,A,EN51ww,6.0,41.9375,-88.125,N,41.9375,51.062,51.062,11,6197
KA9DZR,KA9DZR,True,True,both,A,EM69ex,6.0,39.9792,-87.625,N,39.9792,49.17,49.17,14,18539
KA9KEX,KA9KEX,True,True,both,A,EN50er,6.0,40.7292,-89.625,N,40.7292,49.905,49.905,57,110080
KA9PGC,KA9PGC,True,True,both,A,EN61nr,6.0,41.7292,-86.875,N,41.7292,50.836,50.836,393,2694912
KA9QJT,KA9QJT,True,True,both,B,EM95dw,6.0,35.9375,-81.7083,N,35.9375,44.972,44.972,10,8545
KA9VDU,KA9VDU,True,True,both,B,EN53ia,6.0,43.0208,-89.2917,N,43.0208,52.111,52.111,4,924
KA9VRX,KA9VRX,True,True,both,B,EM67,4.0,37.5,-87.0,N,37.5,46.774,46.774,3,166
KA9W,KA9W,True,True,both,B,EN50hd,6.0,40.1458,-89.375,N,40.1458,49.344,49.344,57,207754
KA9Z,KA9Z,True,True,both,B,EM78,4.0,38.5,-85.0,N,38.5,47.662,47.662,3,4690
KB0ATY,KB0ATY,True,True,both,B,EN82,4.0,42.5,-83.0,N,42.5,51.387,51.387,3,90
KB0ECO,KB0ECO,True,True,both,A,EN13,4.0,43.5,-97.0,N,43.5,52.272,52.272,165,614829
KB0EE,KB0EE,True,True,both,A,DN70,4.0,40.5,-105.0,N,40.5,48.475,48.475,395,3177501
KB0LQJ,KB0LQJ,True,True,both,A,DN40cr,6.0,40.7292,-111.7917,N,40.7292,47.648,47.648,116,77740
KB0LSM,KB0LSM,True,True,both,B,EM29or,6.0,39.7292,-94.7917,N,39.7292,48.769,48.769,4,5927
KB0MGT,KB0MGT,True,True,both,A,EN21,4.0,41.5,-95.0,N,41.5,50.471,50.471,25,2498
KB0QBT,KB0QBT,True,True,both,A,EN03,4.0,43.5,-99.0,N,43.5,52.103,52.103,394,2557695
KB0VHK,KB0VHK,True,True,both,A,EN34iv,6.0,44.8958,-93.2917,N,44.8958,53.835,53.835,88,143406
KB0VYG/P,KB0VYG,True,True,both,A,EN21be,6.0,41.1875,-95.875,N,41.1875,50.113,50.113,247,1330391
KB0WJQ,KB0WJQ,True,True,both,A,EN35ed,6.0,45.1458,-93.625,N,45.1458,54.062,54.062,65,792392
KB0WSW,KB0WSW,True,True,both,A,EN13,4.0,43.5,-97.0,N,43.5,52.272,52.272,105,1854732
KB1DGY,KB1DGY,True,False,wsprnet_only,B,EN57qc,6.0,47.1042,-88.625,N,47.1042,56.032,56.032,6,16
KB1ENV,KB1ENV,True,True,both,B,FN42nm,6.0,42.5208,-70.875,N,42.5208,49.717,49.717,4,12050
KB1FBI,KB1FBI,True,True,both,A,FN42,4.0,42.5,-71.0,N,42.5,49.721,49.721,55,238263
KB1IEE,KB1IEE,True,True,both,B,DM33,4.0,33.5,-113.0,N,33.5,40.281,40.281,31,36489
KB1IZK,KB1IZK,True,True,both,B,FN43ip,6.0,43.6458,-71.2917,N,43.6458,50.922,50.922,4,10791
KB1JPI,KB1JPI,True,True,both,B,EL29es,6.0,29.7708,-95.625,N,29.7708,38.998,38.998,54,247565
KB1LY,KB1LY,True,True,both,A,FN42,4.0,42.5,-71.0,N,42.5,49.721,49.721,395,791059
KB1MCT,KB1MCT,True,True,both,A,FN31wi,6.0,41.3542,-72.125,N,41.3542,48.807,48.807,36,223238
KB1MVX,KB1MVX,True,False,wsprnet_only,B,EL98ht,6.0,28.8125,-81.375,N,28.8125,38.14,38.14,8,61
KB1NWM,KB1NWM,True,True,both,B,FN54vj,6.0,44.3958,-68.2083,N,44.3958,51.042,51.042,7,1932
KB1QV,KB1QV,True,True,both,A,FN43,4.0,43.5,-71.0,N,43.5,50.719,50.719,13,3203
KB1TIM,KB1TIM,True,True,both,A,FN41bv,6.0,41.8958,-71.875,N,41.8958,49.295,49.295,12,3793
KB1VP,KB1VP,True,True,both,B,FN33si,6.0,43.3542,-72.4583,N,43.3542,50.852,50.852,8,22781
KB1VXY,KB1VXY,True,True,both,B,FN42fe,6.0,42.1875,-71.5417,N,42.1875,49.519,49.519,5,6012
KB1WMB,KB1WMB,True,True,both,B,EM95bc,6.0,35.1042,-81.875,N,35.1042,44.189,44.189,3,300
KB2EZN,KB2EZN,True,True,both,A,EM90dc,6.0,30.1042,-81.7083,N,30.1042,39.399,39.399,25,19063
KB2GGF,KB2GGF,True,True,both,B,FN21us,6.0,41.7708,-74.2917,N,41.7708,49.617,49.617,6,4909
KB2HSH,KB2HSH,True,True,both,A,FN03na,6.0,43.0208,-78.875,N,43.0208,51.499,51.499,35,17225
KB2LOZ,KB2LOZ,True,True,both,B,FM08je,6.0,38.1875,-79.2083,N,38.1875,46.865,46.865,6,1404
KB2MEN,KB2MEN,True,True,both,B,FN20ok,6.0,40.4375,-74.7917,N,40.4375,48.395,48.395,6,100
KB2NT,KB2NT,True,True,both,B,FN20,4.0,40.5,-75.0,N,40.5,48.492,48.492,6,7953
KB2RAW,KB2RAW,True,True,both,A,FN22hh,6.0,42.3125,-75.375,N,42.3125,50.327,50.327,12,14512
KB2ZGA,KB2ZGA,True,True,both,A,FN30ap,6.0,40.6458,-73.9583,N,40.6458,48.453,48.453,10,1452
KB3EDF,KB3EDF,True,True,both,A,FM18rh,6.0,38.3125,-76.5417,N,38.3125,46.613,46.613,367,735953
KB3EOF,KB3EOF,True,True,both,B,FM19,4.0,39.5,-77.0,N,39.5,47.835,47.835,97,48617
KB3ESQ,KB3ESQ,True,True,both,A,FN00tk,6.0,40.4375,-78.375,N,40.4375,48.934,48.934,10,3613
KB3EWJ,KB3EWJ,True,True,both,B,FN10md,6.0,40.1458,-76.9583,N,40.1458,48.456,48.456,6,389
KB3FKH,KB3FKH,True,True,both,A,FM19mb,6.0,39.0625,-76.9583,N,39.0625,47.404,47.404,76,149730
KB3FSP,KB3FSP,True,True,both,B,FN00bk,6.0,40.4375,-79.875,N,40.4375,49.114,49.114,4,141
KB3FXA,KB3FXA,True,True,both,B,EL09pk,6.0,29.4375,-98.7083,N,29.4375,38.359,38.359,7,987
KB3FYD,KB3FYD,True,True,both,A,FN10oh,6.0,40.3125,-76.7917,N,40.3125,48.593,48.593,37,170719
KB3GJW,KB3GJW,True,True,both,A,FM19lb,6.0,39.0625,-77.0417,N,39.0625,47.417,47.417,17,7722
KB3GTN,KB3GTN,True,True,both,B,FM18px,6.0,38.9792,-76.7083,N,38.9792,47.286,47.286,14,49595
KB3LLX,KB3LLX,True,True,both,A,FM19,4.0,39.5,-77.0,N,39.5,47.835,47.835,15,13841
KB3OIL,KB3OIL,True,True,both,B,FM19gh,6.0,39.3125,-77.4583,N,39.3125,47.719,47.719,123,323947
KB3OMS,KB3OMS,True,True,both,B,EM77wx,6.0,37.9792,-84.125,N,37.9792,47.114,47.114,5,1095
KB3ONN,KB3ONN,True,True,both,B,FM19dp,6.0,39.6458,-77.7083,N,39.6458,48.078,48.078,6,4508
KB3OUK,KB3OUK,True,True,both,B,FN00xb,6.0,40.0625,-78.0417,N,40.0625,48.527,48.527,12,6894
KB3PCY,KB3PCY,True,True,both,B,FM29ev,6.0,39.8958,-75.625,N,39.8958,48.006,48.006,6,6352
KB3PKF,KB3PKF,True,True,both,A,FN20,4.0,40.5,-75.0,N,40.5,48.492,48.492,394,49161
KB3VCU,KB3VCU,True,True,both,A,EM15,4.0,35.5,-97.0,N,35.5,44.491,44.491,48,89498
KB3VR,KB3VR,True,True,both,A,FM19la,6.0,39.0208,-77.0417,N,39.0208,47.376,47.376,11,33425
KB3WYS,KB3WYS,True,True,both,B,FM19sb,6.0,39.0625,-76.4583,N,39.0625,47.328,47.328,6,12434
KB3YFB,KB3YFB,True,True,both,B,FM29iw,6.0,39.9375,-75.2917,N,39.9375,47.991,47.991,4,573
KB3ZQD,KB3ZQD,True,True,both,B,FM19pc,6.0,39.1042,-76.7083,N,39.1042,47.407,47.407,3,1779
KB4DXV,KB4DXV,True,True,both,B,FN54ic,6.0,44.1042,-69.2917,N,44.1042,50.978,50.978,6,3804
KB4GM,KB4GM,True,True,both,B,FM16up,6.0,36.6458,-76.2917,N,36.6458,44.959,44.959,4,5217
KB4HAK,KB4HAK,True,True,both,B,FM14bd,6.0,34.1458,-77.875,N,34.1458,42.798,42.798,31,68245
KB4KFT,KB4KFT,True,True,both,B,EM73,4.0,33.5,-85.0,N,33.5,42.865,42.865,4,5145
KB4MG,KB4MG,True,True,both,B,EM74sa,6.0,34.0208,-84.4583,N,34.0208,43.337,43.337,46,267507
KB4MOX,KB4MOX,True,True,both,B,EM83li,6.0,33.3542,-83.0417,N,33.3542,42.609,42.609,6,8012
KB4NET,KB4NET,True,True,both,A,DN28qo,6.0,48.6042,-114.625,N,48.6042,54.907,54.907,39,159252
KB4W,KB4W,True,True,both,B,EM96,4.0,36.5,-81.0,N,36.5,45.443,45.443,191,2881772
KB4WA,KB4WA,True,True,both,A,EM66sd,6.0,36.1458,-86.4583,N,36.1458,45.458,45.458,17,11056
KB4ZVM,KB4ZVM,True,True,both,A,EM84,4.0,34.5,-83.0,N,34.5,43.703,43.703,392,4175656
KB5HSC,KB5HSC,True,True,both,B,EM13md,6.0,33.1458,-96.9583,N,33.1458,42.191,42.191,4,1374
KB5IOC,KB5IOC,True,True,both,A,EM23xl,6.0,33.4792,-94.0417,N,33.4792,42.743,42.743,17,9541
KB5OUD,KB5OUD,True,True,both,B,EL49xx,6.0,29.9792,-90.0417,N,29.9792,39.526,39.526,9,3300
KB5SBA,KB5SBA,True,True,both,B,EM54sb,6.0,34.0625,-88.4583,N,34.0625,43.486,43.486,3,1397
KB5SDX,KB5SDX,True,False,wsprnet_only,B,FM05pr,6.0,35.7292,-78.7083,N,35.7292,44.435,44.435,5,11
KB5UJM,KB5UJM,True,True,both,B,EL19bt,6.0,29.8125,-97.875,N,29.8125,38.821,38.821,4,1142
KB5VL,KB5VL,True,True,both,A,DM73rk,6.0,33.4375,-104.5417,N,33.4375,41.571,41.571,27,43854
KB5WAQ,KB5WAQ,True,True,both,A,EL29jx,6.0,29.9792,-95.2083,N,29.9792,39.238,39.238,18,8938
KB5WGT,KB5WGT,True,True,both,A,FM19kb,6.0,39.0625,-77.125,N,39.0625,47.429,47.429,53,78674
KB5WIP,KB5WIP,True,True,both,B,DM04,4.0,34.5,-119.0,N,34.5,40.204,40.204,4,1448
KB5WS,KB5WS,True,True,both,B,EM60hn,6.0,30.5625,-87.375,N,30.5625,40.113,40.113,7,3043
KB5WSJ,KB5WSJ,True,True,both,A,EM10en,6.0,30.5625,-97.625,N,30.5625,39.587,39.587,17,5843
KB5WVK,KB5WVK,True,True,both,A,EM22mn,6.0,32.5625,-94.9583,N,32.5625,41.786,41.786,16,1778
KB5ZYC,KB5ZYC,True,True,both,B,DM04vn,6.0,34.5625,-118.2083,N,34.5625,40.41,40.41,13,705
KB6DAY,KB6DAY,True,True,both,B,CM87sp,6.0,37.6458,-122.4583,N,37.6458,42.661,42.661,6,1920
KB6KB,KB6KB,True,True,both,A,DM04,4.0,34.5,-119.0,N,34.5,40.204,40.204,71,223732
KB6LA,KB6LA,True,True,both,A,DM04,4.0,34.5,-119.0,N,34.5,40.204,40.204,39,71290
KB6NTW,KB6NTW,True,True,both,B,CM88nc,6.0,38.1042,-122.875,N,38.1042,43.032,43.032,4,2377
KB7AA,KB7AA,True,False,wsprnet_only,A,EN21be,6.0,41.1875,-95.875,N,41.1875,50.113,50.113,32,64
KB7CI,KB7CI,True,True,both,B,DM42,4.0,32.5,-111.0,N,32.5,39.625,39.625,53,70657
KB7DWO,KB7DWO,True,True,both,B,DM08,4.0,38.5,-119.0,N,38.5,44.154,44.154,11,21709
KB7JJG,KB7JJG,True,True,both,B,DM34wh,6.0,34.3125,-112.125,N,34.3125,41.239,41.239,5,3293
KB7MYO,KB7MYO,True,True,both,A,CN87,4.0,47.5,-123.0,N,47.5,52.256,52.256,33,5388
KB7NIE,KB7NIE,True,True,both,A,DM42oc,6.0,32.1042,-110.7917,N,32.1042,39.265,39.265,295,312064
KB7NKB,KB7NKB,True,True,both,B,DM33vq,6.0,33.6875,-112.2083,N,33.6875,40.603,40.603,13,22583
KB7PF,KB7PF,True,True,both,B,EM57qc,6.0,37.1042,-88.625,N,37.1042,46.415,46.415,109,61791
KB7TU,KB7TU,True,True,both,B,DN06jg,6.0,46.2708,-119.2083,N,46.2708,51.775,51.775,10,4369
KB7ULT,KB7ULT,True,True,both,A,CN85sp,6.0,45.6458,-122.4583,N,45.6458,50.534,50.534,12,2450
KB7WCS,KB7WCS,True,True,both,B,FN31,4.0,41.5,-73.0,N,41.5,49.119,49.119,6,733
KB7YVW,KB7YVW,True,True,both,B,DM34rg,6.0,34.2708,-112.5417,N,34.2708,41.126,41.126,4,171
KB7ZZ,KB7ZZ,True,True,both,A,FM25dv,6.0,35.8958,-75.7083,N,35.8958,44.135,44.135,79,943859
KB8DLR,KB8DLR,True,True,both,A,EM89qu,6.0,39.8542,-82.625,N,39.8542,48.812,48.812,11,27740
KB8EZX,KB8EZX,True,True,both,B,EN91,4.0,41.5,-81.0,N,41.5,50.256,50.256,342,3044036
KB8IOK,KB8IOK,True,True,both,B,EM60mp,6.0,30.6458,-86.9583,N,30.6458,40.188,40.188,5,384
KB8KCO,KB8KCO,True,True,both,B,EM69,4.0,39.5,-87.0,N,39.5,48.696,48.696,3,721
KB8TL,KB8TL,True,True,both,B,EN82gf,6.0,42.2292,-83.4583,N,42.2292,51.158,51.158,106,323792
KB8U,KB8U,True,True,both,A,EN71sw,6.0,41.9375,-84.4583,N,41.9375,50.938,50.938,44,33112
KB8V,KB8V,True,True,both,B,EM83ix,6.0,33.9792,-83.2917,N,33.9792,43.225,43.225,3,2389
KB8VME,KB8VME,True,True,both,A,EN61as,6.0,41.7708,-87.9583,N,41.7708,50.899,50.899,89,91333
KB9AIT,KB9AIT,True,True,both,B,EN54,4.0,44.5,-89.0,N,44.5,53.533,53.533,5,11671
KB9AMG,KB9AMG,True,True,both,A,EN52tx,6.0,42.9792,-88.375,N,42.9792,52.066,52.066,293,639441
KB9ITV,KB9ITV,True,True,both,B,EN34,4.0,44.5,-93.0,N,44.5,53.465,53.465,7,2365
KB9LCD,KB9LCD,True,True,both,B,EN61bt,6.0,41.8125,-87.875,N,41.8125,50.938,50.938,3,1813
KB9LHT,KB9LHT,True,True,both,B,DM33xj,6.0,33.3958,-112.0417,N,33.3958,40.341,40.341,3,930
KB9LNS,KB9LNS,True,True,both,B,EN50,4.0,40.5,-89.0,N,40.5,49.685,49.685,4,8514
KB9MVW,KB9MVW,True,True,both,B,EN52tj,6.0,42.3958,-88.375,N,42.3958,51.505,51.505,56,78659
KB9OEQ,KB9OEQ,True,True,both,A,EN62ca,6.0,42.0208,-87.7917,N,42.0208,51.137,51.137,11,4020
KB9OZE,KB9OZE,True,True,both,B,EN71je,6.0,41.1875,-85.2083,N,41.1875,50.255,50.255,72,9171
KB9QDI,KB9QDI,True,True,both,A,EM79wr,6.0,39.7292,-84.125,N,39.7292,48.795,48.795,13,6884
KB9RKK,KB9RKK,True,True,both,B,EM66rf,6.0,36.2292,-86.5417,N,36.2292,45.541,45.541,3,2184
KB9RLW,KB9RLW,True,True,both,A,DM25xh,6.0,35.3125,-114.0417,N,35.3125,41.9,41.9,11,15946
KB9UMT,KB9UMT,True,True,both,B,EN50dp,6.0,40.6458,-89.7083,N,40.6458,49.824,49.824,3,463
KB9UZA,KB9UZA,True,True,both,B,DM61ur,6.0,31.7292,-106.2917,N,31.7292,39.613,39.613,3,459
KC0AFB,KC0AFB,True,True,both,A,DN96ov,6.0,46.8958,-100.7917,N,46.8958,55.222,55.222,13,130577
KC0ECT,KC0ECT,True,True,both,B,DM35ag,6.0,35.2708,-113.9583,N,35.2708,41.873,41.873,3,811
KC0IUY,KC0IUY,True,True,both,B,EM29da,6.0,39.0208,-95.7083,N,39.0208,48.022,48.022,5,9318
KC0JAR,KC0JAR,True,True,both,B,DN42wn,6.0,42.5625,-110.125,N,42.5625,49.73,49.73,32,146349
KC0KVR,KC0KVR,True,True,both,A,EM48rp,6.0,38.6458,-90.5417,N,38.6458,47.887,47.887,72,5856
KC0MFW,KC0MFW,True,True,both,B,EN21tb,6.0,41.0625,-94.375,N,41.0625,50.084,50.084,7,3155
KC0MYY,KC0MYY,True,True,both,A,EN25,4.0,45.5,-95.0,N,45.5,54.335,54.335,10,5961
KC0QNB,KC0QNB,True,True,both,B,DN90ww,6.0,40.9375,-100.125,N,40.9375,49.499,49.499,9,2309
KC0RDD,KC0RDD,True,True,both,B,EN34fa,6.0,44.0208,-93.5417,N,44.0208,52.981,52.981,4,160
KC0USO,KC0USO,True,True,both,B,DM26ih,6.0,36.3125,-115.2917,N,36.3125,42.67,42.67,4,336
KC0YFC,KC0YFC,True,True,both,B,EN35kf,6.0,45.2292,-93.125,N,45.2292,54.162,54.162,3,829
KC0ZQS,KC0ZQS,True,True,both,B,DM79ou,6.0,39.8542,-104.7917,N,39.8542,47.869,47.869,3,5569
KC0ZRY,KC0ZRY,True,True,both,B,EM17go,6.0,37.6042,-97.4583,N,37.6042,46.505,46.505,6,3005
KC1AHK,KC1AHK,True,True,both,B,QF22ob,6.0,-37.9375,145.2083,S,37.9375,-48.267,48.267,9,1080
KC1ATT,KC1ATT,True,True,both,A,EM10cr,6.0,30.7292,-97.7917,N,30.7292,39.734,39.734,14,359725
KC1AWV,KC1AWV,True,True,both,B,FN43mb,6.0,43.0625,-70.9583,N,43.0625,50.274,50.274,4,584
KC1CIG,KC1CIG,True,True,both,A,FN53bt,6.0,43.8125,-69.875,N,43.8125,50.806,50.806,219,992824
KC1CMT,KC1CMT,True,True,both,B,FN31qp,6.0,41.6458,-72.625,N,41.6458,49.192,49.192,138,1277211
KC1CYT,KC1CYT,True,True,both,B,EM90,4.0,30.5,-81.0,N,30.5,39.708,39.708,3,246
KC1DPM,KC1DPM,True,True,both,B,FN33,4.0,43.5,-73.0,N,43.5,51.095,51.095,4,861
KC1DPT,KC1DPT,True,True,both,A,FN42nq,6.0,42.6875,-70.875,N,42.6875,49.883,49.883,341,474486
KC1ETT,KC1ETT,True,True,both,A,FN43rh,6.0,43.3125,-70.5417,N,43.3125,50.44,50.44,189,218867
KC1GLB,KC1GLB,True,True,both,B,FN42fw,6.0,42.9375,-71.5417,N,42.9375,50.265,50.265,3,4819
KC1ICE,KC1ICE,True,True,both,B,FN31ll,6.0,41.4792,-73.0417,N,41.4792,49.106,49.106,8,3422
KC1IIO,KC1IIO,True,True,both,B,FN41ju,6.0,41.8542,-71.2083,N,41.8542,49.12,49.12,7,9164
KC1JNU,KC1JNU,True,True,both,A,JN13wo,6.0,43.6042,3.875,N,43.6042,37.076,37.076,10,750
KC1JOL,KC1JOL,True,True,both,A,FN41jq,6.0,41.6875,-71.2083,N,41.6875,48.954,48.954,18,24500
KC1KOP,KC1KOP,True,True,both,A,FN41du,6.0,41.8542,-71.7083,N,41.8542,49.22,49.22,309,494426
KC1KQY,KC1KQY,True,True,both,B,FN33uf,6.0,43.2292,-72.2917,N,43.2292,50.698,50.698,6,2522
KC1LED,KC1LED,True,True,both,A,FN54ot,6.0,44.8125,-68.7917,N,44.8125,51.589,51.589,131,1731304
KC1LIQ,KC1LIQ,True,True,both,B,EM66,4.0,36.5,-87.0,N,36.5,45.813,45.813,4,479
KC1LNQ,KC1LNQ,True,True,both,A,FN42,4.0,42.5,-71.0,N,42.5,49.721,49.721,336,476699
KC1LPX,KC1LPX,True,True,both,B,FN31,4.0,41.5,-73.0,N,41.5,49.119,49.119,3,322
KC1MMS,KC1MMS,True,True,both,A,FN42gx,6.0,42.9792,-71.4583,N,42.9792,50.29,50.29,154,545730
KC1MNF,KC1MNF,True,True,both,A,FN42,4.0,42.5,-71.0,N,42.5,49.721,49.721,33,22873
KC1NAB,KC1NAB,True,True,both,B,FN41hs,6.0,41.7708,-71.375,N,41.7708,49.071,49.071,3,425
KC1NFW,KC1NFW,True,True,both,B,FN41il,6.0,41.4792,-71.2917,N,41.4792,48.764,48.764,19,5708
KC1NZU,KC1NZU,True,True,both,A,FN42qc,6.0,42.1042,-70.625,N,42.1042,49.249,49.249,52,2873
KC1PAN,KC1PAN,True,True,both,B,FN31fo,6.0,41.6042,-73.5417,N,41.6042,49.321,49.321,5,20074
KC1PAQ,KC1PAQ,True,False,wsprnet_only,A,JN17xf,6.0,47.2292,3.9583,N,47.2292,41.794,41.794,34,67
KC1PHY,KC1PHY,True,True,both,B,FN42dl,6.0,42.4792,-71.7083,N,42.4792,49.841,49.841,6,3670
KC1PKX,KC1PKX,True,True,both,B,FN42,4.0,42.5,-71.0,N,42.5,49.721,49.721,3,100
KC1QHV,KC1QHV,True,True,both,B,FN42ki,6.0,42.3542,-71.125,N,42.3542,49.601,49.601,7,9544
KC1QKU,KC1QKU,True,True,both,B,EL87uv,6.0,27.8958,-82.2917,N,27.8958,37.348,37.348,5,770
KC1RWI,KC1RWI,True,True,both,A,FN43oj,6.0,43.3958,-70.7917,N,43.3958,50.574,50.574,10,12791
KC1RWI/1,KC1RWI,True,True,both,B,FN43oj,6.0,43.3958,-70.7917,N,43.3958,50.574,50.574,5,1038
KC1RWI/11,KC1RWI,True,False,wsprnet_only,B,JN17xf,6.0,47.2292,3.9583,N,47.2292,41.794,41.794,5,12
KC1RWI/2,KC1RWI,True,True,both,B,FN43oj,6.0,43.3958,-70.7917,N,43.3958,50.574,50.574,4,2076
KC1RWI/20,KC1RWI,True,True,both,B,FN43oj,6.0,43.3958,-70.7917,N,43.3958,50.574,50.574,4,8362
KC1RWI/30,KC1RWI,True,True,both,B,FN43oj,6.0,43.3958,-70.7917,N,43.3958,50.574,50.574,3,1215
KC1RWI/5,KC1RWI,True,True,both,B,FN43oj,6.0,43.3958,-70.7917,N,43.3958,50.574,50.574,3,7166
KC1RWI/50,KC1RWI,True,True,both,B,FN43oj,6.0,43.3958,-70.7917,N,43.3958,50.574,50.574,3,691
KC1RWI/6,KC1RWI,True,True,both,B,FN43oj,6.0,43.3958,-70.7917,N,43.3958,50.574,50.574,3,9171
KC1SBV,KC1SBV,True,True,both,B,FN32qu,6.0,42.8542,-72.625,N,42.8542,50.388,50.388,5,3152
KC1SDX,KC1SDX,True,True,both,A,FN43oj,6.0,43.3958,-70.7917,N,43.3958,50.574,50.574,16,1789
KC1SEA,KC1SEA,True,True,both,B,DM81tw,6.0,31.9375,-102.375,N,31.9375,40.383,40.383,10,5043
KC1SJB,KC1SJB,True,True,both,B,FN42,4.0,42.5,-71.0,N,42.5,49.721,49.721,7,17733
KC1TLF,KC1TLF,True,True,both,B,FN42gp,6.0,42.6458,-71.4583,N,42.6458,49.958,49.958,5,1019
KC1TV,KC1TV,True,True,both,B,FN32qb,6.0,42.0625,-72.625,N,42.0625,49.604,49.604,9,2624
KC1TXA,KC1TXA,True,True,both,A,FN31jk,6.0,41.4375,-73.2083,N,41.4375,49.096,49.096,20,6400
KC1ULS,KC1ULS,True,True,both,B,FN42ju,6.0,42.8542,-71.2083,N,42.8542,50.116,50.116,30,17620
KC1UNS,KC1UNS,True,True,both,B,FN42nn,6.0,42.5625,-70.875,N,42.5625,49.758,49.758,3,455
KC1USE,KC1USE,True,True,both,B,FN43vt,6.0,43.8125,-70.2083,N,43.8125,50.874,50.874,19,9480
KC1VHP,KC1VHP,True,True,both,B,FN31px,6.0,41.9792,-72.7083,N,41.9792,49.537,49.537,17,72791
KC1VHX,KC1VHX,True,True,both,B,FN42kj,6.0,42.3958,-71.125,N,42.3958,49.643,49.643,5,694
KC1VNQ,KC1VNQ,True,True,both,B,FN41bu,6.0,41.8542,-71.875,N,41.8542,49.253,49.253,8,15477
KC1VXD,KC1VXD,True,True,both,B,FN43,4.0,43.5,-71.0,N,43.5,50.719,50.719,8,18091
KC1WHK,KC1WHK,True,True,both,B,FN42,4.0,42.5,-71.0,N,42.5,49.721,49.721,5,457
KC1WTZ,KC1WTZ,True,True,both,B,FN43rm,6.0,43.5208,-70.5417,N,43.5208,50.649,50.649,3,837
KC1WWV,KC1WWV,True,True,both,B,FN31oq,6.0,41.6875,-72.7917,N,41.6875,49.265,49.265,3,6304
KC1WZQ,KC1WZQ,True,True,both,B,FN42ln,6.0,42.5625,-71.0417,N,42.5625,49.792,49.792,75,133534
KC1YDS,KC1YDS,True,True,both,A,FN42,4.0,42.5,-71.0,N,42.5,49.721,49.721,10,9445
KC1YJO,KC1YJO,True,True,both,A,FN42dh,6.0,42.3125,-71.7083,N,42.3125,49.676,49.676,14,2027
KC1YNC,KC1YNC,True,True,both,B,FM16tr,6.0,36.7292,-76.375,N,36.7292,45.053,45.053,3,1150
KC1YSR,KC1YSR,True,True,both,B,FN55lf,6.0,45.2292,-69.0417,N,45.2292,52.061,52.061,3,8488
KC1ZED,KC1ZED,True,True,both,B,FN32,4.0,42.5,-73.0,N,42.5,50.106,50.106,4,1962
KC2AIZ,KC2AIZ,True,True,both,A,FN20wn,6.0,40.5625,-74.125,N,40.5625,48.401,48.401,25,1620
KC2CDY,KC2CDY,True,True,both,B,FN23fd,6.0,43.1458,-75.5417,N,43.1458,51.168,51.168,4,863
KC2EDH,KC2EDH,True,True,both,B,FN24,4.0,44.5,-75.0,N,44.5,52.413,52.413,23,26890
KC2GYU,KC2GYU,True,True,both,A,FM29pe,6.0,39.1875,-74.7083,N,39.1875,47.159,47.159,148,1690612
KC2IYG,KC2IYG,True,True,both,B,FN02ou,6.0,42.8542,-78.7917,N,42.8542,51.328,51.328,3,826
KC2JDR,KC2JDR,True,True,both,B,FN20oa,6.0,40.0208,-74.7917,N,40.0208,47.988,47.988,7,4977
KC2JZP,KC2JZP,True,True,both,B,FM19,4.0,39.5,-77.0,N,39.5,47.835,47.835,4,358
KC2LEB,KC2LEB,True,True,both,B,FN21kt,6.0,41.8125,-75.125,N,41.8125,49.797,49.797,4,697
KC2LFA,KC2LFA,True,True,both,A,FN21,4.0,41.5,-75.0,N,41.5,49.47,49.47,56,359220
KC2MDP,KC2MDP,True,True,both,A,FN30,4.0,40.5,-73.0,N,40.5,48.132,48.132,170,440221
KC2PCF,KC2PCF,True,True,both,A,FN02vx,6.0,42.9792,-78.2083,N,42.9792,51.378,51.378,47,54039
KC2PXD,KC2PXD,True,True,both,B,FN31,4.0,41.5,-73.0,N,41.5,49.119,49.119,6,2381
KC2QBK,KC2QBK,True,True,both,A,FN20va,6.0,40.0208,-74.2083,N,40.0208,47.885,47.885,18,53621
KC2QVD,KC2QVD,True,True,both,B,FM05oo,6.0,35.6042,-78.7917,N,35.6042,44.326,44.326,9,68854
KC2RST,KC2RST,True,True,both,B,FM26,4.0,36.5,-75.0,N,36.5,44.595,44.595,3,2115
KC2RXS,KC2RXS,True,True,both,B,EM96uv,6.0,36.8958,-80.2917,N,36.8958,45.749,45.749,28,72453
KC2STA,KC2STA,True,True,both,A,FN22vx,6.0,42.9792,-74.2083,N,42.9792,50.79,50.79,393,634083
KC2TER,KC2TER,True,True,both,A,FN20xe,6.0,40.1875,-74.0417,N,40.1875,48.019,48.019,376,3324398
KC2THY,KC2THY,True,True,both,B,FN20,4.0,40.5,-75.0,N,40.5,48.492,48.492,5,433
KC2URB,KC2URB,True,True,both,B,FN30as,6.0,40.7708,-73.9583,N,40.7708,48.576,48.576,7,661
KC2VER,KC2VER,True,True,both,B,FN12st,6.0,42.8125,-76.4583,N,42.8125,50.979,50.979,5,24659
KC3AHR,KC3AHR,True,True,both,B,FN11mg,6.0,41.2708,-76.9583,N,41.2708,49.549,49.549,3,116
KC3BOM,KC3BOM,True,True,both,A,EN90xl,6.0,40.4792,-80.0417,N,40.4792,49.172,49.172,10,18340
KC3CFT,KC3CFT,True,True,both,A,FN00,4.0,40.5,-79.0,N,40.5,49.073,49.073,225,1316589
KC3EF,KC3EF,True,True,both,B,FM19ti,6.0,39.3542,-76.375,N,39.3542,47.598,47.598,5,412
KC3EYP,KC3EYP,True,True,both,A,FM09cx,6.0,39.9792,-79.7917,N,39.9792,48.662,48.662,16,1938
KC3FDL,KC3FDL,True,True,both,B,FM19,4.0,39.5,-77.0,N,39.5,47.835,47.835,8,46499
KC3FXU,KC3FXU,True,True,both,B,FN20ef,6.0,40.2292,-75.625,N,40.2292,48.331,48.331,7,26514
KC3JLR,KC3JLR,True,True,both,B,FM09op,6.0,39.6458,-78.7917,N,39.6458,48.221,48.221,3,426
KC3JTK,KC3JTK,True,True,both,A,FN20iq,6.0,40.6875,-75.2917,N,40.6875,48.724,48.724,10,2982
KC3LVG,KC3LVG,True,True,both,B,FN00bn,6.0,40.5625,-79.875,N,40.5625,49.235,49.235,9,5737
KC3MIO,KC3MIO,True,True,both,B,FN20dw,6.0,40.9375,-75.7083,N,40.9375,49.035,49.035,3,934
KC3NOH,KC3NOH,True,False,wsprnet_only,B,FM19mj,6.0,39.3958,-76.9583,N,39.3958,47.727,47.727,3,60
KC3OG,KC3OG,True,True,both,A,EM73vx,6.0,33.9792,-84.2083,N,33.9792,43.283,43.283,25,6434
KC3OTC,KC3OTC,True,True,both,B,FN20iq,6.0,40.6875,-75.2917,N,40.6875,48.724,48.724,3,5894
KC3PIB,KC3PIB,True,True,both,B,EN90xj,6.0,40.3958,-80.0417,N,40.3958,49.092,49.092,8,1415
KC3POE,KC3POE,True,True,both,B,FN20,4.0,40.5,-75.0,N,40.5,48.492,48.492,8,565
KC3RHQ,KC3RHQ,True,True,both,B,FN00bt,6.0,40.8125,-79.875,N,40.8125,49.476,49.476,3,329
KC3SDA,KC3SDA,True,True,both,B,FM19,4.0,39.5,-77.0,N,39.5,47.835,47.835,4,707
KC3SDJ,KC3SDJ,True,True,both,B,EN90vm,6.0,40.5208,-80.2083,N,40.5208,49.231,49.231,388,6575011
KC3SPD,KC3SPD,True,True,both,B,FM09op,6.0,39.6458,-78.7917,N,39.6458,48.221,48.221,10,3913
KC3SPF,KC3SPF,True,True,both,B,FM19mc,6.0,39.1042,-76.9583,N,39.1042,47.445,47.445,3,2959
KC3SRV,KC3SRV,True,True,both,B,FM19ku,6.0,39.8542,-77.125,N,39.8542,48.197,48.197,4,1465
KC3TMZ,KC3TMZ,True,True,both,A,FM29ft,6.0,39.8125,-75.5417,N,39.8125,47.911,47.911,15,12256
KC3TXC,KC3TXC,True,True,both,A,FM18sw,6.0,38.9375,-76.4583,N,38.9375,47.206,47.206,14,54848
KC3TYD,KC3TYD,True,True,both,B,FN00bj,6.0,40.3958,-79.875,N,40.3958,49.074,49.074,4,2810
KC3UBD,KC3UBD,True,True,both,B,FM19,4.0,39.5,-77.0,N,39.5,47.835,47.835,4,29278
KC3UFR,KC3UFR,True,True,both,B,FM19,4.0,39.5,-77.0,N,39.5,47.835,47.835,6,139
KC3UKE,KC3UKE,True,True,both,B,FN20,4.0,40.5,-75.0,N,40.5,48.492,48.492,8,1867
KC3VCX,KC3VCX,True,True,both,B,FN00em,6.0,40.5208,-79.625,N,40.5208,49.166,49.166,4,571
KC3VNB,KC3VNB,True,True,both,A,FN00dl,6.0,40.4792,-79.7083,N,40.4792,49.135,49.135,11,8568
KC3VPB,KC3VPB,True,True,both,B,FM19dv,6.0,39.8958,-77.7083,N,39.8958,48.32,48.32,6,1513
KC3YBO,KC3YBO,True,True,both,A,FN00nh,6.0,40.3125,-78.875,N,40.3125,48.876,48.876,202,24882
KC3YEQ,KC3YEQ,True,True,both,A,FN10ui,6.0,40.3542,-76.2917,N,40.3542,48.558,48.558,10,9164
KC3YLF,KC3YLF,True,True,both,B,EN90xj,6.0,40.3958,-80.0417,N,40.3958,49.092,49.092,4,1854
KC3YMR,KC3YMR,True,True,both,B,EN90vo,6.0,40.6042,-80.2083,N,40.6042,49.311,49.311,3,8904
KC3YOI,KC3YOI,True,True,both,A,FN21aw,6.0,41.9375,-75.9583,N,41.9375,50.051,50.051,53,31187
KC3ZEU,KC3ZEU,True,True,both,B,FM19ln,6.0,39.5625,-77.0417,N,39.5625,47.901,47.901,9,7254
KC3ZGF,KC3ZGF,True,True,both,B,FN10nw,6.0,40.9375,-76.875,N,40.9375,49.213,49.213,6,5552
KC3ZMO,KC3ZMO,True,True,both,B,FM28ep,6.0,38.6458,-75.625,N,38.6458,46.788,46.788,5,2983
KC3ZYT,KC3ZYT,True,True,both,A,FN00kp,6.0,40.6458,-79.125,N,40.6458,49.229,49.229,15,9417
KC4BC,KC4BC,True,True,both,B,EM63na,6.0,33.0208,-86.875,N,33.0208,42.467,42.467,3,2383
KC4GM,KC4GM,True,True,both,B,FM17tq,6.0,37.6875,-76.375,N,37.6875,45.981,45.981,6,2335
KC4GO,KC4GO,True,True,both,A,EL98ip,6.0,28.6458,-81.2917,N,28.6458,37.974,37.974,50,148160
KC4JZ,KC4JZ,True,True,both,B,FM19fc,6.0,39.1042,-77.5417,N,39.1042,47.53,47.53,3,870
KC4JZ/4,KC4JZ,True,True,both,A,FM18ds,6.0,38.7708,-77.7083,N,38.7708,47.23,47.23,13,10309
KC4LZV,KC4LZV,True,True,both,B,EM73,4.0,33.5,-85.0,N,33.5,42.865,42.865,4,708
KC4RCR,KC4RCR,True,True,both,B,FM09xe,6.0,39.1875,-78.0417,N,39.1875,47.68,47.68,4,307
KC4SR,KC4SR,True,True,both,B,EM83hv,6.0,33.8958,-83.375,N,33.8958,43.151,43.151,3,835
KC4TFX,KC4TFX,True,True,both,A,FM19ga,6.0,39.0208,-77.4583,N,39.0208,47.437,47.437,29,19412
KC4USV,KC4USV,True,True,both,A,RB32id,6.0,-77.8542,166.7083,S,77.8542,-79.856,79.856,123,9448
KC4WXB,KC4WXB,True,True,both,B,EM97,4.0,37.5,-81.0,N,37.5,46.404,46.404,6,583
KC4YAU,KC4YAU,True,True,both,B,EM62sl,6.0,32.4792,-86.4583,N,32.4792,41.938,41.938,3,16446
KC4YLV,KC4YLV,True,True,both,B,DM79lr,6.0,39.7292,-105.0417,N,39.7292,47.712,47.712,4,3993
KC4YRV,KC4YRV,True,True,both,A,EM73,4.0,33.5,-85.0,N,33.5,42.865,42.865,26,54775
KC4ZGQ,KC4ZGQ,True,True,both,A,EM66qf,6.0,36.2292,-86.625,N,36.2292,45.543,45.543,16,30307
KC5AV,KC5AV,True,True,both,B,EM22tm,6.0,32.5208,-94.375,N,32.5208,41.787,41.787,5,14791
KC5CQW,KC5CQW,True,True,both,A,EM34tu,6.0,34.8542,-92.375,N,34.8542,44.167,44.167,117,264256
KC5LCA,KC5LCA,True,True,both,B,EL29tt,6.0,29.8125,-94.375,N,29.8125,39.14,39.14,7,1775
KC5LNF,KC5LNF,True,True,both,B,EM12,4.0,32.5,-97.0,N,32.5,41.553,41.553,4,709
KC5LUF,KC5LUF,True,True,both,B,EM15wv,6.0,35.8958,-96.125,N,35.8958,44.95,44.95,8,6595
KC5MO,KC5MO,True,True,both,B,EM10bf,6.0,30.2292,-97.875,N,30.2292,39.232,39.232,378,2000759
KC5NK,KC5NK,True,True,both,B,EM13oq,6.0,33.6875,-96.7917,N,33.6875,42.736,42.736,3,1751
KC5PVK,KC5PVK,True,False,wsprnet_only,A,EB78,4.0,-71.5,-85.0,S,71.5,-57.53,57.53,13,29
KC5RCT,KC5RCT,True,True,both,A,EM34ok,6.0,34.4375,-92.7917,N,34.4375,43.744,43.744,11,5771
KC5RPF,KC5RPF,True,True,both,B,EM10,4.0,30.5,-97.0,N,30.5,39.588,39.588,8,69124
KC5VCW,KC5VCW,True,True,both,B,DM41,4.0,31.5,-111.0,N,31.5,38.627,38.627,9,2377
KC6HAI,KC6HAI,True,True,both,B,DM43co,6.0,33.6042,-111.7917,N,33.6042,40.591,40.591,380,224764
KC6NHJ,KC6NHJ,True,True,both,B,DM25,4.0,35.5,-115.0,N,35.5,41.917,41.917,15,3324
KC6WFU,KC6WFU,True,True,both,A,DM42oc,6.0,32.1042,-110.7917,N,32.1042,39.265,39.265,11,78824
KC6WOG,KC6WOG,True,True,both,B,DM04re,6.0,34.1875,-118.5417,N,34.1875,39.979,39.979,3,3326
KC7AVA,KC7AVA,True,True,both,A,CN97av,6.0,47.8958,-121.9583,N,47.8958,52.849,52.849,23,65188
KC7AX,KC7AX,True,True,both,B,DN55,4.0,45.5,-109.0,N,45.5,52.792,52.792,16,33509
KC7CM,KC7CM,True,True,both,A,CN87xs,6.0,47.7708,-122.0417,N,47.7708,52.71,52.71,19,46091
KC7DB,KC7DB,True,True,both,B,DM42ng,6.0,32.2708,-110.875,N,32.2708,39.417,39.417,13,45350
KC7GJT,KC7GJT,True,True,both,B,DN31xp,6.0,41.6458,-112.0417,N,41.6458,48.51,48.51,13,1666
KC7GVU,KC7GVU,True,True,both,B,CN88kb,6.0,48.0625,-123.125,N,48.0625,52.786,52.786,5,1289
KC7H,KC7H,True,True,both,A,DN08,4.0,48.5,-119.0,N,48.5,54.01,54.01,44,325628
KC7PBF,KC7PBF,True,True,both,A,CN85nn,6.0,45.5625,-122.875,N,45.5625,50.37,50.37,361,1215285
KC7PBG,KC7PBG,True,True,both,B,CN85,4.0,45.5,-123.0,N,45.5,50.284,50.284,5,3517
KC7TTT,KC7TTT,True,True,both,B,DM62,4.0,32.5,-107.0,N,32.5,40.272,40.272,7,1897
KC7WDL,KC7WDL,True,True,both,B,CN87tt,6.0,47.8125,-122.375,N,47.8125,52.686,52.686,9,1534
KC7WWS,KC7WWS,True,True,both,B,DN68,4.0,48.5,-107.0,N,48.5,56.018,56.018,4,1356
KC7X,KC7X,True,True,both,B,DM43ci,6.0,33.3542,-111.7917,N,33.3542,40.342,40.342,5,9029
KC7XE,KC7XE,True,True,both,B,DN40dj,6.0,40.3958,-111.7083,N,40.3958,47.333,47.333,5,1700
KC8ACO,KC8ACO,True,True,both,B,EN73,4.0,43.5,-85.0,N,43.5,52.469,52.469,4,4919
KC8ARO,KC8ARO,True,True,both,B,EN74xf,6.0,44.2292,-84.0417,N,44.2292,53.12,53.12,4,849
KC8BPF,KC8BPF,True,True,both,B,EN82gd,6.0,42.1458,-83.4583,N,42.1458,51.078,51.078,3,75
KC8BQP,KC8BQP,True,True,both,A,EN91bd,6.0,41.1458,-81.875,N,41.1458,49.994,49.994,11,29426
KC8DHX,KC8DHX,True,True,both,B,EL89tq,6.0,29.6875,-82.375,N,29.6875,39.059,39.059,3,2050
KC8FCE,KC8FCE,True,True,both,B,EN81,4.0,41.5,-83.0,N,41.5,50.424,50.424,75,498699
KC8OGK,KC8OGK,True,True,both,A,EM98,4.0,38.5,-81.0,N,38.5,47.365,47.365,10,2978
KC8PVB,KC8PVB,True,True,both,A,EM89,4.0,39.5,-83.0,N,39.5,48.5,48.5,186,2753
KC8QLS,KC8QLS,True,True,both,B,EN91,4.0,41.5,-81.0,N,41.5,50.256,50.256,11,5214
KC8SKY,KC8SKY,True,True,both,B,EN81xi,6.0,41.3542,-82.0417,N,41.3542,50.209,50.209,3,1433
KC8SWR,KC8SWR,True,True,both,B,EN82gi,6.0,42.3542,-83.4583,N,42.3542,51.278,51.278,5,404
KC8TAM,KC8TAM,True,True,both,B,EM99gd,6.0,39.1458,-81.4583,N,39.1458,48.031,48.031,5,2991
KC8TMV,KC8TMV,True,True,both,A,EM79tf,6.0,39.2292,-84.375,N,39.2292,48.329,48.329,11,62069
KC8TOW,KC8TOW,True,True,both,A,EN82,4.0,42.5,-83.0,N,42.5,51.387,51.387,19,17860
KC8WJD,KC8WJD,True,True,both,A,EN82ds,6.0,42.7708,-83.7083,N,42.7708,51.696,51.696,67,8120
KC9ANA,KC9ANA,True,True,both,B,CN87we,6.0,47.1875,-122.125,N,47.1875,52.118,52.118,51,261729
KC9CEZ,KC9CEZ,True,True,both,A,FM19,4.0,39.5,-77.0,N,39.5,47.835,47.835,62,150658
KC9EGP,KC9EGP,True,True,both,A,EN43,4.0,43.5,-91.0,N,43.5,52.557,52.557,173,230759
KC9EOP,KC9EOP,True,True,both,A,EN54sd,6.0,44.1458,-88.4583,N,44.1458,53.189,53.189,16,87118
KC9FPZ,KC9FPZ,True,True,both,B,EN61am,6.0,41.5208,-87.9583,N,41.5208,50.658,50.658,3,209
KC9FVF,KC9FVF,True,True,both,B,CN85qn,6.0,45.5625,-122.625,N,45.5625,50.419,50.419,4,993
KC9FVK,KC9FVK,True,True,both,B,EM58,4.0,38.5,-89.0,N,38.5,47.76,47.76,8,19741
KC9GEM,KC9GEM,True,True,both,B,EM69xx,6.0,39.9792,-86.0417,N,39.9792,49.128,49.128,9,3043
KC9NBV,KC9NBV,True,True,both,A,EM69oe,6.0,39.1875,-86.7917,N,39.1875,48.39,48.39,94,254279
KC9NNI,KC9NNI,True,True,both,B,EN61mq,6.0,41.6875,-86.9583,N,41.6875,50.799,50.799,5,972
KC9NWD,KC9NWD,True,True,both,A,EN50eq,6.0,40.6875,-89.625,N,40.6875,49.865,49.865,27,5680
KC9OAN,KC9OAN,True,True,both,A,EN51xw,6.0,41.9375,-88.0417,N,41.9375,51.06,51.06,42,13806
KC9OGB,KC9OGB,True,True,both,B,EN55ni,6.0,45.3542,-88.875,N,45.3542,54.353,54.353,5,1102
KC9PHK,KC9PHK,True,True,both,B,EM58,4.0,38.5,-89.0,N,38.5,47.76,47.76,3,186
KC9SGV,KC9SGV,True,True,both,B,EN51wt,6.0,41.8125,-88.125,N,41.8125,50.941,50.941,5,5169
KC9TQV,KC9TQV,True,True,both,B,EM48wv,6.0,38.8958,-90.125,N,38.8958,48.134,48.134,3,780
KC9USB,KC9USB,True,True,both,B,EN51,4.0,41.5,-89.0,N,41.5,50.647,50.647,3,1364
KC9USW,KC9USW,True,True,both,B,EN70ar,6.0,40.7292,-85.9583,N,40.7292,49.845,49.845,3,451
KC9WB,KC9WB,True,True,both,B,EN61cq,6.0,41.6875,-87.7917,N,41.6875,50.816,50.816,3,1944
KC9WGY,KC9WGY,True,True,both,B,EM58cq,6.0,38.6875,-89.7917,N,38.6875,47.937,47.937,6,1999
KC9XG,KC9XG,True,True,both,B,EN51xn,6.0,41.5625,-88.0417,N,41.5625,50.7,50.7,4,341
KC9YTT,KC9YTT,True,True,both,A,EN40xw,6.0,40.9375,-90.0417,N,40.9375,50.103,50.103,18,91945
KC9ZO,KC9ZO,True,True,both,A,EN51wr,6.0,41.7292,-88.125,N,41.7292,50.861,50.861,17,21260
KC9ZOM,KC9ZOM,True,True,both,A,EN52xa,6.0,42.0208,-88.0417,N,42.0208,51.141,51.141,85,91102
KC9ZUN,KC9ZUN,True,True,both,B,EN52va,6.0,42.0208,-88.2083,N,42.0208,51.143,51.143,6,1725
KD0B,KD0B,True,True,both,B,EN34,4.0,44.5,-93.0,N,44.5,53.465,53.465,5,1827
KD0BHK,KD0BHK,True,True,both,A,EN20fu,6.0,40.8542,-95.5417,N,40.8542,49.812,49.812,15,59315
KD0BTO,KD0BTO,True,True,both,B,DM43dk,6.0,33.4375,-111.7083,N,33.4375,40.439,40.439,5,5905
KD0EAG,KD0EAG,True,True,both,A,EM38uw,6.0,38.9375,-92.2917,N,38.9375,48.123,48.123,126,2902355
KD0ETL,KD0ETL,True,True,both,B,EM38it,6.0,38.8125,-93.2917,N,38.8125,47.961,47.961,3,933
KD0H,KD0H,True,True,both,B,DN60nl,6.0,40.4792,-106.875,N,40.4792,48.186,48.186,3,2026
KD0IRF,KD0IRF,True,True,both,B,EN34,4.0,44.5,-93.0,N,44.5,53.465,53.465,27,54920
KD0J,KD0J,True,True,both,A,DN40br,6.0,40.7292,-111.875,N,40.7292,47.634,47.634,38,82961
KD0KYA,KD0KYA,True,True,both,B,DM68bh,6.0,38.3125,-107.875,N,38.3125,45.899,45.899,3,18935
KD0LKI,KD0LKI,True,True,both,A,EM48qn,6.0,38.5625,-90.625,N,38.5625,47.806,47.806,50,69453
KD0MKE,KD0MKE,True,True,both,B,EN30ii,6.0,40.3542,-93.2917,N,40.3542,49.452,49.452,3,10699
KD0MMF,KD0MMF,True,True,both,B,FM18jv,6.0,38.8958,-77.2083,N,38.8958,47.28,47.28,4,10184
KD0MVQ,KD0MVQ,True,True,both,B,EM28px,6.0,38.9792,-94.7083,N,38.9792,48.047,48.047,7,67168
KD0MXN,KD0MXN,True,True,both,B,FM06,4.0,36.5,-79.0,N,36.5,45.214,45.214,4,1036
KD0NMD,KD0NMD,True,True,both,B,EN21ad,6.0,41.1458,-95.9583,N,41.1458,50.067,50.067,9,10959
KD0QMF,KD0QMF,True,True,both,B,EN35mf,6.0,45.2292,-92.9583,N,45.2292,54.169,54.169,5,4887
KD0QPC,KD0QPC,True,True,both,A,EM38un,6.0,38.5625,-92.2917,N,38.5625,47.76,47.76,16,85474
KD0RG,KD0RG,True,True,both,B,EM17iq,6.0,37.6875,-97.2917,N,37.6875,46.601,46.601,3,13399
KD0SB,KD0SB,True,True,both,B,EM38,4.0,38.5,-93.0,N,38.5,47.672,47.672,5,1198
KD0UVD,KD0UVD,True,True,both,B,EM17,4.0,37.5,-97.0,N,37.5,46.443,46.443,5,88899
KD0WGB,KD0WGB,True,True,both,B,EN42eo,6.0,42.6042,-91.625,N,42.6042,51.681,51.681,41,18998
KD0YTE,KD0YTE,True,True,both,B,EN30qf,6.0,40.2292,-92.625,N,40.2292,49.359,49.359,4,1113
KD0ZNQ,KD0ZNQ,True,True,both,B,EN25vo,6.0,45.6042,-94.2083,N,45.6042,54.477,54.477,3,70
KD1EH,KD1EH,True,True,both,A,EL96,4.0,26.5,-81.0,N,26.5,35.91,35.91,18,620
KD1IK,KD1IK,True,True,both,A,FN42jk,6.0,42.4375,-71.2083,N,42.4375,49.701,49.701,78,460735
KD1RT,KD1RT,True,True,both,B,FN32oe,6.0,42.1875,-72.7917,N,42.1875,49.759,49.759,20,34816
KD1T,KD1T,True,True,both,B,CN87vp,6.0,47.6458,-122.2083,N,47.6458,52.554,52.554,28,119759
KD1XI,KD1XI,True,True,both,A,FN31vl,6.0,41.4792,-72.2083,N,41.4792,48.947,48.947,58,244139
KD2ABL,KD2ABL,True,True,both,B,FN32dp,6.0,42.6458,-73.7083,N,42.6458,50.376,50.376,7,1624
KD2AMZ,KD2AMZ,True,True,both,B,FN30eu,6.0,40.8542,-73.625,N,40.8542,48.598,48.598,5,14124
KD2BVO,KD2BVO,True,True,both,A,FN20ot,6.0,40.8125,-74.7917,N,40.8125,48.762,48.762,16,5728
KD2CLR,KD2CLR,True,True,both,A,FN13gb,6.0,43.0625,-77.4583,N,43.0625,51.362,51.362,395,1632317
KD2EIB,KD2EIB,True,True,both,A,FM29,4.0,39.5,-75.0,N,39.5,47.515,47.515,60,1294714
KD2EIP,KD2EIP,True,True,both,B,FN44gv,6.0,44.8958,-71.4583,N,44.8958,52.2,52.2,7,17036
KD2FFR,KD2FFR,True,True,both,A,FM29wx,6.0,39.9792,-74.125,N,39.9792,47.829,47.829,34,63242
KD2GEJ,KD2GEJ,True,True,both,B,FN12,4.0,42.5,-77.0,N,42.5,50.752,50.752,3,675
KD2IT,KD2IT,True,True,both,A,FN31,4.0,41.5,-73.0,N,41.5,49.119,49.119,12,7722
KD2JLB,KD2JLB,True,True,both,B,FN13dc,6.0,43.1042,-77.7083,N,43.1042,51.436,51.436,8,289
KD2KEH,KD2KEH,True,True,both,B,FN02,4.0,42.5,-79.0,N,42.5,51.009,51.009,3,1659
KD2KUB,KD2KUB,True,True,both,A,FN13ub,6.0,43.0625,-76.2917,N,43.0625,51.199,51.199,12,6354
KD2LQA,KD2LQA,True,True,both,B,EM94,4.0,34.5,-81.0,N,34.5,43.526,43.526,5,2256
KD2NRJ,KD2NRJ,True,True,both,A,FM29,4.0,39.5,-75.0,N,39.5,47.515,47.515,34,11051
KD2NZS,KD2NZS,True,True,both,A,FM19,4.0,39.5,-77.0,N,39.5,47.835,47.835,43,33962
KD2PYK,KD2PYK,True,True,both,B,FN32bw,6.0,42.9375,-73.875,N,42.9375,50.693,50.693,7,406
KD2PZO,KD2PZO,True,True,both,B,FM29kt,6.0,39.8125,-75.125,N,39.8125,47.841,47.841,3,1077
KD2QQH,KD2QQH,True,True,both,B,FN20,4.0,40.5,-75.0,N,40.5,48.492,48.492,4,3312
KD2SGY,KD2SGY,True,True,both,B,FN02ox,6.0,42.9792,-78.7917,N,42.9792,51.449,51.449,11,14158
KD2SSS,KD2SSS,True,True,both,A,FN21sk,6.0,41.4375,-74.4583,N,41.4375,49.318,49.318,377,2430856
KD2SZW,KD2SZW,True,True,both,B,FN30at,6.0,40.8125,-73.9583,N,40.8125,48.617,48.617,8,165
KD2TYH,KD2TYH,True,True,both,A,FN13,4.0,43.5,-77.0,N,43.5,51.727,51.727,42,127947
KD2UBU,KD2UBU,True,True,both,B,FN32cm,6.0,42.5208,-73.7917,N,42.5208,50.268,50.268,3,410
KD2UBX,KD2UBX,True,True,both,A,FN23qc,6.0,43.1042,-74.625,N,43.1042,50.982,50.982,395,1292359
KD2VDN,KD2VDN,True,True,both,A,FN13ge,6.0,43.1875,-77.4583,N,43.1875,51.484,51.484,118,204791
KD2VRS,KD2VRS,True,True,both,B,FN02,4.0,42.5,-79.0,N,42.5,51.009,51.009,3,1175
KD2WKT,KD2WKT,True,True,both,B,FN42hg,6.0,42.2708,-71.375,N,42.2708,49.568,49.568,3,219
KD2YAR,KD2YAR,True,True,both,B,FN20ns,6.0,40.7708,-74.875,N,40.7708,48.736,48.736,5,66728
KD2YGN,KD2YGN,True,True,both,A,FN02wr,6.0,42.7292,-78.125,N,42.7292,51.125,51.125,66,2671
KD2YKY,KD2YKY,True,True,both,A,FN20,4.0,40.5,-75.0,N,40.5,48.492,48.492,375,78563
KD2YVB,KD2YVB,True,True,both,B,EM80mb,6.0,30.0625,-82.9583,N,30.0625,39.46,39.46,3,222
KD3AAC,KD3AAC,True,True,both,B,FN20ic,6.0,40.1042,-75.2917,N,40.1042,48.154,48.154,3,557
KD3AHJ,KD3AHJ,True,True,both,B,FN11rj,6.0,41.3958,-76.5417,N,41.3958,49.61,49.61,4,701
KD3ANA,KD3ANA,True,True,both,B,FN00fv,6.0,40.8958,-79.5417,N,40.8958,49.519,49.519,5,471
KD3ANN,KD3ANN,True,True,both,A,FM29bp,6.0,39.6458,-75.875,N,39.6458,47.803,47.803,81,427138
KD3AWH,KD3AWH,True,True,both,A,FM19mn,6.0,39.5625,-76.9583,N,39.5625,47.889,47.889,14,25119
KD3BBQ,KD3BBQ,True,True,both,B,FM19pb,6.0,39.0625,-76.7083,N,39.0625,47.366,47.366,6,1088
KD3BCD,KD3BCD,True,True,both,B,FM19wn,6.0,39.5625,-76.125,N,39.5625,47.761,47.761,16,7159
KD3BEV,KD3BEV,True,True,both,B,FN20,4.0,40.5,-75.0,N,40.5,48.492,48.492,5,7082
KD3BEZ,KD3BEZ,True,True,both,B,FM29dk,6.0,39.4375,-75.7083,N,39.4375,47.573,47.573,8,1246
KD3BFP,KD3BFP,True,True,both,B,FM19do,6.0,39.6042,-77.7083,N,39.6042,48.037,48.037,29,23689
KD3BID,KD3BID,True,True,both,B,EL59ax,6.0,29.9792,-89.9583,N,29.9792,39.528,39.528,4,1067
KD3BIS,KD3BIS,True,True,both,A,FM29ix,6.0,39.9792,-75.2917,N,39.9792,48.032,48.032,21,19430
KD3BMS,KD3BMS,True,True,both,A,FM19,4.0,39.5,-77.0,N,39.5,47.835,47.835,11,618
KD3BOG,KD3BOG,True,True,both,B,FM19nd,6.0,39.1458,-76.875,N,39.1458,47.472,47.472,8,2334
KD3CCO,KD3CCO,True,True,both,A,FN10cs,6.0,40.7708,-77.7917,N,40.7708,49.18,49.18,10,12503
KD3CCP,KD3CCP,True,True,both,A,FN10bs,6.0,40.7708,-77.875,N,40.7708,49.191,49.191,10,4220
KD3CFW,KD3CFW,True,True,both,A,FM19qh,6.0,39.3125,-76.625,N,39.3125,47.596,47.596,26,4192
KD3EZ,KD3EZ,True,True,both,B,FM04wg,6.0,34.2708,-78.125,N,34.2708,42.955,42.955,3,1537
KD3U,KD3U,True,True,both,B,FN10ml,6.0,40.4792,-76.9583,N,40.4792,48.779,48.779,3,1800
KD4ADC,KD4ADC,True,True,both,A,EM74dk,6.0,34.4375,-85.7083,N,34.4375,43.793,43.793,208,1315113
KD4B,KD4B,True,True,both,B,FM06,4.0,36.5,-79.0,N,36.5,45.214,45.214,3,3104
KD4BMG,KD4BMG,True,True,both,A,EL88,4.0,28.5,-83.0,N,28.5,37.974,37.974,34,123380
KD4CMA,KD4CMA,True,True,both,B,FM05vt,6.0,35.8125,-78.2083,N,35.8125,44.447,44.447,3,448
KD4EHM,KD4EHM,True,True,both,B,EL88ql,6.0,28.4792,-82.625,N,28.4792,37.928,37.928,17,7398
KD4JG,KD4JG,True,True,both,B,EL98,4.0,28.5,-81.0,N,28.5,37.807,37.807,9,9311
KD4JJT,KD4JJT,True,True,both,B,FM17ta,6.0,37.0208,-76.375,N,37.0208,45.335,45.335,3,2659
KD4JRX,KD4JRX,True,True,both,A,FM14ao,6.0,34.6042,-77.9583,N,34.6042,43.25,43.25,10,17237
KD4JWF,KD4JWF,True,True,both,B,FM06rh,6.0,36.3125,-78.5417,N,36.3125,44.974,44.974,3,3007
KD4MM,KD4MM,True,True,both,A,FM18js,6.0,38.7708,-77.2083,N,38.7708,47.158,47.158,45,249038
KD4NFS,KD4NFS,True,True,both,B,EL96bq,6.0,26.6875,-81.875,N,26.6875,36.166,36.166,4,12343
KD4QKH,KD4QKH,True,True,both,B,EM85,4.0,35.5,-83.0,N,35.5,44.66,44.66,4,6788
KD4REE,KD4REE,True,True,both,A,FM18jt,6.0,38.8125,-77.2083,N,38.8125,47.199,47.199,157,258440
KD4RLD,KD4RLD,True,True,both,B,FM05bi,6.0,35.3542,-79.875,N,35.3542,44.221,44.221,46,284447
KD4TS,KD4TS,True,True,both,B,EM86bu,6.0,36.8542,-83.875,N,36.8542,46.019,46.019,4,3449
KD4TZW,KD4TZW,True,True,both,B,EM74tb,6.0,34.0625,-84.375,N,34.0625,43.372,43.372,5,10786
KD4UFD,KD4UFD,True,True,both,A,EM76xa,6.0,36.0208,-84.0417,N,36.0208,45.23,45.23,12,41941
KD4VA,KD4VA,True,True,both,B,FM18eu,6.0,38.8542,-77.625,N,38.8542,47.299,47.299,4,1000
KD4VV,KD4VV,True,True,both,B,EM74,4.0,34.5,-85.0,N,34.5,43.823,43.823,3,150
KD4WKL,KD4WKL,True,False,wsprnet_only,B,FN42,4.0,42.5,-71.0,N,42.5,49.721,49.721,6,13
KD4YLQ,KD4YLQ,True,True,both,B,FM05kv,6.0,35.8958,-79.125,N,35.8958,44.649,44.649,6,1831
KD4YTW,KD4YTW,True,True,both,B,EM96tc,6.0,36.1042,-80.375,N,36.1042,44.998,44.998,3,1004
KD5CVP,KD5CVP,True,True,both,B,EL09tk,6.0,29.4375,-98.375,N,29.4375,38.396,38.396,5,1422
KD5DFL,KD5DFL,True,True,both,B,EM31tj,6.0,31.3958,-92.375,N,31.3958,40.81,40.81,82,92873
KD5EF,KD5EF,True,True,both,B,EM15fp,6.0,35.6458,-97.5417,N,35.6458,44.585,44.585,5,1044
KD5IRL,KD5IRL,True,True,both,B,EM13og,6.0,33.2708,-96.7917,N,33.2708,42.328,42.328,4,11388
KD5JVI,KD5JVI,True,True,both,B,EL09nn,6.0,29.5625,-98.875,N,29.5625,38.463,38.463,9,9828
KD5LBK,KD5LBK,True,True,both,A,EM13la,6.0,33.0208,-97.0417,N,33.0208,42.06,42.06,378,2001197
KD5NSK,KD5NSK,True,True,both,B,EM34fm,6.0,34.5208,-93.5417,N,34.5208,43.786,43.786,6,5210
KD5RFC,KD5RFC,True,True,both,B,EM11,4.0,31.5,-97.0,N,31.5,40.571,40.571,8,59
KD5SMK,KD5SMK,True,True,both,B,DM91sk,6.0,31.4375,-100.4583,N,31.4375,40.132,40.132,6,7785
KD5UVV,KD5UVV,True,True,both,A,EM50,4.0,30.5,-89.0,N,30.5,40.049,40.049,17,176821
KD5UWW,KD5UWW,True,True,both,A,EM10,4.0,30.5,-97.0,N,30.5,39.588,39.588,43,6866
KD5W,KD5W,True,True,both,B,EM93kw,6.0,33.9375,-81.125,N,33.9375,43.001,43.001,9,10610
KD5XB,KD5XB,True,True,both,B,DM84jk,6.0,34.4375,-103.2083,N,34.4375,42.747,42.747,30,84646
KD5YOU,KD5YOU,True,True,both,B,EL29dp,6.0,29.6458,-95.7083,N,29.6458,38.868,38.868,4,46
KD5ZYV,KD5ZYV,True,True,both,B,EM10,4.0,30.5,-97.0,N,30.5,39.588,39.588,4,1114
KD6CJI,KD6CJI,True,True,both,B,CM98hl,6.0,38.4792,-121.375,N,38.4792,43.687,43.687,5,940
KD6EKQ,KD6EKQ,True,True,both,A,DM12ju,6.0,32.8542,-117.2083,N,32.8542,38.897,38.897,395,1585761
KD6FOZ,KD6FOZ,True,True,both,A,CM95nh,6.0,35.3125,-120.875,N,35.3125,40.661,40.661,316,137993
KD6GVK,KD6GVK,True,True,both,A,DM13,4.0,33.5,-117.0,N,33.5,39.576,39.576,10,49883
KD6JWK,KD6JWK,True,True,both,B,DM04wc,6.0,34.1042,-118.125,N,34.1042,39.972,39.972,136,18234
KD6NU,KD6NU,True,True,both,B,CN70xt,6.0,40.8125,-124.0417,N,40.8125,45.468,45.468,4,1867
KD6RC,KD6RC,True,True,both,A,CM88ql,6.0,38.4792,-122.625,N,38.4792,43.449,43.449,339,2098069
KD6RF,KD6RF,True,True,both,A,EM22lr,6.0,32.7292,-95.0417,N,32.7292,41.942,41.942,20,45691
KD6UYK,KD6UYK,True,True,both,B,DM13,4.0,33.5,-117.0,N,33.5,39.576,39.576,35,5514
KD6VKF,KD6VKF,True,True,both,B,DM13ma,6.0,33.0208,-116.9583,N,33.0208,39.108,39.108,5,10553
KD7AKE,KD7AKE,True,True,both,B,DM47an,6.0,37.5625,-111.9583,N,37.5625,44.491,44.491,3,90
KD7BMX,KD7BMX,True,True,both,B,EM63po,6.0,33.6042,-86.7083,N,33.6042,43.024,43.024,17,68683
KD7DUG,KD7DUG,True,True,both,B,DM13,4.0,33.5,-117.0,N,33.5,39.576,39.576,7,2706
KD7ES,KD7ES,True,True,both,B,CN84lw,6.0,44.9375,-123.0417,N,44.9375,49.722,49.722,3,327
KD7GSW,KD7GSW,True,True,both,B,EN11xe,6.0,41.1875,-96.0417,N,41.1875,50.101,50.101,3,11394
KD7JFK,KD7JFK,True,True,both,B,EM29oi,6.0,39.3542,-94.7917,N,39.3542,48.405,48.405,4,14378
KD7JL,KD7JL,True,True,both,A,DN13,4.0,43.5,-117.0,N,43.5,49.457,49.457,227,859970
KD7JR,KD7JR,True,True,both,B,DM33xo,6.0,33.6042,-112.0417,N,33.6042,40.549,40.549,68,28038
KD7NEB,KD7NEB,True,True,both,B,DM64qx,6.0,34.9792,-106.625,N,34.9792,42.793,42.793,133,152543
KD7RR,KD7RR,True,True,both,A,DN40,4.0,40.5,-111.0,N,40.5,47.555,47.555,10,4949
KD7SCT,KD7SCT,True,True,both,A,FM19gb,6.0,39.0625,-77.4583,N,39.0625,47.477,47.477,25,21917
KD7TAG,KD7TAG,True,True,both,B,DM26,4.0,36.5,-115.0,N,36.5,42.908,42.908,4,55
KD7UHR,KD7UHR,True,True,both,A,EM58bq,6.0,38.6875,-89.875,N,38.6875,47.936,47.936,24,97246
KD7WZV,KD7WZV,True,True,both,A,CN85qn,6.0,45.5625,-122.625,N,45.5625,50.419,50.419,76,55296
KD7YUF,KD7YUF,True,True,both,A,EM69tt,6.0,39.8125,-86.375,N,39.8125,48.979,48.979,22,74895
KD7YUR,KD7YUR,True,True,both,B,DM65rd,6.0,35.1458,-106.5417,N,35.1458,42.971,42.971,3,691
KD7ZC,KD7ZC,True,True,both,A,EM20jb,6.0,30.0625,-95.2083,N,30.0625,39.319,39.319,72,24398
KD7ZYN,KD7ZYN,True,True,both,B,CN86,4.0,46.5,-123.0,N,46.5,51.27,51.27,3,837
KD8ABX,KD8ABX,True,True,both,A,EN82,4.0,42.5,-83.0,N,42.5,51.387,51.387,116,26125
KD8ATF,KD8ATF,True,True,both,B,FM09om,6.0,39.5208,-78.7917,N,39.5208,48.1,48.1,5,3361
KD8CCX,KD8CCX,True,True,both,B,EN83oi,6.0,43.3542,-82.7917,N,43.3542,52.195,52.195,8,2036
KD8CCZ,KD8CCZ,True,True,both,A,EN91af,6.0,41.2292,-81.9583,N,41.2292,50.082,50.082,22,218675
KD8DAR,KD8DAR,True,True,both,B,FM09al,6.0,39.4792,-79.9583,N,39.4792,48.198,48.198,8,14071
KD8DLX,KD8DLX,True,True,both,B,EM99kl,6.0,39.4792,-81.125,N,39.4792,48.32,48.32,5,18915
KD8HP,KD8HP,True,True,both,A,EN80qr,6.0,40.7292,-82.625,N,40.7292,49.654,49.654,36,12104
KD8HSK,KD8HSK,True,True,both,B,EN82gk,6.0,42.4375,-83.4583,N,42.4375,51.359,51.359,5,2278
KD8JDR,KD8JDR,True,True,both,B,EN71xn,6.0,41.5625,-84.0417,N,41.5625,50.553,50.553,8,1796
KD8JJF,KD8JJF,True,True,both,A,EN91,4.0,41.5,-81.0,N,41.5,50.256,50.256,19,136020
KD8RGW,KD8RGW,True,True,both,B,EN80nc,6.0,40.1042,-82.875,N,40.1042,49.072,49.072,6,3909
KD8TAA,KD8TAA,True,True,both,A,EN72bv,6.0,42.8958,-85.875,N,42.8958,51.926,51.926,21,1512
KD8VAX,KD8VAX,True,True,both,B,EN82ln,6.0,42.5625,-83.0417,N,42.5625,51.45,51.45,128,909147
KD8VOO,KD8VOO,True,True,both,A,EM79vv,6.0,39.8958,-84.2083,N,39.8958,48.96,48.96,61,29597
KD8VRQ,KD8VRQ,True,True,both,B,EM78sa,6.0,38.0208,-84.4583,N,38.0208,47.173,47.173,7,732
KD8WBZ,KD8WBZ,True,True,both,B,EN81dn,6.0,41.5625,-83.7083,N,41.5625,50.533,50.533,20,187357
KD8WHQ,KD8WHQ,True,True,both,B,EN80,4.0,40.5,-83.0,N,40.5,49.462,49.462,21,7930
KD8WNZ,KD8WNZ,True,True,both,B,EM96,4.0,36.5,-81.0,N,36.5,45.443,45.443,3,314
KD8WWZ,KD8WWZ,True,True,both,B,EN72ik,6.0,42.4375,-85.2917,N,42.4375,51.461,51.461,5,922
KD8ZLQ,KD8ZLQ,True,True,both,B,EM79st,6.0,39.8125,-84.4583,N,39.8125,48.895,48.895,3,320
KD8ZQZ,KD8ZQZ,True,True,both,B,EN82ak,6.0,42.4375,-83.9583,N,42.4375,51.39,51.39,6,2406
KD8ZVI,KD8ZVI,True,True,both,B,EN81wf,6.0,41.2292,-82.125,N,41.2292,50.096,50.096,21,2491
KD8ZWI,KD8ZWI,True,True,both,A,EN80,4.0,40.5,-83.0,N,40.5,49.462,49.462,60,101968
KD9ARR,KD9ARR,True,True,both,B,EN52xf,6.0,42.2292,-88.0417,N,42.2292,51.341,51.341,5,957
KD9CCE,KD9CCE,True,True,both,A,EN55,4.0,45.5,-89.0,N,45.5,54.494,54.494,342,442810
KD9DXF,KD9DXF,True,True,both,B,EM58fn,6.0,38.5625,-89.5417,N,38.5625,47.818,47.818,4,975
KD9DXT,KD9DXT,True,True,both,B,EM69nl,6.0,39.4792,-86.875,N,39.4792,48.673,48.673,5,369
KD9EBS,KD9EBS,True,True,both,B,EN62ad,6.0,42.1458,-87.9583,N,42.1458,51.26,51.26,5,398
KD9EIB,KD9EIB,True,True,both,B,EM78,4.0,38.5,-85.0,N,38.5,47.662,47.662,4,1761
KD9EOT,KD9EOT,True,True,both,B,EN52wi,6.0,42.3542,-88.125,N,42.3542,51.462,51.462,3,757
KD9FIK,KD9FIK,True,True,both,B,EN71nf,6.0,41.2292,-84.875,N,41.2292,50.279,50.279,5,1484
KD9GJC,KD9GJC,True,True,both,B,EM79ax,6.0,39.9792,-85.9583,N,39.9792,49.125,49.125,4,1049
KD9IDW,KD9IDW,True,True,both,A,EN51uv,6.0,41.8958,-88.2917,N,41.8958,51.023,51.023,12,133823
KD9ISM,KD9ISM,True,True,both,B,EM56pt,6.0,36.8125,-88.7083,N,36.8125,46.134,46.134,9,6105
KD9IXN,KD9IXN,True,True,both,B,EN61bw,6.0,41.9375,-87.875,N,41.9375,51.058,51.058,16,1345
KD9KYA,KD9KYA,True,True,both,B,EN60so,6.0,40.6042,-86.4583,N,40.6042,49.743,49.743,4,365
KD9LAI,KD9LAI,True,True,both,B,EN62aa,6.0,42.0208,-87.9583,N,42.0208,51.139,51.139,6,389
KD9LVR,KD9LVR,True,True,both,B,EN53rr,6.0,43.7292,-88.5417,N,43.7292,52.789,52.789,6,2300
KD9MAP,KD9MAP,True,True,both,B,EN52lf,6.0,42.2292,-89.0417,N,42.2292,51.349,51.349,3,12311
KD9MSN,KD9MSN,True,True,both,B,EN62db,6.0,42.0625,-87.7083,N,42.0625,51.175,51.175,4,14673
KD9OFG,KD9OFG,True,True,both,B,EN44vm,6.0,44.5208,-90.2083,N,44.5208,53.55,53.55,9,8215
KD9PRC,KD9PRC,True,True,both,A,EN46,4.0,46.5,-91.0,N,46.5,55.442,55.442,13,26095
KD9QGP,KD9QGP,True,True,both,B,EN61gn,6.0,41.5625,-87.4583,N,41.5625,50.69,50.69,4,1135
KD9QHQ,KD9QHQ,True,True,both,B,EN54tf,6.0,44.2292,-88.375,N,44.2292,53.268,53.268,3,17420
KD9ROR,KD9ROR,True,True,both,B,EN53,4.0,43.5,-89.0,N,43.5,52.571,52.571,8,3988
KD9TPX,KD9TPX,True,True,both,B,EN61lk,6.0,41.4375,-87.0417,N,41.4375,50.56,50.56,4,1957
KD9TSE,KD9TSE,True,True,both,B,EN23ln,6.0,43.5625,-95.0417,N,43.5625,52.463,52.463,4,10180
KD9UYC,KD9UYC,True,True,both,B,EM79,4.0,39.5,-85.0,N,39.5,48.623,48.623,3,2844
KD9VAN,KD9VAN,True,True,both,B,EN50fo,6.0,40.6042,-89.5417,N,40.6042,49.785,49.785,5,418
KD9VBP,KD9VBP,True,True,both,A,EN52,4.0,42.5,-89.0,N,42.5,51.61,51.61,26,164812
KD9VDN,KD9VDN,True,True,both,B,EN52,4.0,42.5,-89.0,N,42.5,51.61,51.61,4,92
KD9VYQ,KD9VYQ,True,True,both,B,EN52,4.0,42.5,-89.0,N,42.5,51.61,51.61,4,391
KD9WJA,KD9WJA,True,True,both,A,EN52,4.0,42.5,-89.0,N,42.5,51.61,51.61,12,307
KD9WXO,KD9WXO,True,True,both,B,EM79nv,6.0,39.8958,-84.875,N,39.8958,48.997,48.997,4,800
KD9WZZ,KD9WZZ,True,True,both,B,EN71bf,6.0,41.2292,-85.875,N,41.2292,50.323,50.323,13,3684
KD9XB,KD9XB,True,True,both,B,FM18kv,6.0,38.8958,-77.125,N,38.8958,47.267,47.267,4,2439
KD9YKI,KD9YKI,True,True,both,B,EM69xs,6.0,39.7708,-86.0417,N,39.7708,48.927,48.927,4,2898
KD9YMA,KD9YMA,True,True,both,B,EM59lt,6.0,39.8125,-89.0417,N,39.8125,49.023,49.023,5,1725
KD9YWG,KD9YWG,True,True,both,B,EN54qb,6.0,44.0625,-88.625,N,44.0625,53.11,53.11,11,9038
KD9YWH,KD9YWH,True,True,both,B,EN71ar,6.0,41.7292,-85.9583,N,41.7292,50.807,50.807,4,489
KD9ZCL,KD9ZCL,True,True,both,A,EN34px,6.0,44.9792,-92.7083,N,44.9792,53.937,53.937,12,7345
KD9ZHF,KD9ZHF,True,True,both,B,EN62ea,6.0,42.0208,-87.625,N,42.0208,51.134,51.134,11,8743
KD9ZMO,KD9ZMO,True,True,both,B,EN53ga,6.0,43.0208,-89.4583,N,43.0208,52.111,52.111,4,2709
KD9ZRI,KD9ZRI,True,True,both,B,EM79aw,6.0,39.9375,-85.9583,N,39.9375,49.084,49.084,5,698
KE0ABA,KE0ABA,True,True,both,B,EM90hf,6.0,30.2292,-81.375,N,30.2292,39.487,39.487,7,6259
KE0BZE,KE0BZE,True,True,both,A,DM79ln,6.0,39.5625,-105.0417,N,39.5625,47.548,47.548,17,5126
KE0CP,KE0CP,True,True,both,A,DN70nm,6.0,40.5208,-104.875,N,40.5208,48.513,48.513,12,16515
KE0DC,KE0DC,True,True,both,A,DM79oq,6.0,39.6875,-104.7917,N,39.6875,47.706,47.706,10,15293
KE0DDV,KE0DDV,True,True,both,B,CN85mh,6.0,45.3125,-122.9583,N,45.3125,50.108,50.108,4,307
KE0FDX,KE0FDX,True,True,both,B,DN26wv,6.0,46.8958,-114.125,N,46.8958,53.316,53.316,3,141
KE0JPG,KE0JPG,True,True,both,B,EN13pk,6.0,43.4375,-96.7083,N,43.4375,52.233,52.233,3,650
KE0KEP,KE0KEP,True,True,both,B,DM78qf,6.0,38.2292,-104.625,N,38.2292,46.294,46.294,8,7987
KE0N,KE0N,True,True,both,A,EN34gu,6.0,44.8542,-93.4583,N,44.8542,53.788,53.788,22,13191
KE0OFI,KE0OFI,True,True,both,B,EM07,4.0,37.5,-99.0,N,37.5,46.258,46.258,3,276
KE0OG,KE0OG,True,True,both,A,DM68,4.0,38.5,-107.0,N,38.5,46.218,46.218,91,1777293
KE0OSV,KE0OSV,True,True,both,A,EM17hq,6.0,37.6875,-97.375,N,37.6875,46.594,46.594,337,92835
KE0SAW,KE0SAW,True,True,both,B,EN41rm,6.0,41.5208,-90.5417,N,41.5208,50.659,50.659,9,9222
KE0SIS,KE0SIS,True,True,both,B,EM98le,6.0,38.1875,-81.0417,N,38.1875,47.069,47.069,5,458
KE0UQU,KE0UQU,True,True,both,B,EN43fx,6.0,43.9792,-91.5417,N,43.9792,53.007,53.007,9,3072
KE0UVP,KE0UVP,True,True,both,A,DN71eh,6.0,41.3125,-105.625,N,41.3125,49.185,49.185,13,16835
KE0VC,KE0VC,True,True,both,A,EN31gq,6.0,41.6875,-93.4583,N,41.6875,50.733,50.733,13,5198
KE0VFC,KE0VFC,True,True,both,B,DN70,4.0,40.5,-105.0,N,40.5,48.475,48.475,4,3296
KE0WW,KE0WW,True,True,both,B,EN34,4.0,44.5,-93.0,N,44.5,53.465,53.465,8,3129
KE0WXN,KE0WXN,True,True,both,A,EN34gv,6.0,44.8958,-93.4583,N,44.8958,53.828,53.828,368,454762
KE0YJJ,KE0YJJ,True,True,both,A,EN34pf,6.0,44.2292,-92.7083,N,44.2292,53.214,53.214,14,6958
KE0ZBB,KE0ZBB,True,True,both,B,EN31,4.0,41.5,-93.0,N,41.5,50.571,50.571,8,13495
KE1KAB,KE1KAB,True,True,both,A,FN33up,6.0,43.6458,-72.2917,N,43.6458,51.111,51.111,82,25042
KE1KI,KE1KI,True,True,both,B,FN42,4.0,42.5,-71.0,N,42.5,49.721,49.721,3,5955
KE1MU,KE1MU,True,True,both,A,FN54fk,6.0,44.4375,-69.5417,N,44.4375,51.366,51.366,348,431996
KE2ABA,KE2ABA,True,True,both,B,FN30ht,6.0,40.8125,-73.375,N,40.8125,48.511,48.511,8,56474
KE2AFE,KE2AFE,True,True,both,A,FN23va,6.0,43.0208,-74.2083,N,43.0208,50.831,50.831,258,924291
KE2AIO,KE2AIO,True,True,both,B,FN02or,6.0,42.7292,-78.7917,N,42.7292,51.207,51.207,15,7020
KE2AMZ,KE2AMZ,True,True,both,B,FN22rn,6.0,42.5625,-74.5417,N,42.5625,50.437,50.437,8,6846
KE2ANN,KE2ANN,True,True,both,B,FN31co,6.0,41.6042,-73.7917,N,41.6042,49.366,49.366,5,501
KE2AQZ,KE2AQZ,True,True,both,A,FM29,4.0,39.5,-75.0,N,39.5,47.515,47.515,12,60774
KE2COB,KE2COB,True,True,both,A,FN13,4.0,43.5,-77.0,N,43.5,51.727,51.727,10,858
KE2DNZ,KE2DNZ,True,True,both,B,FN13,4.0,43.5,-77.0,N,43.5,51.727,51.727,38,536970
KE2DRJ,KE2DRJ,True,True,both,A,FM29,4.0,39.5,-75.0,N,39.5,47.515,47.515,56,76382
KE2DST,KE2DST,True,True,both,A,FM29,4.0,39.5,-75.0,N,39.5,47.515,47.515,60,31021
KE2DTY,KE2DTY,True,True,both,B,FN31cf,6.0,41.2292,-73.7917,N,41.2292,48.997,48.997,3,34411
KE2DUR,KE2DUR,True,True,both,B,FN32fq,6.0,42.6875,-73.5417,N,42.6875,50.388,50.388,16,13405
KE2DVI,KE2DVI,True,True,both,B,FN30,4.0,40.5,-73.0,N,40.5,48.132,48.132,3,329
KE2EEQ,KE2EEQ,True,True,both,A,FN30bs,6.0,40.7708,-73.875,N,40.7708,48.561,48.561,11,840
KE2ELI,KE2ELI,True,True,both,B,FN13,4.0,43.5,-77.0,N,43.5,51.727,51.727,3,275
KE2ELS,KE2ELS,True,True,both,B,FN12,4.0,42.5,-77.0,N,42.5,50.752,50.752,4,728
KE2EYN,KE2EYN,True,True,both,A,FN20ou,6.0,40.8542,-74.7917,N,40.8542,48.803,48.803,17,33383
KE2EZC,KE2EZC,True,True,both,A,FN30gt,6.0,40.8125,-73.4583,N,40.8125,48.526,48.526,12,8512
KE2FIL,KE2FIL,True,True,both,B,FM06,4.0,36.5,-79.0,N,36.5,45.214,45.214,34,872
KE2FUD,KE2FUD,True,True,both,B,FN02hd,6.0,42.1458,-79.375,N,42.1458,50.709,50.709,13,3251
KE2FVJ,KE2FVJ,True,True,both,B,FN13hc,6.0,43.1042,-77.375,N,43.1042,51.392,51.392,6,378
KE2FWH,KE2FWH,True,True,both,B,FN22oh,6.0,42.3125,-74.7917,N,42.3125,50.232,50.232,3,102
KE2GEO,KE2GEO,True,True,both,A,FM29,4.0,39.5,-75.0,N,39.5,47.515,47.515,11,11905
KE2GLJ,KE2GLJ,True,True,both,A,FM29lv,6.0,39.8958,-75.0417,N,39.8958,47.908,47.908,15,5199
KE2GQI,KE2GQI,True,True,both,A,FN13,4.0,43.5,-77.0,N,43.5,51.727,51.727,10,806
KE2IHO,KE2IHO,True,True,both,A,FN21qa,6.0,41.0208,-74.625,N,41.0208,48.938,48.938,18,4740
KE2ILP,KE2ILP,True,True,both,B,FM29uq,6.0,39.6875,-74.2917,N,39.6875,47.574,47.574,3,662
KE2INF,KE2INF,True,True,both,A,FN75,4.0,45.5,-65.0,N,45.5,51.452,51.452,21,13642
KE3KD,KE3KD,True,True,both,A,FN10bt,6.0,40.8125,-77.875,N,40.8125,49.231,49.231,24,4488
KE4CLY,KE4CLY,True,True,both,B,FM18rv,6.0,38.8958,-76.5417,N,38.8958,47.179,47.179,4,714
KE4CQT,KE4CQT,True,True,both,B,EL98,4.0,28.5,-81.0,N,28.5,37.807,37.807,5,8389
KE4GBA,KE4GBA,True,True,both,B,EM74,4.0,34.5,-85.0,N,34.5,43.823,43.823,5,1063
KE4GFK,KE4GFK,True,True,both,B,EL98aa,6.0,28.0208,-81.9583,N,28.0208,37.44,37.44,3,953
KE4HGP,KE4HGP,True,True,both,B,FM16xs,6.0,36.7708,-76.0417,N,36.7708,45.039,45.039,9,44431
KE4HSV,KE4HSV,True,True,both,A,EM74,4.0,34.5,-85.0,N,34.5,43.823,43.823,11,101926
KE4ID,KE4ID,True,True,both,A,EM63rq,6.0,33.6875,-86.5417,N,33.6875,43.1,43.1,12,21906
KE4ID/L,KE4ID,True,True,both,B,EM63rq,6.0,33.6875,-86.5417,N,33.6875,43.1,43.1,4,4533
KE4ID/Z,KE4ID,True,True,both,B,EM63rq,6.0,33.6875,-86.5417,N,33.6875,43.1,43.1,3,30348
KE4IDO,KE4IDO,True,True,both,B,FM18gt,6.0,38.8125,-77.4583,N,38.8125,47.235,47.235,27,2392
KE4NAB,KE4NAB,True,True,both,B,FN00sm,6.0,40.5208,-78.4583,N,40.5208,49.025,49.025,6,3263
KE4NVI,KE4NVI,True,True,both,B,EL89,4.0,29.5,-83.0,N,29.5,38.927,38.927,39,582
KE4QCM,KE4QCM,True,True,both,B,EM73ws,6.0,33.7708,-84.125,N,33.7708,43.079,43.079,5,1072
KE4RK,KE4RK,True,True,both,A,FM16xt,6.0,36.8125,-76.0417,N,36.8125,45.079,45.079,13,1006
KE4RNB,KE4RNB,True,True,both,B,EM64rp,6.0,34.6458,-86.5417,N,34.6458,44.02,44.02,6,23194
KE4ROC,KE4ROC,True,True,both,B,EM64,4.0,34.5,-87.0,N,34.5,43.891,43.891,5,22873
KE4SCJ,KE4SCJ,True,True,both,B,EM86rh,6.0,36.3125,-82.5417,N,36.3125,45.404,45.404,5,4416
KE4TH,KE4TH,True,True,both,B,DN40hl,6.0,40.4792,-111.375,N,40.4792,47.472,47.472,228,523413
KE4WMF,KE4WMF,True,True,both,B,FM17,4.0,37.5,-77.0,N,37.5,45.897,45.897,3,3255
KE4Y,KE4Y,True,True,both,A,EM74qf,6.0,34.2292,-84.625,N,34.2292,43.545,43.545,170,493799
KE5ES,KE5ES,True,True,both,A,EM02fh,6.0,32.3125,-99.5417,N,32.3125,41.105,41.105,11,7705
KE5GUR,KE5GUR,True,False,wsprnet_only,B,EL29,4.0,29.5,-95.0,N,29.5,38.785,38.785,3,20
KE5HDE,KE5HDE,True,True,both,B,FN12xv,6.0,42.8958,-76.0417,N,42.8958,51.0,51.0,4,23956
KE5JJO,KE5JJO,True,True,both,A,EM41gn,6.0,31.5625,-91.4583,N,31.5625,41.013,41.013,14,4087
KE5KMM,KE5KMM,True,True,both,B,EM40tr,6.0,30.7292,-90.375,N,30.7292,40.243,40.243,9,871
KE5MME,KE5MME,True,True,both,B,EM26vg,6.0,36.2708,-94.2083,N,36.2708,45.448,45.448,33,93525
KE5MOW,KE5MOW,True,True,both,B,DM62oi,6.0,32.3542,-106.7917,N,32.3542,40.159,40.159,14,4980
KE5PYF,KE5PYF,True,True,both,B,EM13,4.0,33.5,-97.0,N,33.5,42.534,42.534,7,10725
KE5RZL,KE5RZL,True,True,both,B,DM78qx,6.0,38.9792,-104.625,N,38.9792,47.032,47.032,22,3368
KE5ZBG,KE5ZBG,True,True,both,B,DM75aq,6.0,35.6875,-105.9583,N,35.6875,43.594,43.594,133,477906
KE6ACW,KE6ACW,True,True,both,B,CM89df,6.0,39.2292,-123.7083,N,39.2292,43.978,43.978,4,2164
KE6EPC,KE6EPC,True,True,both,B,DM04ua,6.0,34.0208,-118.2917,N,34.0208,39.859,39.859,3,116
KE6FWC,KE6FWC,True,True,both,B,CM98ca,6.0,38.0208,-121.7917,N,38.0208,43.156,43.156,5,2521
KE6GLA,KE6GLA,True,True,both,B,CM98lq,6.0,38.6875,-121.0417,N,38.6875,43.955,43.955,4,21286
KE6GUM,KE6GUM,True,True,both,A,EM66ng,6.0,36.2708,-86.875,N,36.2708,45.589,45.589,16,540
KE6IMS,KE6IMS,True,True,both,A,DM42mk,6.0,32.4375,-110.9583,N,32.4375,39.57,39.57,51,231134
KE6IMS/A,KE6IMS,True,True,both,B,DM42mk,6.0,32.4375,-110.9583,N,32.4375,39.57,39.57,3,1750
KE6NFH,KE6NFH,True,True,both,A,DM03tu,6.0,33.8542,-118.375,N,33.8542,39.679,39.679,50,138935
KE6PX,KE6PX,True,True,both,A,DM13,4.0,33.5,-117.0,N,33.5,39.576,39.576,20,2734
KE6UZQ,KE6UZQ,True,True,both,A,CM97,4.0,37.5,-121.0,N,37.5,42.793,42.793,170,313781
KE6VG,KE6VG,True,True,both,A,DM06hh,6.0,36.3125,-119.375,N,36.3125,41.926,41.926,41,415436
KE6VNI,KE6VNI,True,True,both,A,EN72,4.0,42.5,-85.0,N,42.5,51.507,51.507,237,2157937
KE6WVQ,KE6WVQ,True,False,wsprnet_only,A,EM12,4.0,32.5,-97.0,N,32.5,41.553,41.553,28,59
KE6X,KE6X,True,True,both,B,CM87wu,6.0,37.8542,-122.125,N,37.8542,42.929,42.929,6,4965
KE7A,KE7A,True,True,both,B,EM12kx,6.0,32.9792,-97.125,N,32.9792,42.012,42.012,371,4323476
KE7EOG,KE7EOG,True,True,both,B,CN87ur,6.0,47.7292,-122.2917,N,47.7292,52.62,52.62,3,174
KE7EX,KE7EX,True,True,both,B,FM18fs,6.0,38.7708,-77.5417,N,38.7708,47.207,47.207,69,85578
KE7EX/M,KE7EX,True,True,both,A,FM18hx,6.0,38.9792,-77.375,N,38.9792,47.385,47.385,10,12385
KE7FSD,KE7FSD,True,False,wsprnet_only,B,QG62jk,6.0,-27.5625,152.7917,S,27.5625,-36.301,36.301,8,63
KE7GZ,KE7GZ,True,True,both,A,FM19el,6.0,39.4792,-77.625,N,39.4792,47.905,47.905,57,1478800
KE7KPI,KE7KPI,True,True,both,B,DN71od,6.0,41.1458,-104.7917,N,41.1458,49.137,49.137,3,6036
KE7RGP,KE7RGP,True,True,both,B,CN88,4.0,48.5,-123.0,N,48.5,53.242,53.242,5,644
KE7ROR,KE7ROR,True,True,both,B,DN40,4.0,40.5,-111.0,N,40.5,47.555,47.555,13,1409
KE7WNB,KE7WNB,True,True,both,B,CN85qk,6.0,45.4375,-122.625,N,45.4375,50.296,50.296,5,565
KE7WYG,KE7WYG,True,True,both,B,DN51jo,6.0,41.6042,-109.2083,N,41.6042,48.934,48.934,4,564
KE7Z,KE7Z,True,True,both,A,CN88fc,6.0,48.1042,-123.5417,N,48.1042,52.745,52.745,385,1139372
KE7ZQX,KE7ZQX,True,True,both,B,DN06,4.0,46.5,-119.0,N,46.5,52.04,52.04,11,4990
KE7ZXJ,KE7ZXJ,True,True,both,A,CN95fo,6.0,45.6042,-121.5417,N,45.6042,50.671,50.671,374,3442727
KE8AQR,KE8AQR,True,False,wsprnet_only,B,EM12,4.0,32.5,-97.0,N,32.5,41.553,41.553,7,19
KE8CHG,KE8CHG,True,True,both,B,EN71ux,6.0,41.9792,-84.2917,N,41.9792,50.969,50.969,5,1276
KE8CSO,KE8CSO,True,True,both,A,EN91ch,6.0,41.3125,-81.7917,N,41.3125,50.147,50.147,11,1290
KE8DAF,KE8DAF,True,True,both,B,EN85ck,6.0,45.4375,-83.7917,N,45.4375,54.269,54.269,9,19664
KE8DLA,KE8DLA,True,True,both,A,EN91,4.0,41.5,-81.0,N,41.5,50.256,50.256,23,99344
KE8DOC,KE8DOC,True,True,both,B,EM79ww,6.0,39.9375,-84.125,N,39.9375,48.995,48.995,9,2721
KE8EGA,KE8EGA,True,True,both,B,EN80wu,6.0,40.8542,-82.125,N,40.8542,49.734,49.734,3,6752
KE8EVD,KE8EVD,True,True,both,B,FM19am,6.0,39.5208,-77.9583,N,39.5208,47.991,47.991,17,14535
KE8FWZ,KE8FWZ,True,True,both,A,EM79vr,6.0,39.7292,-84.2083,N,39.7292,48.8,48.8,16,6534
KE8GLB,KE8GLB,True,True,both,B,EN74,4.0,44.5,-85.0,N,44.5,53.431,53.431,18,14966
KE8HJ,KE8HJ,True,True,both,B,EN72sq,6.0,42.6875,-84.4583,N,42.6875,51.66,51.66,69,77531
KE8IYA,KE8IYA,True,True,both,B,EN82hi,6.0,42.3542,-83.375,N,42.3542,51.273,51.273,33,33947
KE8JKU,KE8JKU,True,True,both,B,EM79ub,6.0,39.0625,-84.2917,N,39.0625,48.164,48.164,7,33956
KE8KRP,KE8KRP,True,True,both,B,EN72,4.0,42.5,-85.0,N,42.5,51.507,51.507,4,365
KE8KYP,KE8KYP,True,True,both,A,EL99,4.0,29.5,-81.0,N,29.5,38.757,38.757,333,263324
KE8MXD,KE8MXD,True,True,both,B,EM89nv,6.0,39.8958,-82.875,N,39.8958,48.871,48.871,3,301
KE8MYP,KE8MYP,True,True,both,A,EM79ti,6.0,39.3542,-84.375,N,39.3542,48.449,48.449,313,3506863
KE8NHT,KE8NHT,True,True,both,B,EM79xq,6.0,39.6875,-84.0417,N,39.6875,48.75,48.75,5,20576
KE8OKO,KE8OKO,True,True,both,B,EN91qa,6.0,41.0208,-80.625,N,41.0208,49.757,49.757,5,1718
KE8OLL,KE8OLL,True,True,both,B,EN82ch,6.0,42.3125,-83.7917,N,42.3125,51.26,51.26,9,359231
KE8PAD,KE8PAD,True,True,both,B,EN82kq,6.0,42.6875,-83.125,N,42.6875,51.577,51.577,35,27891
KE8PFV,KE8PFV,True,True,both,B,EN82jg,6.0,42.2708,-83.2083,N,42.2708,51.181,51.181,6,268
KE8RAS,KE8RAS,True,True,both,B,EM97ii,6.0,37.3542,-81.2917,N,37.3542,46.292,46.292,4,655
KE8RHM,KE8RHM,True,True,both,B,EN90hx,6.0,40.9792,-81.375,N,40.9792,49.789,49.789,6,1140
KE8RTR,KE8RTR,True,True,both,A,EM79wi,6.0,39.3542,-84.125,N,39.3542,48.435,48.435,180,63170
KE8RU,KE8RU,True,True,both,B,EN81bm,6.0,41.5208,-83.875,N,41.5208,50.503,50.503,8,9808
KE8SBJ,KE8SBJ,True,True,both,B,EN72fw,6.0,42.9375,-85.5417,N,42.9375,51.952,51.952,5,3358
KE8ST,KE8ST,True,True,both,A,EN72tr,6.0,42.7292,-84.375,N,42.7292,51.695,51.695,155,485100
KE8SWO,KE8SWO,True,True,both,B,EN82dg,6.0,42.2708,-83.7083,N,42.2708,51.214,51.214,5,1206
KE8TJE,KE8TJE,True,True,both,A,EM84,4.0,34.5,-83.0,N,34.5,43.703,43.703,12,17699
KE8TKP,KE8TKP,True,True,both,B,EN80kc,6.0,40.1042,-83.125,N,40.1042,49.09,49.09,4,460
KE8TTQ,KE8TTQ,True,True,both,A,EM88bu,6.0,38.8542,-83.875,N,38.8542,47.939,47.939,31,882
KE8TYC,KE8TYC,True,True,both,A,EN82dd,6.0,42.1458,-83.7083,N,42.1458,51.094,51.094,11,28262
KE8UCE,KE8UCE,True,True,both,A,EN72df,6.0,42.2292,-85.7083,N,42.2292,51.278,51.278,17,47507
KE8UWT,KE8UWT,True,True,both,B,EN82,4.0,42.5,-83.0,N,42.5,51.387,51.387,5,697
KE8UZF,KE8UZF,True,True,both,A,EN83da,6.0,43.0208,-83.7083,N,43.0208,51.936,51.936,209,541275
KE8VOX,KE8VOX,True,True,both,A,EN81sj,6.0,41.3958,-82.4583,N,41.3958,50.283,50.283,209,672022
KE8VSI,KE8VSI,True,False,wsprnet_only,B,EM12jq,6.0,32.6875,-97.2083,N,32.6875,41.718,41.718,4,21
KE8VU,KE8VU,True,True,both,B,EM79rk,6.0,39.4375,-84.5417,N,39.4375,48.539,48.539,7,745
KE8WBE,KE8WBE,True,True,both,B,EN91ei,6.0,41.3542,-81.625,N,41.3542,50.173,50.173,3,328
KE8WON,KE8WON,True,True,both,B,EM79on,6.0,39.5625,-84.7917,N,39.5625,48.672,48.672,32,42550
KE8WRF,KE8WRF,True,True,both,A,EN81,4.0,41.5,-83.0,N,41.5,50.424,50.424,389,2656916
KE8WUT,KE8WUT,True,True,both,B,EN82il,6.0,42.4792,-83.2917,N,42.4792,51.388,51.388,6,4482
KE8Y,KE8Y,True,True,both,B,EN91ge,6.0,41.1875,-81.4583,N,41.1875,49.997,49.997,97,155537
KE8YSP,KE8YSP,True,True,both,B,EM79sg,6.0,39.2708,-84.4583,N,39.2708,48.374,48.374,8,6756
KE8ZXF,KE8ZXF,True,True,both,A,EN63vh,6.0,43.3125,-86.2083,N,43.3125,52.338,52.338,11,1662
KE9AET,KE9AET,True,True,both,B,EM58,4.0,38.5,-89.0,N,38.5,47.76,47.76,4,1286
KE9AFW,KE9AFW,True,True,both,B,EN34,4.0,44.5,-93.0,N,44.5,53.465,53.465,3,212
KE9AJ,KE9AJ,True,True,both,B,EN50en,6.0,40.5625,-89.625,N,40.5625,49.744,49.744,6,1072
KE9AVF,KE9AVF,True,True,both,B,EM78,4.0,38.5,-85.0,N,38.5,47.662,47.662,37,17826
KE9AZT,KE9AZT,True,True,both,A,EN61,4.0,41.5,-87.0,N,41.5,50.619,50.619,35,63657
KE9BAH,KE9BAH,True,True,both,B,EM68fc,6.0,38.1042,-87.5417,N,38.1042,47.366,47.366,4,427
KE9BAJ,KE9BAJ,True,True,both,A,EN71,4.0,41.5,-85.0,N,41.5,50.545,50.545,19,4182
KE9BPB,KE9BPB,True,True,both,B,EN40wx,6.0,40.9792,-90.125,N,40.9792,50.142,50.142,4,776
KE9BPC,KE9BPC,True,True,both,B,EN61hj,6.0,41.3958,-87.375,N,41.3958,50.528,50.528,5,3753
KE9CLC,KE9CLC,True,True,both,B,EN50gq,6.0,40.6875,-89.4583,N,40.6875,49.865,49.865,16,31123
KE9CLW,KE9CLW,True,True,both,B,EN61cw,6.0,41.9375,-87.7917,N,41.9375,51.057,51.057,9,3286
KE9CLY,KE9CLY,True,True,both,B,EN40xn,6.0,40.5625,-90.0417,N,40.5625,49.741,49.741,6,32236
KE9COZ,KE9COZ,True,True,both,B,EN52,4.0,42.5,-89.0,N,42.5,51.61,51.61,4,167
KE9CQP,KE9CQP,True,True,both,B,EN52,4.0,42.5,-89.0,N,42.5,51.61,51.61,7,661
KE9CRV,KE9CRV,True,True,both,B,EN51wm,6.0,41.5208,-88.125,N,41.5208,50.661,50.661,3,1410
KE9CVT,KE9CVT,True,True,both,B,EN54,4.0,44.5,-89.0,N,44.5,53.533,53.533,3,117
KE9DCC,KE9DCC,True,True,both,B,EN53ie,6.0,43.1875,-89.2917,N,43.1875,52.271,52.271,3,53
KE9DKR,KE9DKR,True,True,both,B,EN61dw,6.0,41.9375,-87.7083,N,41.9375,51.055,51.055,4,463
KE9DPC,KE9DPC,True,True,both,A,EN71gd,6.0,41.1458,-85.4583,N,41.1458,50.226,50.226,13,10643
KE9DR,KE9DR,True,True,both,B,EM34qp,6.0,34.6458,-92.625,N,34.6458,43.954,43.954,86,30175
KE9DRW,KE9DRW,True,True,both,B,EN53hf,6.0,43.2292,-89.375,N,43.2292,52.312,52.312,3,1369
KE9DUL,KE9DUL,True,True,both,A,EN51,4.0,41.5,-89.0,N,41.5,50.647,50.647,32,221420
KE9DZP,KE9DZP,True,True,both,B,EN62cd,6.0,42.1458,-87.7917,N,42.1458,51.257,51.257,9,4923
KE9EHQ,KE9EHQ,True,True,both,B,DM34sn,6.0,34.5625,-112.4583,N,34.5625,41.43,41.43,3,126
KE9EIN,KE9EIN,True,True,both,B,EN53ha,6.0,43.0208,-89.375,N,43.0208,52.111,52.111,7,4529
KE9ESU,KE9ESU,True,True,both,A,EN53do,6.0,43.6042,-89.7083,N,43.6042,52.671,52.671,14,2160
KE9FBW,KE9FBW,True,True,both,A,EN61,4.0,41.5,-87.0,N,41.5,50.619,50.619,11,268
KE9FEP,KE9FEP,True,True,both,A,EN53vb,6.0,43.0625,-88.2083,N,43.0625,52.144,52.144,12,2038
KE9FHF,KE9FHF,True,True,both,B,EN52xc,6.0,42.1042,-88.0417,N,42.1042,51.221,51.221,3,3210
KE9FJK,KE9FJK,True,True,both,B,EN51,4.0,41.5,-89.0,N,41.5,50.647,50.647,7,990
KE9TP,KE9TP,True,True,both,B,DM23xw,6.0,33.9375,-114.0417,N,33.9375,40.535,40.535,11,2246
KE9ZZ,KE9ZZ,True,True,both,A,EN52vc,6.0,42.1042,-88.2083,N,42.1042,51.223,51.223,10,20635
KF0CTD,KF0CTD,True,True,both,B,EM48,4.0,38.5,-91.0,N,38.5,47.738,47.738,8,62234
KF0DRT,KF0DRT,True,True,both,B,EN35,4.0,45.5,-93.0,N,45.5,54.428,54.428,4,846
KF0FOE,KF0FOE,True,True,both,B,DM78os,6.0,38.7708,-104.7917,N,38.7708,46.804,46.804,5,3326
KF0GVX,KF0GVX,True,True,both,A,EN21aa,6.0,41.0208,-95.9583,N,41.0208,49.945,49.945,11,36609
KF0HLC,KF0HLC,True,True,both,B,EN22vr,6.0,42.7292,-94.2083,N,42.7292,51.704,51.704,4,1076
KF0KYQ,KF0KYQ,True,True,both,B,EM17nu,6.0,37.8542,-96.875,N,37.8542,46.799,46.799,4,571
KF0KZW,KF0KZW,True,True,both,B,EL78,4.0,28.5,-85.0,N,28.5,38.08,38.08,7,1175
KF0MEY,KF0MEY,True,True,both,B,EM48qr,6.0,38.7292,-90.625,N,38.7292,47.966,47.966,13,17095
KF0NBV,KF0NBV,True,True,both,B,EN05si,6.0,45.3542,-98.4583,N,45.3542,53.949,53.949,6,3297
KF0NKE,KF0NKE,True,True,both,B,DM79,4.0,39.5,-105.0,N,39.5,47.493,47.493,10,3072
KF0NOK,KF0NOK,True,True,both,A,EN34iw,6.0,44.9375,-93.2917,N,44.9375,53.875,53.875,39,89593
KF0NRV,KF0NRV,True,False,wsprnet_only,A,DM26la,6.0,36.0208,-115.0417,N,36.0208,42.425,42.425,33,374
KF0NUR,KF0NUR,True,True,both,A,EN11ve,6.0,41.1875,-96.2083,N,41.1875,50.089,50.089,13,704
KF0NXR,KF0NXR,True,True,both,B,EN22,4.0,42.5,-95.0,N,42.5,51.439,51.439,10,832
KF0OFI,KF0OFI,True,False,wsprnet_only,B,EM12sw,6.0,32.9375,-96.4583,N,32.9375,42.031,42.031,4,13
KF0OHU,KF0OHU,True,True,both,A,EN35ic,6.0,45.1042,-93.2917,N,45.1042,54.036,54.036,38,249350
KF0OSW,KF0OSW,True,True,both,B,EM48sl,6.0,38.4792,-90.4583,N,38.4792,47.728,47.728,3,243
KF0OZP,KF0OZP,True,True,both,B,EN33gv,6.0,43.8958,-93.4583,N,43.8958,52.864,52.864,7,6255
KF0PRI,KF0PRI,True,True,both,B,DN84jb,6.0,44.0625,-103.2083,N,44.0625,52.195,52.195,23,3822
KF0PSC,KF0PSC,True,True,both,B,EN35nf,6.0,45.2292,-92.875,N,45.2292,54.172,54.172,6,13866
KF0QMI,KF0QMI,True,True,both,B,EM28ov,6.0,38.8958,-94.7917,N,38.8958,47.961,47.961,8,4598
KF0QVE,KF0QVE,True,True,both,A,DM78,4.0,38.5,-105.0,N,38.5,46.509,46.509,39,279162
KF0QWE,KF0QWE,True,True,both,B,DM67et,6.0,37.8125,-107.625,N,37.8125,45.444,45.444,3,516
KF0RBZ,KF0RBZ,True,True,both,B,EN31cq,6.0,41.6875,-93.7917,N,41.6875,50.718,50.718,4,6557
KF0RKH,KF0RKH,True,True,both,B,DM79nj,6.0,39.3958,-104.875,N,39.3958,47.407,47.407,9,3230
KF0RLZ,KF0RLZ,True,True,both,B,EN42ks,6.0,42.7708,-91.125,N,42.7708,51.853,51.853,9,4296
KF0RTW,KF0RTW,True,True,both,A,EN34,4.0,44.5,-93.0,N,44.5,53.465,53.465,32,27316
KF0RUU,KF0RUU,True,True,both,B,EN34gv,6.0,44.8958,-93.4583,N,44.8958,53.828,53.828,50,7244
KF0RVT,KF0RVT,True,True,both,B,EN34ht,6.0,44.8125,-93.375,N,44.8125,53.751,53.751,7,1821
KF0RWH,KF0RWH,True,True,both,B,EN11xw,6.0,41.9375,-96.0417,N,41.9375,50.828,50.828,18,16597
KF0RZX,KF0RZX,True,True,both,B,DN81,4.0,41.5,-103.0,N,41.5,49.718,49.718,5,2115
KF0SCE,KF0SCE,True,True,both,B,EN42da,6.0,42.0208,-91.7083,N,42.0208,51.117,51.117,315,5290201
KF0SFX,KF0SFX,True,True,both,B,EN11wi,6.0,41.3542,-96.125,N,41.3542,50.257,50.257,8,2143
KF0SIG,KF0SIG,True,True,both,B,EN35ga,6.0,45.0208,-93.4583,N,45.0208,53.948,53.948,24,5487
KF0SKR,KF0SKR,True,True,both,B,DM79,4.0,39.5,-105.0,N,39.5,47.493,47.493,3,263
KF0SPY,KF0SPY,True,True,both,B,EN34hr,6.0,44.7292,-93.375,N,44.7292,53.671,53.671,5,6832
KF0SSH,KF0SSH,True,True,both,B,EN34,4.0,44.5,-93.0,N,44.5,53.465,53.465,5,746
KF0SXO,KF0SXO,True,True,both,B,EN31ca,6.0,41.0208,-93.7917,N,41.0208,50.073,50.073,4,2476
KF0TEC,KF0TEC,True,True,both,B,EM28tw,6.0,38.9375,-94.375,N,38.9375,48.026,48.026,68,337712
KF0TER,KF0TER,True,True,both,B,DM78pi,6.0,38.3542,-104.7083,N,38.3542,46.406,46.406,3,316
KF0TIM,KF0TIM,True,True,both,B,EM48mx,6.0,38.9792,-90.9583,N,38.9792,48.201,48.201,3,587
KF0TMW,KF0TMW,True,True,both,B,EN34,4.0,44.5,-93.0,N,44.5,53.465,53.465,7,888
KF0TPL,KF0TPL,True,True,both,A,DN81md,6.0,41.1458,-102.9583,N,41.1458,49.377,49.377,10,4716
KF0TUA,KF0TUA,True,True,both,B,EN34nu,6.0,44.8542,-92.875,N,44.8542,53.811,53.811,106,134735
KF0UJP,KF0UJP,True,True,both,A,EN35,4.0,45.5,-93.0,N,45.5,54.428,54.428,10,1033
KF0UNK,KF0UNK,True,True,both,A,EN34jw,6.0,44.9375,-93.2083,N,44.9375,53.878,53.878,27,15634
KF0UOJ,KF0UOJ,True,True,both,B,EN34,4.0,44.5,-93.0,N,44.5,53.465,53.465,3,97
KF0UPW,KF0UPW,True,True,both,B,EN34iv,6.0,44.8958,-93.2917,N,44.8958,53.835,53.835,3,2200
KF0UQI,KF0UQI,True,True,both,A,EM48qn,6.0,38.5625,-90.625,N,38.5625,47.806,47.806,13,6447
KF0UUB,KF0UUB,True,True,both,B,DM79np,6.0,39.6458,-104.875,N,39.6458,47.653,47.653,38,49574
KF0VCC,KF0VCC,True,True,both,B,EN11wh,6.0,41.3125,-96.125,N,41.3125,50.216,50.216,3,61
KF0VES,KF0VES,True,True,both,B,DM79jq,6.0,39.6875,-105.2083,N,39.6875,47.648,47.648,4,691
KF0VGH,KF0VGH,True,True,both,B,EN11xh,6.0,41.3125,-96.0417,N,41.3125,50.222,50.222,3,45
KF0VHL,KF0VHL,True,True,both,B,DN96,4.0,46.5,-101.0,N,46.5,54.816,54.816,37,64425
KF0VJY,KF0VJY,True,True,both,B,EM28pu,6.0,38.8542,-94.7083,N,38.8542,47.926,47.926,20,6062
KF0VPA,KF0VPA,True,True,both,B,EM17gg,6.0,37.2708,-97.4583,N,37.2708,46.18,46.18,9,25220
KF0VR,KF0VR,True,True,both,B,DM78,4.0,38.5,-105.0,N,38.5,46.509,46.509,3,13218
KF0YRY,KF0YRY,True,True,both,B,DM69,4.0,39.5,-107.0,N,39.5,47.203,47.203,3,1827
KF0YV,KF0YV,True,True,both,A,EN11xd,6.0,41.1458,-96.0417,N,41.1458,50.061,50.061,79,169796
KF2AT,KF2AT,True,True,both,A,FN30as,6.0,40.7708,-73.9583,N,40.7708,48.576,48.576,123,27722
KF2I,KF2I,True,True,both,A,FN32cv,6.0,42.8958,-73.7917,N,42.8958,50.637,50.637,140,2384881
KF2UJ,KF2UJ,True,True,both,B,FN20,4.0,40.5,-75.0,N,40.5,48.492,48.492,7,862
KF3CO,KF3CO,True,True,both,B,EL87,4.0,27.5,-83.0,N,27.5,37.022,37.022,49,29413
KF4AYT,KF4AYT,True,True,both,B,EM66,4.0,36.5,-87.0,N,36.5,45.813,45.813,6,13479
KF4FC,KF4FC,True,True,both,B,FM08,4.0,38.5,-79.0,N,38.5,47.141,47.141,3,853
KF4HRY,KF4HRY,True,True,both,A,EM73xv,6.0,33.8958,-84.0417,N,33.8958,43.194,43.194,20,45155
KF4IIP,KF4IIP,True,True,both,B,EM51fj,6.0,31.3958,-89.5417,N,31.3958,40.906,40.906,3,785
KF4JU,KF4JU,True,True,both,A,EL87pt,6.0,27.8125,-82.7083,N,27.8125,37.3,37.3,390,9940456
KF4LMZ,KF4LMZ,True,True,both,B,EM94,4.0,34.5,-81.0,N,34.5,43.526,43.526,3,21947
KF4MOT,KF4MOT,True,True,both,B,CN87wq,6.0,47.6875,-122.125,N,47.6875,52.611,52.611,6,8615
KF4RAL,KF4RAL,True,True,both,A,FM17,4.0,37.5,-77.0,N,37.5,45.897,45.897,10,35279
KF4RWG,KF4RWG,True,True,both,B,EM70,4.0,30.5,-85.0,N,30.5,39.993,39.993,4,972
KF4TPM,KF4TPM,True,True,both,B,EM80md,6.0,30.1458,-82.9583,N,30.1458,39.54,39.54,3,1290
KF4UKE,KF4UKE,True,True,both,B,EL98ke,6.0,28.1875,-81.125,N,28.1875,37.522,37.522,7,807
KF4UOD,KF4UOD,True,True,both,A,EM73,4.0,33.5,-85.0,N,33.5,42.865,42.865,11,147724
KF4UQS,KF4UQS,True,True,both,B,FM18gp,6.0,38.6458,-77.4583,N,38.6458,47.074,47.074,5,53
KF4VRO,KF4VRO,True,True,both,B,CM87st,6.0,37.8125,-122.4583,N,37.8125,42.825,42.825,3,106
KF4VXP,KF4VXP,True,True,both,B,FM03ij,6.0,33.3958,-79.2917,N,33.3958,42.274,42.274,19,5768
KF4ZCG,KF4ZCG,True,True,both,B,EL87ps,6.0,27.7708,-82.7083,N,27.7708,37.26,37.26,3,488
KF5DY,KF5DY,True,True,both,A,EM12cq,6.0,32.6875,-97.7917,N,32.6875,41.661,41.661,52,409324
KF5FSK,KF5FSK,True,True,both,B,DM34sn,6.0,34.5625,-112.4583,N,34.5625,41.43,41.43,251,360049
KF5GCF,KF5GCF,True,True,both,B,EM35sb,6.0,35.0625,-92.4583,N,35.0625,44.366,44.366,388,2642833
KF5HNJ,KF5HNJ,True,True,both,B,EM10fp,6.0,30.6458,-97.5417,N,30.6458,39.677,39.677,5,967
KF5LNM,KF5LNM,True,True,both,B,EM34us,6.0,34.7708,-92.2917,N,34.7708,44.09,44.09,15,20912
KF5PFP,KF5PFP,True,True,both,B,EM12mt,6.0,32.8125,-96.9583,N,32.8125,41.864,41.864,9,977
KF5UUP,KF5UUP,True,True,both,A,EM40up,6.0,30.6458,-90.2917,N,30.6458,40.164,40.164,13,7443
KF5VDX,KF5VDX,True,True,both,B,EL17hr,6.0,27.7292,-97.375,N,27.7292,36.815,36.815,6,16202
KF5XX,KF5XX,True,True,both,B,EM20me,6.0,30.1875,-94.9583,N,30.1875,39.462,39.462,4,450
KF5YSH,KF5YSH,True,True,both,B,DM93,4.0,33.5,-101.0,N,33.5,42.105,42.105,25,86855
KF6FIR,KF6FIR,True,True,both,B,CM97mo,6.0,37.6042,-120.9583,N,37.6042,42.904,42.904,7,568
KF6FO,KF6FO,True,True,both,A,CN70ws,6.0,40.7708,-124.125,N,40.7708,45.411,45.411,36,1792
KF6GG,KF6GG,True,True,both,A,DM04wd,6.0,34.1458,-118.125,N,34.1458,40.013,40.013,124,746893
KF6I,KF6I,True,True,both,B,DM13bv,6.0,33.8958,-117.875,N,33.8958,39.811,39.811,192,1039807
KF6IF,KF6IF,True,True,both,B,DM13if,6.0,33.2292,-117.2917,N,33.2292,39.255,39.255,4,1461
KF6UFO,KF6UFO,True,True,both,B,DM57ns,6.0,37.7708,-108.875,N,37.7708,45.206,45.206,3,2062
KF6ZFZ,KF6ZFZ,True,True,both,A,CM97,4.0,37.5,-121.0,N,37.5,42.793,42.793,13,43463
KF7BXH,KF7BXH,True,True,both,A,DM09,4.0,39.5,-119.0,N,39.5,45.141,45.141,46,5039
KF7DGH,KF7DGH,True,True,both,B,DN15ww,6.0,45.9375,-116.125,N,45.9375,52.018,52.018,5,565
KF7LC,KF7LC,True,True,both,A,DM13st,6.0,33.8125,-116.4583,N,33.8125,39.983,39.983,27,4483
KF7MCK,KF7MCK,True,True,both,A,DM42lj,6.0,32.3958,-111.0417,N,32.3958,39.514,39.514,27,6649
KF7NDI,KF7NDI,True,True,both,B,EL08,4.0,28.5,-99.0,N,28.5,37.396,37.396,17,280
KF7VWP,KF7VWP,True,True,both,B,DM41vm,6.0,31.5208,-110.2083,N,31.5208,38.78,38.78,15,5367
KF7WXW,KF7WXW,True,True,both,A,EM24cv,6.0,34.8958,-95.7917,N,34.8958,44.001,44.001,30,59045
KF7YRS,KF7YRS,True,True,both,B,DM37fc,6.0,37.1042,-113.5417,N,37.1042,43.764,43.764,7,21385
KF8ALR,KF8ALR,True,True,both,B,EN62,4.0,42.5,-87.0,N,42.5,51.581,51.581,3,13055
KF8ATG,KF8ATG,True,True,both,A,EN82kl,6.0,42.4792,-83.125,N,42.4792,51.376,51.376,10,1454
KF8AVE,KF8AVE,True,True,both,A,EN81,4.0,41.5,-83.0,N,41.5,50.424,50.424,17,172539
KF8CYI,KF8CYI,True,True,both,B,EM79,4.0,39.5,-85.0,N,39.5,48.623,48.623,5,794
KF8DDN,KF8DDN,True,True,both,B,EN91,4.0,41.5,-81.0,N,41.5,50.256,50.256,5,3229
KF8DWL,KF8DWL,True,True,both,B,EN80di,6.0,40.3542,-83.7083,N,40.3542,49.37,49.37,4,10825
KF8ELA,KF8ELA,True,True,both,B,EN90ds,6.0,40.7708,-81.7083,N,40.7708,49.618,49.618,8,3639
KF8EMO,KF8EMO,True,True,both,B,EN74ql,6.0,44.4792,-84.625,N,44.4792,53.393,53.393,8,4802
KF8EPB,KF8EPB,True,True,both,B,EN91gd,6.0,41.1458,-81.4583,N,41.1458,49.957,49.957,11,4362
KF8ETQ,KF8ETQ,True,True,both,A,EN82mm,6.0,42.5208,-82.9583,N,42.5208,51.404,51.404,38,7045
KF8EYE,KF8EYE,True,True,both,B,EM99xi,6.0,39.3542,-80.0417,N,39.3542,48.087,48.087,5,5675
KF8FGA,KF8FGA,True,True,both,B,EN80,4.0,40.5,-83.0,N,40.5,49.462,49.462,3,6632
KF8FHI,KF8FHI,True,True,both,B,EM89ov,6.0,39.8958,-82.7917,N,39.8958,48.865,48.865,7,5963
KF8FIQ,KF8FIQ,True,True,both,B,EN73va,6.0,43.0208,-84.2083,N,43.0208,51.966,51.966,3,4501
KF8FRB,KF8FRB,True,True,both,B,EN81ft,6.0,41.8125,-83.5417,N,41.8125,50.762,50.762,3,2111
KF8FRP,KF8FRP,True,True,both,B,EN57qd,6.0,47.1458,-88.625,N,47.1458,56.072,56.072,4,916
KF8FSQ,KF8FSQ,True,True,both,B,EN82,4.0,42.5,-83.0,N,42.5,51.387,51.387,7,12917
KF8FVC,KF8FVC,True,True,both,A,EN82al,6.0,42.4792,-83.9583,N,42.4792,51.43,51.43,13,14415
KF8GDP,KF8GDP,True,True,both,B,EN80sb,6.0,40.0625,-82.4583,N,40.0625,48.999,48.999,3,2972
KF8RM,KF8RM,True,True,both,B,EM88qv,6.0,38.8958,-82.625,N,38.8958,47.891,47.891,4,345
KF8S,KF8S,True,True,both,A,EN82nq,6.0,42.6875,-82.875,N,42.6875,51.559,51.559,15,109554
KF8WT,KF8WT,True,True,both,B,EN80ln,6.0,40.5625,-83.0417,N,40.5625,49.525,49.525,4,6019
KF8XW,KF8XW,True,True,both,B,EN91ed,6.0,41.1458,-81.625,N,41.1458,49.972,49.972,7,3670
KF9CP,KF9CP,True,True,both,A,EN34kp,6.0,44.6458,-93.125,N,44.6458,53.601,53.601,17,589
KF9KV,KF9KV,True,True,both,A,EN52et,6.0,42.8125,-89.625,N,42.8125,51.91,51.91,360,2668849
KF9NY,KF9NY,True,True,both,B,EM48,4.0,38.5,-91.0,N,38.5,47.738,47.738,9,3483
KG0INS,KG0INS,True,True,both,B,CN85sl,6.0,45.4792,-122.4583,N,45.4792,50.37,50.37,3,2382
KG0KG,KG0KG,True,True,both,B,EN34ir,6.0,44.7292,-93.2917,N,44.7292,53.674,53.674,3,5575
KG0VL,KG0VL,True,True,both,A,EN32wo,6.0,42.6042,-92.125,N,42.6042,51.667,51.667,47,58299
KG1MD,KG1MD,True,True,both,B,EL88rd,6.0,28.1458,-82.5417,N,28.1458,37.605,37.605,3,7046
KG1SKP,KG1SKP,True,True,both,B,EM21vd,6.0,31.1458,-94.2083,N,31.1458,40.456,40.456,4,11143
KG2HK,KG2HK,True,True,both,B,FN31af,6.0,41.2292,-73.9583,N,41.2292,49.026,49.026,4,7265
KG2RG,KG2RG,True,True,both,B,FN32,4.0,42.5,-73.0,N,42.5,50.106,50.106,4,239
KG3V,KG3V,True,True,both,A,FM17,4.0,37.5,-77.0,N,37.5,45.897,45.897,105,473111
KG3Z,KG3Z,True,True,both,B,EM95,4.0,35.5,-81.0,N,35.5,44.484,44.484,3,33
KG4BCN,KG4BCN,True,True,both,A,EL87tw,6.0,27.9375,-82.375,N,27.9375,37.394,37.394,46,9388
KG4CCB,KG4CCB,True,True,both,A,EM75uq,6.0,35.6875,-84.2917,N,35.6875,44.925,44.925,15,8721
KG4CDR,KG4CDR,True,True,both,B,EM74pn,6.0,34.5625,-84.7083,N,34.5625,43.869,43.869,3,133
KG4GVL,KG4GVL,True,True,both,B,EL98aa,6.0,28.0208,-81.9583,N,28.0208,37.44,37.44,52,133213
KG4INO,KG4INO,True,True,both,B,FM16ws,6.0,36.7708,-76.125,N,36.7708,45.052,45.052,25,14222
KG4KGY,KG4KGY,True,True,both,A,EM86,4.0,36.5,-83.0,N,36.5,45.619,45.619,29,171092
KG4LDK,KG4LDK,True,True,both,B,EM85jx,6.0,35.9792,-83.2083,N,35.9792,45.135,45.135,366,1013969
KG4LHC,KG4LHC,True,True,both,B,EM85,4.0,35.5,-83.0,N,35.5,44.66,44.66,152,649787
KG4MTN,KG4MTN,True,True,both,B,EM65,4.0,35.5,-87.0,N,35.5,44.852,44.852,7,3186
KG4ODC,KG4ODC,True,True,both,B,EM85ie,6.0,35.1875,-83.2917,N,35.1875,44.382,44.382,143,1098871
KG4RUE,KG4RUE,True,True,both,B,EM84qm,6.0,34.5208,-82.625,N,34.5208,43.694,43.694,6,1745
KG4TRI,KG4TRI,True,True,both,A,DM61sv,6.0,31.8958,-106.4583,N,31.8958,39.754,39.754,55,50023
KG4WOJ,KG4WOJ,True,True,both,B,FM16uq,6.0,36.6875,-76.2917,N,36.6875,44.999,44.999,4,1056
KG4YOL,KG4YOL,True,True,both,B,EM74,4.0,34.5,-85.0,N,34.5,43.823,43.823,6,6891
KG5AFX,KG5AFX,True,True,both,B,EM30hf,6.0,30.2292,-93.375,N,30.2292,39.617,39.617,3,509
KG5AHC,KG5AHC,True,True,both,B,EL29,4.0,29.5,-95.0,N,29.5,38.785,38.785,4,846
KG5AR,KG5AR,True,True,both,B,EM34to,6.0,34.6042,-92.375,N,34.6042,43.925,43.925,3,532
KG5BBF,KG5BBF,True,True,both,B,EL29hr,6.0,29.7292,-95.375,N,29.7292,38.978,38.978,3,85
KG5CER,KG5CER,True,True,both,B,EM12mu,6.0,32.8542,-96.9583,N,32.8542,41.905,41.905,37,250982
KG5CUE,KG5CUE,True,True,both,B,EM15fh,6.0,35.3125,-97.5417,N,35.3125,44.259,44.259,8,30909
KG5DGO,KG5DGO,True,True,both,B,EM04vg,6.0,34.2708,-98.2083,N,34.2708,43.174,43.174,5,5451
KG5EFI,KG5EFI,True,True,both,B,EM20,4.0,30.5,-95.0,N,30.5,39.765,39.765,6,4255
KG5EO,KG5EO,True,True,both,B,DM33xb,6.0,33.0625,-112.0417,N,33.0625,40.009,40.009,33,290286
KG5FCZ,KG5FCZ,True,True,both,B,EM21oh,6.0,31.3125,-94.7917,N,31.3125,40.576,40.576,5,9868
KG5FJI,KG5FJI,True,True,both,A,DM72au,6.0,32.8542,-105.9583,N,32.8542,40.784,40.784,16,19204
KG5FNU,KG5FNU,True,True,both,A,EM31kv,6.0,31.8958,-93.125,N,31.8958,41.256,41.256,38,96363
KG5FWI,KG5FWI,True,True,both,B,EM15ke,6.0,35.1875,-97.125,N,35.1875,44.174,44.174,5,2680
KG5GXU,KG5GXU,True,True,both,B,EM13ka,6.0,33.0208,-97.125,N,33.0208,42.053,42.053,3,243
KG5JAH,KG5JAH,True,True,both,B,EM20pa,6.0,30.0208,-94.7083,N,30.0208,39.318,39.318,3,844
KG5JKC,KG5JKC,True,True,both,B,EM20fi,6.0,30.3542,-95.5417,N,30.3542,39.578,39.578,10,13202
KG5MDB,KG5MDB,True,True,both,A,EL29,4.0,29.5,-95.0,N,29.5,38.785,38.785,10,195
KG5OPG,KG5OPG,True,True,both,B,DM65rd,6.0,35.1458,-106.5417,N,35.1458,42.971,42.971,4,343
KG5RJS,KG5RJS,True,True,both,A,CM98iq,6.0,38.6875,-121.2917,N,38.6875,43.908,43.908,136,1671496
KG5SSO,KG5SSO,True,True,both,B,EM30ve,6.0,30.1875,-92.2083,N,30.1875,39.643,39.643,5,6833
KG5SXT,KG5SXT,True,True,both,B,DM42ne,6.0,32.1875,-110.875,N,32.1875,39.334,39.334,4,137
KG5TW,KG5TW,True,True,both,B,DM67,4.0,37.5,-107.0,N,37.5,45.231,45.231,73,382357
KG5UWB,KG5UWB,True,True,both,A,EM12jv,6.0,32.8958,-97.2083,N,32.8958,41.922,41.922,22,63639
KG5VSR,KG5VSR,True,True,both,B,EM12pu,6.0,32.8542,-96.7083,N,32.8542,41.927,41.927,181,1487904
KG5WAZ,KG5WAZ,True,True,both,B,EM13qs,6.0,33.7708,-96.625,N,33.7708,42.833,42.833,3,724
KG5WGH,KG5WGH,True,True,both,B,EM20,4.0,30.5,-95.0,N,30.5,39.765,39.765,3,3514
KG5YSK,KG5YSK,True,True,both,B,EM26ad,6.0,36.1458,-95.9583,N,36.1458,45.207,45.207,3,4105
KG5ZDA,KG5ZDA,True,True,both,A,EM12qw,6.0,32.9375,-96.625,N,32.9375,42.016,42.016,58,107746
KG5ZMG,KG5ZMG,True,True,both,B,EM12kr,6.0,32.7292,-97.125,N,32.7292,41.766,41.766,3,3650
KG6FWO,KG6FWO,True,True,both,B,DM33vn,6.0,33.5625,-112.2083,N,33.5625,40.479,40.479,6,7244
KG6GO,KG6GO,True,True,both,B,CM97bj,6.0,37.3958,-121.875,N,37.3958,42.526,42.526,4,660
KG6JMO,KG6JMO,True,True,both,B,DM13,4.0,33.5,-117.0,N,33.5,39.576,39.576,152,707208
KG6PWX,KG6PWX,True,True,both,B,CN70ww,6.0,40.9375,-124.125,N,40.9375,45.575,45.575,4,328
KG6TIB,KG6TIB,True,True,both,B,CM94sw,6.0,34.9375,-120.4583,N,34.9375,40.368,40.368,11,3909
KG6TW,KG6TW,True,True,both,A,EM84,4.0,34.5,-83.0,N,34.5,43.703,43.703,339,5987666
KG6VGL,KG6VGL,True,True,both,A,CM99,4.0,39.5,-121.0,N,39.5,44.763,44.763,339,1370036
KG6ZYU,KG6ZYU,True,True,both,B,DM06hw,6.0,36.9375,-119.375,N,36.9375,42.543,42.543,5,4995
KG7DC,KG7DC,True,True,both,B,CN85lh,6.0,45.3125,-123.0417,N,45.3125,50.091,50.091,6,3275
KG7FGT,KG7FGT,True,True,both,A,CN86,4.0,46.5,-123.0,N,46.5,51.27,51.27,11,19776
KG7LR,KG7LR,True,True,both,B,DN30xm,6.0,40.5208,-112.0417,N,40.5208,47.4,47.4,263,1181100
KG7MVH,KG7MVH,True,True,both,A,CN96rj,6.0,46.3958,-120.5417,N,46.3958,51.644,51.644,56,6995
KG7OF,KG7OF,True,True,both,B,EM89,4.0,39.5,-83.0,N,39.5,48.5,48.5,3,441
KG7OQY,KG7OQY,True,True,both,B,DN17,4.0,47.5,-117.0,N,47.5,53.396,53.396,11,850
KG7OZZ,KG7OZZ,True,True,both,B,DN77pd,6.0,47.1458,-104.7083,N,47.1458,55.01,55.01,4,204
KG7ROG,KG7ROG,True,True,both,B,CN85ql,6.0,45.4792,-122.625,N,45.4792,50.337,50.337,5,647
KG7SCU,KG7SCU,True,True,both,B,DM26jg,6.0,36.2708,-115.2083,N,36.2708,42.643,42.643,7,1156
KG7UHJ,KG7UHJ,True,True,both,B,DM14gb,6.0,34.0625,-117.4583,N,34.0625,40.051,40.051,9,22056
KG7WED,KG7WED,True,True,both,B,CN85ql,6.0,45.4792,-122.625,N,45.4792,50.337,50.337,8,145
KG7YC,KG7YC,True,True,both,A,DM33wo,6.0,33.6042,-112.125,N,33.6042,40.534,40.534,375,692122
KG7YTR,KG7YTR,True,True,both,B,EN91,4.0,41.5,-81.0,N,41.5,50.256,50.256,7,3072
KG7ZMX,KG7ZMX,True,True,both,B,CN84ao,6.0,44.6042,-123.9583,N,44.6042,49.214,49.214,7,435
KG8FQ,KG8FQ,True,True,both,B,EM88,4.0,38.5,-83.0,N,38.5,47.539,47.539,3,526
KG8ZM,KG8ZM,True,True,both,A,EM89px,6.0,39.9792,-82.7083,N,39.9792,48.939,48.939,395,168336
KG9FI,KG9FI,True,True,both,B,EM59gk,6.0,39.4375,-89.4583,N,39.4375,48.662,48.662,5,1327
KG9IV,KG9IV,True,True,both,A,EN44ix,6.0,44.9792,-91.2917,N,44.9792,53.975,53.975,22,71619
KG9NZ,KG9NZ,True,True,both,B,EN80lb,6.0,40.0625,-83.0417,N,40.0625,49.044,49.044,8,3598
KH2R,KH2R,True,True,both,A,FN21,4.0,41.5,-75.0,N,41.5,49.47,49.47,395,30141510
KH6/KL7L,KL7L,True,True,both,B,BL10pw,6.0,20.9375,-156.7083,N,20.9375,21.223,21.223,4,9033
KH6EJ,KH6EJ,True,True,both,A,BK29,4.0,19.5,-155.0,N,19.5,20.114,20.114,344,538181
KH6EKD,KH6EKD,True,True,both,B,BL11cg,6.0,21.2708,-157.7917,N,21.2708,21.388,21.388,4,86
KH6IDF,KH6IDF,True,True,both,A,EL09vt,6.0,29.8125,-98.2083,N,29.8125,38.785,38.785,11,1411
KH6JW,KH6JW,True,True,both,B,BL01xi,6.0,21.3542,-158.0417,N,21.3542,21.431,21.431,3,88
KH6KI,KH6KI,True,True,both,B,EN51wq,6.0,41.6875,-88.125,N,41.6875,50.821,50.821,34,92645
KH6LOL,KH6LOL,True,True,both,A,BL10uu,6.0,20.8542,-156.2917,N,20.8542,21.199,21.199,309,803401
KH6TZ,KH6TZ,True,True,both,A,BL11ch,6.0,21.3125,-157.7917,N,21.3125,21.426,21.426,124,28917
KH7EH,KH7EH,True,True,both,B,BL11ck,6.0,21.4375,-157.7917,N,21.4375,21.54,21.54,4,1056
KH7JF,KH7JF,True,True,both,B,BL01xh,6.0,21.3125,-158.0417,N,21.3125,21.393,21.393,3,21
KI0AU,KI0AU,True,True,both,B,EN20eb,6.0,40.0625,-95.625,N,40.0625,49.039,49.039,3,4372
KI1U,KI1U,True,True,both,B,FN42,4.0,42.5,-71.0,N,42.5,49.721,49.721,3,3384
KI3HG,KI3HG,True,True,both,B,FN20,4.0,40.5,-75.0,N,40.5,48.492,48.492,5,759
KI4C,KI4C,True,True,both,A,EL96,4.0,26.5,-81.0,N,26.5,35.91,35.91,13,65049
KI4ET,KI4ET,True,True,both,B,EM77gt,6.0,37.8125,-85.4583,N,37.8125,47.023,47.023,5,859
KI4FBL,KI4FBL,True,True,both,B,EM88on,6.0,38.5625,-82.7917,N,38.5625,47.583,47.583,10,2221
KI4NVX,KI4NVX,True,True,both,B,FM09vb,6.0,39.0625,-78.2083,N,39.0625,47.581,47.581,16,4696
KI4RBC,KI4RBC,True,True,both,B,EM95qj,6.0,35.3958,-80.625,N,35.3958,44.345,44.345,5,3737
KI4TWB/0,KI4TWB,True,True,both,A,EM72hp,6.0,32.6458,-85.375,N,32.6458,42.063,42.063,260,1884491
KI4UTY,KI4UTY,True,True,both,B,EM73ts,6.0,33.7708,-84.375,N,33.7708,43.093,43.093,6,5552
KI4VGA,KI4VGA,True,True,both,B,EM95jf,6.0,35.2292,-81.2083,N,35.2292,44.246,44.246,5,431
KI4ZUQ,KI4ZUQ,True,True,both,B,EM55jk,6.0,35.4375,-89.2083,N,35.4375,44.809,44.809,51,52462
KI5ADY,KI5ADY,True,True,both,B,EL19av,6.0,29.8958,-97.9583,N,29.8958,38.894,38.894,4,186
KI5AE,KI5AE,True,True,both,B,EM13lb,6.0,33.0625,-97.0417,N,33.0625,42.101,42.101,4,8515
KI5CBG,KI5CBG,True,True,both,A,DM65uc,6.0,35.1042,-106.2917,N,35.1042,42.967,42.967,18,18655
KI5DFU,KI5DFU,True,True,both,A,EM00,4.0,30.5,-99.0,N,30.5,39.377,39.377,18,2746
KI5FTB,KI5FTB,True,True,both,B,EM40va,6.0,30.0208,-90.2083,N,30.0208,39.562,39.562,6,1978
KI5FUP,KI5FUP,True,True,both,A,EM30,4.0,30.5,-93.0,N,30.5,39.904,39.904,13,1073
KI5HBO,KI5HBO,True,True,both,B,EM00ex,6.0,30.9792,-99.625,N,30.9792,39.778,39.778,7,901
KI5HSE,KI5HSE,True,True,both,B,EM12iu,6.0,32.8542,-97.2917,N,32.8542,41.873,41.873,8,819
KI5HYE,KI5HYE,True,True,both,B,EM16,4.0,36.5,-97.0,N,36.5,45.468,45.468,8,3615
KI5J,KI5J,True,True,both,B,DM72ew,6.0,32.9375,-105.625,N,32.9375,40.917,40.917,4,764
KI5JJL,KI5JJL,True,True,both,B,EM20me,6.0,30.1875,-94.9583,N,30.1875,39.462,39.462,4,2106
KI5JPI,KI5JPI,True,True,both,B,EL29cr,6.0,29.7292,-95.7917,N,29.7292,38.942,38.942,3,460
KI5JRY,KI5JRY,True,True,both,A,EM21cr,6.0,31.7292,-95.7917,N,31.7292,40.905,40.905,11,4804
KI5JWS,KI5JWS,True,True,both,B,EM15di,6.0,35.3542,-97.7083,N,35.3542,44.284,44.284,6,7520
KI5JXQ,KI5JXQ,True,True,both,B,DM62qj,6.0,32.3958,-106.625,N,32.3958,40.226,40.226,3,1751
KI5KAT,KI5KAT,True,True,both,B,EM10dj,6.0,30.3958,-97.7083,N,30.3958,39.414,39.414,6,2146
KI5KCH,KI5KCH,True,True,both,B,EM20fd,6.0,30.1458,-95.5417,N,30.1458,39.373,39.373,4,5724
KI5KOX,KI5KOX,True,True,both,B,EM10cm,6.0,30.5208,-97.7917,N,30.5208,39.528,39.528,4,4812
KI5LPZ,KI5LPZ,True,True,both,B,DM65sb,6.0,35.0625,-106.4583,N,35.0625,42.901,42.901,5,14331
KI5LVN,KI5LVN,True,True,both,B,EM23rc,6.0,33.1042,-94.5417,N,33.1042,42.344,42.344,5,40176
KI5MAD,KI5MAD,True,True,both,B,EM13,4.0,33.5,-97.0,N,33.5,42.534,42.534,3,1765
KI5MNA,KI5MNA,True,True,both,A,EL06,4.0,26.5,-99.0,N,26.5,35.408,35.408,23,88871
KI5MPX,KI5MPX,True,True,both,A,DM95bd,6.0,35.1458,-101.875,N,35.1458,43.62,43.62,87,695507
KI5MQY,KI5MQY,True,True,both,B,EM13qa,6.0,33.0208,-96.625,N,33.0208,42.098,42.098,386,3377483
KI5O,KI5O,True,False,wsprnet_only,B,JN45km,6.0,45.5208,8.875,N,45.5208,39.775,39.775,5,24
KI5OMM,KI5OMM,True,True,both,B,EM20,4.0,30.5,-95.0,N,30.5,39.765,39.765,3,6752
KI5OSZ,KI5OSZ,True,True,both,B,EM52,4.0,32.5,-89.0,N,32.5,41.979,41.979,3,4730
KI5PHX,KI5PHX,True,True,both,B,EM11ea,6.0,31.0208,-97.625,N,31.0208,40.038,40.038,9,1118
KI5PPD,KI5PPD,True,True,both,B,EM12,4.0,32.5,-97.0,N,32.5,41.553,41.553,5,458
KI5QAD,KI5QAD,True,True,both,A,EM13,4.0,33.5,-97.0,N,33.5,42.534,42.534,23,26587
KI5QDA,KI5QDA,True,True,both,B,EM12rw,6.0,32.9375,-96.5417,N,32.9375,42.024,42.024,4,4091
KI5QVM,KI5QVM,True,True,both,B,EL19wp,6.0,29.6458,-96.125,N,29.6458,38.83,38.83,5,2788
KI5SBC,KI5SBC,True,True,both,B,EM20ge,6.0,30.1875,-95.4583,N,30.1875,39.421,39.421,5,2704
KI5SRY,KI5SRY,True,True,both,B,EM00,4.0,30.5,-99.0,N,30.5,39.377,39.377,6,9348
KI5SWA,KI5SWA,True,True,both,B,EM10em,6.0,30.5208,-97.625,N,30.5208,39.546,39.546,7,24292
KI5TFA,KI5TFA,True,False,wsprnet_only,A,EM13,4.0,33.5,-97.0,N,33.5,42.534,42.534,12,15
KI5TSG,KI5TSG,True,True,both,B,EM26,4.0,36.5,-95.0,N,36.5,45.621,45.621,3,290
KI5UCP,KI5UCP,True,True,both,B,EL17hr,6.0,27.7292,-97.375,N,27.7292,36.815,36.815,24,10679
KI5UKF,KI5UKF,True,True,both,B,EM10ae,6.0,30.1875,-97.9583,N,30.1875,39.182,39.182,3,781
KI5VJO,KI5VJO,True,True,both,B,EM40xi,6.0,30.3542,-90.0417,N,30.3542,39.889,39.889,4,2200
KI5VJQ,KI5VJQ,True,True,both,B,EL09qb,6.0,29.0625,-98.625,N,29.0625,37.997,37.997,4,606
KI5VNB,KI5VNB,True,True,both,B,EM79xm,6.0,39.5208,-84.0417,N,39.5208,48.59,48.59,5,86
KI5WA,KI5WA,True,True,both,B,EM11jk,6.0,31.4375,-97.2083,N,31.4375,40.49,40.49,5,3322
KI5WTR,KI5WTR,True,True,both,B,DM65pf,6.0,35.2292,-106.7083,N,35.2292,43.028,43.028,10,2052
KI5YWP,KI5YWP,True,True,both,B,EM54,4.0,34.5,-89.0,N,34.5,43.907,43.907,7,8266
KI5ZAZ,KI5ZAZ,True,True,both,B,EM40,4.0,30.5,-91.0,N,30.5,40.0,40.0,5,7115
KI5ZMB,KI5ZMB,True,True,both,B,EM26ca,6.0,36.0208,-95.7917,N,36.0208,45.098,45.098,3,12637
KI5ZND,KI5ZND,True,True,both,A,EM46sb,6.0,36.0625,-90.4583,N,36.0625,45.396,45.396,15,9347
KI5ZUT,KI5ZUT,True,True,both,B,EL29du,6.0,29.8542,-95.7083,N,29.8542,39.072,39.072,20,35960
KI6BCJ,KI6BCJ,True,True,both,A,DM06,4.0,36.5,-119.0,N,36.5,42.18,42.18,20,16617
KI6JL,KI6JL,True,True,both,A,DM04sk,6.0,34.4375,-118.4583,N,34.4375,40.241,40.241,81,322316
KI6NAZ,KI6NAZ,True,True,both,B,DM03,4.0,33.5,-119.0,N,33.5,39.215,39.215,3,668
KI6QDB,KI6QDB,True,True,both,B,DM12mr,6.0,32.7292,-116.9583,N,32.7292,38.818,38.818,5,1364
KI6ZOH,KI6ZOH,True,True,both,B,CM89ck,6.0,39.4375,-123.7917,N,39.4375,44.166,44.166,3,504
KI7BKD,KI7BKD,True,True,both,B,DN13vp,6.0,43.6458,-116.2083,N,43.6458,49.746,49.746,5,709
KI7CFO,KI7CFO,True,True,both,B,DN13,4.0,43.5,-117.0,N,43.5,49.457,49.457,8,5587
KI7DAN,KI7DAN,True,True,both,B,DN40cq,6.0,40.6875,-111.7917,N,40.6875,47.607,47.607,6,64460
KI7DVB,KI7DVB,True,True,both,B,DM42lh,6.0,32.3125,-111.0417,N,32.3125,39.431,39.431,9,22446
KI7DX,KI7DX,True,True,both,A,DN40cq,6.0,40.6875,-111.7917,N,40.6875,47.607,47.607,226,3607553
KI7E,KI7E,True,True,both,A,CN87wr,6.0,47.7292,-122.125,N,47.7292,52.652,52.652,295,463318
KI7HOW,KI7HOW,True,True,both,B,CN84ss,6.0,44.7708,-122.4583,N,44.7708,49.672,49.672,3,143
KI7JOD,KI7JOD,True,True,both,B,CN87qp,6.0,47.6458,-122.625,N,47.6458,52.473,52.473,43,83803
KI7KNM,KI7KNM,True,True,both,B,CN85qk,6.0,45.4375,-122.625,N,45.4375,50.296,50.296,3,656
KI7LBC,KI7LBC,True,True,both,A,CN87tt,6.0,47.8125,-122.375,N,47.8125,52.686,52.686,230,694089
KI7LFD,KI7LFD,True,True,both,A,EN62,4.0,42.5,-87.0,N,42.5,51.581,51.581,299,753584
KI7LPT,KI7LPT,True,True,both,B,DN36ds,6.0,46.7708,-113.7083,N,46.7708,53.266,53.266,5,1106
KI7LYH,KI7LYH,True,True,both,B,CN94od,6.0,44.1458,-120.7917,N,44.1458,49.379,49.379,8,11425
KI7N,KI7N,True,True,both,A,CN85mm,6.0,45.5208,-122.9583,N,45.5208,50.313,50.313,384,1284549
KI7NBQ,KI7NBQ,True,True,both,B,CN82ni,6.0,42.3542,-122.875,N,42.3542,47.211,47.211,3,3938
KI7NZ,KI7NZ,True,True,both,A,CN85,4.0,45.5,-123.0,N,45.5,50.284,50.284,227,3636
KI7NZR,KI7NZR,True,True,both,A,CN85,4.0,45.5,-123.0,N,45.5,50.284,50.284,151,10248
KI7NZS,KI7NZS,True,True,both,A,CN85,4.0,45.5,-123.0,N,45.5,50.284,50.284,148,8680
KI7NZT,KI7NZT,True,True,both,A,CN85,4.0,45.5,-123.0,N,45.5,50.284,50.284,146,5854
KI7NZU,KI7NZU,True,True,both,A,CN85,4.0,45.5,-123.0,N,45.5,50.284,50.284,142,6091
KI7NZV,KI7NZV,True,True,both,A,CN85,4.0,45.5,-123.0,N,45.5,50.284,50.284,376,29207
KI7NZW,KI7NZW,True,True,both,A,CN85,4.0,45.5,-123.0,N,45.5,50.284,50.284,313,11189
KI7NZX,KI7NZX,True,True,both,A,CN85,4.0,45.5,-123.0,N,45.5,50.284,50.284,349,14158
KI7NZY,KI7NZY,True,True,both,A,CN85,4.0,45.5,-123.0,N,45.5,50.284,50.284,318,10453
KI7NZZ,KI7NZZ,True,True,both,A,CN85,4.0,45.5,-123.0,N,45.5,50.284,50.284,246,3913
KI7OXA,KI7OXA,True,True,both,B,DM41mw,6.0,31.9375,-110.9583,N,31.9375,39.071,39.071,4,2086
KI7QZF,KI7QZF,True,True,both,B,CN86nw,6.0,46.9375,-122.875,N,46.9375,51.726,51.726,3,10037
KI7RM,KI7RM,True,True,both,A,CN85qk,6.0,45.4375,-122.625,N,45.4375,50.296,50.296,45,365
KI7SHD,KI7SHD,True,True,both,A,CN85to,6.0,45.6042,-122.375,N,45.6042,50.509,50.509,13,8648
KI7SUT,KI7SUT,True,True,both,B,CN77,4.0,47.5,-125.0,N,47.5,51.861,51.861,3,679
KI7VEM,KI7VEM,True,True,both,B,CN85,4.0,45.5,-123.0,N,45.5,50.284,50.284,4,4433
KI7YNO,KI7YNO,True,True,both,B,DM34rt,6.0,34.8125,-112.5417,N,34.8125,41.664,41.664,5,12693
KI7ZRF,KI7ZRF,True,True,both,B,DN13tp,6.0,43.6458,-116.375,N,43.6458,49.716,49.716,5,4768
KI7ZTH,KI7ZTH,True,True,both,B,CN87uo,6.0,47.6042,-122.2917,N,47.6042,52.497,52.497,5,1133
KI7ZWB,KI7ZWB,True,True,both,B,DM09,4.0,39.5,-119.0,N,39.5,45.141,45.141,235,817386
KI8FW,KI8FW,True,True,both,B,EM79vk,6.0,39.4375,-84.2083,N,39.4375,48.52,48.52,26,17834
KI8IR,KI8IR,True,True,both,B,EM79pr,6.0,39.7292,-84.7083,N,39.7292,48.828,48.828,7,787
KI8KR,KI8KR,True,True,both,B,EN74dr,6.0,44.7292,-85.7083,N,44.7292,53.682,53.682,7,8611
KI8R,KI8R,True,True,both,A,EM89pr,6.0,39.7292,-82.7083,N,39.7292,48.698,48.698,22,44402
KI9LSI,KI9LSI,True,True,both,B,EN62,4.0,42.5,-87.0,N,42.5,51.581,51.581,7,322
KJ0P,KJ0P,True,True,both,B,EN34,4.0,44.5,-93.0,N,44.5,53.465,53.465,4,7446
KJ4BED,KJ4BED,True,True,both,B,EM74sh,6.0,34.3125,-84.4583,N,34.3125,43.616,43.616,3,798
KJ4FGI,KJ4FGI,True,True,both,A,EL98ee,6.0,28.1875,-81.625,N,28.1875,37.569,37.569,30,537978
KJ4FMH,KJ4FMH,True,True,both,B,EM10,4.0,30.5,-97.0,N,30.5,39.588,39.588,9,79453
KJ4FRL,KJ4FRL,True,True,both,A,FM18,4.0,38.5,-77.0,N,38.5,46.865,46.865,44,29281
KJ4GL,KJ4GL,True,True,both,A,EM66,4.0,36.5,-87.0,N,36.5,45.813,45.813,11,38907
KJ4HKE,KJ4HKE,True,True,both,B,EM86nj,6.0,36.3958,-82.875,N,36.3958,45.51,45.51,5,1852
KJ4HVL,KJ4HVL,True,True,both,B,EM88cp,6.0,38.6458,-83.7917,N,38.6458,47.734,47.734,5,2933
KJ4IHN,KJ4IHN,True,True,both,A,EM63ob,6.0,33.0625,-86.7917,N,33.0625,42.506,42.506,133,729615
KJ4IR,KJ4IR,True,True,both,A,EM90cg,6.0,30.2708,-81.7917,N,30.2708,39.565,39.565,115,262844
KJ4IXG,KJ4IXG,True,True,both,B,EM66tj,6.0,36.3958,-86.375,N,36.3958,45.696,45.696,3,2405
KJ4JWM,KJ4JWM,True,True,both,B,EM85qn,6.0,35.5625,-82.625,N,35.5625,44.691,44.691,7,19744
KJ4LYH,KJ4LYH,True,True,both,B,CN87rd,6.0,47.1458,-122.5417,N,47.1458,51.996,51.996,6,1168
KJ4M,KJ4M,True,True,both,B,EM63ql,6.0,33.4792,-86.625,N,33.4792,42.902,42.902,4,16287
KJ4OCE,KJ4OCE,True,True,both,B,FM18,4.0,38.5,-77.0,N,38.5,46.865,46.865,14,22429
KJ4OOR,KJ4OOR,True,True,both,B,EM86vg,6.0,36.2708,-82.2083,N,36.2708,45.336,45.336,11,5586
KJ4PDG,KJ4PDG,True,True,both,B,EL95sp,6.0,25.6458,-80.4583,N,25.6458,35.046,35.046,3,1238
KJ4PRT,KJ4PRT,True,True,both,B,FN42kk,6.0,42.4375,-71.125,N,42.4375,49.684,49.684,8,7599
KJ4RGS,KJ4RGS,True,True,both,B,EM76,4.0,36.5,-85.0,N,36.5,45.742,45.742,3,508
KJ4RWD,KJ4RWD,True,True,both,B,EM60rt,6.0,30.8125,-86.5417,N,30.8125,40.34,40.34,8,2682
KJ4UVS,KJ4UVS,True,True,both,B,EM38,4.0,38.5,-93.0,N,38.5,47.672,47.672,8,39
KJ4WQ,KJ4WQ,True,True,both,B,FM17fn,6.0,37.5625,-77.5417,N,37.5625,46.038,46.038,3,459
KJ4WSR,KJ4WSR,True,True,both,B,EM98ks,6.0,38.7708,-81.125,N,38.7708,47.638,47.638,3,505
KJ4YM,KJ4YM,True,True,both,B,EM73sx,6.0,33.9792,-84.4583,N,33.9792,43.297,43.297,9,37209
KJ4YYU,KJ4YYU,True,True,both,A,FM16,4.0,36.5,-77.0,N,36.5,44.931,44.931,12,9581
KJ5ACR,KJ5ACR,True,True,both,B,EM22mj,6.0,32.3958,-94.9583,N,32.3958,41.623,41.623,4,6881
KJ5BNV,KJ5BNV,True,True,both,A,EM24xv,6.0,34.8958,-94.0417,N,34.8958,44.122,44.122,13,6443
KJ5BPB,KJ5BPB,True,True,both,A,EM13pc,6.0,33.1042,-96.7083,N,33.1042,42.172,42.172,11,8867
KJ5BT,KJ5BT,True,True,both,B,EM04hx,6.0,34.9792,-99.375,N,34.9792,43.748,43.748,47,345756
KJ5CAL,KJ5CAL,True,True,both,B,EL29,4.0,29.5,-95.0,N,29.5,38.785,38.785,5,3238
KJ5DFD,KJ5DFD,True,True,both,B,EL29hs,6.0,29.7708,-95.375,N,29.7708,39.019,39.019,4,6332
KJ5DVB,KJ5DVB,True,True,both,A,EM30xe,6.0,30.1875,-92.0417,N,30.1875,39.652,39.652,10,2044
KJ5ELX,KJ5ELX,True,True,both,A,EL29dv,6.0,29.8958,-95.7083,N,29.8958,39.113,39.113,39,12611
KJ5EWT,KJ5EWT,True,True,both,B,EM26vg,6.0,36.2708,-94.2083,N,36.2708,45.448,45.448,12,55383
KJ5HBN,KJ5HBN,True,True,both,B,DM61tw,6.0,31.9375,-106.375,N,31.9375,39.808,39.808,5,2081
KJ5HEO,KJ5HEO,True,True,both,B,EM24wm,6.0,34.5208,-94.125,N,34.5208,43.752,43.752,18,17509
KJ5HPC,KJ5HPC,True,True,both,B,EM00bm,6.0,30.5208,-99.875,N,30.5208,39.295,39.295,3,839
KJ5HRY,KJ5HRY,True,True,both,B,DM65ud,6.0,35.1458,-106.2917,N,35.1458,43.008,43.008,5,2318
KJ5HTG,KJ5HTG,True,True,both,A,EM13pb,6.0,33.0625,-96.7083,N,33.0625,42.132,42.132,10,27069
KJ5IBH,KJ5IBH,True,True,both,B,EM10,4.0,30.5,-97.0,N,30.5,39.588,39.588,40,21300
KJ5ICR,KJ5ICR,True,True,both,A,EM10em,6.0,30.5208,-97.625,N,30.5208,39.546,39.546,16,23583
KJ5IJM,KJ5IJM,True,True,both,B,EM12,4.0,32.5,-97.0,N,32.5,41.553,41.553,6,1117
KJ5IOQ,KJ5IOQ,True,True,both,B,EM30kr,6.0,30.7292,-93.125,N,30.7292,40.12,40.12,4,4163
KJ5IRO,KJ5IRO,True,True,both,B,EM12,4.0,32.5,-97.0,N,32.5,41.553,41.553,3,587
KJ5IUM,KJ5IUM,True,True,both,A,EM22ig,6.0,32.2708,-95.2917,N,32.2708,41.475,41.475,16,6730
KJ5JAK,KJ5JAK,True,True,both,B,EM13qf,6.0,33.2292,-96.625,N,33.2292,42.302,42.302,5,28
KJ5JDZ,KJ5JDZ,True,True,both,A,EM45,4.0,35.5,-91.0,N,35.5,44.84,44.84,19,15663
KJ5JHX,KJ5JHX,True,True,both,A,EM13qd,6.0,33.1458,-96.625,N,33.1458,42.221,42.221,28,5514
KJ5JJL,KJ5JJL,True,True,both,B,EM26vc,6.0,36.1042,-94.2083,N,36.1042,45.286,45.286,8,391
KJ5JPN,KJ5JPN,True,True,both,B,EM10cd,6.0,30.1458,-97.7917,N,30.1458,39.159,39.159,8,27197
KJ5KCZ,KJ5KCZ,True,True,both,B,EL29,4.0,29.5,-95.0,N,29.5,38.785,38.785,3,453
KJ5KGZ,KJ5KGZ,True,True,both,A,EM13sa,6.0,33.0208,-96.4583,N,33.0208,42.113,42.113,14,9751
KJ5KKC,KJ5KKC,True,True,both,B,EM14,4.0,34.5,-97.0,N,34.5,43.513,43.513,9,3362
KJ5KL,KJ5KL,True,True,both,B,DM56xt,6.0,36.8125,-108.0417,N,36.8125,44.39,44.39,4,684
KJ5KVV,KJ5KVV,True,True,both,B,CM87,4.0,37.5,-123.0,N,37.5,42.415,42.415,5,983
KJ5KXN,KJ5KXN,True,True,both,B,EL29,4.0,29.5,-95.0,N,29.5,38.785,38.785,3,151
KJ5LMZ,KJ5LMZ,True,True,both,B,EM11nu,6.0,31.8542,-96.875,N,31.8542,40.931,40.931,3,2931
KJ5LQN,KJ5LQN,True,True,both,A,DM65pd,6.0,35.1458,-106.7083,N,35.1458,42.946,42.946,12,490
KJ5LSO,KJ5LSO,True,True,both,A,EM01mq,6.0,31.6875,-98.9583,N,31.6875,40.554,40.554,38,336188
KJ5LWY,KJ5LWY,True,True,both,B,EL09qs,6.0,29.7708,-98.625,N,29.7708,38.698,38.698,4,606
KJ5MAX,KJ5MAX,True,True,both,B,EM50,4.0,30.5,-89.0,N,30.5,40.049,40.049,3,198
KJ5MBY,KJ5MBY,True,True,both,B,EM12,4.0,32.5,-97.0,N,32.5,41.553,41.553,3,193
KJ5MLM,KJ5MLM,True,True,both,A,EM32,4.0,32.5,-93.0,N,32.5,41.851,41.851,45,46649
KJ5MTE,KJ5MTE,True,True,both,A,EM40jj,6.0,30.3958,-91.2083,N,30.3958,39.891,39.891,10,48024
KJ5MTR,KJ5MTR,True,True,both,B,EM10em,6.0,30.5208,-97.625,N,30.5208,39.546,39.546,207,314008
KJ5NGK,KJ5NGK,True,True,both,B,EM26de,6.0,36.1875,-95.7083,N,36.1875,45.266,45.266,30,21445
KJ5NWU,KJ5NWU,True,True,both,B,EM13pa,6.0,33.0208,-96.7083,N,33.0208,42.091,42.091,6,5696
KJ5OBG,KJ5OBG,True,True,both,B,EM50am,6.0,30.5208,-89.9583,N,30.5208,40.052,40.052,6,6107
KJ5OYM,KJ5OYM,True,True,both,B,DM75ap,6.0,35.6458,-105.9583,N,35.6458,43.553,43.553,9,4170
KJ5PLV,KJ5PLV,True,True,both,B,EL09,4.0,29.5,-99.0,N,29.5,38.387,38.387,3,70
KJ5QAW,KJ5QAW,True,True,both,B,EM12pi,6.0,32.3542,-96.7083,N,32.3542,41.437,41.437,4,11252
KJ5SZ,KJ5SZ,True,True,both,A,EM32,4.0,32.5,-93.0,N,32.5,41.851,41.851,358,1096123
KJ5TN,KJ5TN,True,True,both,B,EM25ei,6.0,35.3542,-95.625,N,35.3542,44.46,44.46,4,757
KJ5YZ,KJ5YZ,True,True,both,B,EM14er,6.0,34.7292,-97.625,N,34.7292,43.68,43.68,4,4310
KJ6AMR,KJ6AMR,True,True,both,B,DM33tl,6.0,33.4792,-112.375,N,33.4792,40.367,40.367,3,1164
KJ6BXN,KJ6BXN,True,True,both,A,DM12jq,6.0,32.6875,-117.2083,N,32.6875,38.732,38.732,20,7106
KJ6GSV,KJ6GSV,True,True,both,B,DM04,4.0,34.5,-119.0,N,34.5,40.204,40.204,4,1310
KJ6HMV,KJ6HMV,True,True,both,A,CM99lg,6.0,39.2708,-121.0417,N,39.2708,44.529,44.529,390,1782884
KJ6HZ,KJ6HZ,True,True,both,B,DM13hx,6.0,33.9792,-117.375,N,33.9792,39.983,39.983,4,5492
KJ6ST,KJ6ST,True,True,both,A,CM97,4.0,37.5,-121.0,N,37.5,42.793,42.793,23,49954
KJ6SVA,KJ6SVA,True,True,both,A,DM13,4.0,33.5,-117.0,N,33.5,39.576,39.576,11,42727
KJ6VCX,KJ6VCX,True,True,both,B,DM13co,6.0,33.6042,-117.7917,N,33.6042,39.537,39.537,7,183
KJ6WU,KJ6WU,True,True,both,A,EM22,4.0,32.5,-95.0,N,32.5,41.722,41.722,25,140780
KJ7AOA,KJ7AOA,True,True,both,A,DM42ki,6.0,32.3542,-111.125,N,32.3542,39.458,39.458,10,5815
KJ7BS,KJ7BS,True,True,both,B,DM33vo,6.0,33.6042,-112.2083,N,33.6042,40.52,40.52,9,6195
KJ7CBO,KJ7CBO,True,True,both,A,CN87,4.0,47.5,-123.0,N,47.5,52.256,52.256,30,3654
KJ7EZP,KJ7EZP,True,True,both,A,CN85,4.0,45.5,-123.0,N,45.5,50.284,50.284,70,560262
KJ7JFN,KJ7JFN,True,True,both,B,CN85wj,6.0,45.3958,-122.125,N,45.3958,50.352,50.352,7,475
KJ7KGQ,KJ7KGQ,True,True,both,B,DN40dd,6.0,40.1458,-111.7083,N,40.1458,47.087,47.087,18,45612
KJ7LSM,KJ7LSM,True,True,both,B,EM65mk,6.0,35.4375,-86.9583,N,35.4375,44.791,44.791,4,4561
KJ7LVZ,KJ7LVZ,True,True,both,B,DM58hi,6.0,38.3542,-109.375,N,38.3542,45.703,45.703,7,11686
KJ7NCT,KJ7NCT,True,True,both,B,DN07ic,6.0,47.1042,-119.2917,N,47.1042,52.58,52.58,3,212
KJ7NUZ,KJ7NUZ,True,True,both,B,CN73vj,6.0,43.3958,-124.2083,N,43.3958,47.975,47.975,8,1292
KJ7OCP,KJ7OCP,True,True,both,A,DN30tk,6.0,40.4375,-112.375,N,40.4375,47.261,47.261,38,17486
KJ7OER,KJ7OER,True,True,both,B,DN17px,6.0,47.9792,-116.7083,N,47.9792,53.921,53.921,6,28359
KJ7PEJ,KJ7PEJ,True,True,both,B,DN40bv,6.0,40.8958,-111.875,N,40.8958,47.798,47.798,7,4152
KJ7QVE,KJ7QVE,True,True,both,B,DM33,4.0,33.5,-113.0,N,33.5,40.281,40.281,13,8872
KJ7SBJ,KJ7SBJ,True,True,both,B,DM43hh,6.0,33.3125,-111.375,N,33.3125,40.371,40.371,6,7680
KJ7SNW,KJ7SNW,True,True,both,A,CN85,4.0,45.5,-123.0,N,45.5,50.284,50.284,20,95568
KJ7UKA,KJ7UKA,True,True,both,B,DM43bg,6.0,33.2708,-111.875,N,33.2708,40.245,40.245,17,17609
KJ7VJG,KJ7VJG,True,True,both,A,DM34um,6.0,34.5208,-112.2917,N,34.5208,41.417,41.417,24,2592
KJ7WFX,KJ7WFX,True,True,both,B,DN76ui,6.0,46.3542,-104.2917,N,46.3542,54.293,54.293,8,6698
KJ7WHD,KJ7WHD,True,True,both,B,DN13tp,6.0,43.6458,-116.375,N,43.6458,49.716,49.716,4,1745
KJ7ZES,KJ7ZES,True,True,both,B,DN41ah,6.0,41.3125,-111.9583,N,41.3125,48.195,48.195,5,1503
KJ7ZMH,KJ7ZMH,True,True,both,B,CN85rp,6.0,45.6458,-122.5417,N,45.6458,50.518,50.518,4,10022
KJ7ZPJ,KJ7ZPJ,True,True,both,B,DN40bv,6.0,40.8958,-111.875,N,40.8958,47.798,47.798,5,3923
KJ8G,KJ8G,True,True,both,B,EN80qe,6.0,40.1875,-82.625,N,40.1875,49.133,49.133,3,151
KK0JS,KK0JS,True,True,both,A,EM28nx,6.0,38.9792,-94.875,N,38.9792,48.037,48.037,46,352915
KK1D,KK1D,True,True,both,A,FN31vi,6.0,41.3542,-72.2083,N,41.3542,48.823,48.823,267,853603
KK1X,KK1X,True,True,both,B,FN42en,6.0,42.5625,-71.625,N,42.5625,49.908,49.908,6,6681
KK2DX,KK2DX,True,True,both,A,FN45gb,6.0,45.0625,-71.4583,N,45.0625,52.366,52.366,68,812506
KK4AK,KK4AK,True,True,both,B,FM03ln,6.0,33.5625,-79.0417,N,33.5625,42.402,42.402,3,2118
KK4BCN,KK4BCN,True,True,both,B,EL09,4.0,29.5,-99.0,N,29.5,38.387,38.387,4,382
KK4CGL,KK4CGL,True,True,both,A,EM40xl,6.0,30.4792,-90.0417,N,30.4792,40.01,40.01,37,76523
KK4DAS,KK4DAS,True,True,both,A,FM18ix,6.0,38.9792,-77.2917,N,38.9792,47.373,47.373,41,246957
KK4EOU,KK4EOU,True,True,both,A,FM16uv,6.0,36.8958,-76.2917,N,36.8958,45.201,45.201,22,76803
KK4FEE,KK4FEE,True,True,both,A,EL98,4.0,28.5,-81.0,N,28.5,37.807,37.807,70,655822
KK4GGL,KK4GGL,True,True,both,A,EL99iu,6.0,29.8542,-81.2917,N,29.8542,39.122,39.122,22,3182
KK4HAM,KK4HAM,True,True,both,B,EL89xe,6.0,29.1875,-82.0417,N,29.1875,38.556,38.556,3,5095
KK4INZ,KK4INZ,True,True,both,A,EL89sp,6.0,29.6458,-82.4583,N,29.6458,39.026,39.026,325,3847546
KK4ITX,KK4ITX,True,True,both,B,EL88wf,6.0,28.2292,-82.125,N,28.2292,37.651,37.651,34,6803
KK4JGV,KK4JGV,True,True,both,A,FM18gu,6.0,38.8542,-77.4583,N,38.8542,47.276,47.276,10,5679
KK4JI,KK4JI,True,True,both,B,EL96ap,6.0,26.6458,-81.9583,N,26.6458,36.134,36.134,6,34764
KK4JOE,KK4JOE,True,True,both,A,EM60lq,6.0,30.6875,-87.0417,N,30.6875,40.229,40.229,35,118484
KK4LH,KK4LH,True,True,both,B,EM95sp,6.0,35.6458,-80.4583,N,35.6458,44.567,44.567,4,1137
KK4LNS,KK4LNS,True,True,both,B,EM66pe,6.0,36.1875,-86.7083,N,36.1875,45.505,45.505,13,471
KK4LZU,KK4LZU,True,True,both,B,EM72fp,6.0,32.6458,-85.5417,N,32.6458,42.069,42.069,9,3775
KK4NDU,KK4NDU,True,True,both,A,EM60,4.0,30.5,-87.0,N,30.5,40.048,40.048,394,4875505
KK4NLK,KK4NLK,True,True,both,A,EM84bf,6.0,34.2292,-83.875,N,34.2292,43.503,43.503,12,35957
KK4OHF,KK4OHF,True,True,both,B,EM73nt,6.0,33.8125,-84.875,N,33.8125,43.159,43.159,4,3032
KK4RF,KK4RF,True,True,both,B,FM16,4.0,36.5,-77.0,N,36.5,44.931,44.931,6,7286
KK4RR,KK4RR,True,True,both,B,EM95xx,6.0,35.9792,-80.0417,N,35.9792,44.84,44.84,3,1161
KK4TJH,KK4TJH,True,True,both,B,FM06na,6.0,36.0208,-78.875,N,36.0208,44.737,44.737,3,2710
KK4UCG,KK4UCG,True,True,both,B,EM95aa,6.0,35.0208,-81.9583,N,35.0208,44.116,44.116,6,860
KK4UNE,KK4UNE,True,True,both,A,FM15kb,6.0,35.0625,-77.125,N,35.0625,43.565,43.565,64,5710
KK4WJF,KK4WJF,True,True,both,B,EM95kg,6.0,35.2708,-81.125,N,35.2708,44.277,44.277,61,28614
KK4YQZ,KK4YQZ,True,True,both,B,DM79op,6.0,39.6458,-104.7917,N,39.6458,47.665,47.665,3,241
KK5DB,KK5DB,True,True,both,B,DN18,4.0,48.5,-117.0,N,48.5,54.38,54.38,27,32604
KK5PY,KK5PY,True,True,both,A,EM26,4.0,36.5,-95.0,N,36.5,45.621,45.621,367,2253767
KK6F,KK6F,True,True,both,A,DM04,4.0,34.5,-119.0,N,34.5,40.204,40.204,16,9753
KK6FFP,KK6FFP,True,True,both,B,DM26ih,6.0,36.3125,-115.2917,N,36.3125,42.67,42.67,6,705
KK6HPB,KK6HPB,True,True,both,A,CM98qj,6.0,38.3958,-120.625,N,38.3958,43.747,43.747,26,32030
KK6KHD,KK6KHD,True,True,both,A,CN88ic,6.0,48.1042,-123.2917,N,48.1042,52.794,52.794,20,18921
KK6L,KK6L,True,True,both,B,DN17,4.0,47.5,-117.0,N,47.5,53.396,53.396,4,3812
KK6P,KK6P,True,True,both,B,DM03,4.0,33.5,-119.0,N,33.5,39.215,39.215,11,3715
KK6PXP,KK6PXP,True,True,both,A,CM87vt,6.0,37.8125,-122.2083,N,37.8125,42.872,42.872,354,299657
KK6TG,KK6TG,True,True,both,B,CM88ql,6.0,38.4792,-122.625,N,38.4792,43.449,43.449,110,18907
KK6UTC,KK6UTC,True,True,both,B,CM87,4.0,37.5,-123.0,N,37.5,42.415,42.415,8,3243
KK7AUZ,KK7AUZ,True,True,both,A,DM42of,6.0,32.2292,-110.7917,N,32.2292,39.39,39.39,16,15068
KK7BNZ,KK7BNZ,True,True,both,B,DM37,4.0,37.5,-113.0,N,37.5,44.25,44.25,3,70
KK7COD,KK7COD,True,True,both,B,DM09,4.0,39.5,-119.0,N,39.5,45.141,45.141,7,3105
KK7DNX,KK7DNX,True,True,both,B,EM98mk,6.0,38.4375,-80.9583,N,38.4375,47.301,47.301,15,46775
KK7DPN,KK7DPN,True,True,both,B,EM79,4.0,39.5,-85.0,N,39.5,48.623,48.623,9,21606
KK7DTB,KK7DTB,True,True,both,B,DM33xl,6.0,33.4792,-112.0417,N,33.4792,40.424,40.424,7,3530
KK7EEV,KK7EEV,True,True,both,A,CN87wp,6.0,47.6458,-122.125,N,47.6458,52.57,52.57,35,154679
KK7EUJ,KK7EUJ,True,True,both,B,FM05pw,6.0,35.9375,-78.7083,N,35.9375,44.635,44.635,5,1551
KK7GFP,KK7GFP,True,True,both,A,DM33xv,6.0,33.8958,-112.0417,N,33.8958,40.839,40.839,188,837040
KK7GPR,KK7GPR,True,True,both,A,DM42oc,6.0,32.1042,-110.7917,N,32.1042,39.265,39.265,103,188930
KK7HCZ,KK7HCZ,True,True,both,A,CN85pl,6.0,45.4792,-122.7083,N,45.4792,50.321,50.321,17,7891
KK7HHN,KK7HHN,True,True,both,B,CN87tt,6.0,47.8125,-122.375,N,47.8125,52.686,52.686,5,5033
KK7HUT,KK7HUT,True,True,both,B,CN87ug,6.0,47.2708,-122.2917,N,47.2708,52.168,52.168,3,309
KK7IBY,KK7IBY,True,True,both,A,CN87,4.0,47.5,-123.0,N,47.5,52.256,52.256,36,34379
KK7IXU,KK7IXU,True,True,both,A,CN87,4.0,47.5,-123.0,N,47.5,52.256,52.256,98,379318
KK7JBX,KK7JBX,True,True,both,B,CN83gb,6.0,43.0625,-123.4583,N,43.0625,47.794,47.794,4,790
KK7JV,KK7JV,True,True,both,B,CN87th,6.0,47.3125,-122.375,N,47.3125,52.193,52.193,5,670
KK7KOY,KK7KOY,True,True,both,B,CN86mn,6.0,46.5625,-122.9583,N,46.5625,51.34,51.34,6,2168
KK7L,KK7L,True,True,both,B,DN40bi,6.0,40.3542,-111.875,N,40.3542,47.264,47.264,5,2161
KK7LGZ,KK7LGZ,True,True,both,B,CN85ol,6.0,45.4792,-122.7917,N,45.4792,50.305,50.305,4,1055
KK7MIE,KK7MIE,True,True,both,B,DN13rn,6.0,43.5625,-116.5417,N,43.5625,49.603,49.603,7,849
KK7MOK,KK7MOK,True,True,both,B,DM42oe,6.0,32.1875,-110.7917,N,32.1875,39.348,39.348,21,10115
KK7NJK,KK7NJK,True,True,both,B,DN40aq,6.0,40.6875,-111.9583,N,40.6875,47.579,47.579,3,1858
KK7NPK,KK7NPK,True,True,both,B,CN87na,6.0,47.0208,-122.875,N,47.0208,51.808,51.808,55,600737
KK7O,KK7O,True,True,both,B,DM43dl,6.0,33.4792,-111.7083,N,33.4792,40.481,40.481,4,2504
KK7OEA,KK7OEA,True,True,both,B,DN40bn,6.0,40.5625,-111.875,N,40.5625,47.47,47.47,3,969
KK7OIW,KK7OIW,True,True,both,B,DM42of,6.0,32.2292,-110.7917,N,32.2292,39.39,39.39,4,2304
KK7OOG,KK7OOG,True,True,both,B,DN17kq,6.0,47.6875,-117.125,N,47.6875,53.558,53.558,4,148
KK7OTQ,KK7OTQ,True,True,both,A,CN85nm,6.0,45.5208,-122.875,N,45.5208,50.329,50.329,19,152
KK7OYV,KK7OYV,True,True,both,B,DN40cq,6.0,40.6875,-111.7917,N,40.6875,47.607,47.607,3,4218
KK7PAG,KK7PAG,True,True,both,B,DM41,4.0,31.5,-111.0,N,31.5,38.627,38.627,3,7673
KK7PPB,KK7PPB,True,True,both,B,CN86nd,6.0,46.1458,-122.875,N,46.1458,50.945,50.945,3,4765
KK7PZU,KK7PZU,True,True,both,B,CN87vs,6.0,47.7708,-122.2083,N,47.7708,52.677,52.677,6,679
KK7QAM,KK7QAM,True,True,both,B,DN71od,6.0,41.1458,-104.7917,N,41.1458,49.137,49.137,6,4470
KK7QIU,KK7QIU,True,True,both,B,DM43cg,6.0,33.2708,-111.7917,N,33.2708,40.259,40.259,9,20747
KK7RPI,KK7RPI,True,True,both,B,CN87wu,6.0,47.8542,-122.125,N,47.8542,52.776,52.776,9,2130
KK7RWK,KK7RWK,True,True,both,B,CN87tq,6.0,47.6875,-122.375,N,47.6875,52.563,52.563,8,2182
KK7SDR,KK7SDR,True,True,both,B,DM37lr,6.0,37.7292,-113.0417,N,37.7292,44.469,44.469,43,34831
KK7SFQ,KK7SFQ,True,True,both,A,DM26kd,6.0,36.1458,-115.125,N,36.1458,42.535,42.535,11,4552
KK7SKW,KK7SKW,True,True,both,B,DM09,4.0,39.5,-119.0,N,39.5,45.141,45.141,6,832
KK7SRF,KK7SRF,True,True,both,A,CN95,4.0,45.5,-121.0,N,45.5,50.673,50.673,12,17836
KK7SRM,KK7SRM,True,True,both,A,DM34sw,6.0,34.9375,-112.4583,N,34.9375,41.803,41.803,10,18961
KK7SWV,KK7SWV,True,True,both,B,CN87,4.0,47.5,-123.0,N,47.5,52.256,52.256,7,794
KK7TIF,KK7TIF,True,True,both,B,DM43cl,6.0,33.4792,-111.7917,N,33.4792,40.467,40.467,9,20072
KK7UIA,KK7UIA,True,True,both,B,CN88jc,6.0,48.1042,-123.2083,N,48.1042,52.811,52.811,4,283
KK7UJW,KK7UJW,True,True,both,B,CN87qn,6.0,47.5625,-122.625,N,47.5625,52.391,52.391,41,42344
KK7UVO,KK7UVO,True,True,both,A,DM26la,6.0,36.0208,-115.0417,N,36.0208,42.425,42.425,72,579645
KK7VBC,KK7VBC,True,True,both,B,DN62uu,6.0,42.8542,-106.2917,N,42.8542,50.603,50.603,3,1779
KK7VBI,KK7VBI,True,True,both,A,DN30un,6.0,40.5625,-112.2917,N,40.5625,47.399,47.399,10,2142
KK7VLU,KK7VLU,True,True,both,A,DM42oc,6.0,32.1042,-110.7917,N,32.1042,39.265,39.265,17,2769
KK7VNR,KK7VNR,True,True,both,B,CN87uu,6.0,47.8542,-122.2917,N,47.8542,52.743,52.743,4,7665
KK7WAO,KK7WAO,True,True,both,B,CN87,4.0,47.5,-123.0,N,47.5,52.256,52.256,3,102
KK7WBH,KK7WBH,True,True,both,A,DM42nh,6.0,32.3125,-110.875,N,32.3125,39.459,39.459,27,54358
KK7WDO,KK7WDO,True,True,both,B,CN87uj,6.0,47.3958,-122.2917,N,47.3958,52.291,52.291,3,2047
KK7WZ,KK7WZ,True,True,both,B,CN85,4.0,45.5,-123.0,N,45.5,50.284,50.284,5,2279
KK7YJU,KK7YJU,True,True,both,B,CN84nu,6.0,44.8542,-122.875,N,44.8542,49.673,49.673,3,173
KK9FOX,KK9FOX,True,True,both,B,FM72ng,6.0,32.2708,-64.875,N,32.2708,37.787,37.787,5,5324
KK9H,KK9H,True,True,both,B,EN62cc,6.0,42.1042,-87.7917,N,42.1042,51.217,51.217,6,27056
KK9H/2,KK9H,True,False,wsprnet_only,B,CN84rt,6.0,44.8125,-122.5417,N,44.8125,49.697,49.697,3,18
KL0W,KL0W,True,True,both,B,DN41,4.0,41.5,-111.0,N,41.5,48.541,48.541,6,17980
KL1IN,KL1IN,True,True,both,B,BP51ho,6.0,61.6042,-149.375,N,61.6042,61.312,61.312,3,407
KL1LF,KL1LF,True,True,both,B,EM60rt,6.0,30.8125,-86.5417,N,30.8125,40.34,40.34,17,2393
KL2R,KL2R,True,True,both,A,BP64ku,6.0,64.8542,-147.125,N,64.8542,65.053,65.053,257,61383
KL3G,KL3G,True,True,both,B,BP51gk,6.0,61.4375,-149.4583,N,61.4375,61.125,61.125,4,2885
KL3RR,KL3RR,True,True,both,B,BP51ad,6.0,61.1458,-149.9583,N,61.1458,60.737,60.737,3,219
KL4RL,KL4RL,True,True,both,B,EM85,4.0,35.5,-83.0,N,35.5,44.66,44.66,6,555
KL5NE,KL5NE,True,True,both,B,BP51jp,6.0,61.6458,-149.2083,N,61.6458,61.384,61.384,9,4986
KL5PF,KL5PF,True,True,both,B,BP64dv,6.0,64.8958,-147.7083,N,64.8958,64.999,64.999,7,9579
KL5XS,KL5XS,True,True,both,A,CO28th,6.0,58.3125,-134.375,N,58.3125,60.735,60.735,22,6046
KL6A,KL6A,True,True,both,B,BP51ho,6.0,61.6042,-149.375,N,61.6042,61.312,61.312,4,489
KL7BRD,KL7BRD,True,True,both,A,BP51bf,6.0,61.2292,-149.875,N,61.2292,60.838,60.838,21,27821
KL7KTC,KL7KTC,True,True,both,B,DM43ai,6.0,33.3542,-111.9583,N,33.3542,40.314,40.314,24,99598
KL7L,KL7L,True,True,both,B,BP51ip,6.0,61.6458,-149.2917,N,61.6458,61.369,61.369,109,155617
KL7MJ,KL7MJ,True,True,both,A,FM18,4.0,38.5,-77.0,N,38.5,46.865,46.865,29,2291
KL7QN,KL7QN,True,True,both,A,BP51dc,6.0,61.1042,-149.7083,N,61.1042,60.737,60.737,392,90151
KL7QT,KL7QT,True,True,both,A,BP64,4.0,64.5,-147.0,N,64.5,64.709,64.709,395,168681
KL7VO,KL7VO,True,True,both,A,FN24me,6.0,44.1875,-74.9583,N,44.1875,52.1,52.1,308,923655
KL7VX,KL7VX,True,True,both,B,BP51kn,6.0,61.5625,-149.125,N,61.5625,61.312,61.312,3,222
KL7Y,KL7Y,True,True,both,B,EM73xe,6.0,33.1875,-84.0417,N,33.1875,42.516,42.516,5,5791
KM0MOE,KM0MOE,True,True,both,B,EN34es,6.0,44.7708,-93.625,N,44.7708,53.701,53.701,3,847
KM1NDY,KM1NDY,True,True,both,A,FN42li,6.0,42.3542,-71.0417,N,42.3542,49.584,49.584,44,222386
KM3DR,KM3DR,True,True,both,B,FM18,4.0,38.5,-77.0,N,38.5,46.865,46.865,5,521
KM3G,KM3G,True,True,both,A,FM19,4.0,39.5,-77.0,N,39.5,47.835,47.835,11,18688
KM4BJ,KM4BJ,True,True,both,B,FM08wl,6.0,38.4792,-78.125,N,38.4792,47.006,47.006,4,1518
KM4BL,KM4BL,True,True,both,A,EL96,4.0,26.5,-81.0,N,26.5,35.91,35.91,376,684436
KM4CCH,KM4CCH,True,True,both,B,FM18hx,6.0,38.9792,-77.375,N,38.9792,47.385,47.385,6,1567
KM4CJ,KM4CJ,True,True,both,A,EM64rr,6.0,34.7292,-86.5417,N,34.7292,44.1,44.1,370,153629
KM4FBJ,KM4FBJ,True,True,both,B,EL98,4.0,28.5,-81.0,N,28.5,37.807,37.807,5,169
KM4FLG,KM4FLG,True,True,both,B,EM85to,6.0,35.6042,-82.375,N,35.6042,44.711,44.711,7,3433
KM4FZH,KM4FZH,True,True,both,B,FM18hx,6.0,38.9792,-77.375,N,38.9792,47.385,47.385,4,36
KM4HFB,KM4HFB,True,True,both,B,FM18fg,6.0,38.2708,-77.5417,N,38.2708,46.723,46.723,7,2966
KM4HVB,KM4HVB,True,True,both,B,EM96te,6.0,36.1875,-80.375,N,36.1875,45.078,45.078,7,1488
KM4IZS,KM4IZS,True,True,both,B,EL97qv,6.0,27.8958,-80.625,N,27.8958,37.195,37.195,6,2636
KM4LIM,KM4LIM,True,True,both,B,EM78rb,6.0,38.0625,-84.5417,N,38.0625,47.218,47.218,9,239
KM4LUP,KM4LUP,True,True,both,A,EM64,4.0,34.5,-87.0,N,34.5,43.891,43.891,10,15645
KM4LVC,KM4LVC,True,True,both,B,EM64rr,6.0,34.7292,-86.5417,N,34.7292,44.1,44.1,3,177
KM4NNB,KM4NNB,True,True,both,B,EL09xt,6.0,29.8125,-98.0417,N,29.8125,38.803,38.803,13,3250
KM4OED,KM4OED,True,True,both,B,FM14,4.0,34.5,-77.0,N,34.5,43.005,43.005,8,22446
KM4PVB,KM4PVB,True,True,both,B,EM65ow,6.0,35.9375,-86.7917,N,35.9375,45.267,45.267,3,589
KM4QXW,KM4QXW,True,True,both,A,EM74qb,6.0,34.0625,-84.625,N,34.0625,43.386,43.386,394,2079690
KM4RK,KM4RK,True,True,both,A,EM93td,6.0,33.1458,-80.375,N,33.1458,42.165,42.165,359,226472
KM4SJN,KM4SJN,True,True,both,B,EL96,4.0,26.5,-81.0,N,26.5,35.91,35.91,7,138
KM4TTS,KM4TTS,True,True,both,B,EM80bn,6.0,30.5625,-83.875,N,30.5625,39.997,39.997,54,1975482
KM4UDX,KM4UDX,True,True,both,A,FM18iw,6.0,38.9375,-77.2917,N,38.9375,47.332,47.332,22,28206
KM4UPX,KM4UPX,True,True,both,B,EM73lo,6.0,33.6042,-85.0417,N,33.6042,42.967,42.967,3,4534
KM4VWC,KM4VWC,True,True,both,B,FM08,4.0,38.5,-79.0,N,38.5,47.141,47.141,8,1099
KM5PO,KM5PO,True,True,both,B,EM12,4.0,32.5,-97.0,N,32.5,41.553,41.553,3,22975
KM6AL,KM6AL,True,True,both,A,DM13,4.0,33.5,-117.0,N,33.5,39.576,39.576,146,808804
KM6ARL,KM6ARL,True,True,both,B,DM13je,6.0,33.1875,-117.2083,N,33.1875,39.228,39.228,18,20989
KM6BLG,KM6BLG,True,True,both,B,CM87us,6.0,37.7708,-122.2917,N,37.7708,42.816,42.816,3,312
KM6CRL,KM6CRL,True,True,both,B,DM65,4.0,35.5,-107.0,N,35.5,43.252,43.252,6,2388
KM6DF,KM6DF,True,True,both,B,CM94vs,6.0,34.7708,-120.2083,N,34.7708,40.25,40.25,3,3058
KM6FIV,KM6FIV,True,True,both,B,CM97,4.0,37.5,-121.0,N,37.5,42.793,42.793,6,1948
KM6KAT,KM6KAT,True,True,both,B,EL98pi,6.0,28.3542,-80.7083,N,28.3542,37.638,37.638,7,1682
KM6KDZ,KM6KDZ,True,True,both,A,CM87sl,6.0,37.4792,-122.4583,N,37.4792,42.497,42.497,34,31764
KM6KEU,KM6KEU,True,True,both,A,CM97,4.0,37.5,-121.0,N,37.5,42.793,42.793,18,4070
KM6KPW,KM6KPW,True,True,both,B,DM25ue,6.0,35.1875,-114.2917,N,35.1875,41.732,41.732,4,1011
KM6LJ,KM6LJ,True,True,both,B,EL29ln,6.0,29.5625,-95.0417,N,29.5625,38.843,38.843,3,102
KM6MTV,KM6MTV,True,True,both,A,DM14og,6.0,34.2708,-116.7917,N,34.2708,40.378,40.378,32,377
KM6NFO,KM6NFO,True,True,both,A,CM98hn,6.0,38.5625,-121.375,N,38.5625,43.769,43.769,21,23212
KM6RSU,KM6RSU,True,True,both,B,DM09cb,6.0,39.0625,-119.7917,N,39.0625,44.561,44.561,25,42023
KM6SO,KM6SO,True,True,both,A,CN87vm,6.0,47.5208,-122.2083,N,47.5208,52.431,52.431,11,801
KM6TEA,KM6TEA,True,True,both,A,CM87sk,6.0,37.4375,-122.4583,N,37.4375,42.456,42.456,66,513420
KM6UIK,KM6UIK,True,True,both,B,DM13bp,6.0,33.6458,-117.875,N,33.6458,39.563,39.563,8,5062
KM6UTC,KM6UTC,True,True,both,B,EM75ha,6.0,35.0208,-85.375,N,35.0208,44.34,44.34,9,16908
KM6UXQ,KM6UXQ,True,True,both,A,DM13jo,6.0,33.6042,-117.2083,N,33.6042,39.642,39.642,17,13709
KM6YDV,KM6YDV,True,True,both,B,CN84ob,6.0,44.0625,-122.7917,N,44.0625,48.909,48.909,3,392
KM6ZJT,KM6ZJT,True,True,both,B,CM97as,6.0,37.7708,-121.9583,N,37.7708,42.879,42.879,8,1941
KM6ZSP,KM6ZSP,True,True,both,A,DM13br,6.0,33.7292,-117.875,N,33.7292,39.645,39.645,10,963
KM6ZWL,KM6ZWL,True,True,both,A,CM97,4.0,37.5,-121.0,N,37.5,42.793,42.793,40,19200
KM6ZX,KM6ZX,True,True,both,B,DM13cq,6.0,33.6875,-117.7917,N,33.6875,39.619,39.619,27,23678
KM7ABP,KM7ABP,True,True,both,A,DM45,4.0,35.5,-111.0,N,35.5,42.609,42.609,32,61962
KM7ACW,KM7ACW,True,True,both,A,CN88sr,6.0,48.7292,-122.4583,N,48.7292,53.574,53.574,11,2775
KM7AFS,KM7AFS,True,True,both,B,CN84jb,6.0,44.0625,-123.2083,N,44.0625,48.828,48.828,6,3846
KM7APQ,KM7APQ,True,True,both,B,CN85oj,6.0,45.3958,-122.7917,N,45.3958,50.222,50.222,8,7123
KM7AXG,KM7AXG,True,True,both,A,DM43ee,6.0,33.1875,-111.625,N,33.1875,40.205,40.205,31,16347
KM7BKD,KM7BKD,True,True,both,B,DN55rs,6.0,45.7708,-108.5417,N,45.7708,53.128,53.128,4,2818
KM7BLR,KM7BLR,True,True,both,B,CN87vo,6.0,47.6042,-122.2083,N,47.6042,52.513,52.513,4,5068
KM7BQE,KM7BQE,True,True,both,A,DM42ne,6.0,32.1875,-110.875,N,32.1875,39.334,39.334,24,25265
KM7BUM,KM7BUM,True,True,both,B,CN87ww,6.0,47.9375,-122.125,N,47.9375,52.858,52.858,12,5516
KM7BVB,KM7BVB,True,True,both,B,CN82,4.0,42.5,-123.0,N,42.5,47.33,47.33,5,82
KM7CBM,KM7CBM,True,True,both,B,CN82ol,6.0,42.4792,-122.7917,N,42.4792,47.35,47.35,6,1007
KM7CCG,KM7CCG,True,True,both,A,DN17hq,6.0,47.6875,-117.375,N,47.6875,53.512,53.512,22,4385
KM7CGI,KM7CGI,True,True,both,A,DM33xb,6.0,33.0625,-112.0417,N,33.0625,40.009,40.009,21,4017
KM7DFF,KM7DFF,True,True,both,B,CN88qm,6.0,48.5208,-122.625,N,48.5208,53.336,53.336,6,2732
KM7DHF,KM7DHF,True,True,both,B,DM33tl,6.0,33.4792,-112.375,N,33.4792,40.367,40.367,15,17600
KM7DOD,KM7DOD,True,True,both,B,DM33nk,6.0,33.4375,-112.875,N,33.4375,40.24,40.24,3,148
KM7EBS,KM7EBS,True,True,both,A,CN85rh,6.0,45.3125,-122.5417,N,45.3125,50.189,50.189,15,2228
KM7EGW,KM7EGW,True,True,both,B,CN86dx,6.0,46.9792,-123.7083,N,46.9792,51.603,51.603,3,129
KM7EWZ,KM7EWZ,True,True,both,B,CN88wk,6.0,48.4375,-122.125,N,48.4375,53.351,53.351,4,1042
KM7EZC,KM7EZC,True,True,both,B,DN06,4.0,46.5,-119.0,N,46.5,52.04,52.04,8,1071
KM7MH,KM7MH,True,True,both,A,DN17,4.0,47.5,-117.0,N,47.5,53.396,53.396,294,152611
KM7N,KM7N,True,True,both,A,DM41mx,6.0,31.9792,-110.9583,N,31.9792,39.112,39.112,107,374239
KM8KM,KM8KM,True,True,both,B,EM89jx,6.0,39.9792,-83.2083,N,39.9792,48.976,48.976,9,3143
KM9R,KM9R,True,True,both,B,DM09aj,6.0,39.3958,-119.9583,N,39.3958,44.858,44.858,22,18612
KN0VA,KN0VA,True,True,both,B,EN35kb,6.0,45.0625,-93.125,N,45.0625,54.002,54.002,13,15038
KN1H,KN1H,True,True,both,B,FN33sg,6.0,43.2708,-72.4583,N,43.2708,50.77,50.77,5,706
KN3ZOG,KN3ZOG,True,True,both,A,EM83bk,6.0,33.4375,-83.875,N,33.4375,42.745,42.745,10,2057
KN4ABF,KN4ABF,True,True,both,B,DM79nn,6.0,39.5625,-104.875,N,39.5625,47.571,47.571,7,15454
KN4CNX,KN4CNX,True,True,both,B,EM74,4.0,34.5,-85.0,N,34.5,43.823,43.823,3,182
KN4CUT,KN4CUT,True,True,both,B,FM05,4.0,35.5,-79.0,N,35.5,44.253,44.253,4,183
KN4CZW,KN4CZW,True,False,wsprnet_only,B,DM08gm,6.0,38.5208,-119.4583,N,38.5208,44.089,44.089,4,35
KN4DND,KN4DND,True,True,both,B,EM60bf,6.0,30.2292,-87.875,N,30.2292,39.795,39.795,6,133
KN4EXM,KN4EXM,True,True,both,B,EM84qt,6.0,34.8125,-82.625,N,34.8125,43.973,43.973,14,2233
KN4FTT,KN4FTT,True,True,both,B,FM18bu,6.0,38.8542,-77.875,N,38.8542,47.334,47.334,5,4550
KN4GDX,KN4GDX,True,True,both,B,FM18,4.0,38.5,-77.0,N,38.5,46.865,46.865,173,2067446
KN4GJV,KN4GJV,True,True,both,A,EL98,4.0,28.5,-81.0,N,28.5,37.807,37.807,16,5913
KN4HZ,KN4HZ,True,True,both,A,EM97,4.0,37.5,-81.0,N,37.5,46.404,46.404,258,64801
KN4IBZ,KN4IBZ,True,True,both,A,EM60lr,6.0,30.7292,-87.0417,N,30.7292,40.269,40.269,265,3205980
KN4IKI,KN4IKI,True,True,both,A,FM18ku,6.0,38.8542,-77.125,N,38.8542,47.227,47.227,11,18166
KN4IOU,KN4IOU,True,True,both,B,FM08ww,6.0,38.9375,-78.125,N,38.9375,47.449,47.449,7,40132
KN4JD,KN4JD,True,True,both,A,EM73,4.0,33.5,-85.0,N,33.5,42.865,42.865,28,9662
KN4JIE,KN4JIE,True,True,both,A,FM18,4.0,38.5,-77.0,N,38.5,46.865,46.865,15,238
KN4KCV,KN4KCV,True,True,both,B,EM95no,6.0,35.6042,-80.875,N,35.6042,44.571,44.571,7,15512
KN4NYW,KN4NYW,True,True,both,B,FM26as,6.0,36.7708,-75.9583,N,36.7708,45.025,45.025,3,932
KN4ODM,KN4ODM,True,True,both,B,FM06ic,6.0,36.1042,-79.2917,N,36.1042,44.871,44.871,9,127779
KN4PGR,KN4PGR,True,True,both,B,EM82nm,6.0,32.5208,-82.875,N,32.5208,41.8,41.8,6,439
KN4QNY,KN4QNY,True,True,both,B,EM96uv,6.0,36.8958,-80.2917,N,36.8958,45.749,45.749,14,13634
KN4QXS,KN4QXS,True,True,both,B,EM12ko,6.0,32.6042,-97.125,N,32.6042,41.644,41.644,9,6873
KN4RQD,KN4RQD,True,True,both,A,FM18gh,6.0,38.3125,-77.4583,N,38.3125,46.751,46.751,99,16701
KN4SHQ,KN4SHQ,True,True,both,B,EM80jv,6.0,30.8958,-83.2083,N,30.8958,40.273,40.273,7,1530
KN4TGQ,KN4TGQ,True,True,both,A,EL96tc,6.0,26.1042,-80.375,N,26.1042,35.471,35.471,240,253436
KN4UCR,KN4UCR,True,True,both,B,FN54ou,6.0,44.8542,-68.7917,N,44.8542,51.631,51.631,103,498906
KN4USN,KN4USN,True,True,both,A,EM45xg,6.0,35.2708,-90.0417,N,35.2708,44.639,44.639,320,1602866
KN4VVY,KN4VVY,True,True,both,B,EM84vm,6.0,34.5208,-82.2083,N,34.5208,43.659,43.659,6,11419
KN4WNC,KN4WNC,True,True,both,A,EL98,4.0,28.5,-81.0,N,28.5,37.807,37.807,24,434003
KN5I,KN5I,True,True,both,B,EL09so,6.0,29.6042,-98.4583,N,29.6042,38.552,38.552,4,1816
KN6CXJ,KN6CXJ,True,True,both,A,DM79,4.0,39.5,-105.0,N,39.5,47.493,47.493,186,220016
KN6DRN,KN6DRN,True,True,both,B,CM98iu,6.0,38.8542,-121.2917,N,38.8542,44.072,44.072,9,1214
KN6EZI,KN6EZI,True,True,both,A,DM04nf,6.0,34.2292,-118.875,N,34.2292,39.959,39.959,21,8355
KN6GXO,KN6GXO,True,True,both,B,DM14md,6.0,34.1458,-116.9583,N,34.1458,40.224,40.224,4,672
KN6KBS,KN6KBS,True,True,both,B,CM87ss,6.0,37.7708,-122.4583,N,37.7708,42.784,42.784,16,96375
KN6KHV,KN6KHV,True,True,both,B,CM97bf,6.0,37.2292,-121.875,N,37.2292,42.362,42.362,3,628
KN6KLS,KN6KLS,True,True,both,B,DM12nx,6.0,32.9792,-116.875,N,32.9792,39.081,39.081,4,416
KN6KSF,KN6KSF,True,True,both,B,DM13el,6.0,33.4792,-117.625,N,33.4792,39.443,39.443,4,381
KN6KZM,KN6KZM,True,True,both,B,CM87xi,6.0,37.3542,-122.0417,N,37.3542,42.453,42.453,6,28724
KN6LFB,KN6LFB,True,True,both,B,DM13oa,6.0,33.0208,-116.7917,N,33.0208,39.137,39.137,3,1242
KN6MHE,KN6MHE,True,True,both,B,CM87,4.0,37.5,-123.0,N,37.5,42.415,42.415,7,1056
KN6MS,KN6MS,True,True,both,B,DM04rj,6.0,34.3958,-118.5417,N,34.3958,40.185,40.185,4,4788
KN6NCG,KN6NCG,True,True,both,B,CM96ax,6.0,36.9792,-121.9583,N,36.9792,42.1,42.1,4,9522
KN6NXJ,KN6NXJ,True,True,both,B,DM13ct,6.0,33.8125,-117.7917,N,33.8125,39.743,39.743,3,2522
KN6OEH,KN6OEH,True,True,both,B,DM13,4.0,33.5,-117.0,N,33.5,39.576,39.576,3,668
KN6OJX,KN6OJX,True,True,both,B,DM23pk,6.0,33.4375,-114.7083,N,33.4375,39.921,39.921,9,102582
KN6OKY/D,KN6OKY,True,True,both,B,DM12lp,6.0,32.6458,-117.0417,N,32.6458,38.72,38.72,4,1034
KN6OVL,KN6OVL,True,True,both,A,DM13,4.0,33.5,-117.0,N,33.5,39.576,39.576,37,23407
KN6PVC,KN6PVC,True,True,both,B,DM04,4.0,34.5,-119.0,N,34.5,40.204,40.204,3,288
KN6QR,KN6QR,True,True,both,B,DM34pf,6.0,34.2292,-112.7083,N,34.2292,41.056,41.056,5,2089
KN6QWP,KN6QWP,True,True,both,A,CM97,4.0,37.5,-121.0,N,37.5,42.793,42.793,14,1664
KN6QZY,KN6QZY,True,True,both,A,CM87vj,6.0,37.3958,-122.2083,N,37.3958,42.463,42.463,316,2561972
KN6RVH,KN6RVH,True,True,both,B,CM97as,6.0,37.7708,-121.9583,N,37.7708,42.879,42.879,49,71313
KN6TDY,KN6TDY,True,True,both,B,CM87wj,6.0,37.3958,-122.125,N,37.3958,42.478,42.478,3,700
KN6TNH,KN6TNH,True,False,wsprnet_only,B,JO22li,6.0,52.3542,4.9583,N,52.3542,48.149,48.149,7,18
KN6TXU,KN6TXU,True,True,both,B,DM04ne,6.0,34.1875,-118.875,N,34.1875,39.918,39.918,4,3458
KN6YLP,KN6YLP,True,True,both,B,DM04vd,6.0,34.1458,-118.2083,N,34.1458,39.998,39.998,3,4786
KN6YNC,KN6YNC,True,True,both,B,CM97ag,6.0,37.2708,-121.9583,N,37.2708,42.387,42.387,58,28991
KN6YQS,KN6YQS,True,True,both,B,CM96bx,6.0,36.9792,-121.875,N,36.9792,42.116,42.116,6,3228
KN6ZOO/1,KN6ZOO,True,True,both,A,DM04vd,6.0,34.1458,-118.2083,N,34.1458,39.998,39.998,38,38978
KN6ZOO/2,KN6ZOO,True,True,both,A,DM04vd,6.0,34.1458,-118.2083,N,34.1458,39.998,39.998,34,50952
KN6ZPL,KN6ZPL,True,True,both,A,DM04uc,6.0,34.1042,-118.2917,N,34.1042,39.941,39.941,49,9469
KN6ZUA,KN6ZUA,True,True,both,B,DM14ue,6.0,34.1875,-116.2917,N,34.1875,40.385,40.385,7,967
KO1K,KO1K,True,True,both,B,FN41ko,6.0,41.6042,-71.125,N,41.6042,48.854,48.854,6,788
KO2J,KO2J,True,True,both,A,FM19,4.0,39.5,-77.0,N,39.5,47.835,47.835,19,37961
KO4AAP,KO4AAP,True,True,both,A,EM93ao,6.0,33.6042,-81.9583,N,33.6042,42.761,42.761,66,720596
KO4AYE,KO4AYE,True,True,both,B,FM18dk,6.0,38.4375,-77.7083,N,38.4375,46.908,46.908,5,19057
KO4BHX,KO4BHX,True,True,both,B,FM06mf,6.0,36.2292,-78.9583,N,36.2292,44.948,44.948,5,20046
KO4BJP,KO4BJP,True,True,both,B,FM16xs,6.0,36.7708,-76.0417,N,36.7708,45.039,45.039,5,1243
KO4BPC,KO4BPC,True,True,both,A,EM67an,6.0,37.5625,-87.9583,N,37.5625,46.851,46.851,111,56894
KO4CVU,KO4CVU,True,True,both,B,EM66sg,6.0,36.2708,-86.4583,N,36.2708,45.578,45.578,5,14098
KO4DDG,KO4DDG,True,True,both,B,EM65rb,6.0,35.0625,-86.5417,N,35.0625,44.42,44.42,3,214
KO4DIE,KO4DIE,True,True,both,B,EM82dn,6.0,32.5625,-83.7083,N,32.5625,41.898,41.898,53,356342
KO4DOT,KO4DOT,True,True,both,B,EM86,4.0,36.5,-83.0,N,36.5,45.619,45.619,6,1356
KO4DWC,KO4DWC,True,True,both,B,EM78fb,6.0,38.0625,-85.5417,N,38.0625,47.266,47.266,5,35158
KO4EEX,KO4EEX,True,True,both,B,EM83,4.0,33.5,-83.0,N,33.5,42.746,42.746,4,581
KO4GQT,KO4GQT,True,True,both,A,EL98,4.0,28.5,-81.0,N,28.5,37.807,37.807,81,1053682
KO4GRK,KO4GRK,True,True,both,B,EL88rb,6.0,28.0625,-82.5417,N,28.0625,37.525,37.525,6,480
KO4HJL,KO4HJL,True,True,both,B,FM18jq,6.0,38.6875,-77.2083,N,38.6875,47.078,47.078,5,10602
KO4HRW,KO4HRW,True,True,both,A,EM94jb,6.0,34.0625,-81.2083,N,34.0625,43.129,43.129,31,205686
KO4JPR,KO4JPR,True,True,both,B,FM17nj,6.0,37.3958,-76.875,N,37.3958,45.777,45.777,3,38594
KO4JTA,KO4JTA,True,True,both,B,EL98hr,6.0,28.7292,-81.375,N,28.7292,38.061,38.061,9,14966
KO4JUJ,KO4JUJ,True,True,both,B,EM73,4.0,33.5,-85.0,N,33.5,42.865,42.865,7,4009
KO4LFZ,KO4LFZ,True,True,both,B,EM56lm,6.0,36.5208,-89.0417,N,36.5208,45.853,45.853,3,856
KO4LG,KO4LG,True,True,both,A,EM94kb,6.0,34.0625,-81.125,N,34.0625,43.12,43.12,44,13243
KO4NLM,KO4NLM,True,True,both,A,EM70wm,6.0,30.5208,-84.125,N,30.5208,39.971,39.971,16,31800
KO4NSY,KO4NSY,True,True,both,A,EM83wn,6.0,33.5625,-82.125,N,33.5625,42.736,42.736,11,9078
KO4O,KO4O,True,True,both,B,EM64lo,6.0,34.6042,-87.0417,N,34.6042,43.992,43.992,19,13541
KO4OFO,KO4OFO,True,True,both,B,FM15,4.0,35.5,-77.0,N,35.5,43.967,43.967,4,1325
KO4PDI,KO4PDI,True,True,both,B,EL99jn,6.0,29.5625,-81.2083,N,29.5625,38.837,38.837,9,1850
KO4PJW,KO4PJW,True,True,both,B,EM90bh,6.0,30.3125,-81.875,N,30.3125,39.612,39.612,3,537
KO4PWR,KO4PWR,True,True,both,B,EM96uc,6.0,36.1042,-80.2917,N,36.1042,44.988,44.988,4,519
KO4SYT,KO4SYT,True,True,both,B,EL96,4.0,26.5,-81.0,N,26.5,35.91,35.91,6,10763
KO4T,KO4T,True,True,both,A,EM95eq,6.0,35.6875,-81.625,N,35.6875,44.725,44.725,13,43067
KO4TNB,KO4TNB,True,True,both,B,FM15di,6.0,35.3542,-77.7083,N,35.3542,43.934,43.934,4,733
KO4WBS,KO4WBS,True,True,both,A,EM55cb,6.0,35.0625,-89.7917,N,35.0625,44.442,44.442,43,219470
KO4WFS,KO4WFS,True,True,both,B,EM78,4.0,38.5,-85.0,N,38.5,47.662,47.662,3,202
KO4WFT,KO4WFT,True,True,both,B,EM78,4.0,38.5,-85.0,N,38.5,47.662,47.662,3,468
KO4WPZ,KO4WPZ,True,True,both,B,EM88gd,6.0,38.1458,-83.4583,N,38.1458,47.231,47.231,9,18005
KO4WSC,KO4WSC,True,True,both,B,EM93va,6.0,33.0208,-80.2083,N,33.0208,42.027,42.027,53,751538
KO4WSU,KO4WSU,True,True,both,A,EM63qq,6.0,33.6875,-86.625,N,33.6875,43.102,43.102,12,48926
KO4WZZ,KO4WZZ,True,True,both,A,EM94pw,6.0,34.9375,-80.7083,N,34.9375,43.915,43.915,13,48896
KO4YIN,KO4YIN,True,True,both,A,DM22rp,6.0,32.6458,-114.5417,N,32.6458,39.162,39.162,20,48135
KO4YLX,KO4YLX,True,True,both,A,EL98,4.0,28.5,-81.0,N,28.5,37.807,37.807,13,74664
KO4ZFO,KO4ZFO,True,True,both,B,FM05oo,6.0,35.6042,-78.7917,N,35.6042,44.326,44.326,4,1938
KO4ZIK,KO4ZIK,True,True,both,B,FM18it,6.0,38.8125,-77.2917,N,38.8125,47.211,47.211,7,737
KO4ZMB,KO4ZMB,True,True,both,B,EM84rr,6.0,34.7292,-82.5417,N,34.7292,43.887,43.887,8,5547
KO5HR,KO5HR,True,True,both,B,DM04td,6.0,34.1458,-118.375,N,34.1458,39.968,39.968,5,1473
KO6ABQ,KO6ABQ,True,True,both,B,DM03vu,6.0,33.8542,-118.2083,N,33.8542,39.709,39.709,58,99451
KO6AEE,KO6AEE,True,True,both,A,DM03wu,6.0,33.8542,-118.125,N,33.8542,39.724,39.724,10,1413
KO6ALP,KO6ALP,True,True,both,B,DM13mt,6.0,33.8125,-116.9583,N,33.8125,39.893,39.893,4,1036
KO6BFD,KO6BFD,True,True,both,B,CM99cr,6.0,39.7292,-121.7917,N,39.7292,44.838,44.838,22,4672
KO6BLM,KO6BLM,True,True,both,B,CM87vi,6.0,37.3542,-122.2083,N,37.3542,42.422,42.422,6,10165
KO6BQJ,KO6BQJ,True,True,both,B,CM95,4.0,35.5,-121.0,N,35.5,40.823,40.823,3,107
KO6CKO,KO6CKO,True,True,both,B,DM04ve,6.0,34.1875,-118.2083,N,34.1875,40.039,40.039,7,791
KO6CZQ,KO6CZQ,True,True,both,B,CM98ah,6.0,38.3125,-121.9583,N,38.3125,43.412,43.412,3,1283
KO6DGB,KO6DGB,True,True,both,B,CM97,4.0,37.5,-121.0,N,37.5,42.793,42.793,4,7621
KO6DOT,KO6DOT,True,True,both,B,CM88vm,6.0,38.5208,-122.2083,N,38.5208,43.569,43.569,6,2474
KO6DRM,KO6DRM,True,True,both,B,CM98jr,6.0,38.7292,-121.2083,N,38.7292,43.965,43.965,7,834
KO6ECA,KO6ECA,True,True,both,B,DM14hb,6.0,34.0625,-117.375,N,34.0625,40.066,40.066,13,2065
KO6EJV,KO6EJV,True,True,both,B,DM12,4.0,32.5,-117.0,N,32.5,38.583,38.583,5,753
KO6FHW,KO6FHW,True,True,both,B,CM87,4.0,37.5,-123.0,N,37.5,42.415,42.415,4,1046
KO6FNI,KO6FNI,True,True,both,B,CM98,4.0,38.5,-121.0,N,38.5,43.778,43.778,10,10362
KO6FPR,KO6FPR,True,True,both,B,DM13fw,6.0,33.9375,-117.5417,N,33.9375,39.912,39.912,12,1023
KO6FPV,KO6FPV,True,True,both,B,CM88uh,6.0,38.3125,-122.2917,N,38.3125,43.348,43.348,3,649
KO6GBM,KO6GBM,True,True,both,B,CM99wf,6.0,39.2292,-120.125,N,39.2292,44.662,44.662,3,1130
KO6GMW,KO6GMW,True,True,both,B,DM13,4.0,33.5,-117.0,N,33.5,39.576,39.576,8,182
KO6GXM,KO6GXM,True,True,both,B,DM13kr,6.0,33.7292,-117.125,N,33.7292,39.781,39.781,5,7407
KO6HAH,KO6HAH,True,True,both,A,DM13ek,6.0,33.4375,-117.625,N,33.4375,39.401,39.401,23,4100
KO6HNZ,KO6HNZ,True,True,both,A,CM87,4.0,37.5,-123.0,N,37.5,42.415,42.415,10,6201
KO6HWR,KO6HWR,True,True,both,B,DM14ij,6.0,34.3958,-117.2917,N,34.3958,40.411,40.411,5,619
KO6HXC,KO6HXC,True,True,both,B,CM98iv,6.0,38.8958,-121.2917,N,38.8958,44.113,44.113,9,1763
KO6HZC,KO6HZC,True,True,both,B,CM97nm,6.0,37.5208,-120.875,N,37.5208,42.837,42.837,9,3360
KO6IMP,KO6IMP,True,True,both,B,CM98hx,6.0,38.9792,-121.375,N,38.9792,44.179,44.179,3,37
KO6IOK,KO6IOK,True,True,both,B,DM13cr,6.0,33.7292,-117.7917,N,33.7292,39.66,39.66,3,1697
KO6IQR,KO6IQR,True,True,both,B,DM13bt,6.0,33.8125,-117.875,N,33.8125,39.728,39.728,3,435
KO6IUE,KO6IUE,True,True,both,B,CM98dn,6.0,38.5625,-121.7083,N,38.5625,43.705,43.705,3,1459
KO6IYC,KO6IYC,True,True,both,B,CM87,4.0,37.5,-123.0,N,37.5,42.415,42.415,7,25849
KO6JUW,KO6JUW,True,True,both,B,DM13dn,6.0,33.5625,-117.7083,N,33.5625,39.51,39.51,15,2360
KO6JVD,KO6JVD,True,True,both,B,DM13,4.0,33.5,-117.0,N,33.5,39.576,39.576,3,2950
KO6JVN,KO6JVN,True,True,both,B,DM12lw,6.0,32.9375,-117.0417,N,32.9375,39.01,39.01,7,607
KO6JZH,KO6JZH,True,True,both,B,DM14,4.0,34.5,-117.0,N,34.5,40.567,40.567,3,56
KO6KAY,KO6KAY,True,True,both,A,CM87,4.0,37.5,-123.0,N,37.5,42.415,42.415,12,3852
KO6KL,KO6KL,True,True,both,B,CM97kr,6.0,37.7292,-121.125,N,37.7292,42.996,42.996,3,2500
KO6KRP,KO6KRP,True,True,both,B,DM13jd,6.0,33.1458,-117.2083,N,33.1458,39.187,39.187,7,7531
KO6KVI,KO6KVI,True,True,both,B,CM87,4.0,37.5,-123.0,N,37.5,42.415,42.415,7,209
KO6KWT,KO6KWT,True,True,both,B,CM99lc,6.0,39.1042,-121.0417,N,39.1042,44.365,44.365,7,3884
KO6LYY,KO6LYY,True,True,both,A,DM04ne,6.0,34.1875,-118.875,N,34.1875,39.918,39.918,10,1664
KO6MCJ,KO6MCJ,True,True,both,A,DM12lt,6.0,32.8125,-117.0417,N,32.8125,38.886,38.886,10,2088
KO6MHX,KO6MHX,True,True,both,B,CM87,4.0,37.5,-123.0,N,37.5,42.415,42.415,5,2677
KO6MYI,KO6MYI,True,True,both,B,DM12lp,6.0,32.6458,-117.0417,N,32.6458,38.72,38.72,36,19054
KO6NQN,KO6NQN,True,True,both,B,CM98dp,6.0,38.6458,-121.7083,N,38.6458,43.787,43.787,7,137
KO6OAA,KO6OAA,True,True,both,B,CM87,4.0,37.5,-123.0,N,37.5,42.415,42.415,5,233
KP2XX,KP2XX,True,True,both,A,EN35pe,6.0,45.1875,-92.7083,N,45.1875,54.137,54.137,38,334115
KP4JCM,KP4JCM,True,True,both,A,FK68xj,6.0,18.3958,-66.0417,N,18.3958,24.525,24.525,18,3535
KP4LCC,KP4LCC,True,True,both,B,FK78aj,6.0,18.3958,-65.9583,N,18.3958,24.488,24.488,6,1223
KP4MD/P,KP4MD,True,True,both,A,FK68xk,6.0,18.4375,-66.0417,N,18.4375,24.565,24.565,18,142296
KP4MI,KP4MI,True,True,both,B,FK68ll,6.0,18.4792,-67.0417,N,18.4792,25.034,25.034,3,1450
KR0O,KR0O,True,True,both,B,EM29re,6.0,39.1875,-94.5417,N,39.1875,48.259,48.259,6,5107
KR1KZZ,KR1KZZ,True,True,both,B,JM08ap,6.0,38.6458,0.0417,N,38.6458,29.961,29.961,8,29081
KR2KZZ,KR2KZZ,True,True,both,A,JM08,4.0,38.5,1.0,N,38.5,29.815,29.815,21,1893
KR4/EL8X,EL8X,True,True,both,B,JB93kp,6.0,-76.3542,18.875,S,76.3542,-67.647,67.647,10,9517
KR4AAM,KR4AAM,True,True,both,B,EM85qn,6.0,35.5625,-82.625,N,35.5625,44.691,44.691,3,402
KR4AKX,KR4AKX,True,True,both,A,EM79pa,6.0,39.0208,-84.7083,N,39.0208,48.147,48.147,38,45660
KR4AOD,KR4AOD,True,True,both,B,EM95,4.0,35.5,-81.0,N,35.5,44.484,44.484,46,50854
KR4BBB,KR4BBB,True,True,both,B,EM91gk,6.0,31.4375,-81.4583,N,31.4375,40.646,40.646,6,8668
KR4BDP,KR4BDP,True,True,both,A,EL87rv,6.0,27.8958,-82.5417,N,27.8958,37.367,37.367,80,91261
KR4BHV,KR4BHV,True,True,both,B,EM73sw,6.0,33.9375,-84.4583,N,33.9375,43.257,43.257,30,33846
KR4BHX,KR4BHX,True,True,both,B,FM16,4.0,36.5,-77.0,N,36.5,44.931,44.931,3,3352
KR4BSN,KR4BSN,True,True,both,A,FM17td,6.0,37.1458,-76.375,N,37.1458,45.456,45.456,24,1557
KR4CON,KR4CON,True,True,both,B,EM66jm,6.0,36.5208,-87.2083,N,36.5208,45.837,45.837,14,5706
KR4CQD,KR4CQD,True,True,both,A,EL96,4.0,26.5,-81.0,N,26.5,35.91,35.91,118,4092500
KR4CSE,KR4CSE,True,True,both,A,EM70de,6.0,30.1875,-85.7083,N,30.1875,39.72,39.72,362,4139640
KR4CWB,KR4CWB,True,True,both,B,EM84lc,6.0,34.1042,-83.0417,N,34.1042,43.327,43.327,3,602
KR4DBJ,KR4DBJ,True,True,both,B,EM56gb,6.0,36.0625,-89.4583,N,36.0625,45.41,45.41,171,396921
KR4DCL,KR4DCL,True,True,both,B,EM95pc,6.0,35.1042,-80.7083,N,35.1042,44.075,44.075,5,1400
KR4DES,KR4DES,True,True,both,B,EM77qv,6.0,37.8958,-84.625,N,37.8958,47.062,47.062,8,1386
KR4DRH,KR4DRH,True,True,both,B,EM95,4.0,35.5,-81.0,N,35.5,44.484,44.484,5,2158
KR4DUN,KR4DUN,True,True,both,B,EM75ww,6.0,35.9375,-84.125,N,35.9375,45.155,45.155,3,1007
KR4DYT,KR4DYT,True,True,both,B,EM83bi,6.0,33.3542,-83.875,N,33.3542,42.665,42.665,3,1251
KR4DZJ,KR4DZJ,True,True,both,A,EM83gp,6.0,33.6458,-83.4583,N,33.6458,42.917,42.917,10,2822
KR4EBE,KR4EBE,True,True,both,B,EL98qe,6.0,28.1875,-80.625,N,28.1875,37.472,37.472,4,4049
KR4ECC,KR4ECC,True,True,both,B,EM84,4.0,34.5,-83.0,N,34.5,43.703,43.703,5,3184
KR4EGI,KR4EGI,True,True,both,B,EM86xr,6.0,36.7292,-82.0417,N,36.7292,45.761,45.761,6,8568
KR4EII,KR4EII,True,True,both,B,EM63,4.0,33.5,-87.0,N,33.5,42.93,42.93,3,319
KR4EJD,KR4EJD,True,True,both,B,EM90,4.0,30.5,-81.0,N,30.5,39.708,39.708,27,11850
KR4EJY,KR4EJY,True,True,both,B,EL89xd,6.0,29.1458,-82.0417,N,29.1458,38.516,38.516,41,52778
KR4ELP,KR4ELP,True,True,both,A,EM60mj,6.0,30.3958,-86.9583,N,30.3958,39.948,39.948,10,3708
KR4EOD,KR4EOD,True,True,both,B,FM05ix,6.0,35.9792,-79.2917,N,35.9792,44.751,44.751,3,869
KR4EQW,KR4EQW,True,True,both,B,FM06ib,6.0,36.0625,-79.2917,N,36.0625,44.831,44.831,13,7989
KR4EWZ,KR4EWZ,True,True,both,A,EM91ix,6.0,31.9792,-81.2917,N,31.9792,41.147,41.147,13,6771
KR4FES,KR4FES,True,True,both,B,EL88sf,6.0,28.2292,-82.4583,N,28.2292,37.678,37.678,8,6718
KR4GFN,KR4GFN,True,True,both,B,EM86sk,6.0,36.4375,-82.4583,N,36.4375,45.517,45.517,8,3081
KR4GPI,KR4GPI,True,True,both,B,FM08te,6.0,38.1875,-78.375,N,38.1875,46.758,46.758,143,235855
KR4HAR,KR4HAR,True,True,both,A,EM95,4.0,35.5,-81.0,N,35.5,44.484,44.484,11,95064
KR4HBD,KR4HBD,True,True,both,B,FM05ot,6.0,35.8125,-78.7917,N,35.8125,44.526,44.526,4,3036
KR4HCH,KR4HCH,True,True,both,B,FM05qr,6.0,35.7292,-78.625,N,35.7292,44.424,44.424,10,16660
KR4HGQ,KR4HGQ,True,True,both,B,FM18jr,6.0,38.7292,-77.2083,N,38.7292,47.118,47.118,8,2155
KR4HKQ,KR4HKQ,True,True,both,B,EM84,4.0,34.5,-83.0,N,34.5,43.703,43.703,6,1383
KR4HNF,KR4HNF,True,True,both,B,EL96,4.0,26.5,-81.0,N,26.5,35.91,35.91,3,1494
KR4HRC,KR4HRC,True,True,both,B,EM66at,6.0,36.8125,-87.9583,N,36.8125,46.129,46.129,7,2542
KR4HVN,KR4HVN,True,True,both,B,EM73rx,6.0,33.9792,-84.5417,N,33.9792,43.302,43.302,3,702
KR4IQW,KR4IQW,True,True,both,A,EM85mm,6.0,35.5208,-82.9583,N,35.5208,44.677,44.677,27,12124
KR4IRP,KR4IRP,True,True,both,B,EM64,4.0,34.5,-87.0,N,34.5,43.891,43.891,6,4463
KR4JBM,KR4JBM,True,True,both,B,FM08rt,6.0,38.8125,-78.5417,N,38.8125,47.384,47.384,5,471
KR4KDH,KR4KDH,True,True,both,B,FM05mx,6.0,35.9792,-78.9583,N,35.9792,44.708,44.708,3,1469
KR4KKP,KR4KKP,True,True,both,B,EM76xd,6.0,36.1458,-84.0417,N,36.1458,45.35,45.35,3,931
KR4KMS,KR4KMS,True,True,both,B,FM18hk,6.0,38.4375,-77.375,N,38.4375,46.86,46.86,3,31
KR4KRK,KR4KRK,True,True,both,B,EM96wc,6.0,36.1042,-80.125,N,36.1042,44.97,44.97,3,3279
KR4LHQ,KR4LHQ,True,True,both,B,FM17,4.0,37.5,-77.0,N,37.5,45.897,45.897,3,526
KR4LUL,KR4LUL,True,True,both,B,EM74,4.0,34.5,-85.0,N,34.5,43.823,43.823,3,3302
KR4MDM,KR4MDM,True,True,both,B,EL96,4.0,26.5,-81.0,N,26.5,35.91,35.91,6,15497
KR4MIQ,KR4MIQ,True,True,both,A,EM92ww,6.0,32.9375,-80.125,N,32.9375,41.937,41.937,10,4991
KR4MTZ,KR4MTZ,True,True,both,B,EL98go,6.0,28.6042,-81.4583,N,28.6042,37.95,37.95,3,6996
KR4NJ,KR4NJ,True,True,both,A,FM05ov,6.0,35.8958,-78.7917,N,35.8958,44.606,44.606,30,51082
KR4NTQ,KR4NTQ,True,False,wsprnet_only,A,EM74,4.0,34.5,-85.0,N,34.5,43.823,43.823,16,34
KR4VJ,KR4VJ,True,True,both,A,EM66sx,6.0,36.9792,-86.4583,N,36.9792,46.259,46.259,17,100592
KR6LA,KR6LA,True,True,both,B,CN90ao,6.0,40.6042,-121.9583,N,40.6042,45.667,45.667,231,273170
KR6RG,KR6RG,True,True,both,A,DM13em,6.0,33.5208,-117.625,N,33.5208,39.484,39.484,395,4650891
KR7H,KR7H,True,True,both,B,CN85qm,6.0,45.5208,-122.625,N,45.5208,50.378,50.378,4,12141
KR8L,KR8L,True,True,both,B,EM57pe,6.0,37.1875,-88.7083,N,37.1875,46.495,46.495,4,1952
KR8X,KR8X,True,True,both,A,EM13ne,6.0,33.1875,-96.875,N,33.1875,42.239,42.239,19,161931
KS0MIK,KS0MIK,True,True,both,B,EM17,4.0,37.5,-97.0,N,37.5,46.443,46.443,4,1231
KS0S,KS0S,True,True,both,B,DM77,4.0,37.5,-105.0,N,37.5,45.524,45.524,85,3477
KS1I,KS1I,True,True,both,B,FN31wl,6.0,41.4792,-72.125,N,41.4792,48.931,48.931,9,19099
KS5KY,KS5KY,True,True,both,B,EM67rc,6.0,37.1042,-86.5417,N,37.1042,46.381,46.381,7,10497
KS5T,KS5T,True,True,both,B,EM13,4.0,33.5,-97.0,N,33.5,42.534,42.534,3,550
KS6M,KS6M,True,True,both,A,CM87vt,6.0,37.8125,-122.2083,N,37.8125,42.872,42.872,332,497453
KS6T,KS6T,True,True,both,B,DM79pb,6.0,39.0625,-104.7083,N,39.0625,47.103,47.103,3,51
KS8Q,KS8Q,True,False,wsprnet_only,B,FM26,4.0,36.5,-75.0,N,36.5,44.595,44.595,8,12
KS9A,KS9A,True,True,both,B,EN40xn,6.0,40.5625,-90.0417,N,40.5625,49.741,49.741,158,147276
KS9LIF,KS9LIF,True,False,wsprnet_only,A,FM26,4.0,36.5,-75.0,N,36.5,44.595,44.595,29,96
KT0ADS,KT0ADS,True,True,both,B,EL88,4.0,28.5,-83.0,N,28.5,37.974,37.974,8,26072
KT0N,KT0N,True,True,both,B,DN70lm,6.0,40.5208,-105.0417,N,40.5208,48.49,48.49,36,19822
KT3T,KT3T,True,True,both,B,EL97ho,6.0,27.6042,-81.375,N,27.6042,36.992,36.992,4,4174
KT4BCS,KT4BCS,True,True,both,B,EM85nl,6.0,35.4792,-82.875,N,35.4792,44.631,44.631,8,3695
KT4WG,KT4WG,True,True,both,B,EL99hu,6.0,29.8542,-81.375,N,29.8542,39.13,39.13,3,4085
KT5E,KT5E,True,True,both,A,EM13do,6.0,33.6042,-97.7083,N,33.6042,42.569,42.569,16,5174
KT7AZ,KT7AZ,True,True,both,A,DM42mj,6.0,32.3958,-110.9583,N,32.3958,39.528,39.528,46,307948
KT8Q,KT8Q,True,True,both,A,EN80,4.0,40.5,-83.0,N,40.5,49.462,49.462,10,3765
KU3R,KU3R,True,True,both,B,FN20vx,6.0,40.9792,-74.2083,N,40.9792,48.825,48.825,4,2036
KU4A,KU4A,True,True,both,A,EM78sb,6.0,38.0625,-84.4583,N,38.0625,47.213,47.213,196,579956
KU4GZ,KU4GZ,True,True,both,B,EM85ac,6.0,35.1042,-83.9583,N,35.1042,44.346,44.346,17,2606
KU4HO,KU4HO,True,True,both,B,FM16xs,6.0,36.7708,-76.0417,N,36.7708,45.039,45.039,27,15830
KU4PY,KU4PY,True,True,both,B,EM62wj,6.0,32.3958,-86.125,N,32.3958,41.849,41.849,7,14867
KU4XR,KU4XR,True,True,both,B,EM75xr,6.0,35.7292,-84.0417,N,35.7292,44.95,44.95,4,20340
KU7SSI,KU7SSI,True,False,wsprnet_only,A,EP63,4.0,63.5,-87.0,N,63.5,71.56,71.56,14,92
KU7Z,KU7Z,True,True,both,B,DN41af,6.0,41.2292,-111.9583,N,41.2292,48.113,48.113,3,358
KU8RLY,KU8RLY,True,True,both,B,EN82,4.0,42.5,-83.0,N,42.5,51.387,51.387,3,1937
KV1E,KV1E,True,True,both,B,EN41lk,6.0,41.4375,-91.0417,N,41.4375,50.57,50.57,9,18188
KV2P,KV2P,True,True,both,A,FN12hx,6.0,42.9792,-77.375,N,42.9792,51.27,51.27,11,97541
KV4LP,KV4LP,True,True,both,B,EL95ux,6.0,25.9792,-80.2917,N,25.9792,35.344,35.344,7,7741
KV4PD,KV4PD,True,True,both,A,EM75lu,6.0,35.8542,-85.0417,N,35.8542,45.124,45.124,234,1062717
KV4UR,KV4UR,True,True,both,B,EM73,4.0,33.5,-85.0,N,33.5,42.865,42.865,9,28943
KW2AIR,KW2AIR,True,True,both,B,FN13ff,6.0,43.2292,-77.5417,N,43.2292,51.536,51.536,9,20863
KW3KW,KW3KW,True,True,both,B,FM05sx,6.0,35.9792,-78.4583,N,35.9792,44.642,44.642,3,1346
KW3Z,KW3Z,True,True,both,B,FM28ep,6.0,38.6458,-75.625,N,38.6458,46.788,46.788,7,10176
KW4DE,KW4DE,True,True,both,A,EM95wc,6.0,35.1042,-80.125,N,35.1042,44.011,44.011,231,1059168
KW4FD,KW4FD,True,True,both,B,DM33sl,6.0,33.4792,-112.4583,N,33.4792,40.353,40.353,5,1326
KW4TN,KW4TN,True,True,both,A,EM75vu,6.0,35.8542,-84.2083,N,35.8542,45.08,45.08,280,2578421
KW4TO,KW4TO,True,True,both,B,FM08vk,6.0,38.4375,-78.2083,N,38.4375,46.977,46.977,4,10120
KW4WD,KW4WD,True,False,wsprnet_only,B,FK68xk,6.0,18.4375,-66.0417,N,18.4375,24.565,24.565,9,129
KW4XJ,KW4XJ,True,True,both,B,FM18iv,6.0,38.8958,-77.2917,N,38.8958,47.292,47.292,13,7771
KW6E,KW6E,True,True,both,B,CM87xg,6.0,37.2708,-122.0417,N,37.2708,42.371,42.371,7,9715
KW6JKK,KW6JKK,True,False,wsprnet_only,A,FN15,4.0,45.5,-77.0,N,45.5,53.678,53.678,26,127
KW7DOL,KW7DOL,True,True,both,B,FM05ff,6.0,35.2292,-79.5417,N,35.2292,44.062,44.062,3,132
KW7WP,KW7WP,True,True,both,B,CN84,4.0,44.5,-123.0,N,44.5,49.299,49.299,4,92
KX0D,KX0D,True,True,both,B,EM48pt,6.0,38.8125,-90.7083,N,38.8125,48.045,48.045,81,50117
KX1U,KX1U,True,True,both,A,DN70,4.0,40.5,-105.0,N,40.5,48.475,48.475,309,2165216
KX3DX,KX3DX,True,True,both,B,DM79mg,6.0,39.2708,-104.9583,N,39.2708,47.273,47.273,27,71017
KX3ZSF,KX3ZSF,True,False,wsprnet_only,B,EN72,4.0,42.5,-85.0,N,42.5,51.507,51.507,8,22
KX4DDE,KX4DDE,True,True,both,B,FM14cg,6.0,34.2708,-77.7917,N,34.2708,42.906,42.906,6,4590
KX4DQ,KX4DQ,True,True,both,A,EM66,4.0,36.5,-87.0,N,36.5,45.813,45.813,393,4844121
KX4IG,KX4IG,True,False,wsprnet_only,B,EM75ld,6.0,35.1458,-85.0417,N,35.1458,44.445,44.445,3,32
KX4TN,KX4TN,True,True,both,A,EN61gi,6.0,41.3542,-87.4583,N,41.3542,50.49,50.49,10,13412
KX4TOD,KX4TOD,True,True,both,A,EM65ov,6.0,35.8958,-86.7917,N,35.8958,45.227,45.227,11,7674
KX5N,KX5N,True,True,both,B,EM45,4.0,35.5,-91.0,N,35.5,44.84,44.84,6,1367
KX5P,KX5P,True,True,both,B,EM13,4.0,33.5,-97.0,N,33.5,42.534,42.534,7,5049
KX5SP,KX5SP,True,True,both,B,DM80dj,6.0,30.3958,-103.7083,N,30.3958,38.666,38.666,7,2784
KX6E,KX6E,True,True,both,B,DM13ek,6.0,33.4375,-117.625,N,33.4375,39.401,39.401,7,604
KX6H,KX6H,True,True,both,A,DM14lb,6.0,34.0625,-117.0417,N,34.0625,40.126,40.126,174,685177
KX7H,KX7H,True,True,both,B,CN92ub,6.0,42.0625,-120.2917,N,42.0625,47.422,47.422,3,1131
KX9U,KX9U,True,True,both,B,EM69,4.0,39.5,-87.0,N,39.5,48.696,48.696,3,434
KY0LEL,KY0LEL,True,True,both,B,DM79pm,6.0,39.5208,-104.7083,N,39.5208,47.553,47.553,20,13668
KY1D,KY1D,True,True,both,B,FN43lh,6.0,43.3125,-71.0417,N,43.3125,50.54,50.54,4,2973
KY2GRU,KY2GRU,True,False,wsprnet_only,B,EM64,4.0,34.5,-87.0,N,34.5,43.891,43.891,5,12
KY3JDJ,KY3JDJ,True,False,wsprnet_only,B,FF42,4.0,-37.5,-71.0,S,37.5,-25.601,25.601,4,11
KY3XDD,KY3XDD,True,False,wsprnet_only,A,EM65,4.0,35.5,-87.0,N,35.5,44.852,44.852,10,73
KY4DF,KY4DF,True,True,both,A,EM65lv,6.0,35.8958,-87.0417,N,35.8958,45.233,45.233,349,995396
KY4HL,KY4HL,True,True,both,A,FM03sv,6.0,33.8958,-78.4583,N,33.8958,42.642,42.642,22,4475
KY4JDC,KY4JDC,True,True,both,B,EM57pa,6.0,37.0208,-88.7083,N,37.0208,46.335,46.335,4,341
KY4KI,KY4KI,True,True,both,B,FM17jg,6.0,37.2708,-77.2083,N,37.2708,45.707,45.707,7,900
KY4MI,KY4MI,True,True,both,B,EM55bf,6.0,35.2292,-89.875,N,35.2292,44.602,44.602,5,578
KY4OHI,KY4OHI,True,False,wsprnet_only,B,EB36,4.0,-73.5,-93.0,S,73.5,-60.004,60.004,7,29
KY4UI,KY4UI,True,True,both,B,EM73og,6.0,33.2708,-84.7917,N,33.2708,42.636,42.636,79,774721
KY4UP,KY4UP,True,True,both,B,EM85qf,6.0,35.2292,-82.625,N,35.2292,44.372,44.372,4,3763
KY4WH,KY4WH,True,True,both,B,EM97tf,6.0,37.2292,-80.375,N,37.2292,46.078,46.078,5,461
KY8EUI,KY8EUI,True,False,wsprnet_only,A,FN24,4.0,44.5,-75.0,N,44.5,52.413,52.413,36,137
KY9VJZ,KY9VJZ,True,False,wsprnet_only,B,FN24,4.0,44.5,-75.0,N,44.5,52.413,52.413,8,30
KZ4AN,KZ4AN,True,True,both,B,EM73or,6.0,33.7292,-84.7917,N,33.7292,43.075,43.075,5,840
KZ4CE,KZ4CE,True,True,both,B,EM80jw,6.0,30.9375,-83.2083,N,30.9375,40.312,40.312,9,5109
KZ4FT,KZ4FT,True,True,both,B,FM19,4.0,39.5,-77.0,N,39.5,47.835,47.835,3,188
KZ4HT,KZ4HT,True,True,both,B,EL98eh,6.0,28.3125,-81.625,N,28.3125,37.688,37.688,7,681
KZ4IK,KZ4IK,True,True,both,A,FM08vi,6.0,38.3542,-78.2083,N,38.3542,46.897,46.897,381,2155680
KZ4IP,KZ4IP,True,True,both,A,EM66pa,6.0,36.0208,-86.7083,N,36.0208,45.345,45.345,271,716670
KZ4IT,KZ4IT,True,True,both,B,EM86,4.0,36.5,-83.0,N,36.5,45.619,45.619,9,1734
KZ4JN,KZ4JN,True,True,both,B,EL89st,6.0,29.8125,-82.4583,N,29.8125,39.185,39.185,4,2673
KZ4LD,KZ4LD,True,True,both,B,EM72ml,6.0,32.4792,-84.9583,N,32.4792,41.885,41.885,4,219
KZ4NE,KZ4NE,True,True,both,A,EM91jx,6.0,31.9792,-81.2083,N,31.9792,41.139,41.139,14,3611
KZ4RB,KZ4RB,True,True,both,B,EL99ic,6.0,29.1042,-81.2917,N,29.1042,38.409,38.409,239,1317107
KZ4UE,KZ4UE,True,True,both,B,EM60,4.0,30.5,-87.0,N,30.5,40.048,40.048,6,3712
KZ4XA,KZ4XA,True,True,both,B,EM76fh,6.0,36.3125,-85.5417,N,36.3125,45.586,45.586,6,1169
KZ5MH,KZ5MH,True,True,both,B,EM75sv,6.0,35.8958,-84.4583,N,35.8958,45.134,45.134,5,7678
KZ8C,KZ8C,True,True,both,B,EM88pm,6.0,38.5208,-82.7083,N,38.5208,47.537,47.537,12,10533
KZ8H,KZ8H,True,True,both,B,EN91hj,6.0,41.3958,-81.375,N,41.3958,50.191,50.191,3,2800
L16MPJ,L16MPJ,True,False,wsprnet_only,B,EM94pu,6.0,34.8542,-80.7083,N,34.8542,43.835,43.835,3,22
L16XXP,L16XXP,True,False,wsprnet_only,B,JN43,4.0,43.5,9.0,N,43.5,37.201,37.201,5,11
L2HAN,L2HAN,True,False,wsprnet_only,B,IM97,4.0,37.5,-1.0,N,37.5,28.179,28.179,4,15
L2ZNN,L2ZNN,True,True,both,B,GK43,4.0,13.5,-51.0,N,13.5,5.537,5.537,4,50
L6IDG,L6IDG,True,False,wsprnet_only,A,BQ54,4.0,74.5,-149.0,N,74.5,74.622,74.622,15,47
L6SMY,L6SMY,True,True,both,B,AG71,4.0,-28.5,-165.0,S,28.5,-30.038,30.038,56,153
L6TCD/28,L6TCD,True,True,both,B,AA00aa,6.0,-89.9792,-179.9583,S,89.9792,-74.438,74.438,11,71
L9CBO,L9CBO,True,True,both,A,CP02,4.0,62.5,-139.0,N,62.5,64.076,64.076,15,2158
LA/OH8GKP,OH8GKP,True,False,wsprnet_only,B,FM08te,6.0,38.1875,-78.375,N,38.1875,46.758,46.758,3,13
LA1AAA,LA1AAA,True,True,both,B,JO49ru,6.0,59.8542,9.4583,N,59.8542,56.779,56.779,4,5126
LA1DPA,LA1DPA,True,True,both,B,JP88dt,6.0,68.8125,16.2917,N,68.8125,66.262,66.262,6,1083
LA1GPA,LA1GPA,True,True,both,B,JP50kb,6.0,60.0625,10.875,N,60.0625,56.977,56.977,3,892
LA1ITS,LA1ITS,True,True,both,A,JO59mx,6.0,59.9792,11.0417,N,59.9792,56.88,56.88,389,1806772
LA1LLA,LA1LLA,True,True,both,B,JP65gj,6.0,65.3958,12.5417,N,65.3958,62.765,62.765,20,595
LA1LLA/K,LA1LLA,True,True,both,A,JP65gj,6.0,65.3958,12.5417,N,65.3958,62.765,62.765,28,33351
LA1OTX,LA1OTX,True,True,both,B,JO59lw,6.0,59.9375,10.9583,N,59.9375,56.836,56.836,7,5101
LA1ZM,LA1ZM,True,True,both,B,JO38hh,6.0,58.3125,6.625,N,58.3125,55.109,55.109,25,24779
LA2BCN,LA2BCN,True,True,both,A,JO38,4.0,58.5,7.0,N,58.5,55.313,55.313,218,33349
LA2XNA,LA2XNA,True,True,both,B,JP50jc,6.0,60.1042,10.7917,N,60.1042,57.025,57.025,3,2346
LA3CTA,LA3CTA,True,True,both,B,JO59cr,6.0,59.7292,10.2083,N,59.7292,56.62,56.62,4,177
LA3EQ,LA3EQ,True,True,both,B,JO28xj,6.0,58.3958,5.9583,N,58.3958,55.223,55.223,166,145842
LA3EQ/2,LA3EQ,True,True,both,B,JO28xj,6.0,58.3958,5.9583,N,58.3958,55.223,55.223,3,79
LA3FY/1,LA3FY,True,True,both,A,JO59ff,6.0,59.2292,10.4583,N,59.2292,56.055,56.055,31,163950
LA3FY/3,LA3FY,True,True,both,B,JO59ff,6.0,59.2292,10.4583,N,59.2292,56.055,56.055,9,34047
LA3GAB,LA3GAB,True,False,wsprnet_only,A,JO59,4.0,59.5,11.0,N,59.5,56.346,56.346,53,143
LA3JJ/1,LA3JJ,True,True,both,A,JO59bh,6.0,59.3125,10.125,N,59.3125,56.155,56.155,65,64869
LA3LJA,LA3LJA,True,True,both,B,JP54eh,6.0,64.3125,10.375,N,64.3125,61.671,61.671,3,2783
LA3SP,LA3SP,True,True,both,B,JP40cp,6.0,60.6458,8.2083,N,60.6458,57.7,57.7,3,6203
LA3WJA,LA3WJA,True,True,both,B,JP32be,6.0,62.1875,6.125,N,62.1875,59.495,59.495,3,764
LA3WMA,LA3WMA,True,True,both,B,JP43mg,6.0,63.2708,9.0417,N,63.2708,60.581,60.581,3,947
LA4ANA,LA4ANA,True,True,both,B,JO59cc,6.0,59.1042,10.2083,N,59.1042,55.92,55.92,31,4930
LA4HK,LA4HK,True,True,both,B,JO59cr,6.0,59.7292,10.2083,N,59.7292,56.62,56.62,8,1262
LA4JNA,LA4JNA,True,True,both,A,JO59fg,6.0,59.2708,10.4583,N,59.2708,56.101,56.101,36,35791
LA4PGA,LA4PGA,True,True,both,A,JP50kb,6.0,60.0625,10.875,N,60.0625,56.977,56.977,297,2670552
LA4WGA,LA4WGA,True,True,both,A,KQ20xx,6.0,70.9792,25.9583,N,70.9792,68.202,68.202,13,2825
LA4ZCA,LA4ZCA,True,True,both,A,JO59jx,6.0,59.9792,10.7917,N,59.9792,56.886,56.886,14,22292
LA5FBA,LA5FBA,True,True,both,B,JO59,4.0,59.5,11.0,N,59.5,56.346,56.346,3,5818
LA6GKA,LA6GKA,True,False,wsprnet_only,B,JO82ef,6.0,52.2292,16.375,N,52.2292,48.088,48.088,9,12
LA6NCA,LA6NCA,True,True,both,B,JO59ab,6.0,59.0625,10.0417,N,59.0625,55.876,55.876,4,12811
LA6REA,LA6REA,True,True,both,B,JP43,4.0,63.5,9.0,N,63.5,60.834,60.834,64,286905
LA6SRA,LA6SRA,True,True,both,A,JP20oi,6.0,60.3542,5.2083,N,60.3542,57.474,57.474,11,491
LA6UIA,LA6UIA,True,True,both,B,JO59dd,6.0,59.1458,10.2917,N,59.1458,55.964,55.964,5,2272
LA7COA,LA7COA,True,True,both,B,JP88mn,6.0,68.5625,17.0417,N,68.5625,65.973,65.973,5,2442
LA7IJA,LA7IJA,True,True,both,B,JP51,4.0,61.5,11.0,N,61.5,58.568,58.568,38,4803
LA8WRA,LA8WRA,True,True,both,B,JP42ip,6.0,62.6458,8.7083,N,62.6458,59.905,59.905,4,1380
LA9GSA,LA9GSA,True,True,both,B,JP50gj,6.0,60.3958,10.5417,N,60.3958,57.356,57.356,7,544
LA9LT,LA9LT,True,True,both,B,JP50df,6.0,60.2292,10.2917,N,60.2292,57.177,57.177,4,77
LA9NEA,LA9NEA,True,True,both,B,JP68td,6.0,68.1458,13.625,N,68.1458,65.66,65.66,8,352
LA9RKA,LA9RKA,True,True,both,A,JP65vv,6.0,65.8958,13.7917,N,65.8958,63.259,63.259,45,38654
LA9UI,LA9UI,True,True,both,A,JP99,4.0,69.5,19.0,N,69.5,66.887,66.887,395,294591
LB0MI,LB0MI,True,True,both,B,JP77cc,6.0,67.1042,14.2083,N,67.1042,64.533,64.533,4,1876
LB0UG,LB0UG,True,True,both,B,JP99jq,6.0,69.6875,18.7917,N,69.6875,67.089,67.089,5,2672
LB0YI,LB0YI,True,True,both,B,KQ40ub,6.0,70.0625,29.7083,N,70.0625,67.176,67.176,8,5704
LB1CK,LB1CK,True,True,both,B,JO59jo,6.0,59.6042,10.7917,N,59.6042,56.467,56.467,4,596
LB1HI,LB1HI,True,True,both,B,JP40lt,6.0,60.8125,8.9583,N,60.8125,57.864,57.864,7,923
LB1LG,LB1LG,True,True,both,B,JO59mx,6.0,59.9792,11.0417,N,59.9792,56.88,56.88,9,5683
LB2S,LB2S,True,True,both,A,JO48be,6.0,58.1875,8.125,N,58.1875,54.929,54.929,56,225266
LB3BJ,LB3BJ,True,True,both,B,JP40lt,6.0,60.8125,8.9583,N,60.8125,57.864,57.864,15,20292
LB3KJ,LB3KJ,True,True,both,B,JO59jx,6.0,59.9792,10.7917,N,59.9792,56.886,56.886,9,16866
LB3NJ,LB3NJ,True,True,both,B,JO59mw,6.0,59.9375,11.0417,N,59.9375,56.834,56.834,32,10326
LB3TK,LB3TK,True,True,both,B,JO49,4.0,59.5,9.0,N,59.5,56.393,56.393,78,593030
LB4PK,LB4PK,True,True,both,B,JO49xv,6.0,59.8958,9.9583,N,59.8958,56.813,56.813,7,3657
LB4XK,LB4XK,True,True,both,A,JP50lv,6.0,60.8958,10.9583,N,60.8958,57.901,57.901,11,946
LB5MA,LB5MA,True,True,both,A,JP20kt,6.0,60.8125,4.875,N,60.8125,58.004,58.004,26,7988
LB5Z,LB5Z,True,False,wsprnet_only,A,EM71,4.0,31.5,-85.0,N,31.5,40.95,40.95,26,561
LB6CK,LB6CK,True,True,both,B,JO59le,6.0,59.1875,10.9583,N,59.1875,55.997,55.997,8,6547
LB6EH,LB6EH,True,True,both,B,JP20ql,6.0,60.4792,5.375,N,60.4792,57.609,57.609,3,8405
LB6KI,LB6KI,True,True,both,B,JP20qh,6.0,60.3125,5.375,N,60.3125,57.421,57.421,4,1025
LB7KSD,LB7KSD,True,True,both,A,AB17,4.0,-72.5,-177.0,S,72.5,-74.004,74.004,37,898
LB7LXF,LB7LXF,True,True,both,A,FC53,4.0,-66.5,-69.0,S,66.5,-52.357,52.357,214,8154
LB7UG,LB7UG,True,True,both,A,JO59jw,6.0,59.9375,10.7917,N,59.9375,56.84,56.84,305,83412
LB8LH,LB8LH,True,True,both,A,JP20qi,6.0,60.3542,5.375,N,60.3542,57.468,57.468,12,7467
LB8WG,LB8WG,True,True,both,A,JP53fj,6.0,63.3958,10.4583,N,63.3958,60.668,60.668,35,306669
LB9CJ,LB9CJ,True,True,both,A,JO59mx,6.0,59.9792,11.0417,N,59.9792,56.88,56.88,15,55448
LB9GI,LB9GI,True,True,both,B,JP20,4.0,60.5,5.0,N,60.5,57.647,57.647,3,59
LB9UG,LB9UG,True,True,both,A,JP20oj,6.0,60.3958,5.2083,N,60.3958,57.521,57.521,22,18987
LB9YE,LB9YE,True,True,both,B,JP54pu,6.0,64.8542,11.2917,N,64.8542,62.225,62.225,336,438161
LD3JWA,LD3JWA,True,True,both,A,FC97,4.0,-62.5,-61.0,S,62.5,-49.047,49.047,24,34
LD3SXI,LD3SXI,True,True,both,A,AJ65,4.0,5.5,-167.0,N,5.5,5.52,5.52,376,50107
LD6Y,LD6Y,True,False,wsprnet_only,B,EO58,4.0,58.5,-89.0,N,58.5,66.891,66.891,9,22
LD7SZL,LD7SZL,True,True,both,A,JC05,4.0,-64.5,1.0,S,64.5,-58.083,58.083,23,320
LD7TAP,LD7TAP,True,True,both,A,PE34,4.0,-45.5,127.0,S,45.5,-58.083,58.083,47,113
LF5DJK,LF5DJK,True,True,both,A,JK87,4.0,17.5,17.0,N,17.5,,,142,3784
LF5DMA,LF5DMA,True,True,both,A,BH69,4.0,-10.5,-147.0,S,10.5,-8.819,8.819,24,242
LM0GIO,LM0GIO,True,True,both,A,QP94,4.0,64.5,159.0,N,64.5,59.328,59.328,85,536
LU/KO6KWA,KO6KWA,True,True,both,B,FF78vn,6.0,-31.4375,-64.2083,S,31.4375,-21.498,21.498,3,120
LU1DLP,LU1DLP,True,True,both,B,GF05rc,6.0,-34.8958,-58.5417,S,34.8958,-26.115,26.115,9,316
LU1HIP,LU1HIP,True,True,both,B,FF78uu,6.0,-31.1458,-64.2917,S,31.1458,-21.218,21.218,4,786
LU1IBL,LU1IBL,True,True,both,B,GG23qo,6.0,-26.3958,-54.625,S,26.3958,-20.471,20.471,4,144
LU1LBR,LU1LBR,True,True,both,B,GG02om,6.0,-27.4792,-58.7917,S,27.4792,-19.812,19.812,3,358
LU1MQF,LU1MQF,True,True,both,A,FF55uj,6.0,-34.6042,-68.2917,S,34.6042,-23.387,23.387,40,7299
LU1ZG,LU1ZG,True,True,both,A,HB22qd,6.0,-77.8542,-34.625,S,77.8542,-63.785,63.785,229,113486
LU2DKT,LU2DKT,True,True,both,A,GF05rj,6.0,-34.6042,-58.5417,S,34.6042,-25.872,25.872,15,14198
LU2DQV,LU2DQV,True,True,both,B,GF05ph,6.0,-34.6875,-58.7083,S,34.6875,-25.891,25.891,6,2167
LU2DSF,LU2DSF,True,True,both,B,GF13pk,6.0,-36.5625,-56.7083,S,36.5625,-28.047,28.047,3,3481
LU2EH,LU2EH,True,True,both,B,GF05rm,6.0,-34.4792,-58.5417,S,34.4792,-25.768,25.768,5,931
LU2EQD,LU2EQD,True,True,both,B,GF05rl,6.0,-34.5208,-58.5417,S,34.5208,-25.803,25.803,5,74
LU2GPB,LU2GPB,True,True,both,B,GG03vt,6.0,-26.1875,-58.2083,S,26.1875,-18.933,18.933,9,1609
LU3DKP,LU3DKP,True,True,both,B,GF05,4.0,-34.5,-59.0,S,34.5,-25.645,25.645,4,107
LU3MCV,LU3MCV,True,True,both,B,FF55tj,6.0,-34.6042,-68.375,S,34.6042,-23.372,23.372,3,39
LU3YZ,LU3YZ,True,True,both,A,FF51,4.0,-38.5,-69.0,S,38.5,-26.8,26.8,113,58529
LU4AA,LU4AA,True,True,both,A,GF05wd,6.0,-34.8542,-58.125,S,34.8542,-26.208,26.208,325,362493
LU4DJC,LU4DJC,True,True,both,B,GF05po,6.0,-34.3958,-58.7083,S,34.3958,-25.647,25.647,19,19830
LU4ECL,LU4ECL,True,True,both,B,GF15ac,6.0,-34.8958,-57.9583,S,34.8958,-26.294,26.294,3,439
LU4EME,LU4EME,True,True,both,A,GF15ab,6.0,-34.9375,-57.9583,S,34.9375,-26.329,26.329,13,2467
LU4FDV,LU4FDV,True,True,both,B,FF97qb,6.0,-32.9375,-60.625,S,32.9375,-23.833,23.833,13,3022
LU4HH,LU4HH,True,True,both,A,FF78,4.0,-31.5,-65.0,S,31.5,-21.342,21.342,236,2549043
LU4HK,LU4HK,True,True,both,B,FF78lg,6.0,-31.7292,-65.0417,S,31.7292,-21.535,21.535,3,468
LU4VMR,LU4VMR,True,True,both,B,FE48jv,6.0,-41.1042,-71.2083,S,41.1042,-28.882,28.882,4,89
LU5DA,LU5DA,True,True,both,A,GF05,4.0,-34.5,-59.0,S,34.5,-25.645,25.645,388,798423
LU5EDR,LU5EDR,True,True,both,B,FF96,4.0,-33.5,-61.0,S,33.5,-24.2,24.2,8,1899
LU5VV,LU5VV,True,True,both,B,FE48hu,6.0,-41.1458,-71.375,S,41.1458,-28.902,28.902,6,5167
LU6EZT,LU6EZT,True,True,both,B,GF05,4.0,-34.5,-59.0,S,34.5,-25.645,25.645,3,286
LU7AA/Z,LU7AA,True,True,both,A,HB22qd,6.0,-77.8542,-34.625,S,77.8542,-63.785,63.785,226,104019
LU7MCG,LU7MCG,True,False,wsprnet_only,A,FF57,4.0,-32.5,-69.0,S,32.5,-21.335,21.335,19,1392
LU8ANS,LU8ANS,True,True,both,B,GF05sj,6.0,-34.6042,-58.4583,S,34.6042,-25.898,25.898,46,1177
LU8DCH,LU8DCH,True,True,both,A,GF05rn,6.0,-34.4375,-58.5417,S,34.4375,-25.734,25.734,59,15831
LU8DPV,LU8DPV,True,True,both,B,GF12fa,6.0,-37.9792,-57.5417,S,37.9792,-28.959,28.959,3,3303
LU8DQ,LU8DQ,True,True,both,B,GF15ba,6.0,-34.9792,-57.875,S,34.9792,-26.389,26.389,4,1251
LU8VKM,LU8VKM,True,True,both,B,FE48kw,6.0,-41.0625,-71.125,S,41.0625,-28.853,28.853,3,135
LU8YY/Q,LU8YY,True,True,both,A,FF77jp,6.0,-32.3542,-65.2083,S,32.3542,-22.047,22.047,380,230445
LU9ATJ,LU9ATJ,True,True,both,B,GF05sk,6.0,-34.5625,-58.4583,S,34.5625,-25.863,25.863,3,325
LW4EDG,LW4EDG,True,True,both,B,FF92ha,6.0,-37.9792,-61.375,S,37.9792,-27.918,27.918,4,149
LW5DMG,LW5DMG,True,True,both,B,GF13cv,6.0,-36.1042,-57.7917,S,36.1042,-27.343,27.343,9,108
LW6DLS,LW6DLS,True,True,both,A,GF05qf,6.0,-34.7708,-58.625,S,34.7708,-25.986,25.986,304,260058
LW6KTF,LW6KTF,True,True,both,B,FF97nj,6.0,-32.6042,-60.875,S,32.6042,-23.473,23.473,5,76
LW8HBE,LW8HBE,True,True,both,B,FF79,4.0,-30.5,-65.0,S,30.5,-20.454,20.454,3,666
LW9END,LW9END,True,True,both,B,FF93ks,6.0,-36.2292,-61.125,S,36.2292,-26.493,26.493,3,33
LW9RYJ,LW9RYJ,True,False,wsprnet_only,B,KQ10,4.0,70.5,23.0,N,70.5,67.795,67.795,7,10
LX0QRP,LX0QRP,True,True,both,A,JN39,4.0,49.5,7.0,N,49.5,44.68,44.68,395,2785548
LX1GG,LX1GG,True,True,both,B,JN39bn,6.0,49.5625,6.125,N,49.5625,44.747,44.747,8,5045
LX1LW,LX1LW,True,True,both,A,JN39ap,6.0,49.6458,6.0417,N,49.6458,44.848,44.848,79,8976
LX1MDA,LX1MDA,True,True,both,B,JN39fp,6.0,49.6458,6.4583,N,49.6458,44.853,44.853,24,47456
LX1WJ,LX1WJ,True,True,both,B,JN39am,6.0,49.5208,6.0417,N,49.5208,44.694,44.694,8,8124
LX1YCV,LX1YCV,True,True,both,A,JN39ap,6.0,49.6458,6.0417,N,49.6458,44.848,44.848,10,3529
LX2AR,LX2AR,True,True,both,A,JN39,4.0,49.5,7.0,N,49.5,44.68,44.68,96,3109491
LX2JV,LX2JV,True,True,both,B,JN29,4.0,49.5,5.0,N,49.5,44.659,44.659,3,379
LX9BSC,LX9BSC,True,True,both,B,JN39bn,6.0,49.5625,6.125,N,49.5625,44.747,44.747,4,1928
LY1MR,LY1MR,True,True,both,B,KO24ck,6.0,54.4375,24.2083,N,54.4375,50.718,50.718,9,3895
LY1VR,LY1VR,True,True,both,B,KO16eh,6.0,56.3125,22.375,N,56.3125,52.752,52.752,6,1510
LY2LF,LY2LF,True,True,both,B,KO25er,6.0,55.7292,24.375,N,55.7292,52.135,52.135,4,286
LY2XV,LY2XV,True,True,both,B,KO25tx,6.0,55.9792,25.625,N,55.9792,52.423,52.423,3,539
LY3AZ,LY3AZ,True,True,both,A,KO25,4.0,55.5,25.0,N,55.5,51.893,51.893,79,1575759
LY3EC,LY3EC,True,True,both,B,KO24aj,6.0,54.3958,24.0417,N,54.3958,50.669,50.669,5,1975
LY4PR,LY4PR,True,True,both,B,KO25vw,6.0,55.9375,25.7917,N,55.9375,52.38,52.38,40,5298
LY5NC,LY5NC,True,True,both,B,KO14ww,6.0,54.9375,23.875,N,54.9375,51.262,51.262,4,1676
LY6AK,LY6AK,True,True,both,B,KO06,4.0,56.5,21.0,N,56.5,52.948,52.948,3,334
LY6EOL,LY6EOL,True,True,both,B,KO24,4.0,54.5,25.0,N,54.5,50.801,50.801,3,1467
LY6SPJ,LY6SPJ,True,True,both,B,KO25er,6.0,55.7292,24.375,N,55.7292,52.135,52.135,25,5291
LY8NC,LY8NC,True,True,both,B,KO14ww,6.0,54.9375,23.875,N,54.9375,51.262,51.262,5,4016
LY9NC,LY9NC,True,True,both,B,KO14ww,6.0,54.9375,23.875,N,54.9375,51.262,51.262,3,1179
LZ0DLS,LZ0DLS,True,True,both,A,KN12,4.0,42.5,23.0,N,42.5,37.049,37.049,325,393895
LZ1KI,LZ1KI,True,True,both,B,KN12pq,6.0,42.6875,23.2917,N,42.6875,37.296,37.296,14,16598
LZ1MCN,LZ1MCN,True,True,both,B,KN12qq,6.0,42.6875,23.375,N,42.6875,37.304,37.304,4,21311
LZ1MDK,LZ1MDK,True,True,both,B,KN22tj,6.0,42.3958,25.625,N,42.3958,37.157,37.157,3,448
LZ1QRM,LZ1QRM,True,True,both,A,KN12,4.0,42.5,23.0,N,42.5,37.049,37.049,65,21171
LZ1VDK,LZ1VDK,True,True,both,B,KN22,4.0,42.5,25.0,N,42.5,37.224,37.224,5,55
LZ2FDI,LZ2FDI,True,True,both,A,KN22jv,6.0,42.8958,24.7917,N,42.8958,37.67,37.67,10,5146
LZ2RKG,LZ2RKG,True,True,both,B,KN12qq,6.0,42.6875,23.375,N,42.6875,37.304,37.304,6,1695
LZ3RBS,LZ3RBS,True,True,both,B,KN12ln,6.0,42.5625,22.9583,N,42.5625,37.119,37.119,6,1604
LZ5UF,LZ5UF,True,True,both,B,KN22id,6.0,42.1458,24.7083,N,42.1458,36.782,36.782,8,12284
LZ6EP,LZ6EP,True,True,both,B,KN23lb,6.0,43.0625,24.9583,N,43.0625,37.878,37.878,3,3889
M/9A3ICE,9A3ICE,True,True,both,B,IO91kg,6.0,51.2708,-1.125,N,51.2708,46.914,46.914,3,2657
M09OFX,M09OFX,True,False,wsprnet_only,A,QE51,4.0,-48.5,151.0,S,48.5,-58.939,58.939,77,366
M0AFJ,M0AFJ,True,True,both,B,IO70ic,6.0,50.1042,-5.2917,N,50.1042,45.57,45.57,6,19615
M0AFZ,M0AFZ,True,True,both,B,JO01de,6.0,51.1875,0.2917,N,51.1875,46.78,46.78,5,5997
M0BAH,M0BAH,True,True,both,B,IO90tv,6.0,50.8958,-0.375,N,50.8958,46.429,46.429,4,613
M0BMN,M0BMN,True,True,both,B,IO82wn,6.0,52.5625,-2.125,N,52.5625,48.545,48.545,237,1560509
M0BOB,M0BOB,True,True,both,B,JO01co,6.0,51.6042,0.2083,N,51.6042,47.298,47.298,4,7016
M0BSI,M0BSI,True,True,both,B,IO70ic,6.0,50.1042,-5.2917,N,50.1042,45.57,45.57,8,175956
M0BWZ,M0BWZ,True,True,both,B,IO93ob,6.0,53.0625,-0.7917,N,53.0625,49.117,49.117,9,2997
M0CFM,M0CFM,True,True,both,A,IO91,4.0,51.5,-1.0,N,51.5,47.196,47.196,87,241863
M0CHP,M0CHP,True,True,both,B,JO02ul,6.0,52.4792,1.7083,N,52.4792,48.343,48.343,5,624
M0CTI,M0CTI,True,True,both,B,IO93ik,6.0,53.4375,-1.2917,N,53.4375,49.591,49.591,4,2781
M0CWX,M0CWX,True,True,both,B,IO82xk,6.0,52.4375,-2.0417,N,52.4375,48.388,48.388,7,2398
M0CYX,M0CYX,True,True,both,B,IO90ls,6.0,50.7708,-1.0417,N,50.7708,46.287,46.287,7,2322
M0DEV,M0DEV,True,True,both,B,IO82op,6.0,52.6458,-2.7917,N,52.6458,48.672,48.672,3,138
M0DFT,M0DFT,True,True,both,A,IO90es,6.0,50.7708,-1.625,N,50.7708,46.3,46.3,56,32240
M0DJW,M0DJW,True,True,both,B,IO91ri,6.0,51.3542,-0.5417,N,51.3542,47.004,47.004,3,974
M0DMC,M0DMC,True,True,both,A,JO02be,6.0,52.1875,0.125,N,52.1875,48.019,48.019,360,201540
M0DQW,M0DQW,True,True,both,B,IO91nt,6.0,51.8125,-0.875,N,51.8125,47.581,47.581,8,17941
M0DUG,M0DUG,True,True,both,A,IO91,4.0,51.5,-1.0,N,51.5,47.196,47.196,128,1174
M0DWK,M0DWK,True,True,both,B,IO84rc,6.0,54.1042,-2.5417,N,54.1042,50.45,50.45,3,26756
M0DZS,M0DZS,True,True,both,B,IO90kt,6.0,50.8125,-1.125,N,50.8125,46.341,46.341,5,614
M0ECS,M0ECS,True,True,both,B,IO93td,6.0,53.1458,-0.375,N,53.1458,49.206,49.206,4,1272
M0ELS,M0ELS,True,True,both,B,JO01gn,6.0,51.5625,0.5417,N,51.5625,47.24,47.24,23,8878
M0EPX,M0EPX,True,True,both,A,IO90sw,6.0,50.9375,-0.4583,N,50.9375,46.483,46.483,30,167828
M0FCD,M0FCD,True,True,both,A,JO00,4.0,50.5,1.0,N,50.5,45.913,45.913,36,29607
M0FMT,M0FMT,True,True,both,B,IO91ux,6.0,51.9792,-0.2917,N,51.9792,47.772,47.772,3,314
M0GEJ,M0GEJ,True,True,both,A,IO81,4.0,51.5,-3.0,N,51.5,47.254,47.254,77,125674
M0GIK,M0GIK,True,False,wsprnet_only,B,IM76gc,6.0,36.1042,-5.4583,N,36.1042,25.696,25.696,3,17
M0GJQ,M0GJQ,True,True,both,B,IO92hm,6.0,52.5208,-1.375,N,52.5208,48.47,48.47,6,435
M0GLT,M0GLT,True,True,both,B,JO02be,6.0,52.1875,0.125,N,52.1875,48.019,48.019,5,1257
M0GQC/2,M0GQC,True,True,both,B,IO81wh,6.0,51.3125,-2.125,N,51.3125,46.992,46.992,3,641
M0GQC/A,M0GQC,True,True,both,B,IO81wh,6.0,51.3125,-2.125,N,51.3125,46.992,46.992,8,18255
M0GUC,M0GUC,True,True,both,A,IO82,4.0,52.5,-3.0,N,52.5,48.499,48.499,263,735558
M0GUU,M0GUU,True,True,both,A,IO92,4.0,52.5,-1.0,N,52.5,48.433,48.433,36,9897
M0GWC,M0GWC,True,True,both,A,IO91lg,6.0,51.2708,-1.0417,N,51.2708,46.912,46.912,114,51499
M0HAL,M0HAL,True,True,both,B,JO01bi,6.0,51.3542,0.125,N,51.3542,46.99,46.99,3,256
M0HBL,M0HBL,True,True,both,A,JO02oo,6.0,52.6042,1.2083,N,52.6042,48.505,48.505,24,10132
M0HGU,M0HGU,True,True,both,B,JO02op,6.0,52.6458,1.2083,N,52.6458,48.556,48.556,4,745
M0HJF,M0HJF,True,True,both,B,IO90,4.0,50.5,-1.0,N,50.5,45.946,45.946,21,24827
M0HJZ,M0HJZ,True,True,both,B,IO91po,6.0,51.6042,-0.7083,N,51.6042,47.318,47.318,4,478
M0HKC,M0HKC,True,True,both,B,JO01,4.0,51.5,1.0,N,51.5,47.154,47.154,8,212476
M0HNK,M0HNK,True,True,both,B,IO81,4.0,51.5,-3.0,N,51.5,47.254,47.254,119,486441
M0HNL,M0HNL,True,True,both,B,IO93lw,6.0,53.9375,-1.0417,N,53.9375,50.191,50.191,3,1266
M0HPI,M0HPI,True,True,both,B,IO91qg,6.0,51.2708,-0.625,N,51.2708,46.902,46.902,28,71566
M0HQM,M0HQM,True,True,both,A,IO91vc,6.0,51.1042,-0.2083,N,51.1042,46.686,46.686,43,38244
M0HSG,M0HSG,True,True,both,B,IO91qw,6.0,51.9375,-0.625,N,51.9375,47.729,47.729,3,1802
M0HSZ,M0HSZ,True,True,both,B,IO91tp,6.0,51.6458,-0.375,N,51.6458,47.362,47.362,3,4882
M0HTB,M0HTB,True,True,both,A,IO81tj,6.0,51.3958,-2.375,N,51.3958,47.104,47.104,16,5400
M0HWD,M0HWD,True,True,both,B,IO91vo,6.0,51.6042,-0.2083,N,51.6042,47.307,47.307,123,48176
M0HYT,M0HYT,True,True,both,B,IO90hu,6.0,50.8542,-1.375,N,50.8542,46.399,46.399,7,7766
M0HZA,M0HZA,True,True,both,B,JO02hx,6.0,52.9792,0.625,N,52.9792,48.976,48.976,3,542
M0HZE,M0HZE,True,True,both,B,IO81qw,6.0,51.9375,-2.625,N,51.9375,47.788,47.788,105,143630
M0ICG,M0ICG,True,True,both,A,JO01,4.0,51.5,1.0,N,51.5,47.154,47.154,103,654091
M0ICR,M0ICR,True,True,both,B,IO91so,6.0,51.6042,-0.4583,N,51.6042,47.312,47.312,7,15316
M0ITC,M0ITC,True,True,both,B,IO82,4.0,52.5,-3.0,N,52.5,48.499,48.499,5,4041
M0ITZ,M0ITZ,True,True,both,B,IO92is,6.0,52.7708,-1.2917,N,52.7708,48.775,48.775,4,2507
M0IXY,M0IXY,True,True,both,B,JO01fn,6.0,51.5625,0.4583,N,51.5625,47.241,47.241,5,2122
M0JBA,M0JBA,True,True,both,B,IO93ss,6.0,53.7708,-0.4583,N,53.7708,49.969,49.969,110,130000
M0JBM,M0JBM,True,True,both,B,IO81vu,6.0,51.8542,-2.2083,N,51.8542,47.67,47.67,5,799
M0JCD,M0JCD,True,True,both,B,IO83rb,6.0,53.0625,-2.5417,N,53.0625,49.176,49.176,4,3178
M0JEK,M0JEK,True,True,both,B,JO02gn,6.0,52.5625,0.5417,N,52.5625,48.469,48.469,4,11914
M0JFE,M0JFE,True,True,both,B,IO83lw,6.0,53.9375,-3.0417,N,53.9375,50.268,50.268,3,191
M0JGH,M0JGH,True,True,both,A,IO91,4.0,51.5,-1.0,N,51.5,47.196,47.196,49,129747
M0JLJ,M0JLJ,True,True,both,A,JO01,4.0,51.5,1.0,N,51.5,47.154,47.154,144,177037
M0JLV,M0JLV,True,True,both,B,IO93ji,6.0,53.3542,-1.2083,N,53.3542,49.487,49.487,10,13838
M0JLY,M0JLY,True,True,both,B,IO81wv,6.0,51.8958,-2.125,N,51.8958,47.72,47.72,7,3811
M0JQQ,M0JQQ,True,True,both,A,IO95ec,6.0,55.1042,-1.625,N,55.1042,51.622,51.622,10,1346
M0JRW,M0JRW,True,True,both,B,JO01go,6.0,51.6042,0.5417,N,51.6042,47.291,47.291,4,550
M0JRZ,M0JRZ,True,True,both,A,IO91nl,6.0,51.4792,-0.875,N,51.4792,47.167,47.167,12,10053
M0JSX,M0JSX,True,True,both,B,IO91ko,6.0,51.6042,-1.125,N,51.6042,47.329,47.329,3,38640
M0JTL,M0JTL,True,False,wsprnet_only,B,JP65vv,6.0,65.8958,13.7917,N,65.8958,63.259,63.259,6,23
M0JUY,M0JUY,True,True,both,B,IO91oh,6.0,51.3125,-0.7917,N,51.3125,46.958,46.958,16,2129
M0JVW,M0JVW,True,False,wsprnet_only,B,JN09vg,6.0,49.2708,1.7917,N,49.2708,44.366,44.366,11,34
M0JYE,M0JYE,True,True,both,A,JO02pp,6.0,52.6458,1.2917,N,52.6458,48.554,48.554,99,123547
M0KEX,M0KEX,True,True,both,A,IO91js,6.0,51.7708,-1.2083,N,51.7708,47.538,47.538,14,1578
M0KFQ,M0KFQ,True,True,both,B,IO91fa,6.0,51.0208,-1.5417,N,51.0208,46.612,46.612,6,4862
M0KHR,M0KHR,True,True,both,A,IO91lh,6.0,51.3125,-1.0417,N,51.3125,46.964,46.964,57,14966
M0KKB,M0KKB,True,True,both,B,JO01mg,6.0,51.2708,1.0417,N,51.2708,46.87,46.87,3,10666
M0KLI,M0KLI,True,True,both,B,JO02ce,6.0,52.1875,0.2083,N,52.1875,48.017,48.017,3,478
M0KLX,M0KLX,True,True,both,A,JO02,4.0,52.5,1.0,N,52.5,48.383,48.383,132,239668
M0KNC,M0KNC,True,True,both,B,IO91ib,6.0,51.0625,-1.2917,N,51.0625,46.658,46.658,25,15086
M0KOV,M0KOV,True,True,both,B,IO93hx,6.0,53.9792,-1.375,N,53.9792,50.253,50.253,4,988
M0KSK,M0KSK,True,True,both,B,IO91uf,6.0,51.2292,-0.2917,N,51.2292,46.843,46.843,3,652
M0KSW,M0KSW,True,True,both,B,IO91,4.0,51.5,-1.0,N,51.5,47.196,47.196,3,3033
M0KVF,M0KVF,True,True,both,A,IO93mh,6.0,53.3125,-0.9583,N,53.3125,49.428,49.428,137,368029
M0KWG,M0KWG,True,True,both,B,IO81,4.0,51.5,-3.0,N,51.5,47.254,47.254,6,1703
M0KYP,M0KYP,True,True,both,A,IO93,4.0,53.5,-1.0,N,53.5,49.658,49.658,10,4855
M0LBO,M0LBO,True,True,both,B,IO81xj,6.0,51.3958,-2.0417,N,51.3958,47.094,47.094,32,26174
M0LHP,M0LHP,True,True,both,B,IO91tm,6.0,51.5208,-0.375,N,51.5208,47.207,47.207,65,1516246
M0LJT,M0LJT,True,True,both,B,IO81rl,6.0,51.4792,-2.5417,N,51.4792,47.213,47.213,7,4523
M0LNB,M0LNB,True,True,both,B,IO91ti,6.0,51.3542,-0.375,N,51.3542,47.0,47.0,9,21279
M0LSH,M0LSH,True,True,both,B,IO82tc,6.0,52.1042,-2.375,N,52.1042,47.986,47.986,3,3429
M0LST,M0LST,True,True,both,A,IO93us,6.0,53.7708,-0.2917,N,53.7708,49.964,49.964,23,79283
M0LWG,M0LWG,True,True,both,A,IO92,4.0,52.5,-1.0,N,52.5,48.433,48.433,10,571
M0MBO,M0MBO,True,True,both,B,IO91,4.0,51.5,-1.0,N,51.5,47.196,47.196,395,1813765
M0MEI,M0MEI,True,True,both,A,IO91,4.0,51.5,-1.0,N,51.5,47.196,47.196,141,1096399
M0MFT,M0MFT,True,True,both,A,IO94,4.0,54.5,-1.0,N,54.5,50.87,50.87,17,3478
M0MGC,M0MGC,True,True,both,A,IO93kw,6.0,53.9375,-1.125,N,53.9375,50.194,50.194,12,15492
M0MGK,M0MGK,True,True,both,B,IO94gx,6.0,54.9792,-1.4583,N,54.9792,51.465,51.465,14,3512
M0MIG,M0MIG,True,True,both,A,IO92,4.0,52.5,-1.0,N,52.5,48.433,48.433,12,19534
M0MJE,M0MJE,True,True,both,A,JO00,4.0,50.5,1.0,N,50.5,45.913,45.913,12,76755
M0MNG,M0MNG,True,True,both,B,IO90st,6.0,50.8125,-0.4583,N,50.8125,46.327,46.327,3,4925
M0MVA,M0MVA,True,True,both,A,IO81,4.0,51.5,-3.0,N,51.5,47.254,47.254,325,1757940
M0MVB,M0MVB,True,True,both,A,JO02cn,6.0,52.5625,0.2083,N,52.5625,48.477,48.477,14,23380
M0NAM,M0NAM,True,True,both,A,IO91pf,6.0,51.2292,-0.7083,N,51.2292,46.852,46.852,10,6337
M0NBC,M0NBC,True,True,both,B,IO81sl,6.0,51.4792,-2.4583,N,51.4792,47.211,47.211,4,405
M0NDE,M0NDE,True,True,both,A,IO83,4.0,53.5,-3.0,N,53.5,49.731,49.731,16,3814
M0NFT,M0NFT,True,True,both,A,IO91dw,6.0,51.9375,-1.7083,N,51.9375,47.759,47.759,16,5085
M0NIF,M0NIF,True,True,both,A,IO90hx,6.0,50.9792,-1.375,N,50.9792,46.556,46.556,395,3944668
M0NJA,M0NJA,True,True,both,B,IO91qm,6.0,51.5208,-0.625,N,51.5208,47.213,47.213,6,1253
M0NJH,M0NJH,True,True,both,B,IO94,4.0,54.5,-1.0,N,54.5,50.87,50.87,7,16977
M0NLO,M0NLO,True,True,both,B,IO80jq,6.0,50.6875,-3.2083,N,50.6875,46.239,46.239,5,4781
M0NMA,M0NMA,True,True,both,B,IO92sp,6.0,52.6458,-0.4583,N,52.6458,48.597,48.597,12,7062
M0NOJ,M0NOJ,True,True,both,B,IO70,4.0,50.5,-5.0,N,50.5,46.064,46.064,5,1592
M0NQN,M0NQN,True,True,both,A,IO81wv,6.0,51.8958,-2.125,N,51.8958,47.72,47.72,14,19732
M0NVK,M0NVK,True,True,both,A,IO90,4.0,50.5,-1.0,N,50.5,45.946,45.946,10,17559
M0NVQ,M0NVQ,True,True,both,A,IO83sc,6.0,53.1042,-2.4583,N,53.1042,49.224,49.224,37,28236
M0NXD,M0NXD,True,True,both,B,IO92,4.0,52.5,-1.0,N,52.5,48.433,48.433,4,776
M0NYW,M0NYW,True,True,both,B,IO95fa,6.0,55.0208,-1.5417,N,55.0208,51.519,51.519,9,9396
M0OAD,M0OAD,True,True,both,A,JO01gm,6.0,51.5208,0.5417,N,51.5208,47.188,47.188,50,19220
M0OCM,M0OCM,True,True,both,A,IO82np,6.0,52.6458,-2.875,N,52.6458,48.675,48.675,12,11452
M0OFM,M0OFM,True,True,both,B,JO01fi,6.0,51.3542,0.4583,N,51.3542,46.983,46.983,4,4329
M0OKI,M0OKI,True,True,both,B,IO81fn,6.0,51.5625,-3.5417,N,51.5625,47.351,47.351,4,490
M0OLM,M0OLM,True,True,both,B,JO01ba,6.0,51.0208,0.125,N,51.0208,46.576,46.576,60,608614
M0OLS,M0OLS,True,True,both,A,IO81,4.0,51.5,-3.0,N,51.5,47.254,47.254,393,2164066
M0ONY,M0ONY,True,True,both,A,IO91cr,6.0,51.7292,-1.7917,N,51.7292,47.502,47.502,21,243535
M0OOR,M0OOR,True,True,both,A,IO81mi,6.0,51.3542,-2.9583,N,51.3542,47.07,47.07,12,1064
M0OPI,M0OPI,True,True,both,B,IO91cl,6.0,51.4792,-1.7917,N,51.4792,47.191,47.191,13,3205
M0ORY,M0ORY,True,True,both,A,IO93ib,6.0,53.0625,-1.2917,N,53.0625,49.133,49.133,42,148413
M0OTV,M0OTV,True,True,both,A,JO02,4.0,52.5,1.0,N,52.5,48.383,48.383,23,28620
M0PAF,M0PAF,True,True,both,B,IO93gm,6.0,53.5208,-1.4583,N,53.5208,49.698,49.698,10,1935
M0PAW,M0PAW,True,True,both,B,IO80fl,6.0,50.4792,-3.5417,N,50.4792,45.986,45.986,7,12076
M0PCZ,M0PCZ,True,True,both,B,IO80fl,6.0,50.4792,-3.5417,N,50.4792,45.986,45.986,3,1200
M0PDD,M0PDD,True,True,both,B,IM67aa,6.0,37.0208,-7.9583,N,37.0208,27.083,27.083,5,1695
M0PDN,M0PDN,True,True,both,B,IO81,4.0,51.5,-3.0,N,51.5,47.254,47.254,3,590
M0PIT,M0PIT,True,True,both,A,IO92nd,6.0,52.1458,-0.875,N,52.1458,47.993,47.993,66,14465
M0PJA,M0PJA,True,True,both,B,IO93ii,6.0,53.3542,-1.2917,N,53.3542,49.489,49.489,3,1313
M0PLT,M0PLT,True,True,both,B,IO92ub,6.0,52.0625,-0.2917,N,52.0625,47.875,47.875,3,11224
M0PP,M0PP,True,True,both,A,IO93gm,6.0,53.5208,-1.4583,N,53.5208,49.698,49.698,14,2501
M0PPP,M0PPP,True,True,both,B,IO93gm,6.0,53.5208,-1.4583,N,53.5208,49.698,49.698,69,11494
M0PVB,M0PVB,True,True,both,A,IO91,4.0,51.5,-1.0,N,51.5,47.196,47.196,395,1292937
M0PWX,M0PWX,True,True,both,A,JO01ij,6.0,51.3958,0.7083,N,51.3958,47.03,47.03,205,598968
M0PYU,M0PYU,True,True,both,B,IO93sa,6.0,53.0208,-0.4583,N,53.0208,49.056,49.056,7,2016
M0RHO,M0RHO,True,False,wsprnet_only,A,FN20nh,6.0,40.3125,-74.875,N,40.3125,48.287,48.287,11,31
M0RLF,M0RLF,True,True,both,B,IO92ix,6.0,52.9792,-1.2917,N,52.9792,49.031,49.031,14,2580
M0RON,M0RON,True,True,both,A,IO81xw,6.0,51.9375,-2.0417,N,51.9375,47.769,47.769,11,17430
M0ROP,M0ROP,True,True,both,B,IO81,4.0,51.5,-3.0,N,51.5,47.254,47.254,198,3409767
M0RSF,M0RSF,True,True,both,B,IO93et,6.0,53.8125,-1.625,N,53.8125,50.06,50.06,5,976
M0SAS,M0SAS,True,True,both,A,IO82,4.0,52.5,-3.0,N,52.5,48.499,48.499,389,422371
M0SDM,M0SDM,True,True,both,B,IO92pv,6.0,52.8958,-0.7083,N,52.8958,48.91,48.91,5,17544
M0SEI,M0SEI,True,True,both,B,IO92pl,6.0,52.4792,-0.7083,N,52.4792,48.399,48.399,4,4094
M0SGL,M0SGL,True,True,both,A,IO91vi,6.0,51.3542,-0.2083,N,51.3542,46.997,46.997,13,7200
M0SHU,M0SHU,True,True,both,A,IO81,4.0,51.5,-3.0,N,51.5,47.254,47.254,36,64459
M0STN,M0STN,True,True,both,B,IO92mf,6.0,52.2292,-0.9583,N,52.2292,48.098,48.098,13,1770
M0TDK,M0TDK,True,True,both,A,JO02tl,6.0,52.4792,1.625,N,52.4792,48.344,48.344,10,1356
M0TEQ,M0TEQ,True,False,wsprnet_only,A,JO01,4.0,51.5,1.0,N,51.5,47.154,47.154,34,95
M0TEV,M0TEV,True,True,both,B,IO91vo,6.0,51.6042,-0.2083,N,51.6042,47.307,47.307,4,406
M0TFF,M0TFF,True,True,both,B,IO82wo,6.0,52.6042,-2.125,N,52.6042,48.597,48.597,13,100647
M0THW,M0THW,True,True,both,B,IO92,4.0,52.5,-1.0,N,52.5,48.433,48.433,3,26942
M0TLJ,M0TLJ,True,True,both,A,IO94le,6.0,54.1875,-1.0417,N,54.1875,50.494,50.494,39,12260
M0TNI,M0TNI,True,True,both,B,IO92vq,6.0,52.6875,-0.2083,N,52.6875,48.641,48.641,3,145
M0TXP,M0TXP,True,True,both,B,IO83ml,6.0,53.4792,-2.9583,N,53.4792,49.704,49.704,3,9116
M0TZM,M0TZM,True,True,both,B,IO82sr,6.0,52.7292,-2.4583,N,52.7292,48.763,48.763,6,4232
M0UDK,M0UDK,True,True,both,A,IO82,4.0,52.5,-3.0,N,52.5,48.499,48.499,18,335009
M0UNI,M0UNI,True,True,both,B,IO82rw,6.0,52.9375,-2.5417,N,52.9375,49.022,49.022,380,1992053
M0UNS,M0UNS,True,False,wsprnet_only,A,JO01,4.0,51.5,1.0,N,51.5,47.154,47.154,18,24
M0URL,M0URL,True,True,both,A,IO91oi,6.0,51.3542,-0.7917,N,51.3542,47.01,47.01,10,4116
M0VBY,M0VBY,True,True,both,A,IO90st,6.0,50.8125,-0.4583,N,50.8125,46.327,46.327,19,25759
M0VNP,M0VNP,True,True,both,A,IO81rl,6.0,51.4792,-2.5417,N,51.4792,47.213,47.213,104,13952
M0VPK,M0VPK,True,False,wsprnet_only,B,DL97gv,6.0,27.8958,-101.4583,N,27.8958,36.484,36.484,5,10
M0VSS,M0VSS,True,False,wsprnet_only,B,JN17xf,6.0,47.2292,3.9583,N,47.2292,41.794,41.794,7,20
M0VTC,M0VTC,True,True,both,A,IO91lh,6.0,51.3125,-1.0417,N,51.3125,46.964,46.964,16,10958
M0VXY,M0VXY,True,True,both,B,IO91xo,6.0,51.6042,-0.0417,N,51.6042,47.303,47.303,4,1550
M0WBK,M0WBK,True,True,both,B,JO01jm,6.0,51.5208,0.7917,N,51.5208,47.183,47.183,3,412
M0WBZ,M0WBZ,True,True,both,B,IO92am,6.0,52.5208,-1.9583,N,52.5208,48.488,48.488,3,240
M0WDK,M0WDK,True,True,both,A,IO92,4.0,52.5,-1.0,N,52.5,48.433,48.433,180,181421
M0WID,M0WID,True,True,both,A,IO91wf,6.0,51.2292,-0.125,N,51.2292,46.84,46.84,30,297195
M0WIV,M0WIV,True,True,both,B,IO70xi,6.0,50.3542,-4.0417,N,50.3542,45.844,45.844,3,30
M0WJL,M0WJL,True,True,both,B,JO01dl,6.0,51.4792,0.2917,N,51.4792,47.141,47.141,8,3247
M0WMG,M0WMG,True,True,both,B,IO95ea,6.0,55.0208,-1.625,N,55.0208,51.522,51.522,264,770032
M0WMJ,M0WMJ,True,True,both,A,IO83tm,6.0,53.5208,-2.375,N,53.5208,49.732,49.732,24,7296
M0WNA,M0WNA,True,True,both,B,IO91jg,6.0,51.2708,-1.2083,N,51.2708,46.916,46.916,7,2066
M0WTL,M0WTL,True,True,both,B,IO80,4.0,50.5,-3.0,N,50.5,45.996,45.996,7,24527
M0WVE,M0WVE,True,True,both,B,IO91xa,6.0,51.0208,-0.0417,N,51.0208,46.579,46.579,24,32505
M0WWE,M0WWE,True,True,both,A,IO93gi,6.0,53.3542,-1.4583,N,53.3542,49.495,49.495,14,4319
M0WWJ,M0WWJ,True,True,both,B,IO90jr,6.0,50.7292,-1.2083,N,50.7292,46.238,46.238,33,3286
M0WWS,M0WWS,True,True,both,A,IO94bw,6.0,54.9375,-1.875,N,54.9375,51.432,51.432,178,231322
M0XAN,M0XAN,True,True,both,B,IO90lu,6.0,50.8542,-1.0417,N,50.8542,46.391,46.391,3,22591
M0XDC,M0XDC,True,True,both,B,JO01dq,6.0,51.6875,0.2917,N,51.6875,47.399,47.399,395,1467798
M0XDK,M0XDK,True,True,both,B,IO92ne,6.0,52.1875,-0.875,N,52.1875,48.044,48.044,7,1820
M0XFL,M0XFL,True,True,both,B,IO80,4.0,50.5,-3.0,N,50.5,45.996,45.996,13,23756
M0XFO,M0XFO,True,True,both,A,IO93cu,6.0,53.8542,-1.7917,N,53.8542,50.117,50.117,74,101380
M0XIC,M0XIC,True,True,both,A,IO82um,6.0,52.5208,-2.2917,N,52.5208,48.499,48.499,11,49569
M0XLZ,M0XLZ,True,True,both,B,IO94,4.0,54.5,-1.0,N,54.5,50.87,50.87,7,2597
M0XNG,M0XNG,True,True,both,B,IO94la,6.0,54.0208,-1.0417,N,54.0208,50.292,50.292,6,882
M0XOF,M0XOF,True,True,both,B,IO91vi,6.0,51.3542,-0.2083,N,51.3542,46.997,46.997,5,400
M0XOX,M0XOX,True,True,both,B,IO81oi,6.0,51.3542,-2.7917,N,51.3542,47.065,47.065,3,2389
M0XSH,M0XSH,True,True,both,B,IO93hd,6.0,53.1458,-1.375,N,53.1458,49.237,49.237,3,1588
M0XXJ,M0XXJ,True,True,both,B,IO91oh,6.0,51.3125,-0.7917,N,51.3125,46.958,46.958,7,6423
M0XXT,M0XXT,True,True,both,A,IO92ei,6.0,52.3542,-1.625,N,52.3542,48.272,48.272,15,39503
M0XYM,M0XYM,True,True,both,A,JO01,4.0,51.5,1.0,N,51.5,47.154,47.154,228,452903
M0XZS,M0XZS,True,True,both,B,IO94ql,6.0,54.4792,-0.625,N,54.4792,50.832,50.832,13,19978
M0YBD,M0YBD,True,True,both,B,IO90ju,6.0,50.8542,-1.2083,N,50.8542,46.395,46.395,3,4579
M0YGT,M0YGT,True,True,both,B,IO70sk,6.0,50.4375,-4.4583,N,50.4375,45.964,45.964,3,1889
M0YHR,M0YHR,True,True,both,B,IO83sc,6.0,53.1042,-2.4583,N,53.1042,49.224,49.224,4,825
M0YMJ,M0YMJ,True,True,both,B,JO01mh,6.0,51.3125,1.0417,N,51.3125,46.922,46.922,6,5447
M0YPA,M0YPA,True,True,both,B,JO01,4.0,51.5,1.0,N,51.5,47.154,47.154,7,715
M0YRU,M0YRU,True,True,both,B,JO02mt,6.0,52.8125,1.0417,N,52.8125,48.763,48.763,4,1720
M0YTL,M0YTL,True,True,both,B,IO91,4.0,51.5,-1.0,N,51.5,47.196,47.196,6,15029
M0YWW,M0YWW,True,True,both,A,IO70,4.0,50.5,-5.0,N,50.5,46.064,46.064,35,768641
M0ZJB,M0ZJB,True,True,both,B,JO02lq,6.0,52.6875,0.9583,N,52.6875,48.613,48.613,3,2047
M0ZJQ,M0ZJQ,True,True,both,B,JO01ga,6.0,51.0208,0.5417,N,51.0208,46.568,46.568,3,2184
M0ZMS,M0ZMS,True,False,wsprnet_only,B,IO95,4.0,55.5,-1.0,N,55.5,52.072,52.072,8,25
M0ZNH,M0ZNH,True,True,both,A,IO93,4.0,53.5,-1.0,N,53.5,49.658,49.658,10,39403
M0ZPG,M0ZPG,True,True,both,B,IO91vj,6.0,51.3958,-0.2083,N,51.3958,47.048,47.048,6,6948
M0ZRN,M0ZRN,True,True,both,B,IO92xd,6.0,52.1458,-0.0417,N,52.1458,47.972,47.972,5,1793
M0ZRS,M0ZRS,True,True,both,B,IO93oj,6.0,53.3958,-0.7917,N,53.3958,49.524,49.524,5,215
M0ZSU,M0ZSU,True,True,both,A,IO91,4.0,51.5,-1.0,N,51.5,47.196,47.196,55,7706
M1AJA,M1AJA,True,True,both,B,IO93ls,6.0,53.7708,-1.0417,N,53.7708,49.989,49.989,23,7267
M1AQY,M1AQY,True,True,both,A,IO95,4.0,55.5,-1.0,N,55.5,52.072,52.072,270,387408
M1ASR,M1ASR,True,True,both,B,IO93ps,6.0,53.7708,-0.7083,N,53.7708,49.977,49.977,5,11357
M1BCB,M1BCB,True,True,both,B,IO91uq,6.0,51.6875,-0.2917,N,51.6875,47.412,47.412,86,62636
M1BEP,M1BEP,True,False,wsprnet_only,B,IO81rk,6.0,51.4375,-2.5417,N,51.4375,47.161,47.161,5,95
M1BNW,M1BNW,True,True,both,B,IO91ok,6.0,51.4375,-0.7917,N,51.4375,47.113,47.113,6,1261
M1BTF,M1BTF,True,True,both,B,IO91nt,6.0,51.8125,-0.875,N,51.8125,47.581,47.581,3,1146
M1CCC,M1CCC,True,True,both,B,JO01dk,6.0,51.4375,0.2917,N,51.4375,47.09,47.09,3,2898
M1CFW,M1CFW,True,True,both,A,IO91,4.0,51.5,-1.0,N,51.5,47.196,47.196,125,192999
M1CTK,M1CTK,True,True,both,A,IO90wu,6.0,50.8542,-0.125,N,50.8542,46.373,46.373,24,46315
M1CVL,M1CVL,True,True,both,B,IO83vn,6.0,53.5625,-2.2083,N,53.5625,49.777,49.777,3,14459
M1DHD,M1DHD,True,True,both,B,IO84nb,6.0,54.0625,-2.875,N,54.0625,50.413,50.413,7,940
M1DYP,M1DYP,True,True,both,A,IO91vt,6.0,51.8125,-0.2083,N,51.8125,47.564,47.564,135,171886
M1EBU,M1EBU,True,True,both,A,IO90wx,6.0,50.9792,-0.125,N,50.9792,46.528,46.528,80,254073
M1ELR,M1ELR,True,True,both,A,IO83kj,6.0,53.3958,-3.125,N,53.3958,49.608,49.608,26,28621
M1EPX,M1EPX,True,True,both,B,IO81nk,6.0,51.4375,-2.875,N,51.4375,47.172,47.172,7,4942
M1EVN,M1EVN,True,True,both,A,JO01ks,6.0,51.7708,0.875,N,51.7708,47.49,47.49,111,47340
M1EZC,M1EZC,True,True,both,B,JO01ap,6.0,51.6458,0.0417,N,51.6458,47.353,47.353,5,6670
M1EZU,M1EZU,True,True,both,B,IO81wk,6.0,51.4375,-2.125,N,51.4375,47.149,47.149,42,16148
M1EZW,M1EZW,True,True,both,B,IO81wl,6.0,51.4792,-2.125,N,51.4792,47.201,47.201,40,4460
M1FAH,M1FAH,True,True,both,B,IO91gl,6.0,51.4792,-1.4583,N,51.4792,47.182,47.182,6,8189
M1FHB/P,M1FHB,True,True,both,A,IO72ww,6.0,52.9375,-4.125,N,52.9375,49.086,49.086,11,26295
M1GGY,M1GGY,True,True,both,A,JO01dl,6.0,51.4792,0.2917,N,51.4792,47.141,47.141,20,1101
M1GWZ,M1GWZ,True,True,both,A,IO91,4.0,51.5,-1.0,N,51.5,47.196,47.196,35,65475
M1JDH,M1JDH,True,True,both,B,JO02ca,6.0,52.0208,0.2083,N,52.0208,47.812,47.812,4,409
M1KKL,M1KKL,True,True,both,B,IO90wt,6.0,50.8125,-0.125,N,50.8125,46.32,46.32,3,258
M1KPZ,M1KPZ,True,True,both,B,IO81,4.0,51.5,-3.0,N,51.5,47.254,47.254,9,51514
M1LCR,M1LCR,True,True,both,B,IO82nc,6.0,52.1042,-2.875,N,52.1042,48.003,48.003,9,17914
M1MCL,M1MCL,True,True,both,B,IO93fq,6.0,53.6875,-1.5417,N,53.6875,49.905,49.905,51,67682
M1RKY,M1RKY,True,True,both,B,IO92aw,6.0,52.9375,-1.9583,N,52.9375,49.001,49.001,3,1451
M1TZR,M1TZR,True,True,both,A,IO83wk,6.0,53.4375,-2.125,N,53.4375,49.621,49.621,86,119686
M1WCM,M1WCM,True,True,both,B,IO92kx,6.0,52.9792,-1.125,N,52.9792,49.025,49.025,6,2705
M1YAP,M1YAP,True,True,both,B,IO91tb,6.0,51.0625,-0.375,N,51.0625,46.637,46.637,7,26046
M1ZRP,M1ZRP,True,True,both,B,IO83pq,6.0,53.6875,-2.7083,N,53.6875,49.949,49.949,5,3561
M2EZI,M2EZI,True,False,wsprnet_only,B,JC70,4.0,-69.5,15.0,S,69.5,-62.908,62.908,8,42
M3DCI,M3DCI,True,True,both,B,IO83lt,6.0,53.8125,-3.0417,N,53.8125,50.115,50.115,14,17622
M3FOR,M3FOR,True,True,both,A,JO01,4.0,51.5,1.0,N,51.5,47.154,47.154,24,138912
M3GBZ,M3GBZ,True,True,both,A,IO84nv,6.0,54.8958,-2.875,N,54.8958,51.425,51.425,13,4752
M3HJG,M3HJG,True,True,both,B,IO83,4.0,53.5,-3.0,N,53.5,49.731,49.731,3,260
M3IHC,M3IHC,True,True,both,A,IO82,4.0,52.5,-3.0,N,52.5,48.499,48.499,47,168246
M3KXB,M3KXB,True,True,both,B,IO82,4.0,52.5,-3.0,N,52.5,48.499,48.499,3,7733
M3PWL,M3PWL,True,True,both,A,JO02,4.0,52.5,1.0,N,52.5,48.383,48.383,98,6877
M3SNU,M3SNU,True,True,both,B,IO93hg,6.0,53.2708,-1.375,N,53.2708,49.39,49.39,3,638
M3SVO,M3SVO,True,True,both,B,IO93fq,6.0,53.6875,-1.5417,N,53.6875,49.905,49.905,5,4288
M3URZ,M3URZ,True,True,both,A,IO91wj,6.0,51.3958,-0.125,N,51.3958,47.046,47.046,27,63006
M3YFM,M3YFM,True,True,both,A,IO91cn,6.0,51.5625,-1.7917,N,51.5625,47.295,47.295,16,15613
M3ZHI,M3ZHI,True,True,both,B,IO93ik,6.0,53.4375,-1.2917,N,53.4375,49.591,49.591,5,667
M3ZZF,M3ZZF,True,True,both,B,IO92ng,6.0,52.2708,-0.875,N,52.2708,48.147,48.147,11,7391
M51NMA,M51NMA,True,False,wsprnet_only,A,CG74,4.0,-25.5,-125.0,S,25.5,-20.485,20.485,35,52
M53ZA,M53ZA,True,True,both,A,RL22,4.0,22.5,165.0,N,22.5,16.413,16.413,254,2851
M56VOK,M56VOK,True,False,wsprnet_only,A,JN53fu,6.0,43.8542,10.4583,N,43.8542,37.743,37.743,66,240
M5ADA,M5ADA,True,True,both,B,IO93kl,6.0,53.4792,-1.125,N,53.4792,49.636,49.636,7,16655
M5ADL,M5ADL,True,True,both,A,IO80xs,6.0,50.7708,-2.0417,N,50.7708,46.311,46.311,34,33314
M5ADQ,M5ADQ,True,True,both,A,JO02,4.0,52.5,1.0,N,52.5,48.383,48.383,221,99369
M5AEH,M5AEH,True,True,both,B,JO02nc,6.0,52.1042,1.125,N,52.1042,47.895,47.895,18,2226
M5AFU,M5AFU,True,True,both,B,IO92,4.0,52.5,-1.0,N,52.5,48.433,48.433,5,5005
M5ASF,M5ASF,True,True,both,B,IO82uc,6.0,52.1042,-2.2917,N,52.1042,47.984,47.984,130,335188
M5BBB,M5BBB,True,True,both,B,IO91vk,6.0,51.4375,-0.2083,N,51.4375,47.1,47.1,27,30831
M5BOP,M5BOP,True,True,both,B,JO02,4.0,52.5,1.0,N,52.5,48.383,48.383,13,5286
M5FET,M5FET,True,True,both,B,IO92,4.0,52.5,-1.0,N,52.5,48.433,48.433,6,931
M5GUM,M5GUM,True,True,both,B,IO94fw,6.0,54.9375,-1.5417,N,54.9375,51.418,51.418,9,23333
M5LMY,M5LMY,True,True,both,B,IO91oi,6.0,51.3542,-0.7917,N,51.3542,47.01,47.01,3,3299
M5PSW,M5PSW,True,True,both,B,IO90hv,6.0,50.8958,-1.375,N,50.8958,46.451,46.451,5,214
M5RJC,M5RJC,True,True,both,B,IO93hv,6.0,53.8958,-1.375,N,53.8958,50.152,50.152,7,3548
M5SSB,M5SSB,True,True,both,B,IO91on,6.0,51.5625,-0.7917,N,51.5625,47.269,47.269,111,23043
M5TAW,M5TAW,True,True,both,B,JO01bj,6.0,51.3958,0.125,N,51.3958,47.041,47.041,7,9855
M5TXJ,M5TXJ,True,True,both,A,IO84,4.0,54.5,-3.0,N,54.5,50.951,50.951,364,1601188
M6ANN,M6ANN,True,True,both,B,IO82,4.0,52.5,-3.0,N,52.5,48.499,48.499,4,338
M6CJN,M6CJN,True,True,both,B,IO81rl,6.0,51.4792,-2.5417,N,51.4792,47.213,47.213,7,2580
M6DGI,M6DGI,True,True,both,B,JO01fr,6.0,51.7292,0.4583,N,51.7292,47.447,47.447,19,9706
M6DPY,M6DPY,True,True,both,A,IO90,4.0,50.5,-1.0,N,50.5,45.946,45.946,17,27940
M6EWT,M6EWT,True,True,both,B,IO90uw,6.0,50.9375,-0.2917,N,50.9375,46.48,46.48,7,6119
M6FMU,M6FMU,True,True,both,B,IO83,4.0,53.5,-3.0,N,53.5,49.731,49.731,7,3004
M6FWV,M6FWV,True,True,both,B,IO70he,6.0,50.1875,-5.375,N,50.1875,45.68,45.68,3,474
M6GLD,M6GLD,True,True,both,B,JO02hl,6.0,52.4792,0.625,N,52.4792,48.365,48.365,381,5486113
M6GLL,M6GLL,True,True,both,B,IO91tl,6.0,51.4792,-0.375,N,51.4792,47.155,47.155,32,7231
M6GYT,M6GYT,True,True,both,A,IO83wl,6.0,53.4792,-2.125,N,53.4792,49.672,49.672,10,588
M6JLH,M6JLH,True,True,both,A,JO02,4.0,52.5,1.0,N,52.5,48.383,48.383,20,36
M6JOQ,M6JOQ,True,True,both,A,IO91ip,6.0,51.6458,-1.2917,N,51.6458,47.385,47.385,14,4056
M6JSA,M6JSA,True,True,both,B,JO02,4.0,52.5,1.0,N,52.5,48.383,48.383,6,3260
M6MKF,M6MKF,True,True,both,B,IO94ho,6.0,54.6042,-1.375,N,54.6042,51.01,51.01,8,2122
M6MXG,M6MXG,True,True,both,B,IO94ex,6.0,54.9792,-1.625,N,54.9792,51.472,51.472,7,1477
M6NJB,M6NJB,True,True,both,B,IO81re,6.0,51.1875,-2.5417,N,51.1875,46.848,46.848,14,1119
M6PYB,M6PYB,True,True,both,A,IO91kg,6.0,51.2708,-1.125,N,51.2708,46.914,46.914,10,2327
M6RCE,M6RCE,True,True,both,A,IO91,4.0,51.5,-1.0,N,51.5,47.196,47.196,35,82742
M6SBS,M6SBS,True,True,both,B,IO81vg,6.0,51.2708,-2.2083,N,51.2708,46.943,46.943,3,1187
M6TZK,M6TZK,True,True,both,A,JO01fr,6.0,51.7292,0.4583,N,51.7292,47.447,47.447,22,4440
M6UFB,M6UFB,True,True,both,B,IO93qm,6.0,53.5208,-0.625,N,53.5208,49.671,49.671,3,231
M6VIO,M6VIO,True,True,both,B,JO01gv,6.0,51.8958,0.5417,N,51.8958,47.651,47.651,6,4447
M6VPN,M6VPN,True,True,both,B,IO94ex,6.0,54.9792,-1.625,N,54.9792,51.472,51.472,15,928
M6WCL,M6WCL,True,True,both,B,IO80,4.0,50.5,-3.0,N,50.5,45.996,45.996,8,43747
M6WVV,M6WVV,True,True,both,A,IO90ju,6.0,50.8542,-1.2083,N,50.8542,46.395,46.395,54,5897
M6XMH,M6XMH,True,True,both,B,IO93hh,6.0,53.3125,-1.375,N,53.3125,49.441,49.441,3,2040
M6XOF,M6XOF,True,True,both,A,IO91,4.0,51.5,-1.0,N,51.5,47.196,47.196,11,41018
M74RHA,M74RHA,True,True,both,A,RR02,4.0,82.5,161.0,N,82.5,78.67,78.67,35,146
M74SFI,M74SFI,True,True,both,A,EG53,4.0,-26.5,-89.0,S,26.5,-15.339,15.339,132,7982
M7AHJ,M7AHJ,True,True,both,A,IO70wi,6.0,50.3542,-4.125,N,50.3542,45.847,45.847,31,4602
M7AJC,M7AJC,True,True,both,B,IO70ni,6.0,50.3542,-4.875,N,50.3542,45.874,45.874,3,3935
M7AMV,M7AMV,True,True,both,A,IO91ot,6.0,51.8125,-0.7917,N,51.8125,47.579,47.579,26,20397
M7BCN,M7BCN,True,True,both,B,IO94io,6.0,54.6042,-1.2917,N,54.6042,51.007,51.007,5,1375
M7BSI,M7BSI,True,True,both,B,IO92ka,6.0,52.0208,-1.125,N,52.0208,47.845,47.845,8,776
M7BVV,M7BVV,True,True,both,B,IO90ut,6.0,50.8125,-0.2917,N,50.8125,46.324,46.324,3,103
M7BXR,M7BXR,True,True,both,B,IO93cn,6.0,53.5625,-1.7917,N,53.5625,49.761,49.761,3,2440
M7CGX,M7CGX,True,True,both,B,IO92ah,6.0,52.3125,-1.9583,N,52.3125,48.231,48.231,6,833
M7CSU,M7CSU,True,True,both,B,IO70,4.0,50.5,-5.0,N,50.5,46.064,46.064,6,576
M7CTD,M7CTD,True,True,both,B,IO92sb,6.0,52.0625,-0.4583,N,52.0625,47.879,47.879,33,14853
M7CVX,M7CVX,True,True,both,A,IO93,4.0,53.5,-1.0,N,53.5,49.658,49.658,15,1731
M7CWX,M7CWX,True,True,both,A,IO94hw,6.0,54.9375,-1.375,N,54.9375,51.412,51.412,14,1626
M7DEU,M7DEU,True,True,both,B,IO93oj,6.0,53.3958,-0.7917,N,53.3958,49.524,49.524,7,1925
M7DFM,M7DFM,True,True,both,B,IO91nk,6.0,51.4375,-0.875,N,51.4375,47.115,47.115,26,15944
M7DPV,M7DPV,True,True,both,A,IO94,4.0,54.5,-1.0,N,54.5,50.87,50.87,20,3394
M7DWJ,M7DWJ,True,True,both,B,JO01gn,6.0,51.5625,0.5417,N,51.5625,47.24,47.24,3,190
M7DYR,M7DYR,True,True,both,B,IO70ic,6.0,50.1042,-5.2917,N,50.1042,45.57,45.57,33,54627
M7EBC,M7EBC,True,True,both,B,IO93fj,6.0,53.3958,-1.5417,N,53.3958,49.549,49.549,4,1969
M7ECR,M7ECR,True,True,both,B,JO01ne,6.0,51.1875,1.125,N,51.1875,46.766,46.766,38,6852
M7EMN,M7EMN,True,True,both,B,IO81ww,6.0,51.9375,-2.125,N,51.9375,47.771,47.771,4,14942
M7EQR,M7EQR,True,True,both,B,JO02or,6.0,52.7292,1.2083,N,52.7292,48.658,48.658,3,459
M7EXB,M7EXB,True,True,both,A,IO81vh,6.0,51.3125,-2.2083,N,51.3125,46.995,46.995,21,37061
M7EXT,M7EXT,True,True,both,A,JO02ag,6.0,52.2708,0.0417,N,52.2708,48.123,48.123,301,516827
M7EYH,M7EYH,True,True,both,B,IO70uu,6.0,50.8542,-4.2917,N,50.8542,46.487,46.487,3,573
M7EYY,M7EYY,True,True,both,B,IO81qt,6.0,51.8125,-2.625,N,51.8125,47.632,47.632,7,1313
M7FGB,M7FGB,True,True,both,B,JO02,4.0,52.5,1.0,N,52.5,48.383,48.383,3,1117
M7FJD,M7FJD,True,True,both,B,IO80fr,6.0,50.7292,-3.5417,N,50.7292,46.303,46.303,9,1863
M7FKN,M7FKN,True,True,both,A,IO81ld,6.0,51.1458,-3.0417,N,51.1458,46.811,46.811,27,7195
M7FPA,M7FPA,True,True,both,A,IO82wm,6.0,52.5208,-2.125,N,52.5208,48.494,48.494,53,43051
M7FQJ,M7FQJ,True,True,both,B,IO81wv,6.0,51.8958,-2.125,N,51.8958,47.72,47.72,8,3275
M7FUP,M7FUP,True,True,both,B,IO91tp,6.0,51.6458,-0.375,N,51.6458,47.362,47.362,6,363
M7FWD,M7FWD,True,True,both,B,IO83lw,6.0,53.9375,-3.0417,N,53.9375,50.268,50.268,5,3288
M7FWJ,M7FWJ,True,True,both,B,IO92gm,6.0,52.5208,-1.4583,N,52.5208,48.472,48.472,12,3449
M7GEC,M7GEC,True,True,both,B,IO81,4.0,51.5,-3.0,N,51.5,47.254,47.254,4,1481
M7GFJ,M7GFJ,True,True,both,B,IO80lr,6.0,50.7292,-3.0417,N,50.7292,46.287,46.287,7,16648
M7GHW,M7GHW,True,True,both,B,IO83pn,6.0,53.5625,-2.7083,N,53.5625,49.796,49.796,5,1469
M7GIM,M7GIM,True,True,both,A,IO91xd,6.0,51.1458,-0.0417,N,51.1458,46.734,46.734,12,23384
M7GNR,M7GNR,True,True,both,B,IO94ht,6.0,54.8125,-1.375,N,54.8125,51.261,51.261,6,7465
M7GOA,M7GOA,True,True,both,B,JO01bs,6.0,51.7708,0.125,N,51.7708,47.505,47.505,90,45437
M7GWG,M7GWG,True,True,both,A,JO01,4.0,51.5,1.0,N,51.5,47.154,47.154,38,253121
M7GYN,M7GYN,True,True,both,B,IO92dx,6.0,52.9792,-1.7083,N,52.9792,49.044,49.044,4,5788
M7HDX,M7HDX,True,True,both,B,IO94gu,6.0,54.8542,-1.4583,N,54.8542,51.315,51.315,3,124
M7HET,M7HET,True,True,both,A,IO91jp,6.0,51.6458,-1.2083,N,51.6458,47.383,47.383,15,10405
M7HFS,M7HFS,True,True,both,B,IO70ww,6.0,50.9375,-4.125,N,50.9375,46.586,46.586,5,647
M7HVX,M7HVX,True,True,both,B,IO81xj,6.0,51.3958,-2.0417,N,51.3958,47.094,47.094,14,6568
M7IAF,M7IAF,True,True,both,A,JO01fr,6.0,51.7292,0.4583,N,51.7292,47.447,47.447,27,136495
M7IFW,M7IFW,True,True,both,B,IO93fx,6.0,53.9792,-1.5417,N,53.9792,50.26,50.26,8,3843
M7IJS,M7IJS,True,True,both,B,IO83lg,6.0,53.2708,-3.0417,N,53.2708,49.451,49.451,7,4572
M7IKG,M7IKG,True,True,both,A,IO81rm,6.0,51.5208,-2.5417,N,51.5208,47.265,47.265,29,44333
M7INU,M7INU,True,True,both,B,JO01,4.0,51.5,1.0,N,51.5,47.154,47.154,7,60166
M7IOF,M7IOF,True,True,both,B,IO90,4.0,50.5,-1.0,N,50.5,45.946,45.946,3,6975
M7IRP,M7IRP,True,True,both,A,IO92,4.0,52.5,-1.0,N,52.5,48.433,48.433,21,38385
M7JVF,M7JVF,True,True,both,A,IO91mw,6.0,51.9375,-0.9583,N,51.9375,47.738,47.738,46,42760
M7JVH,M7JVH,True,True,both,A,IO83oj,6.0,53.3958,-2.7917,N,53.3958,49.595,49.595,14,18975
M7JVH/A,M7JVH,True,True,both,B,IO83oj,6.0,53.3958,-2.7917,N,53.3958,49.595,49.595,5,2231
M7JVY,M7JVY,True,True,both,B,IO91cb,6.0,51.0625,-1.7917,N,51.0625,46.67,46.67,25,56553
M7JYF,M7JYF,True,True,both,B,IO80fl,6.0,50.4792,-3.5417,N,50.4792,45.986,45.986,3,483
M7KDU,M7KDU,True,True,both,B,IO90ht,6.0,50.8125,-1.375,N,50.8125,46.347,46.347,7,28958
M7KHO,M7KHO,True,True,both,B,IO81,4.0,51.5,-3.0,N,51.5,47.254,47.254,4,92
M7KOG,M7KOG,True,True,both,B,IO81rk,6.0,51.4375,-2.5417,N,51.4375,47.161,47.161,20,5145
M7KPO,M7KPO,True,True,both,B,IO91rv,6.0,51.8958,-0.5417,N,51.8958,47.675,47.675,3,110
M7KQU,M7KQU,True,True,both,B,IO91,4.0,51.5,-1.0,N,51.5,47.196,47.196,3,5898
M7KQX,M7KQX,True,True,both,B,IO83rj,6.0,53.3958,-2.5417,N,53.3958,49.585,49.585,4,628
M7KYX,M7KYX,True,True,both,B,IO70wj,6.0,50.3958,-4.125,N,50.3958,45.9,45.9,7,1855
M7KZV,M7KZV,True,True,both,B,IO70pl,6.0,50.4792,-4.7083,N,50.4792,46.027,46.027,3,1668
M7LEZ,M7LEZ,True,True,both,B,IO80fm,6.0,50.5208,-3.5417,N,50.5208,46.039,46.039,4,73
M7LGE,M7LGE,True,True,both,B,IO91,4.0,51.5,-1.0,N,51.5,47.196,47.196,5,210
M7MDB,M7MDB,True,True,both,B,IO80hu,6.0,50.8542,-3.375,N,50.8542,46.455,46.455,8,3624
M7MEK,M7MEK,True,True,both,B,JO02ak,6.0,52.4375,0.0417,N,52.4375,48.328,48.328,4,780
M7MHM,M7MHM,True,True,both,A,JO02,4.0,52.5,1.0,N,52.5,48.383,48.383,65,75311
M7MHP,M7MHP,True,True,both,B,IO92ro,6.0,52.6042,-0.5417,N,52.6042,48.548,48.548,9,4512
M7MIV,M7MIV,True,True,both,B,IO92,4.0,52.5,-1.0,N,52.5,48.433,48.433,5,7843
M7MOK,M7MOK,True,True,both,B,JO01ah,6.0,51.3125,0.0417,N,51.3125,46.94,46.94,3,1349
M7MUK,M7MUK,True,True,both,B,IO80,4.0,50.5,-3.0,N,50.5,45.996,45.996,7,2370
M7MWX,M7MWX,True,True,both,B,IO91np,6.0,51.6458,-0.875,N,51.6458,47.374,47.374,8,3267
M7NAI,M7NAI,True,True,both,B,IO93,4.0,53.5,-1.0,N,53.5,49.658,49.658,3,7916
M7NMP,M7NMP,True,True,both,B,IO92gj,6.0,52.3958,-1.4583,N,52.3958,48.318,48.318,11,1202
M7NNQ,M7NNQ,True,False,wsprnet_only,B,CM87vi,6.0,37.3542,-122.2083,N,37.3542,42.422,42.422,3,14
M7NPS,M7NPS,True,True,both,A,IO94sg,6.0,54.2708,-0.4583,N,54.2708,50.575,50.575,10,5114
M7NSZ,M7NSZ,True,True,both,A,IO83,4.0,53.5,-3.0,N,53.5,49.731,49.731,50,239358
M7OCQ,M7OCQ,True,True,both,B,JO02ob,6.0,52.0625,1.2083,N,52.0625,47.843,47.843,14,9288
M7OET,M7OET,True,True,both,A,IO90qt,6.0,50.8125,-0.625,N,50.8125,46.33,46.33,17,35434
M7OOI,M7OOI,True,True,both,B,IO70fc,6.0,50.1042,-5.5417,N,50.1042,45.58,45.58,3,480
M7OXP,M7OXP,True,True,both,A,IO92oa,6.0,52.0208,-0.7917,N,52.0208,47.836,47.836,72,97044
M7PCB,M7PCB,True,True,both,A,IO83lu,6.0,53.8542,-3.0417,N,53.8542,50.166,50.166,18,2324
M7PSV,M7PSV,True,True,both,B,IO91lg,6.0,51.2708,-1.0417,N,51.2708,46.912,46.912,4,4788
M7PTJ,M7PTJ,True,True,both,B,IO95gb,6.0,55.0625,-1.4583,N,55.0625,51.566,51.566,3,22
M7PXJ,M7PXJ,True,True,both,A,IO92kp,6.0,52.6458,-1.125,N,52.6458,48.616,48.616,12,20461
M7PXZ,M7PXZ,True,True,both,B,IO90hw,6.0,50.9375,-1.375,N,50.9375,46.503,46.503,7,323
M7PZE,M7PZE,True,True,both,A,IO92,4.0,52.5,-1.0,N,52.5,48.433,48.433,13,8418
M7RII,M7RII,True,True,both,B,IO87nl,6.0,57.4792,-2.875,N,57.4792,54.509,54.509,8,2401
M7RLZ,M7RLZ,True,True,both,A,IO83,4.0,53.5,-3.0,N,53.5,49.731,49.731,64,152938
M7RQB,M7RQB,True,True,both,B,IO91wj,6.0,51.3958,-0.125,N,51.3958,47.046,47.046,12,1816
M7RSG,M7RSG,True,True,both,B,IO93xn,6.0,53.5625,-0.0417,N,53.5625,49.704,49.704,3,270
M7RTW,M7RTW,True,True,both,B,IO86,4.0,56.5,-3.0,N,56.5,53.355,53.355,14,2022
M7RXA,M7RXA,True,True,both,B,JO02po,6.0,52.6042,1.2917,N,52.6042,48.504,48.504,5,221
M7SBC,M7SBC,True,True,both,B,IO82su,6.0,52.8542,-2.4583,N,52.8542,48.917,48.917,41,3841
M7SEV,M7SEV,True,True,both,B,JO02ma,6.0,52.0208,1.0417,N,52.0208,47.795,47.795,4,1105
M7SQI,M7SQI,True,True,both,A,IO70pq,6.0,50.6875,-4.7083,N,50.6875,46.291,46.291,63,18203
M7SVA,M7SVA,True,True,both,B,JO01bk,6.0,51.4375,0.125,N,51.4375,47.093,47.093,5,483
M7SVN,M7SVN,True,True,both,A,IO80,4.0,50.5,-3.0,N,50.5,45.996,45.996,17,3385
M7SZY,M7SZY,True,True,both,B,IO83om,6.0,53.5208,-2.7917,N,53.5208,49.748,49.748,4,3708
M7THV,M7THV,True,True,both,B,IO94,4.0,54.5,-1.0,N,54.5,50.87,50.87,9,22251
M7THX,M7THX,True,True,both,B,JO01aj,6.0,51.3958,0.0417,N,51.3958,47.043,47.043,3,179
M7TIR,M7TIR,True,True,both,B,IO83tn,6.0,53.5625,-2.375,N,53.5625,49.783,49.783,6,1506
M7TLB,M7TLB,True,True,both,A,IO93jl,6.0,53.4792,-1.2083,N,53.4792,49.639,49.639,13,21763
M7TON,M7TON,True,True,both,A,IO83oj,6.0,53.3958,-2.7917,N,53.3958,49.595,49.595,15,6412
M7TSJ,M7TSJ,True,True,both,B,IO92bn,6.0,52.5625,-1.875,N,52.5625,48.537,48.537,3,394
M7TXP,M7TXP,True,True,both,B,IO92ob,6.0,52.0625,-0.7917,N,52.0625,47.888,47.888,9,8592
M7TYZ,M7TYZ,True,True,both,B,IO81,4.0,51.5,-3.0,N,51.5,47.254,47.254,8,25677
M7UIA,M7UIA,True,True,both,B,IO81rh,6.0,51.3125,-2.5417,N,51.3125,47.005,47.005,3,530
M7UOU,M7UOU,True,True,both,B,IO91,4.0,51.5,-1.0,N,51.5,47.196,47.196,4,363
M7VKF,M7VKF,True,True,both,B,IO81,4.0,51.5,-3.0,N,51.5,47.254,47.254,9,6470
M7VPE,M7VPE,True,True,both,A,IO92ah,6.0,52.3125,-1.9583,N,52.3125,48.231,48.231,31,65913
M7VRL,M7VRL,True,True,both,B,IO83um,6.0,53.5208,-2.2917,N,53.5208,49.729,49.729,6,802
M7VZK,M7VZK,True,True,both,B,JO01lw,6.0,51.9375,0.9583,N,51.9375,47.694,47.694,8,1032
M7WBP,M7WBP,True,True,both,B,JO02gk,6.0,52.4375,0.5417,N,52.4375,48.316,48.316,7,4906
M7WBY,M7WBY,True,True,both,A,IO91,4.0,51.5,-1.0,N,51.5,47.196,47.196,22,76118
M7WGN,M7WGN,True,True,both,B,IO81wk,6.0,51.4375,-2.125,N,51.4375,47.149,47.149,3,253
M7WSY,M7WSY,True,True,both,B,IO92,4.0,52.5,-1.0,N,52.5,48.433,48.433,6,664
M7WWG,M7WWG,True,True,both,B,IO91vc,6.0,51.1042,-0.2083,N,51.1042,46.686,46.686,8,5182
M7XAE,M7XAE,True,True,both,A,IO93,4.0,53.5,-1.0,N,53.5,49.658,49.658,21,60580
M7XCH,M7XCH,True,True,both,B,IO92ak,6.0,52.4375,-1.9583,N,52.4375,48.385,48.385,3,100
M7XFY,M7XFY,True,True,both,B,IO91ox,6.0,51.9792,-0.7917,N,51.9792,47.785,47.785,3,304
M7XJW,M7XJW,True,True,both,A,IO81tp,6.0,51.6458,-2.375,N,51.6458,47.416,47.416,14,3290
M7XOM,M7XOM,True,True,both,B,IO91wq,6.0,51.6875,-0.125,N,51.6875,47.408,47.408,11,15634
M7XPH,M7XPH,True,True,both,B,IO91wl,6.0,51.4792,-0.125,N,51.4792,47.15,47.15,6,2353
M7XVD,M7XVD,True,True,both,A,JO01io,6.0,51.6042,0.7083,N,51.6042,47.288,47.288,26,13301
M7YET,M7YET,True,True,both,A,IO81,4.0,51.5,-3.0,N,51.5,47.254,47.254,32,103614
M7YPZ,M7YPZ,True,True,both,B,IO81rk,6.0,51.4375,-2.5417,N,51.4375,47.161,47.161,3,530
M7YSH,M7YSH,True,True,both,A,IO70,4.0,50.5,-5.0,N,50.5,46.064,46.064,14,1709
M7YSK,M7YSK,True,True,both,B,IO90jt,6.0,50.8125,-1.2083,N,50.8125,46.343,46.343,6,2754
M7YTW,M7YTW,True,True,both,B,IO93dv,6.0,53.8958,-1.7083,N,53.8958,50.164,50.164,50,95453
M7YZB,M7YZB,True,True,both,B,IO91sq,6.0,51.6875,-0.4583,N,51.6875,47.416,47.416,4,847
M8ERO,M8ERO,True,True,both,B,IO92,4.0,52.5,-1.0,N,52.5,48.433,48.433,3,551
M8GTD,M8GTD,True,True,both,B,IO70jg,6.0,50.2708,-5.2083,N,50.2708,45.78,45.78,18,2831
M8GVC,M8GVC,True,True,both,B,IO91,4.0,51.5,-1.0,N,51.5,47.196,47.196,4,19066
M8GWF,M8GWF,True,True,both,A,IO81,4.0,51.5,-3.0,N,51.5,47.254,47.254,216,237151
M8HKZ,M8HKZ,True,True,both,B,IO93sr,6.0,53.7292,-0.4583,N,53.7292,49.919,49.919,6,328
M8HYX,M8HYX,True,True,both,B,IO84wn,6.0,54.5625,-2.125,N,54.5625,50.989,50.989,133,164625
M8IKV,M8IKV,True,True,both,A,JO01ii,6.0,51.3542,0.7083,N,51.3542,46.979,46.979,120,342268
M8KTP,M8KTP,True,True,both,B,IO93le,6.0,53.1875,-1.0417,N,53.1875,49.278,49.278,52,12369
M8KUG,M8KUG,True,True,both,B,IO81pd,6.0,51.1458,-2.7083,N,51.1458,46.801,46.801,43,64565
M8KUU,M8KUU,True,True,both,A,IO92,4.0,52.5,-1.0,N,52.5,48.433,48.433,26,7570
M8KWY,M8KWY,True,True,both,A,IO83,4.0,53.5,-3.0,N,53.5,49.731,49.731,23,258459
M8LCU,M8LCU,True,True,both,B,IO83,4.0,53.5,-3.0,N,53.5,49.731,49.731,5,10408
M8LXZ,M8LXZ,True,True,both,B,JO00,4.0,50.5,1.0,N,50.5,45.913,45.913,5,1196
M8OCQ,M8OCQ,True,True,both,A,JO02,4.0,52.5,1.0,N,52.5,48.383,48.383,25,63373
M8ONY,M8ONY,True,True,both,B,IO81lo,6.0,51.6042,-3.0417,N,51.6042,47.386,47.386,5,1184
M8SFC,M8SFC,True,True,both,B,IO91ko,6.0,51.6042,-1.125,N,51.6042,47.329,47.329,3,229
M8VAQ,M8VAQ,True,True,both,B,JO02ul,6.0,52.4792,1.7083,N,52.4792,48.343,48.343,3,707
M8XCH,M8XCH,True,True,both,B,IO92iw,6.0,52.9375,-1.2917,N,52.9375,48.979,48.979,3,2777
M8XDZ,M8XDZ,True,True,both,B,IO91xc,6.0,51.1042,-0.0417,N,51.1042,46.682,46.682,3,781
M8XWW,M8XWW,True,True,both,B,IO92bg,6.0,52.2708,-1.875,N,52.2708,48.177,48.177,18,14716
M8YRT,M8YRT,True,True,both,B,IO82qh,6.0,52.3125,-2.625,N,52.3125,48.253,48.253,5,3875
M9GLT,M9GLT,True,True,both,A,IO93mp,6.0,53.6458,-0.9583,N,53.6458,49.834,49.834,30,170135
M9IAN,M9IAN,True,True,both,B,IO83rk,6.0,53.4375,-2.5417,N,53.4375,49.636,49.636,3,5513
M9JMB,M9JMB,True,True,both,B,IO83kj,6.0,53.3958,-3.125,N,53.3958,49.608,49.608,53,242509
M9KBN,M9KBN,True,True,both,B,IO70kf,6.0,50.2292,-5.125,N,50.2292,45.724,45.724,7,1506
M9KKG,M9KKG,True,True,both,B,IO81nk,6.0,51.4375,-2.875,N,51.4375,47.172,47.172,6,7540
M9LBO,M9LBO,True,True,both,B,IO92,4.0,52.5,-1.0,N,52.5,48.433,48.433,3,1531
M9LFG,M9LFG,True,True,both,B,JO01al,6.0,51.4792,0.0417,N,51.4792,47.146,47.146,3,975
M9LHX,M9LHX,True,True,both,B,JO01qg,6.0,51.2708,1.375,N,51.2708,46.865,46.865,6,2119
M9MAA,M9MAA,True,True,both,B,IO94em,6.0,54.5208,-1.625,N,54.5208,50.919,50.919,5,1222
M9MAS,M9MAS,True,True,both,B,IO80xr,6.0,50.7292,-2.0417,N,50.7292,46.259,46.259,8,42024
M9MAY,M9MAY,True,True,both,B,IO92gs,6.0,52.7708,-1.4583,N,52.7708,48.78,48.78,4,839
M9NED,M9NED,True,True,both,B,IO93fj,6.0,53.3958,-1.5417,N,53.3958,49.549,49.549,4,1829
M9NSZ,M9NSZ,True,True,both,A,IO83,4.0,53.5,-3.0,N,53.5,49.731,49.731,73,421199
M9OKB,M9OKB,True,True,both,A,IO91xd,6.0,51.1458,-0.0417,N,51.1458,46.734,46.734,14,28385
M9OKH,M9OKH,True,True,both,B,IO92iv,6.0,52.8958,-1.2917,N,52.8958,48.928,48.928,95,157234
M9PAB,M9PAB,True,True,both,B,IO81rl,6.0,51.4792,-2.5417,N,51.4792,47.213,47.213,3,2714
M9PDG,M9PDG,True,True,both,A,IO92,4.0,52.5,-1.0,N,52.5,48.433,48.433,12,17506
M9PFX,M9PFX,True,True,both,B,IO93,4.0,53.5,-1.0,N,53.5,49.658,49.658,3,7944
M9PHD,M9PHD,True,True,both,A,JO01,4.0,51.5,1.0,N,51.5,47.154,47.154,14,33313
M9PJB,M9PJB,True,True,both,B,IO81qk,6.0,51.4375,-2.625,N,51.4375,47.164,47.164,7,10434
M9RIP,M9RIP,True,True,both,B,IO94,4.0,54.5,-1.0,N,54.5,50.87,50.87,3,1397
M9SAE,M9SAE,True,True,both,B,IO81lo,6.0,51.6042,-3.0417,N,51.6042,47.386,47.386,3,558
M9SEF,M9SEF,True,True,both,B,IO84lq,6.0,54.6875,-3.0417,N,54.6875,51.18,51.18,11,5625
M9SPP,M9SPP,True,True,both,A,JO02,4.0,52.5,1.0,N,52.5,48.383,48.383,57,40380
M9UAV,M9UAV,True,True,both,B,IO91,4.0,51.5,-1.0,N,51.5,47.196,47.196,6,1510
M9VXR,M9VXR,True,True,both,B,JO02or,6.0,52.7292,1.2083,N,52.7292,48.658,48.658,4,526
M9WCA,M9WCA,True,True,both,B,IO92,4.0,52.5,-1.0,N,52.5,48.433,48.433,9,57670
M9XJW,M9XJW,True,True,both,A,IO81tp,6.0,51.6458,-2.375,N,51.6458,47.416,47.416,52,15345
M9XNC,M9XNC,True,True,both,A,IO91,4.0,51.5,-1.0,N,51.5,47.196,47.196,13,14717
M9XNL,M9XNL,True,True,both,B,IO93,4.0,53.5,-1.0,N,53.5,49.658,49.658,6,85589
M9YLG,M9YLG,True,True,both,B,IO91qq,6.0,51.6875,-0.625,N,51.6875,47.42,47.42,3,38
MD7KNE,MD7KNE,True,True,both,B,IO74og,6.0,54.2708,-4.7917,N,54.2708,50.756,50.756,3,159
MD9WTR,MD9WTR,True,True,both,B,IO74sh,6.0,54.3125,-4.4583,N,54.3125,50.79,50.79,6,629
ME7JDU,ME7JDU,True,True,both,A,IO83mw,6.0,53.9375,-2.9583,N,53.9375,50.264,50.264,12,4341
ME9JDU,ME9JDU,True,True,both,B,IO83mw,6.0,53.9375,-2.9583,N,53.9375,50.264,50.264,4,686
MI0BPB,MI0BPB,True,True,both,A,IO64uj,6.0,54.3958,-6.2917,N,54.3958,50.989,50.989,10,1733
MI0HOZ,MI0HOZ,True,True,both,B,IO64ht,6.0,54.8125,-7.375,N,54.8125,51.564,51.564,3,2049
MI0UYD,MI0UYD,True,True,both,B,IO64sk,6.0,54.4375,-6.4583,N,54.4375,51.05,51.05,4,769
MI0WST,MI0WST,True,True,both,A,IO74fm,6.0,54.5208,-5.5417,N,54.5208,51.1,51.1,70,57754
MI1AZS,MI1AZS,True,True,both,A,IO74bq,6.0,54.6875,-5.875,N,54.6875,51.322,51.322,36,16946
MI1NTC,MI1NTC,True,True,both,A,IO64,4.0,54.5,-7.0,N,54.5,51.158,51.158,16,52345
MI6KKN,MI6KKN,True,True,both,B,IO65re,6.0,55.1875,-6.5417,N,55.1875,51.97,51.97,60,12207
MI7JQH,MI7JQH,True,True,both,B,IO74,4.0,54.5,-5.0,N,54.5,51.046,51.046,9,686
MI9PYZ,MI9PYZ,True,True,both,A,IO65,4.0,55.5,-7.0,N,55.5,52.377,52.377,109,1670915
MM0BMG,MM0BMG,True,True,both,A,IO85iw,6.0,55.9375,-3.2917,N,55.9375,52.698,52.698,25,225657
MM0CZM,MM0CZM,True,True,both,A,IO75sw,6.0,55.9375,-4.4583,N,55.9375,52.758,52.758,24,785
MM0EFI,MM0EFI,True,True,both,B,IO66,4.0,56.5,-7.0,N,56.5,53.584,53.584,3,6474
MM0GTU,MM0GTU,True,True,both,B,IO85ex,6.0,55.9792,-3.625,N,55.9792,52.764,52.764,7,688
MM0INH,MM0INH,True,True,both,A,IO85ox,6.0,55.9792,-2.7917,N,55.9792,52.723,52.723,10,4632
MM0IYT,MM0IYT,True,True,both,B,IO75nv,6.0,55.8958,-4.875,N,55.8958,52.73,52.73,5,426
MM0KKC,MM0KKC,True,True,both,B,IO87ud,6.0,57.1458,-2.2917,N,57.1458,54.086,54.086,4,68
MM0KMQ,MM0KMQ,True,True,both,B,IO68te,6.0,58.1875,-6.375,N,58.1875,55.552,55.552,8,7164
MM0LGJ,MM0LGJ,True,True,both,B,IO85au,6.0,55.8542,-3.9583,N,55.8542,52.631,52.631,9,2568
MM0MGB,MM0MGB,True,True,both,B,IO85hv,6.0,55.8958,-3.375,N,55.8958,52.652,52.652,56,197752
MM0NJC,MM0NJC,True,True,both,A,IO85fv,6.0,55.8958,-3.5417,N,55.8958,52.66,52.66,20,34520
MM0NNA,MM0NNA,True,True,both,B,IO75tv,6.0,55.8958,-4.375,N,55.8958,52.703,52.703,8,763
MM0OQR,MM0OQR,True,True,both,B,IO87we,6.0,57.1875,-2.125,N,57.1875,54.127,54.127,4,3261
MM0SJN,MM0SJN,True,True,both,B,IO77dt,6.0,57.8125,-5.7083,N,57.8125,55.066,55.066,129,127498
MM0SKX,MM0SKX,True,True,both,B,IO86ga,6.0,56.0208,-3.4583,N,56.0208,52.806,52.806,4,1418
MM0TOB,MM0TOB,True,True,both,B,IO75kv,6.0,55.8958,-5.125,N,55.8958,52.744,52.744,3,41
MM0TQH,MM0TQH,True,True,both,A,IO87gq,6.0,57.6875,-3.4583,N,57.6875,54.786,54.786,53,221282
MM0TSS,MM0TSS,True,True,both,B,IO75,4.0,55.5,-5.0,N,55.5,52.26,52.26,9,110146
MM0UIO,MM0UIO,True,True,both,A,IO75ns,6.0,55.7708,-4.875,N,55.7708,52.58,52.58,38,89336
MM0URN,MM0URN,True,True,both,B,IO78ll,6.0,58.4792,-5.0417,N,58.4792,55.81,55.81,4,12663
MM0YMG,MM0YMG,True,True,both,B,IO85jv,6.0,55.8958,-3.2083,N,55.8958,52.644,52.644,8,13297
MM0ZFG,MM0ZFG,True,True,both,B,IO75nx,6.0,55.9792,-4.875,N,55.9792,52.831,52.831,16,9359
MM1BTJ,MM1BTJ,True,True,both,A,IO75sv,6.0,55.8958,-4.4583,N,55.8958,52.708,52.708,23,35918
MM1MGS,MM1MGS,True,True,both,B,IO77um,6.0,57.5208,-4.2917,N,57.5208,54.636,54.636,41,135771
MM1PTT,MM1PTT,True,True,both,A,IO75vv,6.0,55.8958,-4.2083,N,55.8958,52.694,52.694,11,23895
MM3LSO,MM3LSO,True,True,both,B,IO85wu,6.0,55.8542,-2.125,N,55.8542,52.543,52.543,4,1016
MM6NRQ,MM6NRQ,True,True,both,B,IO87,4.0,57.5,-3.0,N,57.5,54.54,54.54,8,9136
MM6VTS,MM6VTS,True,True,both,A,IO87xm,6.0,57.5208,-2.0417,N,57.5208,54.516,54.516,258,992368
MM7BFL,MM7BFL,True,True,both,A,IO75pg,6.0,55.2708,-4.7083,N,55.2708,51.967,51.967,10,39623
MM7BWK,MM7BWK,True,True,both,B,IO85ok,6.0,55.4375,-2.7917,N,55.4375,52.074,52.074,94,328411
MM7EPQ,MM7EPQ,True,True,both,B,IO77gj,6.0,57.3958,-5.4583,N,57.3958,54.557,54.557,3,487
MM7FCT,MM7FCT,True,True,both,A,IO76hl,6.0,56.4792,-5.375,N,56.4792,53.459,53.459,18,14021
MM7FGL,MM7FGL,True,True,both,A,IO75ww,6.0,55.9375,-4.125,N,55.9375,52.74,52.74,20,14458
MM7FPD,MM7FPD,True,True,both,B,IO86,4.0,56.5,-3.0,N,56.5,53.355,53.355,7,33301
MM7GTN,MM7GTN,True,True,both,A,IO75uk,6.0,55.4375,-4.2917,N,55.4375,52.147,52.147,22,24019
MM7JBI,MM7JBI,True,True,both,B,IP90,4.0,60.5,-1.0,N,60.5,57.921,57.921,6,27971
MM7NTO,MM7NTO,True,True,both,B,IO77uj,6.0,57.3958,-4.2917,N,57.3958,54.488,54.488,13,14854
MM7RWC,MM7RWC,True,True,both,B,IO75st,6.0,55.8125,-4.4583,N,55.8125,52.608,52.608,8,881
MM7UDG,MM7UDG,True,True,both,B,IO75xt,6.0,55.8125,-4.0417,N,55.8125,52.586,52.586,6,1139
MM7YKZ,MM7YKZ,True,True,both,B,IO75tv,6.0,55.8958,-4.375,N,55.8958,52.703,52.703,6,1685
MM8EWY,MM8EWY,True,True,both,A,IO86,4.0,56.5,-3.0,N,56.5,53.355,53.355,44,30664
MM8PQX,MM8PQX,True,True,both,A,IO76hl,6.0,56.4792,-5.375,N,56.4792,53.459,53.459,12,42559
MM8WXA,MM8WXA,True,True,both,B,IO87nl,6.0,57.4792,-2.875,N,57.4792,54.509,54.509,8,13865
MW0ARV,MW0ARV,True,True,both,B,IO83,4.0,53.5,-3.0,N,53.5,49.731,49.731,3,22713
MW0ATK,MW0ATK,True,True,both,A,IO81jp,6.0,51.6458,-3.2083,N,51.6458,47.444,47.444,37,34944
MW0ATK/P,MW0ATK,True,True,both,A,IO81jp,6.0,51.6458,-3.2083,N,51.6458,47.444,47.444,10,9300
MW0BYS,MW0BYS,True,True,both,A,IO71mr,6.0,51.7292,-4.9583,N,51.7292,47.616,47.616,12,11653
MW0CVT,MW0CVT,True,True,both,A,IO81,4.0,51.5,-3.0,N,51.5,47.254,47.254,265,22788
MW0CWJ,MW0CWJ,True,True,both,B,IO81bt,6.0,51.8125,-3.875,N,51.8125,47.677,47.677,4,3218
MW0DTH,MW0DTH,True,True,both,B,IO81oo,6.0,51.6042,-2.7917,N,51.6042,47.378,47.378,171,245579
MW0GWL,MW0GWL,True,True,both,B,IO81ho,6.0,51.6042,-3.375,N,51.6042,47.398,47.398,8,17715
MW0IBH,MW0IBH,True,True,both,B,IO83eg,6.0,53.2708,-3.625,N,53.2708,49.475,49.475,4,601
MW0ION,MW0ION,True,True,both,B,IO82db,6.0,52.0625,-3.7083,N,52.0625,47.982,47.982,3,23390
MW0JIW,MW0JIW,True,True,both,B,IO83eg,6.0,53.2708,-3.625,N,53.2708,49.475,49.475,4,2123
MW0KEC,MW0KEC,True,True,both,A,IO81jm,6.0,51.5208,-3.2083,N,51.5208,47.287,47.287,99,590734
MW0KJN,MW0KJN,True,True,both,A,IO81bp,6.0,51.6458,-3.875,N,51.6458,47.468,47.468,13,5634
MW0KJX,MW0KJX,True,True,both,B,IO71xp,6.0,51.6458,-4.0417,N,51.6458,47.474,47.474,6,2778
MW0LPU,MW0LPU,True,True,both,B,IO81iw,6.0,51.9375,-3.2917,N,51.9375,47.811,47.811,5,4562
MW0PDV,MW0PDV,True,True,both,B,IO82jx,6.0,52.9792,-3.2083,N,52.9792,49.099,49.099,6,16053
MW0PIC,MW0PIC,True,True,both,A,IO81hq,6.0,51.6875,-3.375,N,51.6875,47.502,47.502,40,8436
MW0PPM,MW0PPM,True,True,both,B,IO83ia,6.0,53.0208,-3.2917,N,53.0208,49.154,49.154,58,7730
MW0XMG,MW0XMG,True,True,both,A,IO81,4.0,51.5,-3.0,N,51.5,47.254,47.254,86,1186921
MW1CFN,MW1CFN,True,True,both,A,IO73th,6.0,53.3125,-4.375,N,53.3125,49.56,49.56,128,202705
MW1FHB/P,MW1FHB,True,True,both,A,IO73vf,6.0,53.2292,-4.2083,N,53.2292,49.45,49.45,13,25515
MW1MDH,MW1MDH,True,True,both,A,IO83me,6.0,53.1875,-2.9583,N,53.1875,49.346,49.346,15,2675
MW2AZB,MW2AZB,True,True,both,B,IO71,4.0,51.5,-5.0,N,51.5,47.33,47.33,3,19810
MW6PYS,MW6PYS,True,True,both,B,IO73th,6.0,53.3125,-4.375,N,53.3125,49.56,49.56,4,6519
MW7ABS,MW7ABS,True,True,both,B,IO71mw,6.0,51.9375,-4.9583,N,51.9375,47.877,47.877,3,8070
MW7BQO,MW7BQO,True,True,both,B,IO82jq,6.0,52.6875,-3.2083,N,52.6875,48.739,48.739,4,276
MW7EYC,MW7EYC,True,True,both,B,IO81pp,6.0,51.6458,-2.7083,N,51.6458,47.427,47.427,52,209848
MW7FGG,MW7FGG,True,True,both,A,IO81hq,6.0,51.6875,-3.375,N,51.6875,47.502,47.502,10,915
MW7GBZ,MW7GBZ,True,True,both,A,IO82,4.0,52.5,-3.0,N,52.5,48.499,48.499,71,170270
MW7KKF,MW7KKF,True,True,both,A,IO73,4.0,53.5,-5.0,N,53.5,49.82,49.82,17,6311
MW7OFS,MW7OFS,True,True,both,A,IO72xj,6.0,52.3958,-4.0417,N,52.3958,48.411,48.411,16,3140
MW7RHR,MW7RHR,True,True,both,B,IO73qg,6.0,53.2708,-4.625,N,53.2708,49.52,49.52,7,15016
MW7SIF,MW7SIF,True,True,both,A,IO72wo,6.0,52.6042,-4.125,N,52.6042,48.673,48.673,225,429002
MW7VFL,MW7VFL,True,True,both,B,IO81,4.0,51.5,-3.0,N,51.5,47.254,47.254,3,263
MW8OEG,MW8OEG,True,True,both,B,IO81cp,6.0,51.6458,-3.7917,N,51.6458,47.465,47.465,3,200
MX0KYP,MX0KYP,True,True,both,B,IO93,4.0,53.5,-1.0,N,53.5,49.658,49.658,9,5554
N0AD,N0AD,True,True,both,B,DM79po,6.0,39.6042,-104.7083,N,39.6042,47.635,47.635,201,3909101
N0AER,N0AER,True,True,both,B,DM79mn,6.0,39.5625,-104.9583,N,39.5625,47.56,47.56,31,10504
N0AEV,N0AEV,True,True,both,A,EN12wa,6.0,42.0208,-96.125,N,42.0208,50.903,50.903,12,5602
N0ALO,N0ALO,True,True,both,A,EM18,4.0,38.5,-97.0,N,38.5,47.417,47.417,119,604133
N0AMY,N0AMY,True,True,both,A,EM57ra,6.0,37.0208,-88.5417,N,37.0208,46.334,46.334,10,22556
N0AN,N0AN,True,True,both,B,EN22xc,6.0,42.1042,-94.0417,N,42.1042,51.108,51.108,8,34108
N0AQI,N0AQI,True,True,both,B,EM48os,6.0,38.7708,-90.7917,N,38.7708,48.003,48.003,4,545
N0AWT,N0AWT,True,True,both,A,EN21bh,6.0,41.3125,-95.875,N,41.3125,50.234,50.234,14,4189
N0BFQ,N0BFQ,True,True,both,B,EN31cp,6.0,41.6458,-93.7917,N,41.6458,50.677,50.677,3,795
N0BM,N0BM,True,True,both,B,EN34mv,6.0,44.8958,-92.9583,N,44.8958,53.848,53.848,3,619
N0DET,N0DET,True,True,both,B,DN70,4.0,40.5,-105.0,N,40.5,48.475,48.475,8,5204
N0EMP,N0EMP,True,True,both,A,DN70jo,6.0,40.6042,-105.2083,N,40.6042,48.548,48.548,113,32203
N0ERH,N0ERH,True,True,both,B,EN41ew,6.0,41.9375,-91.625,N,41.9375,51.039,51.039,4,10752
N0ETG,N0ETG,True,True,both,A,EL09,4.0,29.5,-99.0,N,29.5,38.387,38.387,16,9222
N0GIK,N0GIK,True,True,both,A,EN21xo,6.0,41.6042,-94.0417,N,41.6042,50.625,50.625,177,710819
N0GIS,N0GIS,True,True,both,A,CN85qm,6.0,45.5208,-122.625,N,45.5208,50.378,50.378,23,5585
N0HAV,N0HAV,True,True,both,B,DM41ml,6.0,31.4792,-110.9583,N,31.4792,38.613,38.613,4,795
N0IM/B,N0IM,True,True,both,A,JN48op,6.0,48.6458,9.2083,N,48.6458,43.675,43.675,14,87
N0IPA,N0IPA,True,True,both,B,DM79ki,6.0,39.3542,-105.125,N,39.3542,47.332,47.332,5,13701
N0IVN,N0IVN,True,True,both,B,DM79,4.0,39.5,-105.0,N,39.5,47.493,47.493,5,9749
N0IZI,N0IZI,True,True,both,B,EN21ad,6.0,41.1458,-95.9583,N,41.1458,50.067,50.067,3,7706
N0JAM,N0JAM,True,True,both,B,EL97,4.0,27.5,-81.0,N,27.5,36.858,36.858,3,169
N0JCF,N0JCF,True,True,both,B,EN35mb,6.0,45.0625,-92.9583,N,45.0625,54.008,54.008,10,9213
N0JCS,N0JCS,True,True,both,A,EL89,4.0,29.5,-83.0,N,29.5,38.927,38.927,126,373285
N0KAM,N0KAM,True,True,both,A,DN84ha,6.0,44.0208,-103.375,N,44.0208,52.134,52.134,379,1300275
N0KGK,N0KGK,True,True,both,B,EN34is,6.0,44.7708,-93.2917,N,44.7708,53.714,53.714,6,4888
N0KGM,N0KGM,True,True,both,A,DN40co,6.0,40.6042,-111.7917,N,40.6042,47.525,47.525,32,50004
N0KGM/7,N0KGM,True,True,both,A,DN36mr,6.0,46.7292,-112.9583,N,46.7292,53.354,53.354,13,19455
N0KIS,N0KIS,True,False,wsprnet_only,B,DN13un,6.0,43.5625,-116.2917,N,43.5625,49.649,49.649,3,11
N0KSU,N0KSU,True,True,both,A,EM19rf,6.0,39.2292,-96.5417,N,39.2292,48.163,48.163,79,248529
N0KYP,N0KYP,True,True,both,A,EN53jb,6.0,43.0625,-89.2083,N,43.0625,52.151,52.151,45,55160
N0LAF,N0LAF,True,True,both,B,EM95ps,6.0,35.7708,-80.7083,N,35.7708,44.714,44.714,4,1844
N0LUF,N0LUF,True,True,both,B,DM78,4.0,38.5,-105.0,N,38.5,46.509,46.509,180,813098
N0MGB,N0MGB,True,True,both,B,DN30,4.0,40.5,-113.0,N,40.5,47.215,47.215,8,10432
N0MGK,N0MGK,True,True,both,B,EM46uv,6.0,36.8958,-90.2917,N,36.8958,46.203,46.203,8,2293
N0NKC,N0NKC,True,True,both,B,EN38go,6.0,48.6042,-93.4583,N,48.6042,57.394,57.394,3,842
N0NKL,N0NKL,True,True,both,A,EN47,4.0,47.5,-91.0,N,47.5,56.402,56.402,106,384302
N0NOW,N0NOW,True,True,both,B,EN32eb,6.0,42.0625,-93.625,N,42.0625,51.088,51.088,8,14508
N0NSE,N0NSE,True,True,both,A,EN34iv,6.0,44.8958,-93.2917,N,44.8958,53.835,53.835,19,2709
N0NSR,N0NSR,True,True,both,B,EM47tq,6.0,37.6875,-90.375,N,37.6875,46.966,46.966,4,8604
N0NZ,N0NZ,True,True,both,A,EN34jr,6.0,44.7292,-93.2083,N,44.7292,53.678,53.678,395,2052464
N0ODK,N0ODK,True,True,both,A,EN35mg,6.0,45.2708,-92.9583,N,45.2708,54.209,54.209,35,89328
N0ORB,N0ORB,True,True,both,B,EN34sa,6.0,44.0208,-92.4583,N,44.0208,53.022,53.022,4,1383
N0PHT,N0PHT,True,True,both,B,DM41vm,6.0,31.5208,-110.2083,N,31.5208,38.78,38.78,4,61
N0PQ,N0PQ,True,True,both,B,EN51,4.0,41.5,-89.0,N,41.5,50.647,50.647,4,4456
N0PRA,N0PRA,True,True,both,B,DM79,4.0,39.5,-105.0,N,39.5,47.493,47.493,5,5834
N0PVC,N0PVC,True,True,both,B,EN35ie,6.0,45.1875,-93.2917,N,45.1875,54.116,54.116,3,1112
N0QBH,N0QBH,True,True,both,A,EN25lf,6.0,45.2292,-95.0417,N,45.2292,54.072,54.072,154,1677351
N0QDS,N0QDS,True,True,both,A,EN35ga,6.0,45.0208,-93.4583,N,45.0208,53.948,53.948,184,40443
N0QIO,N0QIO,True,True,both,B,EM69hj,6.0,39.3958,-87.375,N,39.3958,48.605,48.605,3,1839
N0RVS,N0RVS,True,True,both,B,EM37ie,6.0,37.1875,-93.2917,N,37.1875,46.387,46.387,4,796
N0SRZ,N0SRZ,True,True,both,B,DM79nr,6.0,39.7292,-104.875,N,39.7292,47.735,47.735,5,196
N0STP,N0STP,True,True,both,A,EN34kw,6.0,44.9375,-93.125,N,44.9375,53.881,53.881,101,363643
N0STR,N0STR,True,True,both,A,FM16,4.0,36.5,-77.0,N,36.5,44.931,44.931,379,2981170
N0SVL,N0SVL,True,True,both,B,EM75,4.0,35.5,-85.0,N,35.5,44.782,44.782,5,2497
N0TES,N0TES,True,True,both,A,EM28tu,6.0,38.8542,-94.375,N,38.8542,47.945,47.945,12,3451
N0TMH,N0TMH,True,True,both,B,EM29rg,6.0,39.2708,-94.5417,N,39.2708,48.339,48.339,5,4854
N0TOA,N0TOA,True,True,both,A,DM79oo,6.0,39.6042,-104.7917,N,39.6042,47.624,47.624,18,3428
N0TOI,N0TOI,True,True,both,B,EM47,4.0,37.5,-91.0,N,37.5,46.772,46.772,13,49566
N0UC,N0UC,True,True,both,B,EN34ku,6.0,44.8542,-93.125,N,44.8542,53.801,53.801,28,38615
N0UDM,N0UDM,True,True,both,A,DM78,4.0,38.5,-105.0,N,38.5,46.509,46.509,395,5812697
N0UR,N0UR,True,True,both,A,EN33iu,6.0,43.8542,-93.2917,N,43.8542,52.831,52.831,12,7159
N0VMD,N0VMD,True,True,both,B,DN74oi,6.0,44.3542,-104.7917,N,44.3542,52.277,52.277,13,2793
N0VTY,N0VTY,True,True,both,B,EN40kr,6.0,40.7292,-91.125,N,40.7292,49.885,49.885,3,746
N0VVH,N0VVH,True,True,both,B,DM41lu,6.0,31.8542,-111.0417,N,31.8542,38.974,38.974,8,4765
N0WEE,N0WEE,True,True,both,B,EM48tk,6.0,38.4375,-90.375,N,38.4375,47.689,47.689,3,203
N0WUE,N0WUE,True,False,wsprnet_only,B,EN34,4.0,44.5,-93.0,N,44.5,53.465,53.465,4,27
N0XRG,N0XRG,True,True,both,B,EL29ot,6.0,29.8125,-94.7917,N,29.8125,39.108,39.108,36,65986
N0YJ,N0YJ,True,True,both,B,EM28fd,6.0,38.1458,-95.5417,N,38.1458,47.184,47.184,7,11223
N0ZFY,N0ZFY,True,True,both,A,DM72,4.0,32.5,-105.0,N,32.5,40.574,40.574,15,47989
N0ZHE,N0ZHE,True,True,both,B,EM17ej,6.0,37.3958,-97.625,N,37.3958,46.287,46.287,8,2336
N0ZNA,N0ZNA,True,True,both,B,EM48sd,6.0,38.1458,-90.4583,N,38.1458,47.407,47.407,3,523
N0ZWP,N0ZWP,True,True,both,B,EN10or,6.0,40.7292,-96.7917,N,40.7292,49.601,49.601,5,2654
N1AGV,N1AGV,True,True,both,B,FN32pg,6.0,42.2708,-72.7083,N,42.2708,49.826,49.826,16,8854
N1BAR,N1BAR,True,True,both,A,FN32,4.0,42.5,-73.0,N,42.5,50.106,50.106,10,5669
N1BBR,N1BBR,True,True,both,B,DM99,4.0,39.5,-101.0,N,39.5,48.0,48.0,6,9392
N1BEK,N1BEK,True,True,both,B,FN31id,6.0,41.1458,-73.2917,N,41.1458,48.824,48.824,3,224
N1BRL,N1BRL,True,True,both,A,FN31ol,6.0,41.4792,-72.7917,N,41.4792,49.059,49.059,12,2437
N1CDH,N1CDH,True,True,both,B,EN11th,6.0,41.3125,-96.375,N,41.3125,50.199,50.199,11,12925
N1CUI,N1CUI,True,True,both,B,FN54ka,6.0,44.0208,-69.125,N,44.0208,50.859,50.859,5,4816
N1CZZ,N1CZZ,True,True,both,B,EL88vc,6.0,28.1042,-82.2083,N,28.1042,37.539,37.539,5,2750
N1DCH,N1DCH,True,True,both,B,FN42fj,6.0,42.3958,-71.5417,N,42.3958,49.726,49.726,3,2163
N1DKE,N1DKE,True,True,both,B,FN44fj,6.0,44.3958,-71.5417,N,44.3958,51.717,51.717,8,6738
N1EDF,N1EDF,True,True,both,B,FN42ih,6.0,42.3125,-71.2917,N,42.3125,49.593,49.593,3,526
N1ETN,N1ETN,True,True,both,A,FN42,4.0,42.5,-71.0,N,42.5,49.721,49.721,22,12155
N1ETT,N1ETT,True,True,both,A,CN87sg,6.0,47.2708,-122.4583,N,47.2708,52.136,52.136,324,387856
N1FJB,N1FJB,True,True,both,B,FM05,4.0,35.5,-79.0,N,35.5,44.253,44.253,4,2289
N1FXP,N1FXP,True,True,both,A,EL86xq,6.0,26.6875,-82.0417,N,26.6875,36.18,36.18,19,101571
N1GBE,N1GBE,True,True,both,A,FN31,4.0,41.5,-73.0,N,41.5,49.119,49.119,91,588129
N1GDD,N1GDD,True,True,both,A,FN42fs,6.0,42.7708,-71.5417,N,42.7708,50.099,50.099,13,2356
N1GDO,N1GDO,True,True,both,B,FN42mk,6.0,42.4375,-70.9583,N,42.4375,49.651,49.651,3,118
N1HOQ,N1HOQ,True,True,both,B,FN41tp,6.0,41.6458,-70.375,N,41.6458,48.739,48.739,8,18379
N1IDN,N1IDN,True,True,both,B,DM41vv,6.0,31.8958,-110.2083,N,31.8958,39.154,39.154,5,1404
N1JDH,N1JDH,True,True,both,A,FN42qo,6.0,42.6042,-70.625,N,42.6042,49.749,49.749,22,52069
N1KET,N1KET,True,True,both,B,FN41,4.0,41.5,-71.0,N,41.5,48.724,48.724,4,623
N1LUK,N1LUK,True,True,both,A,FN31mj,6.0,41.3958,-72.9583,N,41.3958,49.008,49.008,29,67119
N1MOA,N1MOA,True,True,both,B,FN42au,6.0,42.8542,-71.9583,N,42.8542,50.262,50.262,3,2118
N1NAZ,N1NAZ,True,True,both,B,FN42gu,6.0,42.8542,-71.4583,N,42.8542,50.166,50.166,14,4996
N1NJI,N1NJI,True,True,both,B,FN41np,6.0,41.6458,-70.875,N,41.6458,48.844,48.844,17,16049
N1OHX,N1OHX,True,True,both,A,FN53,4.0,43.5,-69.0,N,43.5,50.307,50.307,29,6049
N1OKX,N1OKX,True,True,both,B,FN31,4.0,41.5,-73.0,N,41.5,49.119,49.119,3,191
N1OMJ,N1OMJ,True,True,both,B,FN32wq,6.0,42.6875,-72.125,N,42.6875,50.129,50.129,3,11165
N1OMO,N1OMO,True,True,both,B,FN44oo,6.0,44.6042,-70.7917,N,44.6042,51.782,51.782,4,9816
N1OPS,N1OPS,True,True,both,A,FM18hw,6.0,38.9375,-77.375,N,38.9375,47.344,47.344,19,6471
N1OSJ,N1OSJ,True,True,both,B,FM29iv,6.0,39.8958,-75.2917,N,39.8958,47.951,47.951,3,750
N1PCZ,N1PCZ,True,True,both,B,FN32ux,6.0,42.9792,-72.2917,N,42.9792,50.45,50.45,5,59062
N1QWI,N1QWI,True,True,both,A,FN42jc,6.0,42.1042,-71.2083,N,42.1042,49.369,49.369,15,16327
N1RB,N1RB,True,True,both,A,EN81dj,6.0,41.3958,-83.7083,N,41.3958,50.372,50.372,24,43362
N1RHX,N1RHX,True,True,both,B,FN42jv,6.0,42.8958,-71.2083,N,42.8958,50.158,50.158,26,27647
N1ROG,N1ROG,True,True,both,A,DM79rb,6.0,39.0625,-104.5417,N,39.0625,47.126,47.126,49,17163
N1SCB,N1SCB,True,True,both,B,EM75lw,6.0,35.9375,-85.0417,N,35.9375,45.204,45.204,3,2455
N1SP,N1SP,True,True,both,B,FN32jv,6.0,42.8958,-73.2083,N,42.8958,50.535,50.535,7,951
N1SRC,N1SRC,True,True,both,A,DN23ai,6.0,43.3542,-115.9583,N,43.3542,49.504,49.504,11,2090
N1TIM,N1TIM,True,True,both,A,FN43,4.0,43.5,-71.0,N,43.5,50.719,50.719,11,32997
N1TKR,N1TKR,True,True,both,B,CN87nb,6.0,47.0625,-122.875,N,47.0625,51.849,51.849,7,5025
N1TMK,N1TMK,True,True,both,A,FN42hk,6.0,42.4375,-71.375,N,42.4375,49.734,49.734,18,13498
N1TRX,N1TRX,True,True,both,B,EM79ob,6.0,39.0625,-84.7917,N,39.0625,48.192,48.192,6,1786
N1TVL,N1TVL,True,True,both,B,FN31,4.0,41.5,-73.0,N,41.5,49.119,49.119,5,5398
N1UGK,N1UGK,True,True,both,A,FN20ur,6.0,40.7292,-74.2917,N,40.7292,48.594,48.594,23,254449
N1VF,N1VF,True,True,both,A,CM97ai,6.0,37.3542,-121.9583,N,37.3542,42.469,42.469,39,55071
N1VWH,N1VWH,True,True,both,B,FN55ge,6.0,45.1875,-69.4583,N,45.1875,52.104,52.104,3,2653
N1XAU,N1XAU,True,True,both,B,FM18,4.0,38.5,-77.0,N,38.5,46.865,46.865,30,194327
N1XOU,N1XOU,True,True,both,A,FN42dp,6.0,42.6458,-71.7083,N,42.6458,50.007,50.007,81,391013
N1YFA,N1YFA,True,True,both,B,FN54in,6.0,44.5625,-69.2917,N,44.5625,51.44,51.44,9,3712
N1ZE,N1ZE,True,True,both,B,FN41,4.0,41.5,-71.0,N,41.5,48.724,48.724,3,503
N1ZLE,N1ZLE,True,True,both,B,FM14ox,6.0,34.9792,-76.7917,N,34.9792,43.432,43.432,4,1301
N1ZXL,N1ZXL,True,True,both,A,FN31tu,6.0,41.8542,-72.375,N,41.8542,49.35,49.35,84,236260
N2AJX,N2AJX,True,True,both,A,FN13eb,6.0,43.0625,-77.625,N,43.0625,51.384,51.384,372,2171156
N2BKT,N2BKT,True,True,both,B,FN13ff,6.0,43.2292,-77.5417,N,43.2292,51.536,51.536,7,19450
N2BUU,N2BUU,True,True,both,A,FN20,4.0,40.5,-75.0,N,40.5,48.492,48.492,49,246035
N2CQR,N2CQR,True,True,both,B,FK58,4.0,18.5,-69.0,N,18.5,25.814,25.814,3,31162
N2DED,N2DED,True,True,both,B,FN20nh,6.0,40.3125,-74.875,N,40.3125,48.287,48.287,338,1909011
N2DYT,N2DYT,True,True,both,B,FN02pw,6.0,42.9375,-78.7083,N,42.9375,51.399,51.399,17,2500
N2EMU,N2EMU,True,True,both,A,EM10,4.0,30.5,-97.0,N,30.5,39.588,39.588,395,396967
N2EPE,N2EPE,True,True,both,B,FN13fb,6.0,43.0625,-77.5417,N,43.0625,51.373,51.373,6,935
N2ETZ,N2ETZ,True,True,both,B,EL87,4.0,27.5,-83.0,N,27.5,37.022,37.022,7,27891
N2EWS,N2EWS,True,True,both,B,EM10,4.0,30.5,-97.0,N,30.5,39.588,39.588,5,2782
N2FLA,N2FLA,True,True,both,B,EL99kh,6.0,29.3125,-81.125,N,29.3125,38.591,38.591,3,3404
N2FLO,N2FLO,True,True,both,B,FN21va,6.0,41.0208,-74.2083,N,41.0208,48.866,48.866,5,20527
N2FRE,N2FRE,True,True,both,A,FN20qn,6.0,40.5625,-74.625,N,40.5625,48.489,48.489,11,5238
N2FWU,N2FWU,True,True,both,B,FN02ou,6.0,42.8542,-78.7917,N,42.8542,51.328,51.328,4,1494
N2GF,N2GF,True,True,both,B,CM97aj,6.0,37.3958,-121.9583,N,37.3958,42.51,42.51,3,653
N2GFN,N2GFN,True,True,both,A,DM33,4.0,33.5,-113.0,N,33.5,40.281,40.281,70,565454
N2GOP,N2GOP,True,True,both,A,FN31ac,6.0,41.1042,-73.9583,N,41.1042,48.904,48.904,41,87555
N2HMM,N2HMM,True,True,both,B,FN44,4.0,44.5,-71.0,N,44.5,51.718,51.718,8,14989
N2IIH,N2IIH,True,True,both,B,FN20,4.0,40.5,-75.0,N,40.5,48.492,48.492,5,10317
N2IPY,N2IPY,True,True,both,B,EL98,4.0,28.5,-81.0,N,28.5,37.807,37.807,7,2603
N2IRY,N2IRY,True,True,both,A,FN41gm,6.0,41.5208,-71.4583,N,41.5208,48.839,48.839,32,20971
N2ISS,N2ISS,True,True,both,B,EN82,4.0,42.5,-83.0,N,42.5,51.387,51.387,40,62392
N2IU,N2IU,True,True,both,A,DM43cf,6.0,33.2292,-111.7917,N,33.2292,40.218,40.218,11,9875
N2JJF,N2JJF,True,True,both,A,FN20,4.0,40.5,-75.0,N,40.5,48.492,48.492,43,104015
N2JRW,N2JRW,True,True,both,B,EN61dw,6.0,41.9375,-87.7083,N,41.9375,51.055,51.055,6,960
N2KBE,N2KBE,True,True,both,B,EM94qu,6.0,34.8542,-80.625,N,34.8542,43.826,43.826,4,13723
N2KJ,N2KJ,True,True,both,B,FN20,4.0,40.5,-75.0,N,40.5,48.492,48.492,7,522
N2KPQ,N2KPQ,True,True,both,A,EM94qw,6.0,34.9375,-80.625,N,34.9375,43.906,43.906,96,399486
N2KTV,N2KTV,True,True,both,B,DM54bd,6.0,34.1458,-109.875,N,34.1458,41.451,41.451,23,10254
N2LCX,N2LCX,True,True,both,B,FN13wb,6.0,43.0625,-76.125,N,43.0625,51.175,51.175,3,2121
N2LEE,N2LEE,True,True,both,B,EL97fl,6.0,27.4792,-81.5417,N,27.4792,36.889,36.889,3,43112
N2LQH,N2LQH,True,True,both,A,FM29pt,6.0,39.8125,-74.7083,N,39.8125,47.77,47.77,49,191310
N2MO,N2MO,True,True,both,A,FN20,4.0,40.5,-75.0,N,40.5,48.492,48.492,10,13065
N2NM,N2NM,True,True,both,A,EM73,4.0,33.5,-85.0,N,33.5,42.865,42.865,12,31925
N2NXZ,N2NXZ,True,True,both,A,FN03xf,6.0,43.2292,-78.0417,N,43.2292,51.6,51.6,35,177702
N2OEF,N2OEF,True,True,both,B,FM29ej,6.0,39.3958,-75.625,N,39.3958,47.518,47.518,8,4743
N2PAS,N2PAS,True,True,both,A,EN63,4.0,43.5,-87.0,N,43.5,52.542,52.542,120,14018
N2PKT,N2PKT,True,True,both,B,FM29ks,6.0,39.7708,-75.125,N,39.7708,47.801,47.801,6,2615
N2QAA,N2QAA,True,True,both,B,FN02,4.0,42.5,-79.0,N,42.5,51.009,51.009,7,87
N2QCP,N2QCP,True,True,both,B,FN30jp,6.0,40.6458,-73.2083,N,40.6458,48.315,48.315,14,5921
N2RBJ,N2RBJ,True,True,both,B,FN20uw,6.0,40.9375,-74.2917,N,40.9375,48.799,48.799,3,3323
N2RD,N2RD,True,True,both,B,FN13ua,6.0,43.0208,-76.2917,N,43.0208,51.159,51.159,6,22542
N2RDQ,N2RDQ,True,True,both,B,FN21wl,6.0,41.4792,-74.125,N,41.4792,49.301,49.301,9,85324
N2RU,N2RU,True,True,both,B,FM29mr,6.0,39.7292,-74.9583,N,39.7292,47.732,47.732,7,7685
N2SCE,N2SCE,True,True,both,B,EM12ir,6.0,32.7292,-97.2917,N,32.7292,41.751,41.751,3,180
N2SKH,N2SKH,True,True,both,B,EL88pb,6.0,28.0625,-82.7083,N,28.0625,37.538,37.538,3,2739
N2TIM,N2TIM,True,True,both,B,EN53,4.0,43.5,-89.0,N,43.5,52.571,52.571,6,10126
N2TRN,N2TRN,True,True,both,B,FN20,4.0,40.5,-75.0,N,40.5,48.492,48.492,9,1821
N2UQS,N2UQS,True,True,both,A,FN30js,6.0,40.7708,-73.2083,N,40.7708,48.439,48.439,25,90918
N2US,N2US,True,True,both,B,FN20ne,6.0,40.1875,-74.875,N,40.1875,48.165,48.165,8,587
N2VJ,N2VJ,True,True,both,B,FN22uh,6.0,42.3125,-74.2917,N,42.3125,50.149,50.149,7,3599
N2VSD,N2VSD,True,True,both,B,FN21so,6.0,41.6042,-74.4583,N,41.6042,49.482,49.482,5,12225
N2XSE,N2XSE,True,True,both,B,FN20qx,6.0,40.9792,-74.625,N,40.9792,48.897,48.897,9,18097
N2YCH,N2YCH,True,True,both,B,FN31jg,6.0,41.2708,-73.2083,N,41.2708,48.931,48.931,9,64219
N2YHQ,N2YHQ,True,True,both,A,FN13,4.0,43.5,-77.0,N,43.5,51.727,51.727,67,315496
N3AAA,N3AAA,True,True,both,A,EN90ud,6.0,40.1458,-80.2917,N,40.1458,48.878,48.878,11,43608
N3AAZ,N3AAZ,True,True,both,B,FM19xa,6.0,39.0208,-76.0417,N,39.0208,47.221,47.221,12,3968
N3BBF,N3BBF,True,True,both,B,FM19kb,6.0,39.0625,-77.125,N,39.0625,47.429,47.429,9,43196
N3CHX,N3CHX,True,True,both,A,FM06aa,6.0,36.0208,-79.9583,N,36.0208,44.871,44.871,394,1078941
N3COB,N3COB,True,True,both,B,FM19lb,6.0,39.0625,-77.0417,N,39.0625,47.417,47.417,5,2219
N3CX,N3CX,True,True,both,A,FN11,4.0,41.5,-77.0,N,41.5,49.778,49.778,395,2439415
N3DTF,N3DTF,True,True,both,B,FN20kb,6.0,40.0625,-75.125,N,40.0625,48.085,48.085,3,330
N3ENA,N3ENA,True,True,both,B,FN21dj,6.0,41.3958,-75.7083,N,41.3958,49.483,49.483,3,646
N3EYQ,N3EYQ,True,True,both,B,FN21xv,6.0,41.8958,-74.0417,N,41.8958,49.696,49.696,186,528535
N3FLO,N3FLO,True,True,both,B,FN00kk,6.0,40.4375,-79.125,N,40.4375,49.027,49.027,4,496
N3FTU,N3FTU,True,True,both,B,EL87ox,6.0,27.9792,-82.7917,N,27.9792,37.464,37.464,7,6656
N3GGT,N3GGT,True,True,both,B,FN20,4.0,40.5,-75.0,N,40.5,48.492,48.492,8,1784
N3GIE,N3GIE,True,True,both,B,EM69qf,6.0,39.2292,-86.625,N,39.2292,48.426,48.426,27,115393
N3GTY,N3GTY,True,True,both,B,FN10mf,6.0,40.2292,-76.9583,N,40.2292,48.537,48.537,7,3229
N3HFS,N3HFS,True,True,both,A,CN87,4.0,47.5,-123.0,N,47.5,52.256,52.256,27,52791
N3HXT,N3HXT,True,True,both,A,FM09,4.0,39.5,-79.0,N,39.5,48.106,48.106,105,250770
N3HXZ,N3HXZ,True,True,both,B,EN90xi,6.0,40.3542,-80.0417,N,40.3542,49.052,49.052,5,32864
N3IFG,N3IFG,True,True,both,B,EL98jw,6.0,28.9375,-81.2083,N,28.9375,38.243,38.243,4,24890
N3JC,N3JC,True,True,both,B,FM16xr,6.0,36.7292,-76.0417,N,36.7292,44.998,44.998,9,615
N3JCL,N3JCL,True,True,both,A,FM05,4.0,35.5,-79.0,N,35.5,44.253,44.253,42,541896
N3JJB,N3JJB,True,True,both,B,FM29dq,6.0,39.6875,-75.7083,N,39.6875,47.816,47.816,3,213
N3KMT,N3KMT,True,True,both,B,FN00lc,6.0,40.1042,-79.0417,N,40.1042,48.695,48.695,10,2184
N3LCW,N3LCW,True,True,both,A,FM19tn,6.0,39.5625,-76.375,N,39.5625,47.801,47.801,17,20230
N3MAW,N3MAW,True,True,both,B,EM13,4.0,33.5,-97.0,N,33.5,42.534,42.534,3,386
N3MED,N3MED,True,True,both,B,FN20am,6.0,40.5208,-75.9583,N,40.5208,48.668,48.668,10,6396
N3MM,N3MM,True,True,both,B,FM07il,6.0,37.4792,-79.2917,N,37.4792,46.193,46.193,3,374
N3PAW,N3PAW,True,True,both,B,EM21,4.0,31.5,-95.0,N,31.5,40.744,40.744,5,398
N3PGS,N3PGS,True,True,both,B,EM94,4.0,34.5,-81.0,N,34.5,43.526,43.526,3,349
N3QX,N3QX,True,True,both,B,FM19fa,6.0,39.0208,-77.5417,N,39.0208,47.449,47.449,3,215
N3RCE,N3RCE,True,True,both,B,FN10ua,6.0,40.0208,-76.2917,N,40.0208,48.233,48.233,6,2258
N3RDX,N3RDX,True,True,both,A,FM18mu,6.0,38.8542,-76.9583,N,38.8542,47.202,47.202,164,1221248
N3RUM,N3RUM,True,True,both,B,FN21el,6.0,41.4792,-75.625,N,41.4792,49.551,49.551,87,202265
N3TEW,N3TEW,True,True,both,B,FM19,4.0,39.5,-77.0,N,39.5,47.835,47.835,6,2600
N3TFX,N3TFX,True,True,both,B,FN00cu,6.0,40.8542,-79.7917,N,40.8542,49.507,49.507,4,8498
N3UTG,N3UTG,True,True,both,A,FN20nd,6.0,40.1458,-74.875,N,40.1458,48.124,48.124,31,193443
N3VA,N3VA,True,True,both,B,FN00gt,6.0,40.8125,-79.4583,N,40.8125,49.429,49.429,26,51224
N3WM,N3WM,True,True,both,B,FM16,4.0,36.5,-77.0,N,36.5,44.931,44.931,7,14068
N3WVW,N3WVW,True,True,both,B,FM29jo,6.0,39.6042,-75.2083,N,39.6042,47.652,47.652,3,852
N3XO,N3XO,True,True,both,B,FN20ej,6.0,40.3958,-75.625,N,40.3958,48.493,48.493,156,637165
N3XXP,N3XXP,True,True,both,B,FM19ne,6.0,39.1875,-76.875,N,39.1875,47.513,47.513,8,24635
N3YWZ,N3YWZ,True,True,both,B,FM17tu,6.0,37.8542,-76.375,N,37.8542,46.142,46.142,23,11215
N4AAA,N4AAA,True,True,both,B,EM65ox,6.0,35.9792,-86.7917,N,35.9792,45.307,45.307,3,16231
N4AKL,N4AKL,True,True,both,B,EM12nw,6.0,32.9375,-96.875,N,32.9375,41.994,41.994,9,1508
N4AKV,N4AKV,True,True,both,B,FM02as,6.0,32.7708,-79.9583,N,32.7708,41.759,41.759,17,11025
N4ARZ,N4ARZ,True,True,both,B,EM84,4.0,34.5,-83.0,N,34.5,43.703,43.703,5,6674
N4AT,N4AT,True,True,both,B,CN70ww,6.0,40.9375,-124.125,N,40.9375,45.575,45.575,5,196
N4AU,N4AU,True,True,both,B,EM62vp,6.0,32.6458,-86.2083,N,32.6458,42.091,42.091,121,142856
N4BBA,N4BBA,True,True,both,B,FM05,4.0,35.5,-79.0,N,35.5,44.253,44.253,12,97356
N4BDZ,N4BDZ,True,True,both,B,EM85si,6.0,35.3542,-82.4583,N,35.3542,44.478,44.478,5,9396
N4BQ,N4BQ,True,True,both,B,EM74uj,6.0,34.3958,-84.2917,N,34.3958,43.687,43.687,5,2233
N4BUT,N4BUT,True,True,both,B,EL98ho,6.0,28.6042,-81.375,N,28.6042,37.942,37.942,8,2973
N4CAZ,N4CAZ,True,True,both,B,CM97gr,6.0,37.7292,-121.4583,N,37.7292,42.933,42.933,5,2692
N4CCT,N4CCT,True,True,both,A,FM06id,6.0,36.1458,-79.2917,N,36.1458,44.911,44.911,26,35528
N4CDN,N4CDN,True,True,both,B,FM18iu,6.0,38.8542,-77.2917,N,38.8542,47.251,47.251,4,2373
N4CEI,N4CEI,True,True,both,A,DM13la,6.0,33.0208,-117.0417,N,33.0208,39.093,39.093,395,1766551
N4CN,N4CN,True,True,both,B,EM84ck,6.0,34.4375,-83.7917,N,34.4375,43.697,43.697,5,15288
N4CWZ,N4CWZ,True,True,both,B,EM96ud,6.0,36.1458,-80.2917,N,36.1458,45.028,45.028,6,27826
N4DPH,N4DPH,True,True,both,A,EM64,4.0,34.5,-87.0,N,34.5,43.891,43.891,332,2193652
N4DR,N4DR,True,True,both,B,FM19kc,6.0,39.1042,-77.125,N,39.1042,47.469,47.469,4,50662
N4EAC,N4EAC,True,True,both,B,FM18fw,6.0,38.9375,-77.5417,N,38.9375,47.368,47.368,6,198
N4ETH,N4ETH,True,True,both,B,CM87ss,6.0,37.7708,-122.4583,N,37.7708,42.784,42.784,4,493
N4FCA,N4FCA,True,True,both,B,EM90ca,6.0,30.0208,-81.7917,N,30.0208,39.327,39.327,66,50483
N4FTD,N4FTD,True,True,both,B,EL96br,6.0,26.7292,-81.875,N,26.7292,36.206,36.206,3,7308
N4FUR,N4FUR,True,True,both,B,EM34,4.0,34.5,-93.0,N,34.5,43.795,43.795,3,1062
N4GPA,N4GPA,True,True,both,B,EL89vd,6.0,29.1458,-82.2083,N,29.1458,38.53,38.53,17,2719
N4HB,N4HB,True,True,both,B,FM17uu,6.0,37.8542,-76.2917,N,37.8542,46.129,46.129,4,270
N4HNO,N4HNO,True,True,both,A,EM85,4.0,35.5,-83.0,N,35.5,44.66,44.66,13,10047
N4IQV,N4IQV,True,True,both,B,EM96,4.0,36.5,-81.0,N,36.5,45.443,45.443,6,22361
N4JCJ,N4JCJ,True,True,both,B,EM76wi,6.0,36.3542,-84.125,N,36.3542,45.555,45.555,3,1068
N4JHH,N4JHH,True,True,both,A,FM05,4.0,35.5,-79.0,N,35.5,44.253,44.253,11,1250
N4JJS,N4JJS,True,True,both,A,FM05pn,6.0,35.5625,-78.7083,N,35.5625,44.275,44.275,370,7097277
N4KAA,N4KAA,True,True,both,B,FM16rw,6.0,36.9375,-76.5417,N,36.9375,45.282,45.282,4,394
N4KHI,N4KHI,True,True,both,A,EL99lg,6.0,29.2708,-81.0417,N,29.2708,38.543,38.543,15,5128
N4LQ,N4LQ,True,True,both,B,EM95gh,6.0,35.3125,-81.4583,N,35.3125,44.35,44.35,3,1737
N4LXP,N4LXP,True,True,both,B,FM08,4.0,38.5,-79.0,N,38.5,47.141,47.141,3,434
N4MGB,N4MGB,True,True,both,A,EM82,4.0,32.5,-83.0,N,32.5,41.79,41.79,13,7754
N4MHB,N4MHB,True,True,both,A,EL97tj,6.0,27.3958,-80.375,N,27.3958,36.694,36.694,33,26692
N4ML,N4ML,True,True,both,B,KM46,4.0,36.5,29.0,N,36.5,30.603,30.603,4,2955
N4NWD,N4NWD,True,True,both,A,EM74jx,6.0,34.9792,-85.2083,N,34.9792,44.292,44.292,16,3556
N4OVQ,N4OVQ,True,True,both,B,EM84pm,6.0,34.5208,-82.7083,N,34.5208,43.7,43.7,4,762
N4OZI,N4OZI,True,True,both,A,EM74sc,6.0,34.1042,-84.4583,N,34.1042,43.417,43.417,18,5650
N4P,N4P,True,True,both,B,EL89vd,6.0,29.1458,-82.2083,N,29.1458,38.53,38.53,4,79
N4PAZ,N4PAZ,True,True,both,B,EL96ko,6.0,26.6042,-81.125,N,26.6042,36.021,36.021,3,1296
N4PJL,N4PJL,True,True,both,B,FM07tv,6.0,37.8958,-78.375,N,37.8958,46.477,46.477,3,1581
N4POM,N4POM,True,True,both,B,EL88ql,6.0,28.4792,-82.625,N,28.4792,37.928,37.928,44,37436
N4QB,N4QB,True,True,both,A,EM70vl,6.0,30.4792,-84.2083,N,30.4792,39.936,39.936,92,1158223
N4QLM,N4QLM,True,True,both,B,FM08vw,6.0,38.9375,-78.2083,N,38.9375,47.46,47.46,239,2599438
N4REE,N4REE,True,True,both,A,EL98,4.0,28.5,-81.0,N,28.5,37.807,37.807,12,5109
N4RIR,N4RIR,True,True,both,B,EM66rf,6.0,36.2292,-86.5417,N,36.2292,45.541,45.541,17,2895
N4RVE,N4RVE,True,True,both,A,CN88kn,6.0,48.5625,-123.125,N,48.5625,53.279,53.279,96,3460430
N4SZ,N4SZ,True,True,both,A,EM85,4.0,35.5,-83.0,N,35.5,44.66,44.66,350,2473156
N4SZF,N4SZF,True,True,both,B,EM95ms,6.0,35.7708,-80.9583,N,35.7708,44.74,44.74,6,1048
N4TDT,N4TDT,True,True,both,B,EL99cx,6.0,29.9792,-81.7917,N,29.9792,39.288,39.288,3,595
N4TID,N4TID,True,True,both,B,FM18,4.0,38.5,-77.0,N,38.5,46.865,46.865,8,2536
N4TKW,N4TKW,True,True,both,B,EM96sk,6.0,36.4375,-80.4583,N,36.4375,45.327,45.327,22,33554
N4TRB,N4TRB,True,True,both,A,EM73,4.0,33.5,-85.0,N,33.5,42.865,42.865,162,2146820
N4TVB,N4TVB,True,True,both,B,QD33,4.0,-56.5,147.0,S,56.5,-68.154,68.154,5,17
N4TVC,N4TVC,True,True,both,B,FM18is,6.0,38.7708,-77.2917,N,38.7708,47.171,47.171,378,254645
N4TVV,N4TVV,True,True,both,B,EM64,4.0,34.5,-87.0,N,34.5,43.891,43.891,9,1310
N4TWD,N4TWD,True,True,both,B,EM96vg,6.0,36.2708,-80.2083,N,36.2708,45.139,45.139,8,545
N4VGW,N4VGW,True,True,both,A,FM07kg,6.0,37.2708,-79.125,N,37.2708,45.972,45.972,10,1808
N4VLY,N4VLY,True,True,both,B,EM73px,6.0,33.9792,-84.7083,N,33.9792,43.31,43.31,3,445
N4VSD,N4VSD,True,True,both,B,EM45xd,6.0,35.1458,-90.0417,N,35.1458,44.519,44.519,4,1890
N4VYS,N4VYS,True,True,both,A,EM60kj,6.0,30.3958,-87.125,N,30.3958,39.95,39.95,48,118475
N4WCL,N4WCL,True,True,both,B,FM04cd,6.0,34.1458,-79.7917,N,34.1458,43.054,43.054,4,8891
N4WIO,N4WIO,True,True,both,B,EM64vn,6.0,34.5625,-86.2083,N,34.5625,43.93,43.93,72,187826
N4WIS,N4WIS,True,True,both,A,FM16uu,6.0,36.8542,-76.2917,N,36.8542,45.161,45.161,359,2585848
N4WLO,N4WLO,True,True,both,B,EM50vj,6.0,30.3958,-88.2083,N,30.3958,39.955,39.955,395,3103294
N4WLO/1,N4WLO,True,True,both,B,EM50uo,6.0,30.6042,-88.2917,N,30.6042,40.155,40.155,313,1563258
N4WPP,N4WPP,True,True,both,B,EM85rx,6.0,35.9792,-82.5417,N,35.9792,45.084,45.084,8,24174
N4WRE,N4WRE,True,True,both,B,EM96nf,6.0,36.2292,-80.875,N,36.2292,45.171,45.171,3,4243
N4XDO,N4XDO,True,True,both,A,EM60,4.0,30.5,-87.0,N,30.5,40.048,40.048,14,44149
N4XHQ,N4XHQ,True,True,both,B,EM63ni,6.0,33.3542,-86.875,N,33.3542,42.787,42.787,6,72
N4YSA,N4YSA,True,True,both,B,FM08qk,6.0,38.4375,-78.625,N,38.4375,47.032,47.032,3,1767
N4ZDL,N4ZDL,True,True,both,A,FM16st,6.0,36.8125,-76.4583,N,36.8125,45.147,45.147,308,28478
N4ZUA,N4ZUA,True,True,both,B,EM95,4.0,35.5,-81.0,N,35.5,44.484,44.484,4,8593
N4ZUK,N4ZUK,True,True,both,B,EM73id,6.0,33.1458,-85.2917,N,33.1458,42.538,42.538,5,12502
N4ZWQ,N4ZWQ,True,True,both,B,FM16wf,6.0,36.2292,-76.125,N,36.2292,44.529,44.529,4,1285
N5/PY2LGR,PY2LGR,True,True,both,B,EM10eg,6.0,30.2708,-97.625,N,30.2708,39.299,39.299,3,546
N58THJ,N58THJ,True,False,wsprnet_only,B,JN04vs,6.0,44.7708,1.7917,N,44.7708,38.557,38.557,4,112
N5AC,N5AC,True,True,both,B,EM13cq,6.0,33.6875,-97.7917,N,33.6875,42.643,42.643,3,27077
N5ANY,N5ANY,True,True,both,B,EM25ax,6.0,35.9792,-95.9583,N,35.9792,45.044,45.044,3,20104
N5AQM,N5AQM,True,True,both,A,DM43ah,6.0,33.3125,-111.9583,N,33.3125,40.272,40.272,247,681930
N5CEC,N5CEC,True,True,both,A,EM69,4.0,39.5,-87.0,N,39.5,48.696,48.696,341,48774
N5CEY,N5CEY,True,True,both,A,EL16gc,6.0,26.1042,-97.4583,N,26.1042,35.195,35.195,38,240433
N5CLF,N5CLF,True,True,both,B,EM23,4.0,33.5,-95.0,N,33.5,42.698,42.698,3,1363
N5CSC,N5CSC,True,True,both,B,EL09uj,6.0,29.3958,-98.2917,N,29.3958,38.364,38.364,309,5543830
N5CXX,N5CXX,True,True,both,A,EM12,4.0,32.5,-97.0,N,32.5,41.553,41.553,263,2214230
N5DMR,N5DMR,True,True,both,B,EM12tw,6.0,32.9375,-96.375,N,32.9375,42.038,42.038,4,564
N5EGG,N5EGG,True,True,both,B,EN61cu,6.0,41.8542,-87.7917,N,41.8542,50.977,50.977,5,1276
N5EIL,N5EIL,True,True,both,B,DN76vx,6.0,46.9792,-104.2083,N,46.9792,54.911,54.911,5,5778
N5FPJ,N5FPJ,True,True,both,A,EM10bm,6.0,30.5208,-97.875,N,30.5208,39.52,39.52,25,20068
N5FTW,N5FTW,True,True,both,A,EM12,4.0,32.5,-97.0,N,32.5,41.553,41.553,32,362394
N5GG,N5GG,True,True,both,B,EM13la,6.0,33.0208,-97.0417,N,33.0208,42.06,42.06,22,111985
N5GZY,N5GZY,True,True,both,A,EM13,4.0,33.5,-97.0,N,33.5,42.534,42.534,10,36839
N5HC,N5HC,True,True,both,B,EL98ei,6.0,28.3542,-81.625,N,28.3542,37.727,37.727,9,34521
N5HIM,N5HIM,True,True,both,B,EM10,4.0,30.5,-97.0,N,30.5,39.588,39.588,4,2039
N5IST,N5IST,True,True,both,B,EM13pf,6.0,33.2292,-96.7083,N,33.2292,42.295,42.295,87,32347
N5ITU,N5ITU,True,True,both,B,EM13qd,6.0,33.1458,-96.625,N,33.1458,42.221,42.221,8,49970
N5IY,N5IY,True,True,both,B,EM79xr,6.0,39.7292,-84.0417,N,39.7292,48.79,48.79,4,1998
N5JBV,N5JBV,True,True,both,B,EL29jo,6.0,29.6042,-95.2083,N,29.6042,38.87,38.87,4,11361
N5JFP,N5JFP,True,True,both,A,EL09vj,6.0,29.3958,-98.2083,N,29.3958,38.373,38.373,17,2204
N5JPB,N5JPB,True,True,both,A,EL29eo,6.0,29.6042,-95.625,N,29.6042,38.834,38.834,18,17807
N5JST,N5JST,True,True,both,B,EM15fp,6.0,35.6458,-97.5417,N,35.6458,44.585,44.585,4,4233
N5JUJ,N5JUJ,True,True,both,A,EM32re,6.0,32.1875,-92.5417,N,32.1875,41.571,41.571,356,4403611
N5KBX,N5KBX,True,True,both,B,EL09nq,6.0,29.6875,-98.875,N,29.6875,38.587,38.587,6,1669
N5KWD,N5KWD,True,True,both,B,EM20jb,6.0,30.0625,-95.2083,N,30.0625,39.319,39.319,3,13603
N5KZW,N5KZW,True,True,both,A,EM10,4.0,30.5,-97.0,N,30.5,39.588,39.588,46,17368
N5LL,N5LL,True,True,both,B,EL09sm,6.0,29.5208,-98.4583,N,29.5208,38.469,38.469,6,1512
N5LOL,N5LOL,True,True,both,A,EM26bc,6.0,36.1042,-95.875,N,36.1042,45.173,45.173,13,4098
N5MJ,N5MJ,True,True,both,A,DM72vj,6.0,32.3958,-104.2083,N,32.3958,40.585,40.585,19,50826
N5MN,N5MN,True,True,both,A,EM10dr,6.0,30.7292,-97.7083,N,30.7292,39.743,39.743,134,358311
N5NBD,N5NBD,True,True,both,B,EM10ur,6.0,30.7292,-96.2917,N,30.7292,39.88,39.88,97,1011666
N5NPD,N5NPD,True,True,both,B,CM97lh,6.0,37.3125,-121.0417,N,37.3125,42.601,42.601,5,479
N5NTS,N5NTS,True,True,both,A,EM21ej,6.0,31.3958,-95.625,N,31.3958,40.592,40.592,98,6341
N5OUR,N5OUR,True,True,both,B,EM12,4.0,32.5,-97.0,N,32.5,41.553,41.553,3,972
N5RGN,N5RGN,True,True,both,B,EM16le,6.0,36.1875,-97.0417,N,36.1875,45.159,45.159,3,31398
N5RJR,N5RJR,True,True,both,B,FN31vr,6.0,41.7292,-72.2083,N,41.7292,49.195,49.195,11,22547
N5SGK,N5SGK,True,True,both,B,EL09rl,6.0,29.4792,-98.5417,N,29.4792,38.419,38.419,4,459
N5SJS,N5SJS,True,True,both,A,EM01sk,6.0,31.4375,-98.4583,N,31.4375,40.362,40.362,107,253508
N5TDX,N5TDX,True,True,both,B,EM12,4.0,32.5,-97.0,N,32.5,41.553,41.553,9,45224
N5TIU,N5TIU,True,True,both,B,EM13oc,6.0,33.1042,-96.7917,N,33.1042,42.165,42.165,7,3087
N5TTI,N5TTI,True,True,both,B,EM34qn,6.0,34.5625,-92.625,N,34.5625,43.873,43.873,3,6314
N5TTT,N5TTT,True,True,both,A,EM10bl,6.0,30.4792,-97.875,N,30.4792,39.479,39.479,67,29277
N5VAC,N5VAC,True,True,both,B,DM81wx,6.0,31.9792,-102.125,N,31.9792,40.457,40.457,17,6203
N5VAN,N5VAN,True,True,both,B,DN91od,6.0,41.1458,-100.7917,N,41.1458,49.631,49.631,30,69504
N5VGK,N5VGK,True,True,both,B,EM54,4.0,34.5,-89.0,N,34.5,43.907,43.907,6,4733
N5VRT,N5VRT,True,True,both,A,EL09nx,6.0,29.9792,-98.875,N,29.9792,38.876,38.876,117,554115
N5VU,N5VU,True,True,both,B,EM12cl,6.0,32.4792,-97.7917,N,32.4792,41.456,41.456,5,3316
N5WBW,N5WBW,True,True,both,B,EM02dl,6.0,32.4792,-99.7083,N,32.4792,41.25,41.25,9,1567
N5WNE,N5WNE,True,True,both,A,DM59qb,6.0,39.0625,-108.625,N,39.0625,46.522,46.522,391,4092668
N5WTH,N5WTH,True,True,both,A,EM12,4.0,32.5,-97.0,N,32.5,41.553,41.553,31,283493
N5XMT,N5XMT,True,True,both,B,CN88vm,6.0,48.5208,-122.2083,N,48.5208,53.417,53.417,128,24151
N5XXN,N5XXN,True,True,both,A,DM81ru,6.0,31.8542,-102.5417,N,31.8542,40.278,40.278,367,6079615
N5XXN/N,N5XXN,True,True,both,B,DM81ru,6.0,31.8542,-102.5417,N,31.8542,40.278,40.278,5,271
N5XXN/Z,N5XXN,True,True,both,B,DM81ru,6.0,31.8542,-102.5417,N,31.8542,40.278,40.278,6,115536
N5YDX,N5YDX,True,True,both,B,EM12sw,6.0,32.9375,-96.4583,N,32.9375,42.031,42.031,8,10642
N5YIZ,N5YIZ,True,True,both,A,EL08,4.0,28.5,-99.0,N,28.5,37.396,37.396,152,3783668
N5YJZ,N5YJZ,True,True,both,B,CM97af,6.0,37.2292,-121.9583,N,37.2292,42.346,42.346,7,21687
N5ZRL,N5ZRL,True,True,both,B,EM10,4.0,30.5,-97.0,N,30.5,39.588,39.588,8,162425
N62MGY,N62MGY,True,False,wsprnet_only,A,FK98,4.0,18.5,-61.0,N,18.5,22.001,22.001,59,109
N6DN,N6DN,True,True,both,A,CN94,4.0,44.5,-121.0,N,44.5,49.688,49.688,171,979052
N6DNU,N6DNU,True,True,both,A,CN80,4.0,40.5,-123.0,N,40.5,45.363,45.363,387,958870
N6DVM,N6DVM,True,True,both,B,CM98fq,6.0,38.6875,-121.5417,N,38.6875,43.86,43.86,20,8371
N6EK,N6EK,True,True,both,B,DM13cx,6.0,33.9792,-117.7917,N,33.9792,39.908,39.908,12,14429
N6GN,N6GN,True,True,both,B,DN70ll,6.0,40.4792,-105.0417,N,40.4792,48.449,48.449,29,30695
N6GO,N6GO,True,False,wsprnet_only,B,BP51bf,6.0,61.2292,-149.875,N,61.2292,60.838,60.838,5,73
N6GSO,N6GSO,True,True,both,B,EN52,4.0,42.5,-89.0,N,42.5,51.61,51.61,5,1076
N6GWH,N6GWH,True,True,both,B,CM96,4.0,36.5,-121.0,N,36.5,41.808,41.808,3,309
N6IIW,N6IIW,True,True,both,B,CM87,4.0,37.5,-123.0,N,37.5,42.415,42.415,6,135
N6IMY,N6IMY,True,True,both,A,CM87un,6.0,37.5625,-122.2917,N,37.5625,42.611,42.611,19,4894
N6IV,N6IV,True,True,both,B,CM98pg,6.0,38.2708,-120.7083,N,38.2708,43.608,43.608,3,1958
N6IVY,N6IVY,True,True,both,A,DM65rb,6.0,35.0625,-106.5417,N,35.0625,42.888,42.888,19,1547
N6JSM,N6JSM,True,True,both,A,DM03,4.0,33.5,-119.0,N,33.5,39.215,39.215,97,1019706
N6KVY,N6KVY,True,True,both,B,DM12kt,6.0,32.8125,-117.125,N,32.8125,38.871,38.871,3,808
N6KYL,N6KYL,True,True,both,A,CM95qo,6.0,35.6042,-120.625,N,35.6042,40.995,40.995,21,3030
N6LF,N6LF,True,True,both,A,CN83lt,6.0,43.8125,-123.0417,N,43.8125,48.614,48.614,94,203462
N6LKI,N6LKI,True,True,both,B,DM04,4.0,34.5,-119.0,N,34.5,40.204,40.204,3,1901
N6LXX,N6LXX,True,True,both,B,DM25,4.0,35.5,-115.0,N,35.5,41.917,41.917,30,11094
N6MEL,N6MEL,True,True,both,B,CM88,4.0,38.5,-123.0,N,38.5,43.397,43.397,4,2627
N6MUD,N6MUD,True,True,both,B,DM12ku,6.0,32.8542,-117.125,N,32.8542,38.912,38.912,377,5800932
N6NC,N6NC,True,True,both,B,DM12ui,6.0,32.3542,-116.2917,N,32.3542,38.564,38.564,12,3922
N6NU,N6NU,True,True,both,B,CM87vl,6.0,37.4792,-122.2083,N,37.4792,42.545,42.545,7,5514
N6OR,N6OR,True,True,both,A,DM12lp,6.0,32.6458,-117.0417,N,32.6458,38.72,38.72,49,110420
N6PAW,N6PAW,True,True,both,B,CM88nj,6.0,38.3958,-122.875,N,38.3958,43.319,43.319,5,7622
N6PF,N6PF,True,True,both,B,CM87vu,6.0,37.8542,-122.2083,N,37.8542,42.913,42.913,3,614
N6POM,N6POM,True,True,both,A,CM97,4.0,37.5,-121.0,N,37.5,42.793,42.793,30,32460
N6QB,N6QB,True,True,both,B,CM98ib,6.0,38.0625,-121.2917,N,38.0625,43.292,43.292,4,9390
N6RCD,N6RCD,True,True,both,B,CN82pe,6.0,42.1875,-122.7083,N,42.1875,47.08,47.08,154,235032
N6RFM,N6RFM,True,True,both,B,EM12jw,6.0,32.9375,-97.2083,N,32.9375,41.963,41.963,9,10012
N6RFM/5,N6RFM,True,True,both,B,EM12jw,6.0,32.9375,-97.2083,N,32.9375,41.963,41.963,3,1557
N6RJH,N6RJH,True,True,both,A,DN13tp,6.0,43.6458,-116.375,N,43.6458,49.716,49.716,75,12123
N6RQW,N6RQW,True,True,both,A,DM14ga,6.0,34.0208,-117.4583,N,34.0208,40.01,40.01,71,403579
N6RSU,N6RSU,True,True,both,A,DM12kp,6.0,32.6458,-117.125,N,32.6458,38.705,38.705,37,8855
N6RY,N6RY,True,True,both,A,DM33sp,6.0,33.6458,-112.4583,N,33.6458,40.519,40.519,395,4114719
N6SJV,N6SJV,True,True,both,A,CM98id,6.0,38.1458,-121.2917,N,38.1458,43.374,43.374,272,1380177
N6SS,N6SS,True,True,both,B,DM34vn,6.0,34.5625,-112.2083,N,34.5625,41.473,41.473,236,433637
N6SVA,N6SVA,True,True,both,A,CM97lq,6.0,37.6875,-121.0417,N,37.6875,42.97,42.97,10,2100
N6TBD,N6TBD,True,True,both,B,CM98ca,6.0,38.0208,-121.7917,N,38.0208,43.156,43.156,8,8558
N6TRC,N6TRC,True,True,both,B,DM13ko,6.0,33.6042,-117.125,N,33.6042,39.657,39.657,3,2484
N6UA,N6UA,True,True,both,A,DN71,4.0,41.5,-105.0,N,41.5,49.456,49.456,394,4121916
N6UOW,N6UOW,True,True,both,A,CN85,4.0,45.5,-123.0,N,45.5,50.284,50.284,375,502050
N6WAI,N6WAI,True,True,both,B,CM87,4.0,37.5,-123.0,N,37.5,42.415,42.415,7,3044
N6WDC,N6WDC,True,True,both,B,CM97,4.0,37.5,-121.0,N,37.5,42.793,42.793,137,50940
N6WJM,N6WJM,True,True,both,B,FM06kd,6.0,36.1458,-79.125,N,36.1458,44.89,44.89,5,30534
N6WKZ,N6WKZ,True,True,both,B,CM87sr,6.0,37.7292,-122.4583,N,37.7292,42.743,42.743,395,1065147
N6YPE,N6YPE,True,True,both,A,DM33xb,6.0,33.0625,-112.0417,N,33.0625,40.009,40.009,15,15405
N6YQ,N6YQ,True,True,both,B,DM14hm,6.0,34.5208,-117.375,N,34.5208,40.52,40.52,8,2883
N6YU,N6YU,True,True,both,B,CM87,4.0,37.5,-123.0,N,37.5,42.415,42.415,9,10126
N6YWU,N6YWU,True,True,both,B,CM87,4.0,37.5,-123.0,N,37.5,42.415,42.415,293,14191
N6ZEN,N6ZEN,True,True,both,A,CM87sm,6.0,37.5208,-122.4583,N,37.5208,42.538,42.538,19,24173
N6ZZO,N6ZZO,True,True,both,B,CN70,4.0,40.5,-125.0,N,40.5,44.975,44.975,3,2466
N7AGF,N7AGF,True,True,both,B,CN88sj,6.0,48.3958,-122.4583,N,48.3958,53.245,53.245,5,4187
N7BBS,N7BBS,True,True,both,A,DM43bj,6.0,33.3958,-111.875,N,33.3958,40.37,40.37,11,167
N7BDD,N7BDD,True,True,both,B,CN85ol,6.0,45.4792,-122.7917,N,45.4792,50.305,50.305,3,496
N7BDZ,N7BDZ,True,True,both,B,DM42,4.0,32.5,-111.0,N,32.5,39.625,39.625,4,4786
N7BEB,N7BEB,True,True,both,B,DN40,4.0,40.5,-111.0,N,40.5,47.555,47.555,6,288
N7BEF,N7BEF,True,True,both,B,CN86on,6.0,46.5625,-122.7917,N,46.5625,51.372,51.372,3,63
N7BEG,N7BEG,True,True,both,B,DM33es,6.0,33.7708,-113.625,N,33.7708,40.442,40.442,6,1609
N7BUI,N7BUI,True,True,both,B,CN84ih,6.0,44.3125,-123.2917,N,44.3125,49.057,49.057,48,65355
N7DIB,N7DIB,True,True,both,B,DM33xp,6.0,33.6458,-112.0417,N,33.6458,40.59,40.59,3,568
N7DLI,N7DLI,True,True,both,B,CN85rp,6.0,45.6458,-122.5417,N,45.6458,50.518,50.518,4,309
N7ECV,N7ECV,True,True,both,B,CN82,4.0,42.5,-123.0,N,42.5,47.33,47.33,4,68
N7END,N7END,True,True,both,A,DM33,4.0,33.5,-113.0,N,33.5,40.281,40.281,26,664369
N7FDX,N7FDX,True,True,both,B,DM09er,6.0,39.7292,-119.625,N,39.7292,45.249,45.249,5,6438
N7GCR,N7GCR,True,True,both,A,DN61,4.0,41.5,-107.0,N,41.5,49.171,49.171,10,25137
N7GET,N7GET,True,True,both,B,DM26if,6.0,36.2292,-115.2917,N,36.2292,42.587,42.587,4,982
N7GKE,N7GKE,True,True,both,B,DN17kq,6.0,47.6875,-117.125,N,47.6875,53.558,53.558,3,1041
N7GRC,N7GRC,True,True,both,A,DM34pf,6.0,34.2292,-112.7083,N,34.2292,41.056,41.056,15,56253
N7GVB,N7GVB,True,True,both,A,DN55,4.0,45.5,-109.0,N,45.5,52.792,52.792,23,97469
N7ILK,N7ILK,True,True,both,A,CN85,4.0,45.5,-123.0,N,45.5,50.284,50.284,242,545589
N7IPB,N7IPB,True,True,both,B,CN87th,6.0,47.3125,-122.375,N,47.3125,52.193,52.193,5,425
N7JCE,N7JCE,True,True,both,B,DM25nx,6.0,35.9792,-114.875,N,35.9792,42.414,42.414,3,799
N7JCT,N7JCT,True,True,both,A,DN17fp,6.0,47.6458,-117.5417,N,47.6458,53.44,53.44,10,22146
N7JIM,N7JIM,True,True,both,B,EL87ub,6.0,27.0625,-82.2917,N,27.0625,36.556,36.556,3,69
N7JRR,N7JRR,True,True,both,B,EN91fm,6.0,41.5208,-81.5417,N,41.5208,50.326,50.326,4,389
N7JVN,N7JVN,True,True,both,B,DM33wn,6.0,33.5625,-112.125,N,33.5625,40.493,40.493,16,69332
N7JYS,N7JYS,True,True,both,B,EM08nv,6.0,38.8958,-98.875,N,38.8958,47.634,47.634,29,39856
N7KAN,N7KAN,True,True,both,B,DM78,4.0,38.5,-105.0,N,38.5,46.509,46.509,4,939
N7KJW,N7KJW,True,True,both,B,DM34sl,6.0,34.4792,-112.4583,N,34.4792,41.347,41.347,9,657
N7LGK,N7LGK,True,True,both,B,CN85ni,6.0,45.3542,-122.875,N,45.3542,50.165,50.165,3,18069
N7MKA,N7MKA,True,True,both,A,CN88,4.0,48.5,-123.0,N,48.5,53.242,53.242,19,4038
N7MM,N7MM,True,True,both,A,EM00jb,6.0,30.0625,-99.2083,N,30.0625,38.92,38.92,32,90382
N7NEI,N7NEI,True,True,both,A,CN97du,6.0,47.8542,-121.7083,N,47.8542,52.857,52.857,11,12151
N7OQ,N7OQ,True,True,both,B,CM99jf,6.0,39.2292,-121.2083,N,39.2292,44.457,44.457,7,13252
N7OR,N7OR,True,True,both,A,CN85uj,6.0,45.3958,-122.2917,N,45.3958,50.32,50.32,16,34323
N7PDX,N7PDX,True,False,wsprnet_only,B,CN85sk,6.0,45.4375,-122.4583,N,45.4375,50.329,50.329,5,33
N7PDX/Y,N7PDX,True,True,both,A,CN85sk,6.0,45.4375,-122.4583,N,45.4375,50.329,50.329,13,41797
N7PDX/Z,N7PDX,True,True,both,A,CN85sk,6.0,45.4375,-122.4583,N,45.4375,50.329,50.329,342,1808222
N7QME,N7QME,True,True,both,B,CN94,4.0,44.5,-121.0,N,44.5,49.688,49.688,7,35210
N7RBL,N7RBL,True,True,both,B,DN31xe,6.0,41.1875,-112.0417,N,41.1875,48.058,48.058,9,95766
N7RDE,N7RDE,True,True,both,A,CN87ut,6.0,47.8125,-122.2917,N,47.8125,52.702,52.702,32,141331
N7ROJ,N7ROJ,True,True,both,A,DM09cl,6.0,39.4792,-119.7917,N,39.4792,44.972,44.972,49,109685
N7RPR,N7RPR,True,True,both,A,DN30xm,6.0,40.5208,-112.0417,N,40.5208,47.4,47.4,22,75331
N7RTS,N7RTS,True,True,both,A,EM85,4.0,35.5,-83.0,N,35.5,44.66,44.66,141,1207151
N7RYN,N7RYN,True,True,both,B,FM06ib,6.0,36.0625,-79.2917,N,36.0625,44.831,44.831,3,1453
N7SJI,N7SJI,True,True,both,B,CN88kl,6.0,48.4792,-123.125,N,48.4792,53.197,53.197,3,104
N7SLN,N7SLN,True,True,both,B,CN84in,6.0,44.5625,-123.2917,N,44.5625,49.304,49.304,17,31960
N7TDB,N7TDB,True,True,both,B,DM33vo,6.0,33.6042,-112.2083,N,33.6042,40.52,40.52,3,1551
N7TQK,N7TQK,True,True,both,A,CN85nl,6.0,45.4792,-122.875,N,45.4792,50.288,50.288,136,20971
N7UL,N7UL,True,True,both,B,CN85rl,6.0,45.4792,-122.5417,N,45.4792,50.353,50.353,3,2222
N7VGO,N7VGO,True,True,both,B,CN87th,6.0,47.3125,-122.375,N,47.3125,52.193,52.193,3,361
N7WSQ,N7WSQ,True,True,both,B,DN13to,6.0,43.6042,-116.375,N,43.6042,49.675,49.675,3,473
N7WZD,N7WZD,True,True,both,B,CN88pe,6.0,48.1875,-122.7083,N,48.1875,52.991,52.991,6,1097
N7YMW,N7YMW,True,False,wsprnet_only,B,PF94hk,6.0,-35.5625,138.625,S,35.5625,-46.245,46.245,5,36
N7YSQ,N7YSQ,True,True,both,B,CN85,4.0,45.5,-123.0,N,45.5,50.284,50.284,5,3630
N7YTF,N7YTF,True,True,both,B,DN41cr,6.0,41.7292,-111.7917,N,41.7292,48.634,48.634,3,115
N7ZAP,N7ZAP,True,True,both,A,DM64ot,6.0,34.8125,-106.7917,N,34.8125,42.602,42.602,62,40716
N7ZLD,N7ZLD,True,True,both,B,CN87kf,6.0,47.2292,-123.125,N,47.2292,51.964,51.964,3,253
N7ZZ,N7ZZ,True,True,both,B,EN64bo,6.0,44.6042,-87.875,N,44.6042,53.622,53.622,4,4116
N8AEP,N8AEP,True,True,both,A,EN91ki,6.0,41.3542,-81.125,N,41.3542,50.127,50.127,10,3910
N8APW,N8APW,True,True,both,A,EN81gj,6.0,41.3958,-83.4583,N,41.3958,50.356,50.356,184,144899
N8AWB,N8AWB,True,True,both,B,EM88vi,6.0,38.3542,-82.2083,N,38.3542,47.336,47.336,4,7690
N8AYY,N8AYY,True,True,both,A,EN72wd,6.0,42.1458,-84.125,N,42.1458,51.119,51.119,202,242538
N8BNE,N8BNE,True,True,both,A,EN72tj,6.0,42.3958,-84.375,N,42.3958,51.374,51.374,278,1232735
N8DFC,N8DFC,True,True,both,B,EN90cn,6.0,40.5625,-81.7917,N,40.5625,49.425,49.425,7,43
N8DGD,N8DGD,True,True,both,B,EN72dx,6.0,42.9792,-85.7083,N,42.9792,51.999,51.999,140,113767
N8EA,N8EA,True,True,both,B,EN82ht,6.0,42.8125,-83.375,N,42.8125,51.714,51.714,5,16125
N8EPK,N8EPK,True,True,both,A,EN82,4.0,42.5,-83.0,N,42.5,51.387,51.387,15,248
N8FGV,N8FGV,True,True,both,B,FM19,4.0,39.5,-77.0,N,39.5,47.835,47.835,300,47700
N8FRF,N8FRF,True,True,both,B,EN81,4.0,41.5,-83.0,N,41.5,50.424,50.424,4,591
N8FRJ,N8FRJ,True,True,both,B,EN91hq,6.0,41.6875,-81.375,N,41.6875,50.472,50.472,4,82
N8FWG,N8FWG,True,True,both,B,EN62vm,6.0,42.5208,-86.2083,N,42.5208,51.577,51.577,372,1924101
N8HKU,N8HKU,True,True,both,B,EN82ee,6.0,42.1875,-83.625,N,42.1875,51.129,51.129,9,5089
N8HOP,N8HOP,True,True,both,B,EM29sh,6.0,39.3125,-94.4583,N,39.3125,48.385,48.385,12,14169
N8JSN,N8JSN,True,True,both,B,EN72dv,6.0,42.8958,-85.7083,N,42.8958,51.919,51.919,3,511
N8KIM,N8KIM,True,True,both,B,EN82hq,6.0,42.6875,-83.375,N,42.6875,51.594,51.594,6,1265
N8KTM,N8KTM,True,True,both,B,EN70tj,6.0,40.3958,-84.375,N,40.3958,49.451,49.451,7,1652
N8LWF,N8LWF,True,True,both,A,EM89,4.0,39.5,-83.0,N,39.5,48.5,48.5,375,300593
N8MH,N8MH,True,True,both,A,FM05pk,6.0,35.4375,-78.7083,N,35.4375,44.155,44.155,395,901914
N8MIQ,N8MIQ,True,True,both,A,EM79ti,6.0,39.3542,-84.375,N,39.3542,48.449,48.449,42,68698
N8MXL,N8MXL,True,True,both,A,DM79mm,6.0,39.5208,-104.9583,N,39.5208,47.519,47.519,35,32008
N8NCR,N8NCR,True,True,both,B,FN11fc,6.0,41.1042,-77.5417,N,41.1042,49.469,49.469,4,3684
N8NJ,N8NJ,True,True,both,B,EN81go,6.0,41.6042,-83.4583,N,41.6042,50.556,50.556,62,392384
N8NMG,N8NMG,True,True,both,B,EM95,4.0,35.5,-81.0,N,35.5,44.484,44.484,3,2330
N8NWB,N8NWB,True,True,both,A,EM99gk,6.0,39.4375,-81.4583,N,39.4375,48.311,48.311,10,1204
N8OBJ,N8OBJ,True,True,both,A,EN91fh,6.0,41.3125,-81.5417,N,41.3125,50.125,50.125,13,92981
N8OCJ,N8OCJ,True,True,both,B,EM89kw,6.0,39.9375,-83.125,N,39.9375,48.93,48.93,3,1792
N8OQ,N8OQ,True,True,both,B,FM07uv,6.0,37.8958,-78.2917,N,37.8958,46.465,46.465,51,53841
N8PK,N8PK,True,True,both,B,FM19,4.0,39.5,-77.0,N,39.5,47.835,47.835,5,39556
N8PNK,N8PNK,True,True,both,B,EN74cq,6.0,44.6875,-85.7917,N,44.6875,53.645,53.645,7,2287
N8PWM,N8PWM,True,True,both,B,EN74wq,6.0,44.6875,-84.125,N,44.6875,53.566,53.566,4,22297
N8QPF,N8QPF,True,True,both,A,EN82,4.0,42.5,-83.0,N,42.5,51.387,51.387,14,1364
N8RWG,N8RWG,True,True,both,B,EN84eh,6.0,44.3125,-83.625,N,44.3125,53.175,53.175,22,15618
N8SAN,N8SAN,True,True,both,B,EN82,4.0,42.5,-83.0,N,42.5,51.387,51.387,374,6268339
N8SDR,N8SDR,True,True,both,B,EM79rj,6.0,39.3958,-84.5417,N,39.3958,48.499,48.499,11,39496
N8TIX,N8TIX,True,True,both,A,EN81mh,6.0,41.3125,-82.9583,N,41.3125,50.241,50.241,24,1071
N8TL,N8TL,True,True,both,B,EN81eb,6.0,41.0625,-83.625,N,41.0625,50.046,50.046,6,3204
N8TT,N8TT,True,False,wsprnet_only,B,IO82nc,6.0,52.1042,-2.875,N,52.1042,48.003,48.003,4,24
N8TWJ,N8TWJ,True,True,both,B,EN73io,6.0,43.6042,-85.2917,N,43.6042,52.583,52.583,5,521
N8VET,N8VET,True,True,both,B,EN80qq,6.0,40.6875,-82.625,N,40.6875,49.614,49.614,39,4400
N8VIM,N8VIM,True,True,both,A,FN42fq,6.0,42.6875,-71.5417,N,42.6875,50.016,50.016,290,3139413
N8VSI,N8VSI,True,True,both,B,EM79vi,6.0,39.3542,-84.2083,N,39.3542,48.44,48.44,4,1919
N8VY,N8VY,True,True,both,B,EN82gr,6.0,42.7292,-83.4583,N,42.7292,51.639,51.639,3,1061
N8VZ,N8VZ,True,False,wsprnet_only,A,EL29fn,6.0,29.5625,-95.5417,N,29.5625,38.8,38.8,10,31
N8WZ,N8WZ,True,True,both,B,EM99dc,6.0,39.1042,-81.7083,N,39.1042,48.014,48.014,8,18451
N8XFK,N8XFK,True,True,both,B,EN71,4.0,41.5,-85.0,N,41.5,50.545,50.545,7,51782
N8XMV,N8XMV,True,True,both,A,EL89,4.0,29.5,-83.0,N,29.5,38.927,38.927,189,268961
N8XVY,N8XVY,True,True,both,B,EN91jn,6.0,41.5625,-81.2083,N,41.5625,50.336,50.336,43,25851
N8YE,N8YE,True,True,both,A,EM99hj,6.0,39.3958,-81.375,N,39.3958,48.264,48.264,23,13948
N8ZQX,N8ZQX,True,True,both,B,EM79rh,6.0,39.3125,-84.5417,N,39.3125,48.419,48.419,102,86488
N8ZRY,N8ZRY,True,True,both,B,FN31pg,6.0,41.2708,-72.7083,N,41.2708,48.837,48.837,5,10766
N9BGW,N9BGW,True,True,both,B,EM69wq,6.0,39.6875,-86.125,N,39.6875,48.85,48.85,3,15652
N9BNN,N9BNN,True,True,both,A,EN60sd,6.0,40.1458,-86.4583,N,40.1458,49.302,49.302,96,238931
N9BTC,N9BTC,True,True,both,A,EN53,4.0,43.5,-89.0,N,43.5,52.571,52.571,10,8774
N9CDC,N9CDC,True,True,both,B,EN51wt,6.0,41.8125,-88.125,N,41.8125,50.941,50.941,8,1302
N9CIF,N9CIF,True,True,both,A,EN52ug,6.0,42.2708,-88.2917,N,42.2708,51.384,51.384,94,231591
N9DJN,N9DJN,True,True,both,B,EN53vc,6.0,43.1042,-88.2083,N,43.1042,52.185,52.185,4,473
N9DK,N9DK,True,True,both,B,CM87wj,6.0,37.3958,-122.125,N,37.3958,42.478,42.478,6,1415
N9DMT,N9DMT,True,False,wsprnet_only,A,EM93ao,6.0,33.6042,-81.9583,N,33.6042,42.761,42.761,17,174
N9EQ,N9EQ,True,False,wsprnet_only,B,EL96al,6.0,26.4792,-81.9583,N,26.4792,35.976,35.976,3,19
N9GVP,N9GVP,True,True,both,B,EM59ds,6.0,39.7708,-89.7083,N,39.7708,48.981,48.981,5,5651
N9HXR,N9HXR,True,True,both,B,EN51ur,6.0,41.7292,-88.2917,N,41.7292,50.863,50.863,3,2322
N9JL,N9JL,True,True,both,B,EN51vm,6.0,41.5208,-88.2083,N,41.5208,50.662,50.662,3,281
N9JNQ,N9JNQ,True,True,both,A,EN34,4.0,44.5,-93.0,N,44.5,53.465,53.465,16,46880
N9JO,N9JO,True,True,both,B,EN51xs,6.0,41.7708,-88.0417,N,41.7708,50.9,50.9,53,34861
N9JR,N9JR,True,True,both,B,EN63aa,6.0,43.0208,-87.9583,N,43.0208,52.101,52.101,6,1235
N9KBV,N9KBV,True,True,both,B,EM30ad,6.0,30.1458,-93.9583,N,30.1458,39.496,39.496,36,37853
N9KJN,N9KJN,True,True,both,A,EN52pj,6.0,42.3958,-88.7083,N,42.3958,51.508,51.508,14,2864
N9KOJ,N9KOJ,True,True,both,A,EN62ad,6.0,42.1458,-87.9583,N,42.1458,51.26,51.26,50,6570
N9KON,N9KON,True,True,both,A,EN62cb,6.0,42.0625,-87.7917,N,42.0625,51.177,51.177,55,1828
N9LQO,N9LQO,True,False,wsprnet_only,B,EN60,4.0,40.5,-87.0,N,40.5,49.658,49.658,3,20
N9LSF,N9LSF,True,True,both,A,EN52xc,6.0,42.1042,-88.0417,N,42.1042,51.221,51.221,12,24599
N9LYE,N9LYE,True,True,both,B,EN61cj,6.0,41.3958,-87.7917,N,41.3958,50.536,50.536,8,2984
N9MPM,N9MPM,True,True,both,B,EM48ro,6.0,38.6042,-90.5417,N,38.6042,47.847,47.847,32,31747
N9MQW,N9MQW,True,True,both,B,EM58,4.0,38.5,-89.0,N,38.5,47.76,47.76,4,2981
N9MUF,N9MUF,True,True,both,A,EN51wn,6.0,41.5625,-88.125,N,41.5625,50.701,50.701,15,25686
N9NIC,N9NIC,True,True,both,A,EN55fx,6.0,45.9792,-89.5417,N,45.9792,54.955,54.955,263,3544856
N9NTE,N9NTE,True,True,both,B,EN41,4.0,41.5,-91.0,N,41.5,50.631,50.631,5,158
N9OG,N9OG,True,True,both,A,EM28,4.0,38.5,-95.0,N,38.5,47.564,47.564,182,429729
N9OHW,N9OHW,True,True,both,B,CM87,4.0,37.5,-123.0,N,37.5,42.415,42.415,4,8674
N9OQ,N9OQ,True,True,both,B,EN54fl,6.0,44.4792,-89.5417,N,44.4792,53.513,53.513,10,14812
N9PVW,N9PVW,True,True,both,B,EM32qe,6.0,32.1875,-92.625,N,32.1875,41.567,41.567,5,2487
N9QIW,N9QIW,True,True,both,B,EN61,4.0,41.5,-87.0,N,41.5,50.619,50.619,3,2742
N9QY,N9QY,True,True,both,B,EM49,4.0,39.5,-91.0,N,39.5,48.703,48.703,7,2849
N9RU,N9RU,True,True,both,A,EM57ns,6.0,37.7708,-88.875,N,37.7708,47.057,47.057,150,13855
N9SD,N9SD,True,True,both,B,EN52ux,6.0,42.9792,-88.2917,N,42.9792,52.065,52.065,9,19540
N9SSA,N9SSA,True,True,both,A,EN62,4.0,42.5,-87.0,N,42.5,51.581,51.581,45,22893
N9STF,N9STF,True,True,both,B,EN52dx,6.0,42.9792,-89.7083,N,42.9792,52.07,52.07,5,4723
N9STF/5,N9STF,True,True,both,B,EM10cf,6.0,30.2292,-97.7917,N,30.2292,39.241,39.241,4,42468
N9TAZ,N9TAZ,True,True,both,B,EM61,4.0,31.5,-87.0,N,31.5,41.009,41.009,7,8098
N9TEA,N9TEA,True,True,both,A,EN51xr,6.0,41.7292,-88.0417,N,41.7292,50.86,50.86,11,2811
N9UUR,N9UUR,True,True,both,B,EN63ae,6.0,43.1875,-87.9583,N,43.1875,52.261,52.261,3,5923
N9VP,N9VP,True,True,both,A,FM06bc,6.0,36.1042,-79.875,N,36.1042,44.941,44.941,395,21920971
N9WIB,N9WIB,True,True,both,A,EN52cx,6.0,42.9792,-89.7917,N,42.9792,52.07,52.07,10,2435
N9WKE,N9WKE,True,True,both,B,EN50vc,6.0,40.1042,-88.2083,N,40.1042,49.299,49.299,4,14044
N9WNJ,N9WNJ,True,True,both,B,EN71ed,6.0,41.1458,-85.625,N,41.1458,50.233,50.233,3,342
N9XG,N9XG,True,True,both,B,EN60vl,6.0,40.4792,-86.2083,N,40.4792,49.614,49.614,3,110
N9XJN,N9XJN,True,True,both,B,EN51,4.0,41.5,-89.0,N,41.5,50.647,50.647,13,59350
N9XY,N9XY,True,True,both,B,EM84ml,6.0,34.4792,-82.9583,N,34.4792,43.68,43.68,6,50885
N9YJY,N9YJY,True,True,both,B,EM59rc,6.0,39.1042,-88.5417,N,39.1042,48.34,48.34,3,2524
N9YNG,N9YNG,True,True,both,B,FN21ub,6.0,41.0625,-74.2917,N,41.0625,48.921,48.921,8,46837
N9ZWP,N9ZWP,True,True,both,B,EL09sm,6.0,29.5208,-98.4583,N,29.5208,38.469,38.469,4,4377
NA0B,NA0B,True,True,both,A,FN00am,6.0,40.5208,-79.9583,N,40.5208,49.204,49.204,56,190263
NA0F,NA0F,True,True,both,A,EN37,4.0,47.5,-93.0,N,47.5,56.351,56.351,309,2666347
NA0H,NA0H,True,True,both,B,EN27,4.0,47.5,-95.0,N,47.5,56.261,56.261,5,12903
NA1S,NA1S,True,True,both,B,FN31jp,6.0,41.6458,-73.2083,N,41.6458,49.301,49.301,4,34968
NA4CA,NA4CA,True,True,both,B,EM93,4.0,33.5,-81.0,N,33.5,42.57,42.57,4,1540
NA4N,NA4N,True,True,both,A,FM18aq,6.0,38.6875,-77.9583,N,38.6875,47.185,47.185,139,173765
NA5V,NA5V,True,True,both,B,EM12,4.0,32.5,-97.0,N,32.5,41.553,41.553,3,880
NA6Y,NA6Y,True,True,both,B,EL97tn,6.0,27.5625,-80.375,N,27.5625,36.852,36.852,5,3333
NA7DO,NA7DO,True,True,both,B,CN87to,6.0,47.6042,-122.375,N,47.6042,52.481,52.481,4,352
NA8W,NA8W,True,True,both,A,EN80,4.0,40.5,-83.0,N,40.5,49.462,49.462,11,25990
NB1O,NB1O,True,True,both,A,FN33jx,6.0,43.9792,-73.2083,N,43.9792,51.606,51.606,14,2369
NB4M,NB4M,True,True,both,B,EM65,4.0,35.5,-87.0,N,35.5,44.852,44.852,9,27963
NB8C,NB8C,True,True,both,B,EM89ou,6.0,39.8542,-82.7917,N,39.8542,48.825,48.825,128,83745
NB8M,NB8M,True,True,both,B,EN80uu,6.0,40.8542,-82.2917,N,40.8542,49.748,49.748,6,1788
NC1A,NC1A,True,True,both,B,FN20wa,6.0,40.0208,-74.125,N,40.0208,47.87,47.87,4,2421
NC3G,NC3G,True,True,both,B,FM05kw,6.0,35.9375,-79.125,N,35.9375,44.689,44.689,4,114
NC3S,NC3S,True,True,both,B,FM29,4.0,39.5,-75.0,N,39.5,47.515,47.515,4,2494
NC4RG,NC4RG,True,True,both,A,EM95xx,6.0,35.9792,-80.0417,N,35.9792,44.84,44.84,391,205826
NC4RL,NC4RL,True,True,both,B,FM26ar,6.0,36.7292,-75.9583,N,36.7292,44.984,44.984,5,173
NC6X,NC6X,True,True,both,B,CM97bg,6.0,37.2708,-121.875,N,37.2708,42.403,42.403,7,2554
NC6X/1,NC6X,True,True,both,A,CM87tr,6.0,37.7292,-122.375,N,37.7292,42.759,42.759,16,3357
ND2VLK,ND2VLK,True,False,wsprnet_only,B,CO92,4.0,52.5,-121.0,N,52.5,57.57,57.57,3,16
ND3N,ND3N,True,True,both,B,EM89gm,6.0,39.5208,-83.4583,N,39.5208,48.552,48.552,7,4082
ND6P,ND6P,True,True,both,B,DM04te,6.0,34.1875,-118.375,N,34.1875,40.009,40.009,113,121929
ND6V,ND6V,True,True,both,A,CM97ah,6.0,37.3125,-121.9583,N,37.3125,42.428,42.428,115,541605
NE0N,NE0N,True,True,both,A,DN70kk,6.0,40.4375,-105.125,N,40.4375,48.396,48.396,12,2369
NE1CW,NE1CW,True,True,both,B,FN31ik,6.0,41.4375,-73.2917,N,41.4375,49.111,49.111,5,11461
NE1LA,NE1LA,True,True,both,B,CM96eq,6.0,36.6875,-121.625,N,36.6875,41.876,41.876,5,619
NE3U,NE3U,True,True,both,A,EM77qx,6.0,37.9792,-84.625,N,37.9792,47.142,47.142,11,6715
NE3Z,NE3Z,True,True,both,A,FM18fg,6.0,38.2708,-77.5417,N,38.2708,46.723,46.723,330,1352787
NE4ME,NE4ME,True,True,both,B,EM75,4.0,35.5,-85.0,N,35.5,44.782,44.782,5,2464
NE4W,NE4W,True,True,both,A,EM96kd,6.0,36.1458,-81.125,N,36.1458,45.116,45.116,17,1681
NE5AH,NE5AH,True,False,wsprnet_only,B,DM42me,6.0,32.1875,-110.9583,N,32.1875,39.32,39.32,7,362
NE6DX,NE6DX,True,True,both,A,DM13,4.0,33.5,-117.0,N,33.5,39.576,39.576,143,1156695
NE7H,NE7H,True,True,both,A,CN85,4.0,45.5,-123.0,N,45.5,50.284,50.284,341,2686558
NE7RD,NE7RD,True,True,both,B,CN82oh,6.0,42.3125,-122.7917,N,42.3125,47.186,47.186,4,5222
NE7TE,NE7TE,True,True,both,B,DM34ob,6.0,34.0625,-112.7917,N,34.0625,40.876,40.876,6,1289
NE9V,NE9V,True,True,both,B,EM68,4.0,38.5,-87.0,N,38.5,47.735,47.735,9,3673
NF0G,NF0G,True,True,both,B,EN34,4.0,44.5,-93.0,N,44.5,53.465,53.465,238,574251
NF3U,NF3U,True,True,both,B,EN92,4.0,42.5,-81.0,N,42.5,51.221,51.221,137,697372
NF3Y,NF3Y,True,True,both,A,FM19,4.0,39.5,-77.0,N,39.5,47.835,47.835,12,33197
NF6S,NF6S,True,True,both,A,CM97,4.0,37.5,-121.0,N,37.5,42.793,42.793,40,254424
NF6SZ,NF6SZ,True,True,both,A,CM97,4.0,37.5,-121.0,N,37.5,42.793,42.793,12,146
NF6SZR,NF6SZR,True,True,both,B,CM97,4.0,37.5,-121.0,N,37.5,42.793,42.793,3,64
NF6SZV,NF6SZV,True,True,both,A,CM97,4.0,37.5,-121.0,N,37.5,42.793,42.793,19,745
NF6SZW,NF6SZW,True,True,both,A,CM97,4.0,37.5,-121.0,N,37.5,42.793,42.793,15,292
NF6SZX,NF6SZX,True,True,both,A,CM97,4.0,37.5,-121.0,N,37.5,42.793,42.793,17,512
NF6SZY,NF6SZY,True,True,both,A,CM97,4.0,37.5,-121.0,N,37.5,42.793,42.793,13,245
NF6SZZ,NF6SZZ,True,True,both,A,CM97,4.0,37.5,-121.0,N,37.5,42.793,42.793,10,113
NG1Y,NG1Y,True,True,both,B,FN43cq,6.0,43.6875,-71.7917,N,43.6875,51.059,51.059,83,99075
NH0DB,NH0DB,True,True,both,A,OK17,4.0,17.5,103.0,N,17.5,11.5,11.5,153,111053
NH2LR,NH2LR,True,True,both,B,QK23jl,6.0,13.4792,144.7917,N,13.4792,6.011,6.011,3,17
NH2OJ,NH2OJ,True,True,both,A,QK23,4.0,13.5,145.0,N,13.5,6.032,6.032,52,22314
NH6EV,NH6EV,True,True,both,A,BL10uv,6.0,20.8958,-156.2917,N,20.8958,21.238,21.238,64,194177
NI0L,NI0L,True,True,both,A,DM79mo,6.0,39.6042,-104.9583,N,39.6042,47.601,47.601,63,310613
NI5FX,NI5FX,True,True,both,A,EM70fu,6.0,30.8542,-85.5417,N,30.8542,40.353,40.353,57,22848
NI5V,NI5V,True,True,both,A,DM65qf,6.0,35.2292,-106.625,N,35.2292,43.041,43.041,19,41427
NI6BB,NI6BB,True,True,both,B,DM03ur,6.0,33.7292,-118.2917,N,33.7292,39.57,39.57,4,3026
NJ1Q,NJ1Q,True,True,both,A,FN41hp,6.0,41.6458,-71.375,N,41.6458,48.947,48.947,10,7099
NJ1RWB,NJ1RWB,True,True,both,A,IN77,4.0,47.5,-5.0,N,47.5,42.178,42.178,227,13800
NJ3Z,NJ3Z,True,True,both,B,FN20hd,6.0,40.1458,-75.375,N,40.1458,48.208,48.208,15,91850
NJ6E,NJ6E,True,True,both,A,CM88,4.0,38.5,-123.0,N,38.5,43.397,43.397,381,2550405
NK0V,NK0V,True,True,both,A,EN14sf,6.0,44.2292,-96.4583,N,44.2292,53.017,53.017,221,2262575
NK0Z,NK0Z,True,True,both,A,EM18,4.0,38.5,-97.0,N,38.5,47.417,47.417,259,842716
NK2MC,NK2MC,True,True,both,B,FN41,4.0,41.5,-71.0,N,41.5,48.724,48.724,4,1057
NK3H,NK3H,True,False,wsprnet_only,A,DM43am,6.0,33.5208,-111.9583,N,33.5208,40.48,40.48,31,55
NK4N,NK4N,True,True,both,A,EM85it,6.0,35.8125,-83.2917,N,35.8125,44.981,44.981,38,271116
NK5G,NK5G,True,True,both,A,EM20ef,6.0,30.2292,-95.625,N,30.2292,39.448,39.448,33,459305
NK6O,NK6O,True,True,both,A,CM94,4.0,34.5,-121.0,N,34.5,39.837,39.837,387,703152
NK9G,NK9G,True,True,both,B,DM33,4.0,33.5,-113.0,N,33.5,40.281,40.281,3,157
NK9M,NK9M,True,True,both,B,EN51uq,6.0,41.6875,-88.2917,N,41.6875,50.823,50.823,7,97671
NL5E,NL5E,True,True,both,B,BP51ce,6.0,61.1875,-149.7917,N,61.1875,60.809,60.809,4,720
NL7M,NL7M,True,True,both,B,BP42xc,6.0,62.1042,-150.0417,N,62.1042,61.717,61.717,4,205
NM2M,NM2M,True,True,both,B,FN21,4.0,41.5,-75.0,N,41.5,49.47,49.47,3,11214
NM5ER,NM5ER,True,True,both,B,EM96kk,6.0,36.4375,-81.125,N,36.4375,45.396,45.396,8,44029
NM7J,NM7J,True,True,both,A,DM26,4.0,36.5,-115.0,N,36.5,42.908,42.908,179,1031933
NM8A,NM8A,True,True,both,B,EN91dd,6.0,41.1458,-81.7083,N,41.1458,49.98,49.98,7,2244
NN0F,NN0F,True,True,both,B,EN32eb,6.0,42.0625,-93.625,N,42.0625,51.088,51.088,100,109077
NN0V,NN0V,True,True,both,A,EN42ba,6.0,42.0208,-91.875,N,42.0208,51.112,51.112,181,82217
NN1T,NN1T,True,True,both,B,FN43,4.0,43.5,-71.0,N,43.5,50.719,50.719,9,3816
NN3C,NN3C,True,True,both,B,FN20jc,6.0,40.1042,-75.2083,N,40.1042,48.14,48.14,83,106856
NN3RP,NN3RP,True,True,both,B,FM18lw,6.0,38.9375,-77.0417,N,38.9375,47.295,47.295,3,2298
NN4EE,NN4EE,True,True,both,A,EM83gv,6.0,33.8958,-83.4583,N,33.8958,43.157,43.157,116,567019
NN7CW,NN7CW,True,True,both,B,EL98fw,6.0,28.9375,-81.5417,N,28.9375,38.274,38.274,3,46654
NO0ALL,NO0ALL,True,True,both,B,JN59,4.0,49.5,11.0,N,49.5,44.757,44.757,4,3935
NO1ZE,NO1ZE,True,True,both,B,EM78sb,6.0,38.0625,-84.4583,N,38.0625,47.213,47.213,78,56432
NO2EL,NO2EL,True,True,both,B,FN20,4.0,40.5,-75.0,N,40.5,48.492,48.492,5,3348
NO3M,NO3M,True,True,both,A,EN91wr,6.0,41.7292,-80.125,N,41.7292,50.389,50.389,54,105455
NO5V,NO5V,True,True,both,A,EL15gw,6.0,25.9375,-97.4583,N,25.9375,35.03,35.03,17,106299
NO5V/1,NO5V,True,True,both,A,EL15gw,6.0,25.9375,-97.4583,N,25.9375,35.03,35.03,10,7442
NO7G,NO7G,True,True,both,B,DN58,4.0,48.5,-109.0,N,48.5,55.726,55.726,4,7885
NO8XLT,NO8XLT,True,True,both,A,ER07,4.0,87.5,-99.0,N,87.5,86.721,86.721,10,13
NO9H,NO9H,True,True,both,B,EN41vh,6.0,41.3125,-90.2083,N,41.3125,50.462,50.462,7,13805
NP1XNZ,NP1XNZ,True,False,wsprnet_only,B,EN71,4.0,41.5,-85.0,N,41.5,50.545,50.545,8,47
NP3KW,NP3KW,True,True,both,B,FK78ai,6.0,18.3542,-65.9583,N,18.3542,24.448,24.448,4,9708
NR1HSL,NR1HSL,True,False,wsprnet_only,B,EM66,4.0,36.5,-87.0,N,36.5,45.813,45.813,8,20
NR4A,NR4A,True,True,both,A,EL88rl,6.0,28.4792,-82.5417,N,28.4792,37.922,37.922,14,4925
NR4J,NR4J,True,True,both,A,EM63,4.0,33.5,-87.0,N,33.5,42.93,42.93,75,129299
NR5O,NR5O,True,True,both,B,DM33vr,6.0,33.7292,-112.2083,N,33.7292,40.645,40.645,6,2922
NR7Z,NR7Z,True,True,both,A,CM97cq,6.0,37.6875,-121.7917,N,37.6875,42.828,42.828,41,48672
NS1C,NS1C,True,True,both,B,EL87sb,6.0,27.0625,-82.4583,N,27.0625,36.568,36.568,7,972
NS1O,NS1O,True,True,both,B,FN43fd,6.0,43.1458,-71.5417,N,43.1458,50.472,50.472,15,6280
NS1SPH,NS1SPH,True,True,both,B,FN75,4.0,45.5,-65.0,N,45.5,51.452,51.452,9,903
NS7BWX,NS7BWX,True,False,wsprnet_only,B,EN60,4.0,40.5,-87.0,N,40.5,49.658,49.658,6,23
NT3D,NT3D,True,True,both,B,EL97th,6.0,27.3125,-80.375,N,27.3125,36.615,36.615,3,390
NT4AL,NT4AL,True,True,both,A,EL96wg,6.0,26.2708,-80.125,N,26.2708,35.601,35.601,31,3188
NT6ISB,NT6ISB,True,False,wsprnet_only,A,FN27,4.0,47.5,-75.0,N,47.5,55.362,55.362,15,63
NT8B,NT8B,True,True,both,A,FM18,4.0,38.5,-77.0,N,38.5,46.865,46.865,13,19309
NU0I,NU0I,True,True,both,A,EN32bb,6.0,42.0625,-93.875,N,42.0625,51.076,51.076,139,565988
NU0RKY,NU0RKY,True,False,wsprnet_only,B,DQ20,4.0,70.5,-115.0,N,70.5,75.845,75.845,5,24
NU1O,NU1O,True,True,both,B,FN32rb,6.0,42.0625,-72.5417,N,42.0625,49.588,49.588,12,9751
NU3E,NU3E,True,True,both,B,FN20oc,6.0,40.1042,-74.7917,N,40.1042,48.069,48.069,4,21280
NU5M,NU5M,True,True,both,A,EL08,4.0,28.5,-99.0,N,28.5,37.396,37.396,102,959053
NU6F,NU6F,True,True,both,A,DM09bp,6.0,39.6458,-119.875,N,39.6458,45.12,45.12,189,234402
NU6O,NU6O,True,True,both,B,DM08dx,6.0,38.9792,-119.7083,N,38.9792,44.494,44.494,4,3437
NU7B,NU7B,True,False,wsprnet_only,A,IM76gc,6.0,36.1042,-5.4583,N,36.1042,25.696,25.696,11,135
NV1D,NV1D,True,True,both,B,DM33vl,6.0,33.4792,-112.2083,N,33.4792,40.396,40.396,5,27011
NV1Y,NV1Y,True,True,both,B,FN34kj,6.0,44.3958,-73.125,N,44.3958,52.003,52.003,6,287
NV4MQA,NV4MQA,True,False,wsprnet_only,B,EE76,4.0,-43.5,-85.0,S,43.5,-30.911,30.911,9,28
NV4X,NV4X,True,True,both,A,EM77sx,6.0,37.9792,-84.4583,N,37.9792,47.133,47.133,344,1924314
NV5B,NV5B,True,True,both,A,EL29fn,6.0,29.5625,-95.5417,N,29.5625,38.8,38.8,13,4858
NV7O,NV7O,True,True,both,B,DM37,4.0,37.5,-113.0,N,37.5,44.25,44.25,4,12746
NV8B,NV8B,True,True,both,A,EN63ue,6.0,43.1875,-86.2917,N,43.1875,52.221,52.221,34,141020
NW0C,NW0C,True,True,both,A,EN35ie,6.0,45.1875,-93.2917,N,45.1875,54.116,54.116,81,258221
NW0Q,NW0Q,True,True,both,A,EM58,4.0,38.5,-89.0,N,38.5,47.76,47.76,22,23170
NW2W,NW2W,True,True,both,A,FM29fw,6.0,39.9375,-75.5417,N,39.9375,48.033,48.033,13,15313
NW3NTI,NW3NTI,True,False,wsprnet_only,A,FP14,4.0,64.5,-77.0,N,64.5,72.038,72.038,11,35
NW4GAH,NW4GAH,True,False,wsprnet_only,B,FM24,4.0,34.5,-75.0,N,34.5,42.658,42.658,7,17
NW4R,NW4R,True,True,both,A,EM70hr,6.0,30.7292,-85.375,N,30.7292,40.227,40.227,349,1600425
NW5TW,NW5TW,True,False,wsprnet_only,B,FM25,4.0,35.5,-75.0,N,35.5,43.625,43.625,4,22
NW6NWB,NW6NWB,True,False,wsprnet_only,A,FM25,4.0,35.5,-75.0,N,35.5,43.625,43.625,23,70
NX0R,NX0R,True,True,both,B,EM08iv,6.0,38.8958,-99.2917,N,38.8958,47.592,47.592,3,20077
NX2G,NX2G,True,True,both,A,FN12ew,6.0,42.9375,-77.625,N,42.9375,51.263,51.263,24,112360
NX2GW,NX2GW,True,True,both,B,FN13uf,6.0,43.2292,-76.2917,N,43.2292,51.362,51.362,12,13092
NX3F,NX3F,True,True,both,B,FM18,4.0,38.5,-77.0,N,38.5,46.865,46.865,3,367
NX6NQY,NX6NQY,True,True,both,A,HP21,4.0,61.5,-35.0,N,61.5,62.744,62.744,28,75
NX8P,NX8P,True,True,both,B,FN00ef,6.0,40.2292,-79.625,N,40.2292,48.885,48.885,3,766
NY1CO,NY1CO,True,True,both,A,FN00fh,6.0,40.3125,-79.5417,N,40.3125,48.955,48.955,228,686089
NY2DS,NY2DS,True,True,both,B,FN03xf,6.0,43.2292,-78.0417,N,43.2292,51.6,51.6,8,388
NY2IA,NY2IA,True,True,both,B,EN41dx,6.0,41.9792,-91.7083,N,41.9792,51.077,51.077,22,10048
NY4FD,NY4FD,True,True,both,B,EM70bh,6.0,30.3125,-85.875,N,30.3125,39.844,39.844,63,19235
NY4Q,NY4Q,True,True,both,A,EM84bm,6.0,34.5208,-83.875,N,34.5208,43.782,43.782,17,737
NY6E,NY6E,True,True,both,B,CM95ra,6.0,35.0208,-120.5417,N,35.0208,40.435,40.435,11,13413
NY7U,NY7U,True,True,both,A,CM87uu,6.0,37.8542,-122.2917,N,37.8542,42.898,42.898,24,309
NY8DCL,NY8DCL,True,False,wsprnet_only,B,EP64,4.0,64.5,-87.0,N,64.5,72.488,72.488,8,26
NZ1MT,NZ1MT,True,True,both,B,FN32ra,6.0,42.0208,-72.5417,N,42.0208,49.547,49.547,3,45
NZ5I,NZ5I,True,True,both,A,EM20,4.0,30.5,-95.0,N,30.5,39.765,39.765,246,1524421
NZ5U,NZ5U,True,True,both,B,DM75,4.0,35.5,-105.0,N,35.5,43.549,43.549,6,5426
NZ8I,NZ8I,True,True,both,A,EN72,4.0,42.5,-85.0,N,42.5,51.507,51.507,198,2616602
O8IWY,O8IWY,True,False,wsprnet_only,B,FN27,4.0,47.5,-75.0,N,47.5,55.362,55.362,9,25
O91WKI,O91WKI,True,False,wsprnet_only,B,JN59ml,6.0,49.4792,11.0417,N,49.4792,44.733,44.733,3,15
OA/PU3VRW,PU3VRW,True,True,both,B,FH49,4.0,-10.5,-71.0,S,10.5,-1.509,1.509,3,74
OA5QPP,OA5QPP,True,False,wsprnet_only,A,DM63,4.0,33.5,-107.0,N,33.5,41.267,41.267,15,26
OA6EGG,OA6EGG,True,True,both,B,FH43,4.0,-16.5,-71.0,S,16.5,-6.107,6.107,3,29
OB3XPO,OB3XPO,True,False,wsprnet_only,A,DJ96,4.0,6.5,-101.0,N,6.5,14.925,14.925,10,34
OC3MIZ,OC3MIZ,True,False,wsprnet_only,B,JQ32,4.0,72.5,7.0,N,72.5,70.562,70.562,6,10
OC5NKA,OC5NKA,True,False,wsprnet_only,B,DJ48,4.0,8.5,-111.0,N,8.5,15.225,15.225,6,19
OD5ZF,OD5ZF,True,True,both,B,KM74vj,6.0,34.3958,35.7917,N,34.3958,29.04,29.04,3,2733
OD7DVQ,OD7DVQ,True,False,wsprnet_only,A,JN87,4.0,47.5,17.0,N,47.5,42.582,42.582,11,19
OD9UTG,OD9UTG,True,False,wsprnet_only,B,EC71,4.0,-68.5,-85.0,S,68.5,-54.64,54.64,6,28
OE/PD1SCO,PD1SCO,True,True,both,B,JN67jj,6.0,47.3958,12.7917,N,47.3958,42.268,42.268,4,98
OE/VK1UN,VK1UN,True,True,both,B,JN88ee,6.0,48.1875,16.375,N,48.1875,43.369,43.369,4,13503
OE1AWN,OE1AWN,True,True,both,A,JN88ff,6.0,48.2292,16.4583,N,48.2292,43.422,43.422,23,1047
OE1ELW/8,OE1ELW,True,True,both,A,JN66ro,6.0,46.6042,13.4583,N,46.6042,41.334,41.334,37,185094
OE1GCA,OE1GCA,True,True,both,B,JN88ee,6.0,48.1875,16.375,N,48.1875,43.369,43.369,8,10413
OE1GNU,OE1GNU,True,True,both,A,JN88ff,6.0,48.2292,16.4583,N,48.2292,43.422,43.422,21,5329
OE1JMI,OE1JMI,True,True,both,B,JN88,4.0,48.5,17.0,N,48.5,43.765,43.765,5,315
OE1KTU,OE1KTU,True,True,both,B,JN88de,6.0,48.1875,16.2917,N,48.1875,43.366,43.366,8,329
OE1MSB/3,OE1MSB,True,True,both,A,JN78we,6.0,48.1875,15.875,N,48.1875,43.348,43.348,14,7969
OE1NAC,OE1NAC,True,True,both,A,JN88ed,6.0,48.1458,16.375,N,48.1458,43.32,43.32,20,2184
OE1PEW,OE1PEW,True,True,both,A,JN88ef,6.0,48.2292,16.375,N,48.2292,43.419,43.419,13,4363
OE1RMS,OE1RMS,True,True,both,B,JN88df,6.0,48.2292,16.2917,N,48.2292,43.415,43.415,9,4877
OE1RPW,OE1RPW,True,True,both,A,JN88eh,6.0,48.3125,16.375,N,48.3125,43.517,43.517,10,10020
OE1SJS,OE1SJS,True,True,both,B,JN88ed,6.0,48.1458,16.375,N,48.1458,43.32,43.32,102,31763
OE1TMW,OE1TMW,True,True,both,B,JN88ee,6.0,48.1875,16.375,N,48.1875,43.369,43.369,6,1652
OE1TOA,OE1TOA,True,True,both,B,JN88df,6.0,48.2292,16.2917,N,48.2292,43.415,43.415,4,180
OE1UVA,OE1UVA,True,True,both,A,JN78,4.0,48.5,15.0,N,48.5,43.685,43.685,136,637843
OE1VAS,OE1VAS,True,True,both,B,JN88de,6.0,48.1875,16.2917,N,48.1875,43.366,43.366,4,637
OE2ATZ,OE2ATZ,True,True,both,B,JN67nq,6.0,47.6875,13.125,N,47.6875,42.635,42.635,7,147
OE2IJL,OE2IJL,True,True,both,B,JN67nq,6.0,47.6875,13.125,N,47.6875,42.635,42.635,4,4238
OE2JKN,OE2JKN,True,True,both,B,JN67oj,6.0,47.3958,13.2083,N,47.3958,42.285,42.285,5,2386
OE2LEX,OE2LEX,True,True,both,B,JN67,4.0,47.5,13.0,N,47.5,42.403,42.403,7,1722
OE2UKL,OE2UKL,True,True,both,A,JN68la,6.0,48.0208,12.9583,N,48.0208,43.032,43.032,335,155258
OE2WNL,OE2WNL,True,True,both,A,JN67,4.0,47.5,13.0,N,47.5,42.403,42.403,357,1102772
OE2XWL,OE2XWL,True,True,both,A,JN67,4.0,47.5,13.0,N,47.5,42.403,42.403,29,76494
OE3AOU,OE3AOU,True,True,both,B,JN87br,6.0,47.7292,16.125,N,47.7292,42.814,42.814,4,133
OE3APM,OE3APM,True,True,both,B,JN78nv,6.0,48.8958,15.125,N,48.8958,44.16,44.16,7,30014
OE3AWA,OE3AWA,True,True,both,B,JN78wg,6.0,48.2708,15.875,N,48.2708,43.447,43.447,9,902
OE3CGG,OE3CGG,True,True,both,A,JN88,4.0,48.5,17.0,N,48.5,43.765,43.765,36,278764
OE3DRA,OE3DRA,True,True,both,B,JN88,4.0,48.5,17.0,N,48.5,43.765,43.765,9,24382
OE3FVU,OE3FVU,True,True,both,B,JN78ve,6.0,48.1875,15.7917,N,48.1875,43.345,43.345,7,4601
OE3GBB,OE3GBB,True,True,both,A,JN87aq,6.0,47.6875,16.0417,N,47.6875,42.76,42.76,25,48661
OE3ICA,OE3ICA,True,True,both,B,JN88ah,6.0,48.3125,16.0417,N,48.3125,43.503,43.503,144,47644
OE3IPE,OE3IPE,True,True,both,B,JN88ch,6.0,48.3125,16.2083,N,48.3125,43.51,43.51,66,641102
OE3JMI,OE3JMI,True,True,both,B,JN78,4.0,48.5,15.0,N,48.5,43.685,43.685,5,1950
OE3KAB,OE3KAB,True,True,both,B,JN88fj,6.0,48.3958,16.4583,N,48.3958,43.619,43.619,4,10742
OE3KFB,OE3KFB,True,True,both,A,JN78wl,6.0,48.4792,15.875,N,48.4792,43.694,43.694,347,1834609
OE3MHU,OE3MHU,True,True,both,B,JN88dh,6.0,48.3125,16.2917,N,48.3125,43.514,43.514,4,975
OE3OMK,OE3OMK,True,True,both,A,JN87bq,6.0,47.6875,16.125,N,47.6875,42.764,42.764,11,53851
OE3OPW,OE3OPW,True,True,both,B,JN88kf,6.0,48.2292,16.875,N,48.2292,43.44,43.44,3,2823
OE3OZA,OE3OZA,True,True,both,B,JN77mv,6.0,47.8958,15.0417,N,47.8958,42.965,42.965,25,35339
OE3PMS,OE3PMS,True,True,both,B,JN87ct,6.0,47.8125,16.2083,N,47.8125,42.917,42.917,5,2877
OE3POC,OE3POC,True,True,both,A,JN77wq,6.0,47.6875,15.875,N,47.6875,42.753,42.753,20,4875
OE3RFA,OE3RFA,True,True,both,A,JN78ud,6.0,48.1458,15.7083,N,48.1458,43.292,43.292,13,43336
OE3RHI,OE3RHI,True,True,both,B,JN87fx,6.0,47.9792,16.4583,N,47.9792,43.126,43.126,6,8839
OE3SMA,OE3SMA,True,True,both,A,JN88hr,6.0,48.7292,16.625,N,48.7292,44.02,44.02,15,116137
OE3SZA,OE3SZA,True,True,both,B,JN78kd,6.0,48.1458,14.875,N,48.1458,43.257,43.257,4,22882
OE3URW,OE3URW,True,True,both,B,JN77rb,6.0,47.0625,15.4583,N,47.0625,41.985,41.985,7,461
OE3VET,OE3VET,True,True,both,A,JN88,4.0,48.5,17.0,N,48.5,43.765,43.765,10,250
OE3WFA,OE3WFA,True,True,both,B,JN78xe,6.0,48.1875,15.9583,N,48.1875,43.352,43.352,99,390353
OE3WTS,OE3WTS,True,True,both,B,JN87dr,6.0,47.7292,16.2917,N,47.7292,42.821,42.821,9,5933
OE3ZKW,OE3ZKW,True,True,both,B,JN88gl,6.0,48.4792,16.5417,N,48.4792,43.721,43.721,3,6289
OE4AFW,OE4AFW,True,True,both,B,JN87bc,6.0,47.1042,16.125,N,47.1042,42.068,42.068,242,67709
OE4AZB,OE4AZB,True,False,wsprnet_only,B,FN00,4.0,40.5,-79.0,N,40.5,49.073,49.073,4,10
OE4DJN,OE4DJN,True,True,both,B,JN87ai,6.0,47.3542,16.0417,N,47.3542,42.363,42.363,7,1179
OE4LTB,OE4LTB,True,True,both,B,JN87dh,6.0,47.3125,16.2917,N,47.3125,42.325,42.325,8,1414
OE4SFI,OE4SFI,True,True,both,B,JN87bj,6.0,47.3958,16.125,N,47.3958,42.416,42.416,3,1018
OE5BUC,OE5BUC,True,True,both,B,JN66ts,6.0,46.7708,13.625,N,46.7708,41.545,41.545,9,11292
OE5DOM,OE5DOM,True,True,both,B,JN78df,6.0,48.2292,14.2917,N,48.2292,43.334,43.334,4,3722
OE5EDT,OE5EDT,True,True,both,B,JN68pe,6.0,48.1875,13.2917,N,48.1875,43.246,43.246,10,8546
OE5ERN,OE5ERN,True,True,both,A,JN78dh,6.0,48.3125,14.2917,N,48.3125,43.434,43.434,10,3666
OE5GOL,OE5GOL,True,True,both,A,JN78fn,6.0,48.5625,14.4583,N,48.5625,43.739,43.739,23,2618
OE5LGJ,OE5LGJ,True,True,both,B,JN78dg,6.0,48.2708,14.2917,N,48.2708,43.384,43.384,3,304
OE5MMP,OE5MMP,True,True,both,B,JN68rc,6.0,48.1042,13.4583,N,48.1042,43.152,43.152,147,987352
OE5OJM,OE5OJM,True,True,both,A,JN78fh,6.0,48.3125,14.4583,N,48.3125,43.44,43.44,20,982
OE5SFM,OE5SFM,True,True,both,B,JN68,4.0,48.5,13.0,N,48.5,43.611,43.611,3,3508
OE5TUN,OE5TUN,True,True,both,B,JN68wj,6.0,48.3958,13.875,N,48.3958,43.518,43.518,8,111348
OE5UKL,OE5UKL,True,True,both,B,JN68,4.0,48.5,13.0,N,48.5,43.611,43.611,394,129001
OE5VCM,OE5VCM,True,True,both,A,JN67vw,6.0,47.9375,13.7917,N,47.9375,42.964,42.964,26,4390
OE5WWO,OE5WWO,True,True,both,A,JN78dh,6.0,48.3125,14.2917,N,48.3125,43.434,43.434,11,9489
OE5XPM,OE5XPM,True,True,both,A,JN68qg,6.0,48.2708,13.375,N,48.2708,43.349,43.349,11,16791
OE6ASF,OE6ASF,True,True,both,B,JN77cn,6.0,47.5625,14.2083,N,47.5625,42.53,42.53,4,14160
OE6ATD,OE6ATD,True,True,both,B,JN76ss,6.0,46.7708,15.5417,N,46.7708,41.638,41.638,5,2883
OE6BHD,OE6BHD,True,True,both,B,JN76xq,6.0,46.6875,15.9583,N,46.6875,41.56,41.56,37,67572
OE6CGD,OE6CGD,True,True,both,B,JN76rx,6.0,46.9792,15.4583,N,46.9792,41.885,41.885,3,194
OE6FHG,OE6FHG,True,True,both,A,JN77,4.0,47.5,15.0,N,47.5,42.489,42.489,48,234969
OE6HLQ,OE6HLQ,True,True,both,B,JN77,4.0,47.5,15.0,N,47.5,42.489,42.489,3,288
OE6KUD,OE6KUD,True,True,both,B,JN77xb,6.0,47.0625,15.9583,N,47.0625,42.01,42.01,61,88191
OE6LHG,OE6LHG,True,True,both,B,JN77,4.0,47.5,15.0,N,47.5,42.489,42.489,386,3872787
OE6MBG,OE6MBG,True,True,both,B,JN73,4.0,43.5,15.0,N,43.5,37.606,37.606,7,3185
OE6PIE,OE6PIE,True,True,both,B,JN77rb,6.0,47.0625,15.4583,N,47.0625,41.985,41.985,11,2831
OE6PJD,OE6PJD,True,True,both,B,JN77uc,6.0,47.1042,15.7083,N,47.1042,42.047,42.047,8,3703
OE6PWD,OE6PWD,True,False,wsprnet_only,B,JN77rb,6.0,47.0625,15.4583,N,47.0625,41.985,41.985,180,71511
OE6RHT,OE6RHT,True,True,both,A,JN77sb,6.0,47.0625,15.5417,N,47.0625,41.989,41.989,19,99088
OE6TLF,OE6TLF,True,True,both,B,JN77xf,6.0,47.2292,15.9583,N,47.2292,42.209,42.209,13,42837
OE6TWD,OE6TWD,True,True,both,A,JN77qb,6.0,47.0625,15.375,N,47.0625,41.981,41.981,12,14785
OE6XHB,OE6XHB,True,True,both,B,JN77,4.0,47.5,15.0,N,47.5,42.489,42.489,6,5801
OE7AAI,OE7AAI,True,True,both,B,JN57,4.0,47.5,11.0,N,47.5,42.325,42.325,281,2963812
OE7AJI,OE7AJI,True,True,both,B,JN67ck,6.0,47.4375,12.2083,N,47.4375,42.295,42.295,4,765
OE7AWT,OE7AWT,True,True,both,B,JN57,4.0,47.5,11.0,N,47.5,42.325,42.325,6,552
OE7DRT,OE7DRT,True,True,both,B,JN57lb,6.0,47.0625,10.9583,N,47.0625,41.786,41.786,3,1314
OE7FTI,OE7FTI,True,True,both,A,JN57sh,6.0,47.3125,11.5417,N,47.3125,42.116,42.116,27,63993
OE7GJ,OE7GJ,True,True,both,B,JN57wk,6.0,47.4375,11.875,N,47.4375,42.282,42.282,8,1726
OE7GMT,OE7GMT,True,True,both,A,JN57,4.0,47.5,11.0,N,47.5,42.325,42.325,389,278880
OE7HKJ,OE7HKJ,True,True,both,A,JN57sh,6.0,47.3125,11.5417,N,47.3125,42.116,42.116,24,6225
OE7RMT,OE7RMT,True,True,both,B,JN57jg,6.0,47.2708,10.7917,N,47.2708,42.036,42.036,6,1820
OE7RMT/P,OE7RMT,True,True,both,B,JN57jg,6.0,47.2708,10.7917,N,47.2708,42.036,42.036,3,868
OE7SJJ,OE7SJJ,True,True,both,A,JN57hb,6.0,47.0625,10.625,N,47.0625,41.773,41.773,114,7146
OE7WGT,OE7WGT,True,True,both,B,JN57rc,6.0,47.1042,11.4583,N,47.1042,41.857,41.857,8,1238
OE7XZB,OE7XZB,True,True,both,A,JN57qg,6.0,47.2708,11.375,N,47.2708,42.058,42.058,100,1100587
OE8HAM,OE8HAM,True,True,both,B,JN76cn,6.0,46.5625,14.2083,N,46.5625,41.32,41.32,5,2595
OE8PIT,OE8PIT,True,True,both,B,JN66lq,6.0,46.6875,12.9583,N,46.6875,41.412,41.412,4,5914
OE8RMJ,OE8RMJ,True,True,both,A,JN66wq,6.0,46.6875,13.875,N,46.6875,41.455,41.455,11,2287
OE8RVK,OE8RVK,True,True,both,A,JN76dp,6.0,46.6458,14.2917,N,46.6458,41.425,41.425,28,97572
OE8SVI,OE8SVI,True,True,both,A,JN66uq,6.0,46.6875,13.7083,N,46.6875,41.447,41.447,11,18777
OE9AZH,OE9AZH,True,True,both,B,JN47tf,6.0,47.2292,9.625,N,47.2292,41.943,41.943,9,13727
OE9DDR,OE9DDR,True,True,both,A,JN47uj,6.0,47.3958,9.7083,N,47.3958,42.152,42.152,12,55244
OE9GWV,OE9GWV,True,False,wsprnet_only,B,JO61al,6.0,51.4792,12.0417,N,51.4792,47.137,47.137,6,119
OE9HGV,OE9HGV,True,True,both,B,JN47th,6.0,47.3125,9.625,N,47.3125,42.046,42.046,14,32117
OE9MWI,OE9MWI,True,True,both,A,JN47tl,6.0,47.4792,9.625,N,47.4792,42.252,42.252,17,37374
OE9PTI,OE9PTI,True,True,both,B,JN47vl,6.0,47.4792,9.7917,N,47.4792,42.257,42.257,229,1641951
OE9RMV,OE9RMV,True,True,both,A,JN47ul,6.0,47.4792,9.7083,N,47.4792,42.255,42.255,301,221650
OE9RPH,OE9RPH,True,True,both,A,JN47tg,6.0,47.2708,9.625,N,47.2708,41.994,41.994,21,24052
OE9RWH,OE9RWH,True,True,both,A,JN57cg,6.0,47.2708,10.2083,N,47.2708,42.015,42.015,17,10351
OE9SKJ,OE9SKJ,True,True,both,A,JN47uj,6.0,47.3958,9.7083,N,47.3958,42.152,42.152,36,250526
OF7K,OF7K,True,False,wsprnet_only,A,DJ92,4.0,2.5,-101.0,N,2.5,10.914,10.914,84,432
OH0JLR,OH0JLR,True,True,both,B,JP90xe,6.0,60.1875,19.9583,N,60.1875,56.975,56.975,48,168171
OH1NOA,OH1NOA,True,True,both,B,KP01tm,6.0,61.5208,21.625,N,61.5208,58.396,58.396,4,796
OH1XYZ,OH1XYZ,True,True,both,B,KP10,4.0,60.5,23.0,N,60.5,57.291,57.291,3,36598
OH2BPO,OH2BPO,True,True,both,A,KP20ii,6.0,60.3542,24.7083,N,60.3542,57.127,57.127,18,4685
OH2CTS,OH2CTS,True,True,both,B,KP20nl,6.0,60.4792,25.125,N,60.4792,57.259,57.259,3,7396
OH2DPZ,OH2DPZ,True,True,both,B,KP20ne,6.0,60.1875,25.125,N,60.1875,56.948,56.948,13,832
OH2DX,OH2DX,True,True,both,A,KP20me,6.0,60.1875,25.0417,N,60.1875,56.948,56.948,19,101963
OH2EBV,OH2EBV,True,True,both,B,KP10wd,6.0,60.1458,23.875,N,60.1458,56.907,56.907,13,15082
OH2GQC,OH2GQC,True,True,both,A,KP20if,6.0,60.2292,24.7083,N,60.2292,56.994,56.994,48,123242
OH2JIZ,OH2JIZ,True,True,both,A,KP20mo,6.0,60.6042,25.0417,N,60.6042,57.393,57.393,15,4103
OH2JXA,OH2JXA,True,True,both,B,KP20nf,6.0,60.2292,25.125,N,60.2292,56.993,56.993,62,9807
OH2NIM,OH2NIM,True,True,both,B,KP39,4.0,69.5,27.0,N,69.5,66.661,66.661,6,465
OH2QV,OH2QV,True,True,both,B,KP20kg,6.0,60.2708,24.875,N,60.2708,57.038,57.038,9,12643
OH3DLK,OH3DLK,True,True,both,B,KP21fh,6.0,61.3125,24.4583,N,61.3125,58.15,58.15,3,717
OH3FCA,OH3FCA,True,True,both,A,KP11xl,6.0,61.4792,23.9583,N,61.4792,58.331,58.331,10,6375
OH3FR,OH3FR,True,True,both,A,KP20,4.0,60.5,25.0,N,60.5,57.282,57.282,371,517876
OH3FZQ,OH3FZQ,True,True,both,B,KP11ql,6.0,61.4792,23.375,N,61.4792,58.335,58.335,295,5094948
OH3HE,OH3HE,True,True,both,A,KP32,4.0,62.5,27.0,N,62.5,59.389,59.389,391,1037019
OH3IFS,OH3IFS,True,False,wsprnet_only,A,KP11,4.0,61.5,23.0,N,61.5,58.361,58.361,13,19
OH3JQ,OH3JQ,True,True,both,B,KP11wm,6.0,61.5208,23.875,N,61.5208,58.376,58.376,5,400
OH3LCF,OH3LCF,True,True,both,B,KP21,4.0,61.5,25.0,N,61.5,58.346,58.346,5,440
OH3MZ,OH3MZ,True,True,both,B,KP11mk,6.0,61.4375,23.0417,N,61.4375,58.294,58.294,5,5079
OH3MZT,OH3MZT,True,True,both,A,KP10pt,6.0,60.8125,23.2917,N,60.8125,57.624,57.624,102,47962
OH4JOU,OH4JOU,True,True,both,B,KP41jv,6.0,61.8958,28.7917,N,61.8958,58.744,58.744,59,46982
OH4WJR,OH4WJR,True,False,wsprnet_only,B,KP32,4.0,62.5,27.0,N,62.5,59.389,59.389,6,79
OH5FI,OH5FI,True,True,both,B,KP41db,6.0,61.0625,28.2917,N,61.0625,57.869,57.869,15,9545
OH5GDN,OH5GDN,True,True,both,B,KP30lm,6.0,60.5208,26.9583,N,60.5208,57.299,57.299,3,6440
OH5GES,OH5GES,True,True,both,A,KP30iu,6.0,60.8542,26.7083,N,60.8542,57.653,57.653,81,302532
OH5KFP,OH5KFP,True,True,both,B,KP20fx,6.0,60.9792,24.4583,N,60.9792,57.795,57.795,10,10249
OH5KUY,OH5KUY,True,True,both,B,KP41db,6.0,61.0625,28.2917,N,61.0625,57.869,57.869,6,168
OH5KZ,OH5KZ,True,True,both,B,KP30js,6.0,60.7708,26.7917,N,60.7708,57.564,57.564,3,15511
OH5YR,OH5YR,True,True,both,B,KP30rm,6.0,60.5208,27.4583,N,60.5208,57.298,57.298,7,5349
OH6CAD,OH6CAD,True,True,both,B,KP13nu,6.0,63.8542,23.125,N,63.8542,60.86,60.86,8,1040
OH6CR,OH6CR,True,True,both,A,KP12,4.0,62.5,23.0,N,62.5,59.426,59.426,323,2625819
OH6IJ,OH6IJ,True,True,both,A,KP12ww,6.0,62.9375,23.875,N,62.9375,59.88,59.88,10,34598
OH6MQM,OH6MQM,True,True,both,A,KP12,4.0,62.5,23.0,N,62.5,59.426,59.426,395,119472
OH6OHX,OH6OHX,True,True,both,A,KP03td,6.0,63.1458,21.625,N,63.1458,60.131,60.131,37,117701
OH6S,OH6S,True,True,both,B,KP03,4.0,63.5,21.0,N,63.5,60.518,60.518,8,3282
OH6UAV,OH6UAV,True,True,both,B,KP20hd,6.0,60.1458,24.625,N,60.1458,56.905,56.905,9,2052
OH7FXK,OH7FXK,True,True,both,B,KP33td,6.0,63.1458,27.625,N,63.1458,60.062,60.062,4,745
OH7GWM,OH7GWM,True,True,both,A,KP42qu,6.0,62.8542,29.375,N,62.8542,59.745,59.745,36,80369
OH7HRH,OH7HRH,True,True,both,B,KP33sq,6.0,63.6875,27.5417,N,63.6875,60.63,60.63,5,730
OH7T,OH7T,True,True,both,B,KP34,4.0,64.5,27.0,N,64.5,61.485,61.485,4,2253
OH7XR,OH7XR,True,True,both,B,KP53,4.0,63.5,31.0,N,63.5,60.408,60.408,6,945
OH8CW,OH8CW,True,True,both,B,KP25qc,6.0,65.1042,25.375,N,65.1042,62.14,62.14,12,15992
OH8CYV,OH8CYV,True,True,both,B,KP24sw,6.0,64.9375,25.5417,N,64.9375,61.963,61.963,6,8945
OH8EJX,OH8EJX,True,True,both,B,KP23lw,6.0,63.9375,24.9583,N,63.9375,60.922,60.922,3,306
OH8HTG,OH8HTG,True,True,both,B,KP34di,6.0,64.3542,26.2917,N,64.3542,61.342,61.342,41,3348
OH8MBU,OH8MBU,True,True,both,B,KP34,4.0,64.5,27.0,N,64.5,61.485,61.485,7,5625
OH8MIB,OH8MIB,True,True,both,B,KP23,4.0,63.5,25.0,N,63.5,60.461,60.461,4,148
OH8XAT,OH8XAT,True,True,both,A,KP10rq,6.0,60.6875,23.4583,N,60.6875,57.489,57.489,11,8462
OH9DVN,OH9DVN,True,True,both,B,KP26vl,6.0,66.4792,25.7917,N,66.4792,63.567,63.567,6,5288
OI5UDH,OI5UDH,True,False,wsprnet_only,B,EP63,4.0,63.5,-87.0,N,63.5,71.56,71.56,6,39
OJ6VPJ,OJ6VPJ,True,False,wsprnet_only,B,JC01,4.0,-68.5,1.0,S,68.5,-60.482,60.482,4,10
OK/S57MK,S57MK,True,True,both,B,JN79pw,6.0,49.9375,15.2917,N,49.9375,45.396,45.396,3,171
OK0EMW,OK0EMW,True,True,both,A,JN88ks,6.0,48.7708,16.875,N,48.7708,44.079,44.079,255,530331
OK0NCC,OK0NCC,True,True,both,A,JN79ew,6.0,49.9375,14.375,N,49.9375,45.369,45.369,112,3563
OK1AND,OK1AND,True,True,both,B,JO70xn,6.0,50.5625,15.9583,N,50.5625,46.147,46.147,11,5370
OK1CDJ,OK1CDJ,True,True,both,A,JO70ub,6.0,50.0625,15.7083,N,50.0625,45.555,45.555,22,10984
OK1COW,OK1COW,True,True,both,B,JO70vb,6.0,50.0625,15.7917,N,50.0625,45.558,45.558,3,179
OK1CT,OK1CT,True,True,both,B,JN69qq,6.0,49.6875,13.375,N,49.6875,45.044,45.044,4,7693
OK1DO,OK1DO,True,True,both,A,JO60jd,6.0,50.1458,12.7917,N,50.1458,45.573,45.573,13,16788
OK1DST,OK1DST,True,True,both,B,JN79dx,6.0,49.9792,14.2917,N,49.9792,45.415,45.415,15,20311
OK1DX,OK1DX,True,True,both,B,JN69sd,6.0,49.1458,13.5417,N,49.1458,44.403,44.403,7,1976
OK1ER,OK1ER,True,True,both,A,JN69,4.0,49.5,13.0,N,49.5,44.81,44.81,167,1095563
OK1FAV,OK1FAV,True,True,both,A,JO60jd,6.0,50.1458,12.7917,N,50.1458,45.573,45.573,10,19563
OK1FKY,OK1FKY,True,True,both,B,JO70ga,6.0,50.0208,14.5417,N,50.0208,45.472,45.472,4,18716
OK1HEV,OK1HEV,True,True,both,B,JN79ix,6.0,49.9792,14.7083,N,49.9792,45.427,45.427,5,136
OK1HRA,OK1HRA,True,True,both,A,JO60wa,6.0,50.0208,13.875,N,50.0208,45.453,45.453,13,14074
OK1IAW,OK1IAW,True,True,both,A,JO70,4.0,50.5,15.0,N,50.5,46.048,46.048,369,2496345
OK1IF,OK1IF,True,True,both,A,JO70ms,6.0,50.7708,15.0417,N,50.7708,46.366,46.366,12,24721
OK1JR,OK1JR,True,True,both,B,JO60sh,6.0,50.3125,13.5417,N,50.3125,45.789,45.789,6,4180
OK1JRA,OK1JRA,True,True,both,A,JN69,4.0,49.5,13.0,N,49.5,44.81,44.81,40,545964
OK1JX,OK1JX,True,True,both,A,JO70eb,6.0,50.0625,14.375,N,50.0625,45.516,45.516,26,5516
OK1LAD,OK1LAD,True,True,both,B,JN79,4.0,49.5,15.0,N,49.5,44.871,44.871,6,3119
OK1MDX,OK1MDX,True,True,both,B,JN79,4.0,49.5,15.0,N,49.5,44.871,44.871,3,1410
OK1MPU,OK1MPU,True,True,both,A,JO70va,6.0,50.0208,15.7917,N,50.0208,45.509,45.509,30,3973
OK1MRK,OK1MRK,True,True,both,B,JO60wo,6.0,50.6042,13.875,N,50.6042,46.142,46.142,5,18638
OK1SIM,OK1SIM,True,True,both,B,JO80eh,6.0,50.3125,16.375,N,50.3125,45.867,45.867,3,4244
OK1UFC,OK1UFC,True,True,both,A,JN78fx,6.0,48.9792,14.4583,N,48.9792,44.235,44.235,15,1556
OK1UZT,OK1UZT,True,True,both,B,JO70eb,6.0,50.0625,14.375,N,50.0625,45.516,45.516,5,3860
OK1VAW,OK1VAW,True,True,both,A,JO70fb,6.0,50.0625,14.4583,N,50.0625,45.518,45.518,395,828463
OK1VEN,OK1VEN,True,False,wsprnet_only,B,JN89,4.0,49.5,17.0,N,49.5,44.939,44.939,3,805
OK1VGQ,OK1VGQ,True,True,both,A,JO70,4.0,50.5,15.0,N,50.5,46.048,46.048,395,94967
OK1ZKQ/P,OK1ZKQ,True,True,both,B,JN79ts,6.0,49.7708,15.625,N,49.7708,45.21,45.21,6,153
OK1ZXS,OK1ZXS,True,True,both,B,JN79oa,6.0,49.0208,15.2083,N,49.0208,44.311,44.311,7,2649
OK2AE,OK2AE,True,True,both,B,JN89de,6.0,49.1875,16.2917,N,49.1875,44.547,44.547,7,21540
OK2AK,OK2AK,True,True,both,B,JN89hl,6.0,49.4792,16.625,N,49.4792,44.901,44.901,11,19081
OK2BUH,OK2BUH,True,True,both,B,JN89oo,6.0,49.6042,17.2083,N,49.6042,45.068,45.068,14,888
OK2BXF,OK2BXF,True,True,both,B,JN89gf,6.0,49.2292,16.5417,N,49.2292,44.605,44.605,3,538
OK2CMZ,OK2CMZ,True,True,both,B,JN89lu,6.0,49.8542,16.9583,N,49.8542,45.351,45.351,4,2105
OK2CPV,OK2CPV,True,True,both,A,JN89bp,6.0,49.6458,16.125,N,49.6458,45.08,45.08,13,22836
OK2IT,OK2IT,True,True,both,B,JN89dg,6.0,49.2708,16.2917,N,49.2708,44.645,44.645,4,252
OK2JRQ,OK2JRQ,True,True,both,B,JN89kc,6.0,49.1042,16.875,N,49.1042,44.47,44.47,3,1153
OK2JUA,OK2JUA,True,True,both,B,JN89pr,6.0,49.7292,17.2917,N,49.7292,45.217,45.217,14,2241
OK2MTB,OK2MTB,True,True,both,A,JN89hf,6.0,49.2292,16.625,N,49.2292,44.608,44.608,20,41425
OK2MTB/P,OK2MTB,True,True,both,B,JN89hn,6.0,49.5625,16.625,N,49.5625,44.999,44.999,6,1860
OK2NMA,OK2NMA,True,True,both,A,JN89ad,6.0,49.1458,16.0417,N,49.1458,44.489,44.489,156,774887
OK2PDH,OK2PDH,True,True,both,A,JN89se,6.0,49.1875,17.5417,N,49.1875,44.593,44.593,10,2421
OK2PVX,OK2PVX,True,True,both,B,JN89,4.0,49.5,17.0,N,49.5,44.939,44.939,4,252
OK2SAM,OK2SAM,True,True,both,A,JN99du,6.0,49.8542,18.2917,N,49.8542,45.397,45.397,395,9510010
OK2TK,OK2TK,True,True,both,B,JN89qp,6.0,49.6458,17.375,N,49.6458,45.122,45.122,4,238
OK2TKU,OK2TKU,True,True,both,B,JN99dq,6.0,49.6875,18.2917,N,49.6875,45.204,45.204,7,1693
OK2TPT,OK2TPT,True,True,both,B,JN99iq,6.0,49.6875,18.7083,N,49.6875,45.219,45.219,6,3748
OK2TRN,OK2TRN,True,True,both,A,JN88nu,6.0,48.8542,17.125,N,48.8542,44.187,44.187,10,19936
OK2UOU,OK2UOU,True,True,both,A,JN89,4.0,49.5,17.0,N,49.5,44.939,44.939,11,390
OK2UUJ,OK2UUJ,True,True,both,B,JN89,4.0,49.5,17.0,N,49.5,44.939,44.939,3,469
OK2VWF,OK2VWF,True,True,both,B,JN89,4.0,49.5,17.0,N,49.5,44.939,44.939,7,288
OK2VWX,OK2VWX,True,True,both,B,JN89pw,6.0,49.9375,17.2917,N,49.9375,45.459,45.459,4,38
OK3NKO,OK3NKO,True,True,both,B,JO70la,6.0,50.0208,14.9583,N,50.0208,45.484,45.484,8,4417
OK4PA,OK4PA,True,True,both,B,JN79pm,6.0,49.5208,15.2917,N,49.5208,44.905,44.905,6,917
OK5AG,OK5AG,True,True,both,B,JN79,4.0,49.5,15.0,N,49.5,44.871,44.871,3,542
OK5TA,OK5TA,True,True,both,B,JN89,4.0,49.5,17.0,N,49.5,44.939,44.939,4,8516
OK5WA,OK5WA,True,True,both,B,JN89,4.0,49.5,17.0,N,49.5,44.939,44.939,4,5999
OK6MS,OK6MS,True,True,both,B,JN79th,6.0,49.3125,15.625,N,49.3125,44.67,44.67,8,3283
OK6PL,OK6PL,True,True,both,B,JN79,4.0,49.5,15.0,N,49.5,44.871,44.871,5,19
OK7AJ,OK7AJ,True,True,both,B,JN79ij,6.0,49.3958,14.7083,N,49.3958,44.738,44.738,3,126
OK7PM,OK7PM,True,True,both,B,JN69rt,6.0,49.8125,13.4583,N,49.8125,45.195,45.195,5,7609
OK8LEO,OK8LEO,True,True,both,B,JN79cu,6.0,49.8542,14.2083,N,49.8542,45.265,45.265,27,7258
OM0AB,OM0AB,True,True,both,A,KN08ww,6.0,48.9375,21.875,N,48.9375,44.482,44.482,11,45294
OM0BED,OM0BED,True,True,both,B,KN09,4.0,49.5,21.0,N,49.5,45.09,45.09,3,486
OM1EI,OM1EI,True,True,both,A,JN88me,6.0,48.1875,17.0417,N,48.1875,43.398,43.398,38,35717
OM1PU,OM1PU,True,True,both,B,JN88pc,6.0,48.1042,17.2917,N,48.1042,43.311,43.311,4,1618
OM2APF,OM2APF,True,True,both,B,JN88vq,6.0,48.6875,17.7917,N,48.6875,44.018,44.018,7,79249
OM2IDN,OM2IDN,True,True,both,B,JN88,4.0,48.5,17.0,N,48.5,43.765,43.765,3,4215
OM3TLG,OM3TLG,True,True,both,B,JN99dc,6.0,49.1042,18.2917,N,49.1042,44.525,44.525,136,150228
OM5VML,OM5VML,True,True,both,A,MH65,4.0,-14.5,73.0,S,14.5,-23.8,23.8,202,770
OM5ZU,OM5ZU,True,True,both,B,JN98bg,6.0,48.2708,18.125,N,48.2708,43.544,43.544,7,102988
OM6RU,OM6RU,True,True,both,B,JN99pe,6.0,49.1875,19.2917,N,49.1875,44.662,44.662,27,14488
OM8HOP,OM8HOP,True,True,both,A,KN08pq,6.0,48.6875,21.2917,N,48.6875,44.17,44.17,10,640
ON/IU0BMK,IU0BMK,True,True,both,B,JO20iu,6.0,50.8542,4.7083,N,50.8542,46.327,46.327,5,10984
ON/PA0FNI,PA0FNI,True,True,both,B,JO20ee,6.0,50.1875,4.375,N,50.1875,45.507,45.507,3,206
ON0HVL,ON0HVL,True,True,both,A,JO10ks,6.0,50.7708,2.875,N,50.7708,46.231,46.231,395,770524
ON0KMM,ON0KMM,True,False,wsprnet_only,B,JO10,4.0,50.5,3.0,N,50.5,45.896,45.896,8,10
ON1AK,ON1AK,True,True,both,B,JO20iv,6.0,50.8958,4.7083,N,50.8958,46.378,46.378,5,12442
ON1EOI,ON1EOI,True,True,both,B,JO21ld,6.0,51.1458,4.9583,N,51.1458,46.683,46.683,3,64
ON1HDU,ON1HDU,True,True,both,B,JO20dv,6.0,50.8958,4.2917,N,50.8958,46.378,46.378,5,56
ON1LF,ON1LF,True,True,both,B,JO30ar,6.0,50.7292,6.0417,N,50.7292,46.176,46.176,6,23666
ON1RC,ON1RC,True,True,both,A,JO11va,6.0,51.0208,3.7917,N,51.0208,46.534,46.534,109,20848
ON2AJ,ON2AJ,True,True,both,B,JO11oe,6.0,51.1875,3.2083,N,51.1875,46.742,46.742,8,12951
ON2BV,ON2BV,True,True,both,B,JO21cc,6.0,51.1042,4.2083,N,51.1042,46.634,46.634,3,1610
ON2ON,ON2ON,True,True,both,B,JO21fh,6.0,51.3125,4.4583,N,51.3125,46.888,46.888,32,1374
ON2OT,ON2OT,True,True,both,B,JO21fe,6.0,51.1875,4.4583,N,51.1875,46.735,46.735,3,380
ON2RON,ON2RON,True,True,both,B,JO21ec,6.0,51.1042,4.375,N,51.1042,46.633,46.633,32,54463
ON2SLC,ON2SLC,True,True,both,B,JO10vm,6.0,50.5208,3.7917,N,50.5208,45.918,45.918,61,14469
ON2TSF,ON2TSF,True,True,both,A,JN29vn,6.0,49.5625,5.7917,N,49.5625,44.743,44.743,275,1239361
ON3ATE,ON3ATE,True,True,both,A,JO10xs,6.0,50.7708,3.9583,N,50.7708,46.226,46.226,41,66299
ON3DTZ,ON3DTZ,True,True,both,B,JO10tt,6.0,50.8125,3.625,N,50.8125,46.278,46.278,4,2112
ON3EDW,ON3EDW,True,True,both,B,JO11lf,6.0,51.2292,2.9583,N,51.2292,46.795,46.795,4,470
ON3ETL,ON3ETL,True,True,both,B,JO20hv,6.0,50.8958,4.625,N,50.8958,46.378,46.378,4,1079
ON3FV,ON3FV,True,True,both,A,JO10qs,6.0,50.7708,3.375,N,50.7708,46.228,46.228,49,173235
ON3PAW,ON3PAW,True,True,both,B,JO20ew,6.0,50.9375,4.375,N,50.9375,46.429,46.429,3,2289
ON3PHP,ON3PHP,True,True,both,B,JO11,4.0,51.5,3.0,N,51.5,47.127,47.127,5,10256
ON3RDH,ON3RDH,True,True,both,B,JO10tv,6.0,50.8958,3.625,N,50.8958,46.381,46.381,4,1128
ON3URT,ON3URT,True,True,both,B,JO10qr,6.0,50.7292,3.375,N,50.7292,46.177,46.177,3,1753
ON3VO,ON3VO,True,True,both,B,JO20,4.0,50.5,5.0,N,50.5,45.893,45.893,7,281
ON3WIT,ON3WIT,True,True,both,B,JO10kw,6.0,50.9375,2.875,N,50.9375,46.437,46.437,3,19141
ON3WY,ON3WY,True,True,both,B,JO20,4.0,50.5,5.0,N,50.5,45.893,45.893,8,6222
ON4AXW,ON4AXW,True,True,both,B,JO10vw,6.0,50.9375,3.7917,N,50.9375,46.431,46.431,18,11332
ON4BMA,ON4BMA,True,True,both,B,JO21eh,6.0,51.3125,4.375,N,51.3125,46.888,46.888,12,30037
ON4CDJ,ON4CDJ,True,True,both,B,JO11wc,6.0,51.1042,3.875,N,51.1042,46.635,46.635,8,9546
ON4DM,ON4DM,True,True,both,A,JO11,4.0,51.5,3.0,N,51.5,47.127,47.127,395,366047
ON4DMD,ON4DMD,True,True,both,B,JO11vb,6.0,51.0625,3.7917,N,51.0625,46.585,46.585,4,6664
ON4DSK,ON4DSK,True,True,both,B,JO21gd,6.0,51.1458,4.5417,N,51.1458,46.684,46.684,3,279
ON4EDG,ON4EDG,True,True,both,B,JO20hx,6.0,50.9792,4.625,N,50.9792,46.48,46.48,8,1353
ON4GPN,ON4GPN,True,True,both,A,JO20fk,6.0,50.4375,4.4583,N,50.4375,45.815,45.815,104,45415
ON4IBM,ON4IBM,True,True,both,B,JO11pi,6.0,51.3542,3.2917,N,51.3542,46.946,46.946,5,1122
ON4IV,ON4IV,True,True,both,A,JO20hq,6.0,50.6875,4.625,N,50.6875,46.122,46.122,49,65549
ON4JB,ON4JB,True,True,both,B,JO20,4.0,50.5,5.0,N,50.5,45.893,45.893,3,5435
ON4JON,ON4JON,True,True,both,B,JO20an,6.0,50.5625,4.0417,N,50.5625,45.969,45.969,3,103
ON4KCD,ON4KCD,True,True,both,B,JO20to,6.0,50.6042,5.625,N,50.6042,46.022,46.022,8,808
ON4KDV,ON4KDV,True,True,both,B,JO10wn,6.0,50.5625,3.875,N,50.5625,45.97,45.97,4,1126
ON4KLL,ON4KLL,True,True,both,B,JO20jr,6.0,50.7292,4.7917,N,50.7292,46.173,46.173,3,7560
ON4KTJ,ON4KTJ,True,True,both,B,JO10uo,6.0,50.6042,3.7083,N,50.6042,46.022,46.022,28,5222
ON4LAO,ON4LAO,True,True,both,B,JO10,4.0,50.5,3.0,N,50.5,45.896,45.896,114,1104915
ON4LAO/P,ON4LAO,True,True,both,A,JO10vl,6.0,50.4792,3.7917,N,50.4792,45.867,45.867,16,106365
ON4LS,ON4LS,True,True,both,B,JO20kl,6.0,50.4792,4.875,N,50.4792,45.867,45.867,6,5687
ON4LUC,ON4LUC,True,True,both,B,JO20tm,6.0,50.5208,5.625,N,50.5208,45.92,45.92,15,4200
ON4LZ,ON4LZ,True,True,both,A,JO20,4.0,50.5,5.0,N,50.5,45.893,45.893,83,148150
ON4MI,ON4MI,True,True,both,B,JO20do,6.0,50.6042,4.2917,N,50.6042,46.02,46.02,14,22215
ON4MS,ON4MS,True,True,both,A,JO20kr,6.0,50.7292,4.875,N,50.7292,46.174,46.174,15,762
ON4PB,ON4PB,True,True,both,B,JO20oh,6.0,50.3125,5.2083,N,50.3125,45.663,45.663,39,106144
ON4PN,ON4PN,True,True,both,B,JO10rv,6.0,50.8958,3.4583,N,50.8958,46.382,46.382,6,1422
ON4VP,ON4VP,True,True,both,B,JO21mb,6.0,51.0625,5.0417,N,51.0625,46.581,46.581,3,646
ON4WS,ON4WS,True,True,both,B,JO20,4.0,50.5,5.0,N,50.5,45.893,45.893,346,6245649
ON4WVC,ON4WVC,True,True,both,A,JO21oa,6.0,51.0208,5.2083,N,51.0208,46.53,46.53,13,6429
ON4WZ,ON4WZ,True,True,both,B,JO10ob,6.0,50.0625,3.2083,N,50.0625,45.353,45.353,3,334
ON5AJ,ON5AJ,True,True,both,A,JO11,4.0,51.5,3.0,N,51.5,47.127,47.127,61,184353
ON5CGZ,ON5CGZ,True,True,both,B,JO21hd,6.0,51.1458,4.625,N,51.1458,46.684,46.684,4,5898
ON5DH,ON5DH,True,True,both,A,JO21,4.0,51.5,5.0,N,51.5,47.114,47.114,108,638034
ON5HY,ON5HY,True,True,both,B,JO10xk,6.0,50.4375,3.9583,N,50.4375,45.815,45.815,20,3600
ON5JDA,ON5JDA,True,True,both,B,JO20si,6.0,50.3542,5.5417,N,50.3542,45.715,45.715,6,1722
ON5KDX,ON5KDX,True,True,both,B,JO20ng,6.0,50.2708,5.125,N,50.2708,45.611,45.611,7,3513
ON5MB,ON5MB,True,True,both,A,JO10vu,6.0,50.8542,3.7917,N,50.8542,46.329,46.329,56,1276803
ON5MGA,ON5MGA,True,True,both,A,JO20kj,6.0,50.3958,4.875,N,50.3958,45.764,45.764,10,10275
ON5MU,ON5MU,True,True,both,B,JO10vk,6.0,50.4375,3.7917,N,50.4375,45.816,45.816,7,1588
ON5ORL,ON5ORL,True,True,both,A,JO20,4.0,50.5,5.0,N,50.5,45.893,45.893,74,13374
ON5SAT,ON5SAT,True,True,both,A,JO21,4.0,51.5,5.0,N,51.5,47.114,47.114,10,6727
ON5UQ,ON5UQ,True,True,both,A,JO11,4.0,51.5,3.0,N,51.5,47.127,47.127,95,78095
ON6EO,ON6EO,True,True,both,B,JO11mc,6.0,51.1042,3.0417,N,51.1042,46.641,46.641,5,3130
ON6FV,ON6FV,True,True,both,B,JO11qa,6.0,51.0208,3.375,N,51.0208,46.536,46.536,5,849
ON6GI,ON6GI,True,True,both,B,JO20,4.0,50.5,5.0,N,50.5,45.893,45.893,5,3584
ON6HX,ON6HX,True,True,both,A,JO10xx,6.0,50.9792,3.9583,N,50.9792,46.482,46.482,22,13115
ON6MZ,ON6MZ,True,True,both,B,JO20,4.0,50.5,5.0,N,50.5,45.893,45.893,5,10875
ON6OM,ON6OM,True,True,both,B,JO11vb,6.0,51.0625,3.7917,N,51.0625,46.585,46.585,4,1083
ON7AN,ON7AN,True,True,both,B,JO20ek,6.0,50.4375,4.375,N,50.4375,45.815,45.815,382,1623136
ON7ASL,ON7ASL,True,True,both,B,JO20iu,6.0,50.8542,4.7083,N,50.8542,46.327,46.327,22,49769
ON7AVR,ON7AVR,True,True,both,B,JO21mb,6.0,51.0625,5.0417,N,51.0625,46.581,46.581,5,575
ON7CFI,ON7CFI,True,True,both,B,JO20jq,6.0,50.6875,4.7917,N,50.6875,46.122,46.122,9,715
ON7DJ,ON7DJ,True,True,both,B,JO21hg,6.0,51.2708,4.625,N,51.2708,46.836,46.836,7,654
ON7DQ,ON7DQ,True,True,both,A,JO11kf,6.0,51.2292,2.875,N,51.2292,46.796,46.796,12,6669
ON7DS,ON7DS,True,True,both,B,JO21fd,6.0,51.1458,4.4583,N,51.1458,46.684,46.684,5,8585
ON7DY,ON7DY,True,True,both,A,JO20ow,6.0,50.9375,5.2083,N,50.9375,46.428,46.428,15,164773
ON7HC,ON7HC,True,True,both,B,JO21ib,6.0,51.0625,4.7083,N,51.0625,46.582,46.582,7,5210
ON7KEC,ON7KEC,True,True,both,B,JO21ce,6.0,51.1875,4.2083,N,51.1875,46.736,46.736,3,1653
ON7KZ,ON7KZ,True,True,both,B,JO10mv,6.0,50.8958,3.0417,N,50.8958,46.384,46.384,4,10422
ON7LG,ON7LG,True,True,both,B,JO10ou,6.0,50.8542,3.2083,N,50.8542,46.332,46.332,3,3515
ON7OP,ON7OP,True,True,both,A,JO20fj,6.0,50.3958,4.4583,N,50.3958,45.764,45.764,123,153731
ON7TB,ON7TB,True,True,both,B,JO20of,6.0,50.2292,5.2083,N,50.2292,45.561,45.561,6,9973
ON7TC,ON7TC,True,True,both,B,JO11rd,6.0,51.1458,3.4583,N,51.1458,46.689,46.689,7,1845
ON7VQ,ON7VQ,True,True,both,B,JO20gv,6.0,50.8958,4.5417,N,50.8958,46.378,46.378,3,2760
ON7XN,ON7XN,True,True,both,B,JO11pe,6.0,51.1875,3.2917,N,51.1875,46.741,46.741,3,1159
ON7XX,ON7XX,True,True,both,A,JO10ku,6.0,50.8542,2.875,N,50.8542,46.334,46.334,11,16638
ON8GDV,ON8GDV,True,True,both,B,JO20dr,6.0,50.7292,4.2917,N,50.7292,46.174,46.174,3,1448
ON8ODK,ON8ODK,True,True,both,B,JO11ic,6.0,51.1042,2.7083,N,51.1042,46.644,46.644,3,2437
ON8RG,ON8RG,True,True,both,A,JO11me,6.0,51.1875,3.0417,N,51.1875,46.743,46.743,198,100923
ON8SV,ON8SV,True,True,both,B,JO20cl,6.0,50.4792,4.2083,N,50.4792,45.867,45.867,8,5216
ON8WI,ON8WI,True,True,both,B,JO20lx,6.0,50.9792,4.9583,N,50.9792,46.479,46.479,3,914
OO0O,OO0O,True,True,both,A,JO11sb,6.0,51.0625,3.5417,N,51.0625,46.586,46.586,12,8767
OO2YWW,OO2YWW,True,True,both,A,JO20,4.0,50.5,5.0,N,50.5,45.893,45.893,36,56
OO7VGN,OO7VGN,True,False,wsprnet_only,B,JO20,4.0,50.5,5.0,N,50.5,45.893,45.893,8,12
OP0A,OP0A,True,True,both,B,JO21di,6.0,51.3542,4.2917,N,51.3542,46.939,46.939,6,896
OP4W,OP4W,True,True,both,B,JO10wv,6.0,50.8958,3.875,N,50.8958,46.38,46.38,5,123
OP9T,OP9T,True,True,both,B,JO21be,6.0,51.1875,4.125,N,51.1875,46.736,46.736,6,15853
OS2KRY,OS2KRY,True,True,both,A,AE87,4.0,-42.5,-163.0,S,42.5,-43.818,43.818,78,8835
OS9T,OS9T,True,True,both,B,JO11ic,6.0,51.1042,2.7083,N,51.1042,46.644,46.644,3,736
OS9VUA,OS9VUA,True,False,wsprnet_only,A,JB66,4.0,-73.5,13.0,S,73.5,-65.117,65.117,14,26
OT7C,OT7C,True,True,both,A,FK30,4.0,10.5,-73.0,N,10.5,19.66,19.66,22,32
OU0OT,OU0OT,True,False,wsprnet_only,B,II77,4.0,-2.5,-5.0,S,2.5,,,22,26
OU7JKT,OU7JKT,True,False,wsprnet_only,B,IG66,4.0,-23.5,-7.0,S,23.5,-32.501,32.501,7,10
OU7QRC,OU7QRC,True,False,wsprnet_only,A,ND42,4.0,-57.5,89.0,S,57.5,-68.909,68.909,30,48
OX4GIF,OX4GIF,True,True,both,B,IP93,4.0,63.5,-1.0,N,63.5,61.317,61.317,3,13
OX8LVI,OX8LVI,True,False,wsprnet_only,B,JO65,4.0,55.5,13.0,N,55.5,51.806,51.806,5,14
OY1R,OY1R,True,True,both,A,IP61nv,6.0,61.8958,-6.875,N,61.8958,59.894,59.894,10,26585
OY1X,OY1X,True,False,wsprnet_only,B,JO65,4.0,55.5,13.0,N,55.5,51.806,51.806,5,10
OY3HBL,OY3HBL,True,False,wsprnet_only,B,JO65,4.0,55.5,13.0,N,55.5,51.806,51.806,5,13
OY5T,OY5T,True,True,both,B,IP62,4.0,62.5,-7.0,N,62.5,60.593,60.593,4,863
OY8PJV,OY8PJV,True,False,wsprnet_only,B,JO64,4.0,54.5,13.0,N,54.5,50.661,50.661,7,11
OZ/DF1VB,DF1VB,True,True,both,B,JO54xq,6.0,54.6875,11.9583,N,54.6875,50.876,50.876,4,528
OZ/DL3IKE,DL3IKE,True,False,wsprnet_only,B,JO32br,6.0,52.7292,6.125,N,52.7292,48.592,48.592,3,31
OZ/DO1BCK,DO1BCK,True,True,both,B,JO46gt,6.0,56.8125,8.5417,N,56.8125,53.349,53.349,3,384
OZ/PD0SOT,PD0SOT,True,True,both,B,JO46eq,6.0,56.6875,8.375,N,56.6875,53.208,53.208,3,576
OZ0AJ,OZ0AJ,True,True,both,A,JO45,4.0,55.5,9.0,N,55.5,51.829,51.829,305,277146
OZ0AP,OZ0AP,True,True,both,B,JO65eg,6.0,55.2708,12.375,N,55.2708,51.545,51.545,9,561
OZ0Q,OZ0Q,True,True,both,A,JO65ck,6.0,55.4375,12.2083,N,55.4375,51.736,51.736,37,3931
OZ0RF,OZ0RF,True,True,both,B,JO65,4.0,55.5,13.0,N,55.5,51.806,51.806,395,131629
OZ0RVV,OZ0RVV,True,False,wsprnet_only,A,JO65,4.0,55.5,13.0,N,55.5,51.806,51.806,18,30
OZ1AAB,OZ1AAB,True,True,both,A,JO65cs,6.0,55.7708,12.2083,N,55.7708,52.117,52.117,233,610394
OZ1BFM,OZ1BFM,True,True,both,B,JO65,4.0,55.5,13.0,N,55.5,51.806,51.806,5,478
OZ1BHI,OZ1BHI,True,True,both,B,JO65eq,6.0,55.6875,12.375,N,55.6875,52.021,52.021,3,5252
OZ1BXM,OZ1BXM,True,True,both,B,JO46gi,6.0,56.3542,8.5417,N,56.3542,52.822,52.822,8,1230
OZ1BZS,OZ1BZS,True,True,both,A,JO46,4.0,56.5,9.0,N,56.5,52.983,52.983,195,301455
OZ1CE,OZ1CE,True,True,both,B,JO45,4.0,55.5,9.0,N,55.5,51.829,51.829,5,8202
OZ1DEO,OZ1DEO,True,True,both,A,JO55vs,6.0,55.7708,11.7917,N,55.7708,52.119,52.119,351,2194288
OZ1EM,OZ1EM,True,True,both,A,JO45fo,6.0,55.6042,8.4583,N,55.6042,51.956,51.956,14,11428
OZ1FJB,OZ1FJB,True,True,both,B,JO55si,6.0,55.3542,11.5417,N,55.3542,51.643,51.643,3,55860
OZ1GI,OZ1GI,True,True,both,A,JO45tn,6.0,55.5625,9.625,N,55.5625,51.896,51.896,10,49915
OZ1GIN,OZ1GIN,True,True,both,B,JO65ho,6.0,55.6042,12.625,N,55.6042,51.925,51.925,7,4695
OZ1IDG,OZ1IDG,True,True,both,A,JO65bg,6.0,55.2708,12.125,N,55.2708,51.546,51.546,125,520840
OZ1IPH,OZ1IPH,True,True,both,B,JO57,4.0,57.5,11.0,N,57.5,54.095,54.095,5,304
OZ1JIT,OZ1JIT,True,True,both,A,JO56bc,6.0,56.1042,10.125,N,56.1042,52.514,52.514,30,4587
OZ1KVB,OZ1KVB,True,True,both,A,JO44vv,6.0,54.8958,9.7917,N,54.8958,51.123,51.123,209,18018
OZ1LFI,OZ1LFI,True,True,both,B,JO47xa,6.0,57.0208,9.9583,N,57.0208,53.565,53.565,3,4706
OZ1LNJ,OZ1LNJ,True,True,both,A,JO65gx,6.0,55.9792,12.5417,N,55.9792,52.353,52.353,22,1678
OZ1PEO,OZ1PEO,True,True,both,B,JO65fq,6.0,55.6875,12.4583,N,55.6875,52.021,52.021,133,108367
OZ1SDB,OZ1SDB,True,True,both,A,JO44tx,6.0,54.9792,9.625,N,54.9792,51.221,51.221,200,81005
OZ1TDK,OZ1TDK,True,True,both,A,JO65,4.0,55.5,13.0,N,55.5,51.806,51.806,20,14247
OZ1WX,OZ1WX,True,True,both,B,JO55,4.0,55.5,11.0,N,55.5,51.813,51.813,6,65492
OZ2GCG,OZ2GCG,True,False,wsprnet_only,A,JO65,4.0,55.5,13.0,N,55.5,51.806,51.806,12,17
OZ2JBR,OZ2JBR,True,True,both,A,JO65di,6.0,55.3542,12.2917,N,55.3542,51.641,51.641,395,3332396
OZ2OU,OZ2OU,True,True,both,A,JO57gk,6.0,57.4375,10.5417,N,57.4375,54.031,54.031,11,12608
OZ3TEK,OZ3TEK,True,True,both,B,JO55om,6.0,55.5208,11.2083,N,55.5208,51.836,51.836,5,210
OZ4EA,OZ4EA,True,True,both,B,JO65gx,6.0,55.9792,12.5417,N,55.9792,52.353,52.353,16,8885
OZ4JJ,OZ4JJ,True,True,both,B,JO56bc,6.0,56.1042,10.125,N,56.1042,52.514,52.514,385,175142
OZ4OA,OZ4OA,True,True,both,A,JO65eq,6.0,55.6875,12.375,N,55.6875,52.021,52.021,83,237351
OZ4PAT,OZ4PAT,True,True,both,B,IO42,4.0,52.5,-11.0,N,52.5,48.94,48.94,8,333
OZ5ACI,OZ5ACI,True,True,both,A,JO66ca,6.0,56.0208,12.2083,N,56.0208,52.402,52.402,75,128124
OZ5NYV,OZ5NYV,True,True,both,A,JO55,4.0,55.5,11.0,N,55.5,51.813,51.813,20,135353
OZ5XE,OZ5XE,True,True,both,A,JO47uf,6.0,57.2292,9.7083,N,57.2292,53.807,53.807,12,677
OZ6QG,OZ6QG,True,True,both,B,JO65es,6.0,55.7708,12.375,N,55.7708,52.117,52.117,18,5788
OZ6QG/1,OZ6QG,True,True,both,B,JO65es,6.0,55.7708,12.375,N,55.7708,52.117,52.117,8,3113
OZ6YK,OZ6YK,True,True,both,B,JO46qk,6.0,56.4375,9.375,N,56.4375,52.906,52.906,16,15614
OZ7BCB,OZ7BCB,True,True,both,B,JO65,4.0,55.5,13.0,N,55.5,51.806,51.806,8,23
OZ7GCS,OZ7GCS,True,True,both,A,JO65,4.0,55.5,13.0,N,55.5,51.806,51.806,110,184
OZ7GZ,OZ7GZ,True,True,both,A,JO45ol,6.0,55.4792,9.2083,N,55.4792,51.803,51.803,20,58262
OZ7HAM,OZ7HAM,True,True,both,A,JO65ck,6.0,55.4375,12.2083,N,55.4375,51.736,51.736,37,4526
OZ7IT,OZ7IT,True,True,both,A,JO65df,6.0,55.2292,12.2917,N,55.2292,51.497,51.497,395,9714171
OZ7LM,OZ7LM,True,True,both,B,JO44,4.0,54.5,9.0,N,54.5,50.667,50.667,8,31047
OZ7NV,OZ7NV,True,True,both,B,JO44vv,6.0,54.8958,9.7917,N,54.8958,51.123,51.123,6,5595
OZ7TA,OZ7TA,True,True,both,A,JO65,4.0,55.5,13.0,N,55.5,51.806,51.806,15,30289
OZ7TLH,OZ7TLH,True,True,both,B,JO56,4.0,56.5,11.0,N,56.5,52.958,52.958,7,2158
OZ7ZWP,OZ7ZWP,True,False,wsprnet_only,B,JO65,4.0,55.5,13.0,N,55.5,51.806,51.806,8,12
OZ8MS,OZ8MS,True,True,both,B,JO55,4.0,55.5,11.0,N,55.5,51.813,51.813,7,15145
OZ8PZ,OZ8PZ,True,True,both,A,JO47,4.0,57.5,9.0,N,57.5,54.128,54.128,394,1087418
OZ8WSP,OZ8WSP,True,True,both,A,JO57,4.0,57.5,11.0,N,57.5,54.095,54.095,364,1732804
OZ8XUC,OZ8XUC,True,True,both,A,JO65,4.0,55.5,13.0,N,55.5,51.806,51.806,33,51
OZ9ACF,OZ9ACF,True,True,both,A,JO65bi,6.0,55.3542,12.125,N,55.3542,51.641,51.641,298,1803151
OZ9CD,OZ9CD,True,True,both,A,JO65,4.0,55.5,13.0,N,55.5,51.806,51.806,11,6460
OZ9JEP,OZ9JEP,True,True,both,A,JO65an,6.0,55.5625,12.0417,N,55.5625,51.88,51.88,93,76126
P1PPO,P1PPO,True,True,both,B,JN44,4.0,44.5,9.0,N,44.5,38.484,38.484,39,9828
P59FBK,P59FBK,True,True,both,A,DP20,4.0,60.5,-115.0,N,60.5,66.42,66.42,15,32
P83DWV,P83DWV,True,True,both,B,JO33,4.0,53.5,7.0,N,53.5,49.504,49.504,3,20
PA0A,PA0A,True,True,both,A,JO33de,6.0,53.1875,6.2917,N,53.1875,49.138,49.138,31,5690
PA0ANH,PA0ANH,True,True,both,A,JO22lh,6.0,52.3125,4.9583,N,52.3125,48.099,48.099,363,3264415
PA0ANT,PA0ANT,True,True,both,B,JO31,4.0,51.5,7.0,N,51.5,47.114,47.114,4,521
PA0APR,PA0APR,True,True,both,B,JO22lp,6.0,52.6458,4.9583,N,52.6458,48.5,48.5,51,22055
PA0ARR,PA0ARR,True,True,both,B,JO21du,6.0,51.8542,4.2917,N,51.8542,47.548,47.548,11,15950
PA0ATB,PA0ATB,True,True,both,A,JO33kh,6.0,53.3125,6.875,N,53.3125,49.283,49.283,18,4670
PA0BDC,PA0BDC,True,True,both,A,JO22hi,6.0,52.3542,4.625,N,52.3542,48.151,48.151,118,68637
PA0BFO,PA0BFO,True,True,both,A,JO21mm,6.0,51.5208,5.0417,N,51.5208,47.139,47.139,31,25127
PA0BRO,PA0BRO,True,True,both,A,JO33hb,6.0,53.0625,6.625,N,53.0625,48.987,48.987,46,57037
PA0CWO,PA0CWO,True,True,both,B,JO22,4.0,52.5,5.0,N,52.5,48.324,48.324,4,3255
PA0DIG,PA0DIG,True,True,both,B,JO22hi,6.0,52.3542,4.625,N,52.3542,48.151,48.151,112,48727
PA0EMS,PA0EMS,True,True,both,B,JO33li,6.0,53.3542,6.9583,N,53.3542,49.332,49.332,148,1342721
PA0FNI,PA0FNI,True,True,both,A,JO21gx,6.0,51.9792,4.5417,N,51.9792,47.698,47.698,21,4299
PA0GAB,PA0GAB,True,True,both,B,JO33ge,6.0,53.1875,6.5417,N,53.1875,49.136,49.136,140,905711
PA0GHH,PA0GHH,True,True,both,A,JO22lj,6.0,52.3958,4.9583,N,52.3958,48.199,48.199,168,95986
PA0GKR,PA0GKR,True,True,both,B,JO22dc,6.0,52.1042,4.2917,N,52.1042,47.852,47.852,3,232
PA0GRU,PA0GRU,True,True,both,B,JO22,4.0,52.5,5.0,N,52.5,48.324,48.324,20,30138
PA0HAH,PA0HAH,True,True,both,B,JO33bg,6.0,53.2708,6.125,N,53.2708,49.239,49.239,4,75
PA0HEJ,PA0HEJ,True,True,both,A,JO31ix,6.0,51.9792,6.7083,N,51.9792,47.69,47.69,386,78562
PA0HNT,PA0HNT,True,True,both,B,JO31,4.0,51.5,7.0,N,51.5,47.114,47.114,3,236
PA0HPJ,PA0HPJ,True,True,both,B,JO22ih,6.0,52.3125,4.7083,N,52.3125,48.1,48.1,6,8087
PA0HV,PA0HV,True,True,both,B,JO21bu,6.0,51.8542,4.125,N,51.8542,47.55,47.55,133,547932
PA0IOT,PA0IOT,True,True,both,A,JO22jf,6.0,52.2292,4.7917,N,52.2292,47.999,47.999,15,5620
PA0JHS,PA0JHS,True,True,both,A,JO22kr,6.0,52.7292,4.875,N,52.7292,48.601,48.601,12,2409
PA0JOZ,PA0JOZ,True,True,both,B,JO22,4.0,52.5,5.0,N,52.5,48.324,48.324,5,1642
PA0JQD,PA0JQD,True,True,both,B,JO21bu,6.0,51.8542,4.125,N,51.8542,47.55,47.55,9,80111
PA0KDW,PA0KDW,True,True,both,B,JO22,4.0,52.5,5.0,N,52.5,48.324,48.324,5,416
PA0KN,PA0KN,True,True,both,A,JO21,4.0,51.5,5.0,N,51.5,47.114,47.114,20,382162
PA0KNW,PA0KNW,True,True,both,B,JO33md,6.0,53.1458,7.0417,N,53.1458,49.084,49.084,57,70909
PA0KVA,PA0KVA,True,True,both,B,JO33kc,6.0,53.1042,6.875,N,53.1042,49.035,49.035,8,11765
PA0KVC,PA0KVC,True,True,both,A,JO32,4.0,52.5,7.0,N,52.5,48.314,48.314,14,57882
PA0LKT,PA0LKT,True,True,both,B,JO22qe,6.0,52.1875,5.375,N,52.1875,47.945,47.945,5,2478
PA0LXQ,PA0LXQ,True,False,wsprnet_only,B,JL68,4.0,28.5,13.0,N,28.5,16.491,16.491,5,14
PA0MBO,PA0MBO,True,True,both,A,JO32ke,6.0,52.1875,6.875,N,52.1875,47.94,47.94,27,74838
PA0MIK,PA0MIK,True,True,both,A,JO32mu,6.0,52.8542,7.0417,N,52.8542,48.737,48.737,11,101453
PA0MLC,PA0MLC,True,True,both,B,JO31aw,6.0,51.9375,6.0417,N,51.9375,47.641,47.641,379,1097638
PA0O,PA0O,True,True,both,B,JO33hg,6.0,53.2708,6.625,N,53.2708,49.235,49.235,245,123876
PA0OCD/1,PA0OCD,True,True,both,B,JO22li,6.0,52.3542,4.9583,N,52.3542,48.149,48.149,168,49266
PA0OKC,PA0OKC,True,True,both,A,JO22gb,6.0,52.0625,4.5417,N,52.0625,47.799,47.799,209,382376
PA0OPC,PA0OPC,True,True,both,B,JO32,4.0,52.5,7.0,N,52.5,48.314,48.314,7,1417
PA0PJE,PA0PJE,True,True,both,A,JO22lj,6.0,52.3958,4.9583,N,52.3958,48.199,48.199,16,10828
PA0PPW,PA0PPW,True,True,both,A,JO21,4.0,51.5,5.0,N,51.5,47.114,47.114,342,1296661
PA0RBL,PA0RBL,True,True,both,B,JO32dm,6.0,52.5208,6.2917,N,52.5208,48.341,48.341,33,103797
PA0REM,PA0REM,True,True,both,B,JO21,4.0,51.5,5.0,N,51.5,47.114,47.114,3,1044
PA0RLM,PA0RLM,True,True,both,A,JO22pb,6.0,52.0625,5.2917,N,52.0625,47.795,47.795,18,12370
PA0RWT,PA0RWT,True,True,both,A,JO33lg,6.0,53.2708,6.9583,N,53.2708,49.233,49.233,83,67419
PA0RWT/2,PA0RWT,True,True,both,B,JO33lg,6.0,53.2708,6.9583,N,53.2708,49.233,49.233,6,4908
PA0SLT/7,PA0SLT,True,True,both,A,JO33kg,6.0,53.2708,6.875,N,53.2708,49.233,49.233,33,187108
PA0SLT/8,PA0SLT,True,True,both,B,JO33kg,6.0,53.2708,6.875,N,53.2708,49.233,49.233,4,27223
PA0SLT/9,PA0SLT,True,False,wsprnet_only,A,JO33kg,6.0,53.2708,6.875,N,53.2708,49.233,49.233,18,18162
PA0TDO,PA0TDO,True,True,both,A,JO32,4.0,52.5,7.0,N,52.5,48.314,48.314,27,164866
PA0VAB,PA0VAB,True,True,both,A,JO22lv,6.0,52.8958,4.9583,N,52.8958,48.801,48.801,23,2578
PA0WBZ,PA0WBZ,True,True,both,B,JO22,4.0,52.5,5.0,N,52.5,48.324,48.324,3,640
PA0WSK,PA0WSK,True,True,both,A,JO32df,6.0,52.2292,6.2917,N,52.2292,47.991,47.991,11,13535
PA0WV,PA0WV,True,True,both,A,JO22lh,6.0,52.3125,4.9583,N,52.3125,48.099,48.099,310,800689
PA0XAB,PA0XAB,True,True,both,A,JO32,4.0,52.5,7.0,N,52.5,48.314,48.314,74,203692
PA1ADR,PA1ADR,True,True,both,B,JO22iu,6.0,52.8542,4.7083,N,52.8542,48.753,48.753,95,136772
PA1APW,PA1APW,True,True,both,B,JO22fc,6.0,52.1042,4.4583,N,52.1042,47.85,47.85,6,5767
PA1AVL,PA1AVL,True,True,both,A,JO21fv,6.0,51.8958,4.4583,N,51.8958,47.598,47.598,10,8604
PA1BM,PA1BM,True,True,both,B,JO21kq,6.0,51.6875,4.875,N,51.6875,47.342,47.342,4,1171
PA1BMA,PA1BMA,True,True,both,A,JO32,4.0,52.5,7.0,N,52.5,48.314,48.314,33,1059
PA1CCX,PA1CCX,True,True,both,B,JO22fa,6.0,52.0208,4.4583,N,52.0208,47.749,47.749,24,830993
PA1CG,PA1CG,True,True,both,A,JO22db,6.0,52.0625,4.2917,N,52.0625,47.801,47.801,47,125136
PA1E,PA1E,True,True,both,B,JO22rb,6.0,52.0625,5.4583,N,52.0625,47.794,47.794,8,707
PA1EL,PA1EL,True,True,both,B,JO22oa,6.0,52.0208,5.2083,N,52.0208,47.745,47.745,127,126588
PA1ES,PA1ES,True,True,both,B,JO22xf,6.0,52.2292,5.9583,N,52.2292,47.993,47.993,9,1791
PA1HCB,PA1HCB,True,True,both,A,JO33hg,6.0,53.2708,6.625,N,53.2708,49.235,49.235,26,4315
PA1HJT,PA1HJT,True,True,both,B,JO22,4.0,52.5,5.0,N,52.5,48.324,48.324,5,254
PA1IZR,PA1IZR,True,True,both,A,JO21fp,6.0,51.6458,4.4583,N,51.6458,47.294,47.294,26,102938
PA1JCK,PA1JCK,True,True,both,A,JO21,4.0,51.5,5.0,N,51.5,47.114,47.114,395,1330927
PA1LCS,PA1LCS,True,True,both,B,JO22ih,6.0,52.3125,4.7083,N,52.3125,48.1,48.1,7,10190
PA1MBB,PA1MBB,True,True,both,B,JO32jg,6.0,52.2708,6.7917,N,52.2708,48.04,48.04,17,8609
PA1ML,PA1ML,True,True,both,A,JO22ec,6.0,52.1042,4.375,N,52.1042,47.851,47.851,18,14080
PA1MW,PA1MW,True,False,wsprnet_only,B,EL96al,6.0,26.4792,-81.9583,N,26.4792,35.976,35.976,49,269
PA1OSF,PA1OSF,True,True,both,A,JO22da,6.0,52.0208,4.2917,N,52.0208,47.751,47.751,347,378996
PA1PLM,PA1PLM,True,True,both,B,JO31ah,6.0,51.3125,6.0417,N,51.3125,46.885,46.885,3,538
PA1RED,PA1RED,True,True,both,B,JO33gh,6.0,53.3125,6.5417,N,53.3125,49.285,49.285,21,11141
PA1RVL,PA1RVL,True,True,both,B,JO32bc,6.0,52.1042,6.125,N,52.1042,47.842,47.842,68,519260
PA1SAM,PA1SAM,True,True,both,B,JO22hh,6.0,52.3125,4.625,N,52.3125,48.101,48.101,37,5187
PA1SDB,PA1SDB,True,True,both,B,JO33md,6.0,53.1458,7.0417,N,53.1458,49.084,49.084,53,196092
PA1SSB,PA1SSB,True,True,both,A,JO21lk,6.0,51.4375,4.9583,N,51.4375,47.038,47.038,21,31021
PA1TGI,PA1TGI,True,True,both,A,JO32iu,6.0,52.8542,6.7083,N,52.8542,48.738,48.738,20,20728
PA1TNO,PA1TNO,True,True,both,B,JO22li,6.0,52.3542,4.9583,N,52.3542,48.149,48.149,4,1373
PA1TW,PA1TW,True,True,both,A,JO32dx,6.0,52.9792,6.2917,N,52.9792,48.89,48.89,16,2500
PA1VHF,PA1VHF,True,True,both,B,JO32cd,6.0,52.1458,6.2083,N,52.1458,47.891,47.891,15,7280
PA1W,PA1W,True,True,both,B,JO21rj,6.0,51.3958,5.4583,N,51.3958,46.986,46.986,355,133786
PA1WBU,PA1WBU,True,True,both,A,JO21,4.0,51.5,5.0,N,51.5,47.114,47.114,24,66192
PA2A,PA2A,True,True,both,B,JO21bv,6.0,51.8958,4.125,N,51.8958,47.6,47.6,98,439505
PA2AGA,PA2AGA,True,True,both,B,JO22ca,6.0,52.0208,4.2083,N,52.0208,47.751,47.751,390,47426
PA2DIQ,PA2DIQ,True,False,wsprnet_only,B,JO21,4.0,51.5,5.0,N,51.5,47.114,47.114,8,13
PA2DKR,PA2DKR,True,True,both,B,JO22,4.0,52.5,5.0,N,52.5,48.324,48.324,5,690
PA2EAR,PA2EAR,True,False,wsprnet_only,B,IE03,4.0,-46.5,-19.0,S,46.5,-45.274,45.274,13,39
PA2ES,PA2ES,True,True,both,B,JO32lt,6.0,52.8125,6.9583,N,52.8125,48.687,48.687,6,7392
PA2FA,PA2FA,True,True,both,B,JO21ri,6.0,51.3542,5.4583,N,51.3542,46.936,46.936,9,20017
PA2GP,PA2GP,True,True,both,A,JO33hb,6.0,53.0625,6.625,N,53.0625,48.987,48.987,22,29799
PA2HGJ,PA2HGJ,True,True,both,A,JO22,4.0,52.5,5.0,N,52.5,48.324,48.324,23,45567
PA2HJK,PA2HJK,True,True,both,A,JO22hi,6.0,52.3542,4.625,N,52.3542,48.151,48.151,11,15729
PA2JH,PA2JH,True,True,both,B,JO22xk,6.0,52.4375,5.9583,N,52.4375,48.243,48.243,22,37356
PA2JWM,PA2JWM,True,True,both,B,JO22,4.0,52.5,5.0,N,52.5,48.324,48.324,130,305718
PA2KOP/H,PA2KOP,True,True,both,A,JO22fd,6.0,52.1458,4.4583,N,52.1458,47.901,47.901,127,1241550
PA2KOP/T,PA2KOP,True,True,both,B,JO22ge,6.0,52.1875,4.5417,N,52.1875,47.951,47.951,119,1049484
PA2L,PA2L,True,True,both,A,JO22,4.0,52.5,5.0,N,52.5,48.324,48.324,48,120407
PA2LO,PA2LO,True,True,both,B,JO22,4.0,52.5,5.0,N,52.5,48.324,48.324,48,5099
PA2MR,PA2MR,True,True,both,B,JO21fm,6.0,51.5208,4.4583,N,51.5208,47.142,47.142,4,1190
PA2PGU,PA2PGU,True,True,both,A,JO32,4.0,52.5,7.0,N,52.5,48.314,48.314,368,6519076
PA2PIM,PA2PIM,True,True,both,A,JO22na,6.0,52.0208,5.125,N,52.0208,47.745,47.745,10,11367
PA2REH,PA2REH,True,True,both,A,JO22fe,6.0,52.1875,4.4583,N,52.1875,47.951,47.951,395,433327
PA2RU,PA2RU,True,True,both,B,JO32lt,6.0,52.8125,6.9583,N,52.8125,48.687,48.687,45,24018
PA2SQ,PA2SQ,True,True,both,B,JO22tr,6.0,52.7292,5.625,N,52.7292,48.595,48.595,3,7368
PA2W,PA2W,True,True,both,A,JO22lf,6.0,52.2292,4.9583,N,52.2292,47.998,47.998,344,923263
PA2WDR,PA2WDR,True,True,both,B,JO21eu,6.0,51.8542,4.375,N,51.8542,47.548,47.548,5,4297
PA2WLE,PA2WLE,True,True,both,B,JO21tl,6.0,51.4792,5.625,N,51.4792,47.087,47.087,3,949
PA2WN,PA2WN,True,True,both,B,JO22,4.0,52.5,5.0,N,52.5,48.324,48.324,4,7271
PA2ZZ,PA2ZZ,True,True,both,B,JO21dx,6.0,51.9792,4.2917,N,51.9792,47.7,47.7,7,876
PA3AAO,PA3AAO,True,True,both,B,JO22us,6.0,52.7708,5.7083,N,52.7708,48.644,48.644,6,18236
PA3AKP,PA3AKP,True,True,both,A,JO22fd,6.0,52.1458,4.4583,N,52.1458,47.901,47.901,350,1144928
PA3ALF,PA3ALF,True,True,both,B,JO22hb,6.0,52.0625,4.625,N,52.0625,47.799,47.799,19,10081
PA3ALK,PA3ALK,True,True,both,B,JO21dv,6.0,51.8958,4.2917,N,51.8958,47.599,47.599,178,56117
PA3AMD,PA3AMD,True,True,both,A,JO22ec,6.0,52.1042,4.375,N,52.1042,47.851,47.851,18,18737
PA3AQR,PA3AQR,True,True,both,A,JO20xw,6.0,50.9375,5.9583,N,50.9375,46.429,46.429,279,397097
PA3ARI,PA3ARI,True,True,both,B,JO32cf,6.0,52.2292,6.2083,N,52.2292,47.992,47.992,20,57083
PA3AUM,PA3AUM,True,True,both,B,JO22pj,6.0,52.3958,5.2917,N,52.3958,48.197,48.197,5,1378
PA3AZX,PA3AZX,True,True,both,A,JO22qe,6.0,52.1875,5.375,N,52.1875,47.945,47.945,33,4620
PA3BBV,PA3BBV,True,True,both,B,JO22ui,6.0,52.3542,5.7083,N,52.3542,48.144,48.144,6,1560
PA3BCA,PA3BCA,True,True,both,A,JO21qv,6.0,51.8958,5.375,N,51.8958,47.593,47.593,37,15843
PA3BCN,PA3BCN,True,True,both,B,JO21,4.0,51.5,5.0,N,51.5,47.114,47.114,7,5848
PA3BDR,PA3BDR,True,True,both,B,JO22fe,6.0,52.1875,4.4583,N,52.1875,47.951,47.951,154,945265
PA3BIA,PA3BIA,True,True,both,B,JO21tl,6.0,51.4792,5.625,N,51.4792,47.087,47.087,4,2707
PA3BJV,PA3BJV,True,True,both,B,JO22,4.0,52.5,5.0,N,52.5,48.324,48.324,5,2855
PA3BKB,PA3BKB,True,True,both,B,JO21lt,6.0,51.8125,4.9583,N,51.8125,47.494,47.494,13,6057
PA3BKD,PA3BKD,True,True,both,B,JO21xw,6.0,51.9375,5.9583,N,51.9375,47.641,47.641,17,4352
PA3BPV,PA3BPV,True,True,both,B,JO21vr,6.0,51.7292,5.7917,N,51.7292,47.39,47.39,3,1209
PA3BQS,PA3BQS,True,True,both,A,JO32,4.0,52.5,7.0,N,52.5,48.314,48.314,49,14594
PA3BTI,PA3BTI,True,True,both,A,JO22og,6.0,52.2708,5.2083,N,52.2708,48.047,48.047,109,667931
PA3BUL,PA3BUL,True,True,both,B,JO20xw,6.0,50.9375,5.9583,N,50.9375,46.429,46.429,15,7031
PA3BV,PA3BV,True,True,both,B,JO22ta,6.0,52.0208,5.625,N,52.0208,47.743,47.743,5,224
PA3BXR,PA3BXR,True,True,both,B,JO21hu,6.0,51.8542,4.625,N,51.8542,47.546,47.546,10,7867
PA3BYK,PA3BYK,True,True,both,A,JO22fa,6.0,52.0208,4.4583,N,52.0208,47.749,47.749,117,96243
PA3CMD,PA3CMD,True,True,both,B,JO32lx,6.0,52.9792,6.9583,N,52.9792,48.886,48.886,5,359
PA3CNO,PA3CNO,True,True,both,A,JO22gb,6.0,52.0625,4.5417,N,52.0625,47.799,47.799,154,548424
PA3CRX,PA3CRX,True,True,both,B,JO22ng,6.0,52.2708,5.125,N,52.2708,48.047,48.047,8,1488
PA3DPH,PA3DPH,True,True,both,A,JO11,4.0,51.5,3.0,N,51.5,47.127,47.127,21,3292
PA3DQ,PA3DQ,True,True,both,B,JO33le,6.0,53.1875,6.9583,N,53.1875,49.134,49.134,5,133
PA3DRL,PA3DRL,True,True,both,B,JO21ps,6.0,51.7708,5.2917,N,51.7708,47.442,47.442,4,1967
PA3DS,PA3DS,True,True,both,B,JO22,4.0,52.5,5.0,N,52.5,48.324,48.324,3,568
PA3DSC,PA3DSC,True,True,both,A,JO21sl,6.0,51.4792,5.5417,N,51.4792,47.088,47.088,379,839056
PA3DYC,PA3DYC,True,True,both,B,JO21wv,6.0,51.8958,5.875,N,51.8958,47.591,47.591,3,1400
PA3DZA,PA3DZA,True,True,both,B,JO31bl,6.0,51.4792,6.125,N,51.4792,47.087,47.087,6,3639
PA3ECT,PA3ECT,True,True,both,B,JO22tf,6.0,52.2292,5.625,N,52.2292,47.994,47.994,8,26586
PA3EDR,PA3EDR,True,True,both,B,JO32cf,6.0,52.2292,6.2083,N,52.2292,47.992,47.992,292,932143
PA3EDR/C,PA3EDR,True,True,both,A,JO32cf,6.0,52.2292,6.2083,N,52.2292,47.992,47.992,20,3770
PA3EDR/G,PA3EDR,True,True,both,B,JO32cf,6.0,52.2292,6.2083,N,52.2292,47.992,47.992,375,2148721
PA3EDR/T,PA3EDR,True,True,both,A,JO32cf,6.0,52.2292,6.2083,N,52.2292,47.992,47.992,82,531996
PA3EEP,PA3EEP,True,True,both,A,JO22ja,6.0,52.0208,4.7917,N,52.0208,47.747,47.747,190,587403
PA3EM,PA3EM,True,True,both,B,JO32kf,6.0,52.2292,6.875,N,52.2292,47.99,47.99,3,733
PA3EOZ,PA3EOZ,True,True,both,B,JO32dx,6.0,52.9792,6.2917,N,52.9792,48.89,48.89,3,731
PA3ESS,PA3ESS,True,True,both,B,JO22xk,6.0,52.4375,5.9583,N,52.4375,48.243,48.243,5,963
PA3EVZ,PA3EVZ,True,True,both,A,JO22hb,6.0,52.0625,4.625,N,52.0625,47.799,47.799,12,45457
PA3EWG,PA3EWG,True,True,both,A,JO21rk,6.0,51.4375,5.4583,N,51.4375,47.037,47.037,14,8280
PA3EYH,PA3EYH,True,True,both,B,JO21ox,6.0,51.9792,5.2083,N,51.9792,47.694,47.694,222,221170
PA3EYM,PA3EYM,True,True,both,A,JO22fb,6.0,52.0625,4.4583,N,52.0625,47.8,47.8,14,5190
PA3FAS,PA3FAS,True,True,both,B,JO32ed,6.0,52.1458,6.375,N,52.1458,47.891,47.891,7,5375
PA3FEX,PA3FEX,True,True,both,B,JO32dm,6.0,52.5208,6.2917,N,52.5208,48.341,48.341,68,456917
PA3FGK,PA3FGK,True,True,both,A,JO21,4.0,51.5,5.0,N,51.5,47.114,47.114,42,250755
PA3FGK/2,PA3FGK,True,True,both,A,JO21,4.0,51.5,5.0,N,51.5,47.114,47.114,24,652
PA3FIS,PA3FIS,True,True,both,B,JO22sa,6.0,52.0208,5.5417,N,52.0208,47.743,47.743,3,508
PA3FIW,PA3FIW,True,True,both,A,JO22,4.0,52.5,5.0,N,52.5,48.324,48.324,109,11059
PA3FNT,PA3FNT,True,True,both,B,JO22ur,6.0,52.7292,5.7083,N,52.7292,48.594,48.594,3,129
PA3FPG,PA3FPG,True,False,wsprnet_only,B,JO21rk,6.0,51.4375,5.4583,N,51.4375,47.037,47.037,4,95
PA3FRV,PA3FRV,True,True,both,B,JO23rf,6.0,53.2292,5.4583,N,53.2292,49.195,49.195,3,1474
PA3FSY,PA3FSY,True,True,both,A,JO21hp,6.0,51.6458,4.625,N,51.6458,47.293,47.293,394,310726
PA3FTJ,PA3FTJ,True,True,both,B,JO22xt,6.0,52.8125,5.9583,N,52.8125,48.693,48.693,3,126
PA3FUA,PA3FUA,True,True,both,B,JO21ut,6.0,51.8125,5.7083,N,51.8125,47.491,47.491,7,69296
PA3FUJ,PA3FUJ,True,True,both,B,JO33ei,6.0,53.3542,6.375,N,53.3542,49.336,49.336,29,8404
PA3FWA,PA3FWA,True,True,both,B,JO22kt,6.0,52.8125,4.875,N,52.8125,48.701,48.701,3,1718
PA3FXT,PA3FXT,True,True,both,B,JO33ig,6.0,53.2708,6.7083,N,53.2708,49.234,49.234,5,9998
PA3G,PA3G,True,True,both,B,JO33,4.0,53.5,7.0,N,53.5,49.504,49.504,7,19096
PA3GBV,PA3GBV,True,True,both,B,JO21sk,6.0,51.4375,5.5417,N,51.4375,47.037,47.037,5,255
PA3GBY,PA3GBY,True,True,both,A,JO22iw,6.0,52.9375,4.7083,N,52.9375,48.853,48.853,36,7119
PA3GDY,PA3GDY,True,True,both,A,JO21rx,6.0,51.9792,5.4583,N,51.9792,47.693,47.693,54,362918
PA3GEO,PA3GEO,True,True,both,B,JO21cj,6.0,51.3958,4.2083,N,51.3958,46.99,46.99,68,34221
PA3GET,PA3GET,True,True,both,A,JO33ge,6.0,53.1875,6.5417,N,53.1875,49.136,49.136,78,24591
PA3GFE,PA3GFE,True,True,both,B,JO21rk,6.0,51.4375,5.4583,N,51.4375,47.037,47.037,6,6083
PA3GHJ,PA3GHJ,True,True,both,B,JO22fb,6.0,52.0625,4.4583,N,52.0625,47.8,47.8,123,50964
PA3GHQ,PA3GHQ,True,True,both,B,JO21lt,6.0,51.8125,4.9583,N,51.8125,47.494,47.494,182,177900
PA3GLH,PA3GLH,True,True,both,B,JO22qa,6.0,52.0208,5.375,N,52.0208,47.744,47.744,6,6710
PA3GNZ,PA3GNZ,True,True,both,B,JO22nb,6.0,52.0625,5.125,N,52.0625,47.795,47.795,118,53123
PA3GOC,PA3GOC,True,True,both,B,JO20wx,6.0,50.9792,5.875,N,50.9792,46.48,46.48,3,48
PA3GPA,PA3GPA,True,True,both,A,JO22hj,6.0,52.3958,4.625,N,52.3958,48.202,48.202,14,16155
PA3GSH,PA3GSH,True,True,both,A,JO31au,6.0,51.8542,6.0417,N,51.8542,47.54,47.54,129,802007
PA3GSV,PA3GSV,True,True,both,B,JO22hc,6.0,52.1042,4.625,N,52.1042,47.849,47.849,6,4805
PA3GYQ,PA3GYQ,True,True,both,B,JO21ev,6.0,51.8958,4.375,N,51.8958,47.598,47.598,6,4786
PA3HAW,PA3HAW,True,True,both,A,JO31af,6.0,51.2292,6.0417,N,51.2292,46.784,46.784,17,27940
PA3HBO,PA3HBO,True,True,both,A,JO32ks,6.0,52.7708,6.875,N,52.7708,48.638,48.638,73,395058
PA3HBY,PA3HBY,True,True,both,B,JO21tl,6.0,51.4792,5.625,N,51.4792,47.087,47.087,16,45212
PA3HEA,PA3HEA,True,True,both,B,JO22gb,6.0,52.0625,4.5417,N,52.0625,47.799,47.799,47,132341
PA3HFN,PA3HFN,True,True,both,B,JO21ox,6.0,51.9792,5.2083,N,51.9792,47.694,47.694,8,1068
PA3HIJ,PA3HIJ,True,True,both,B,JO22hl,6.0,52.4792,4.625,N,52.4792,48.302,48.302,3,1990
PA3J,PA3J,True,True,both,A,JO33lf,6.0,53.2292,6.9583,N,53.2292,49.183,49.183,130,192478
PA3JDB,PA3JDB,True,True,both,B,JO22pc,6.0,52.1042,5.2917,N,52.1042,47.845,47.845,6,1559
PA3JWC,PA3JWC,True,True,both,A,JO21px,6.0,51.9792,5.2917,N,51.9792,47.694,47.694,21,12381
PA3JWS,PA3JWS,True,True,both,B,JO30av,6.0,50.8958,6.0417,N,50.8958,46.379,46.379,74,22689
PA3KUS,PA3KUS,True,True,both,A,JO22hi,6.0,52.3542,4.625,N,52.3542,48.151,48.151,46,10826
PA3MKD,PA3MKD,True,True,both,B,JO22wk,6.0,52.4375,5.875,N,52.4375,48.243,48.243,6,344
PA3MVD,PA3MVD,True,True,both,A,JO32gr,6.0,52.7292,6.5417,N,52.7292,48.59,48.59,38,69224
PA3SK,PA3SK,True,True,both,B,JO21wc,6.0,51.1042,5.875,N,51.1042,46.632,46.632,144,49966
PA3U,PA3U,True,True,both,B,JO32bl,6.0,52.4792,6.125,N,52.4792,48.292,48.292,3,151
PA3VDK,PA3VDK,True,True,both,A,JO21dx,6.0,51.9792,4.2917,N,51.9792,47.7,47.7,278,253195
PA4AJ,PA4AJ,True,True,both,A,JO22fe,6.0,52.1875,4.4583,N,52.1875,47.951,47.951,10,2657
PA4ALF,PA4ALF,True,True,both,A,JO21ul,6.0,51.4792,5.7083,N,51.4792,47.087,47.087,11,24275
PA4COR,PA4COR,True,True,both,B,JO21,4.0,51.5,5.0,N,51.5,47.114,47.114,12,487
PA4F,PA4F,True,True,both,A,JO22,4.0,52.5,5.0,N,52.5,48.324,48.324,14,102333
PA4J,PA4J,True,True,both,A,JO11sk,6.0,51.4375,3.5417,N,51.4375,47.046,47.046,11,4705
PA4PGU,PA4PGU,True,True,both,B,JO21xq,6.0,51.6875,5.9583,N,51.6875,47.339,47.339,7,1416
PA4Q,PA4Q,True,True,both,A,JN19qb,6.0,49.0625,3.375,N,49.0625,44.105,44.105,17,117768
PA4VB,PA4VB,True,True,both,B,JO22db,6.0,52.0625,4.2917,N,52.0625,47.801,47.801,5,5266
PA5AV,PA5AV,True,True,both,A,JO21pu,6.0,51.8542,5.2917,N,51.8542,47.543,47.543,36,34862
PA5BAS,PA5BAS,True,True,both,A,JO21ku,6.0,51.8542,4.875,N,51.8542,47.545,47.545,10,4173
PA5BS,PA5BS,True,True,both,B,JO21gw,6.0,51.9375,4.5417,N,51.9375,47.648,47.648,126,292960
PA5CA,PA5CA,True,True,both,A,JO32cd,6.0,52.1458,6.2083,N,52.1458,47.891,47.891,349,3045253
PA5DT,PA5DT,True,True,both,B,JO22lj,6.0,52.3958,4.9583,N,52.3958,48.199,48.199,7,23597
PA5EF,PA5EF,True,True,both,B,JO22ur,6.0,52.7292,5.7083,N,52.7292,48.594,48.594,6,1052
PA5EM,PA5EM,True,True,both,B,JO22ki,6.0,52.3542,4.875,N,52.3542,48.149,48.149,15,586
PA5GB,PA5GB,True,True,both,A,JO33kd,6.0,53.1458,6.875,N,53.1458,49.085,49.085,17,55547
PA5GV,PA5GV,True,True,both,B,JO22qe,6.0,52.1875,5.375,N,52.1875,47.945,47.945,3,99
PA5MB,PA5MB,True,True,both,A,JO21hn,6.0,51.5625,4.625,N,51.5625,47.192,47.192,36,53582
PA5MR,PA5MR,True,True,both,A,JO32dj,6.0,52.3958,6.2917,N,52.3958,48.192,48.192,21,23544
PA5NN,PA5NN,True,True,both,B,JO22,4.0,52.5,5.0,N,52.5,48.324,48.324,7,4758
PA5OXW,PA5OXW,True,True,both,A,JO20vv,6.0,50.8958,5.7917,N,50.8958,46.378,46.378,10,153213
PA5TG,PA5TG,True,True,both,B,JO22hk,6.0,52.4375,4.625,N,52.4375,48.252,48.252,4,1943
PA6E,PA6E,True,True,both,B,JO22,4.0,52.5,5.0,N,52.5,48.324,48.324,3,152
PA6MVL,PA6MVL,True,True,both,B,JO33,4.0,53.5,7.0,N,53.5,49.504,49.504,3,7795
PA6RCG/J,PA6RCG,True,True,both,B,JO22od,6.0,52.1458,5.2083,N,52.1458,47.896,47.896,3,275
PA7AL,PA7AL,True,True,both,B,JO23vg,6.0,53.2708,5.7917,N,53.2708,49.242,49.242,8,14522
PA7BIZ,PA7BIZ,True,False,wsprnet_only,A,JO23,4.0,53.5,5.0,N,53.5,49.524,49.524,20,36
PA7BS,PA7BS,True,True,both,B,JO22gd,6.0,52.1458,4.5417,N,52.1458,47.9,47.9,5,1758
PA7DW,PA7DW,True,True,both,B,JO30av,6.0,50.8958,6.0417,N,50.8958,46.379,46.379,71,13928
PA7ED,PA7ED,True,True,both,B,JO22dc,6.0,52.1042,4.2917,N,52.1042,47.852,47.852,35,201148
PA7EY,PA7EY,True,True,both,B,JO22oi,6.0,52.3542,5.2083,N,52.3542,48.147,48.147,6,897
PA7KG,PA7KG,True,True,both,B,JO21bx,6.0,51.9792,4.125,N,51.9792,47.701,47.701,5,30577
PA7R,PA7R,True,True,both,B,JO33ga,6.0,53.0208,6.5417,N,53.0208,48.938,48.938,5,4418
PA7RW,PA7RW,True,True,both,B,JO22kp,6.0,52.6458,4.875,N,52.6458,48.501,48.501,3,245
PA7SL,PA7SL,True,True,both,B,JO32ba,6.0,52.0208,6.125,N,52.0208,47.741,47.741,4,325
PA8D,PA8D,True,True,both,B,JO21jx,6.0,51.9792,4.7917,N,51.9792,47.697,47.697,29,48768
PA8E,PA8E,True,True,both,B,JO22qd,6.0,52.1458,5.375,N,52.1458,47.895,47.895,17,15439
PA8JDG,PA8JDG,True,True,both,A,JO23we,6.0,53.1875,5.875,N,53.1875,49.141,49.141,18,20355
PA9E,PA9E,True,True,both,A,JO32ed,6.0,52.1458,6.375,N,52.1458,47.891,47.891,24,36191
PA9HK,PA9HK,True,True,both,B,JO22iq,6.0,52.6875,4.7083,N,52.6875,48.553,48.553,9,1933
PA9HR,PA9HR,True,True,both,B,JO22da,6.0,52.0208,4.2917,N,52.0208,47.751,47.751,7,23461
PA9KB,PA9KB,True,True,both,B,JO32,4.0,52.5,7.0,N,52.5,48.314,48.314,3,21994
PA9M,PA9M,True,True,both,A,JO32kh,6.0,52.3125,6.875,N,52.3125,48.09,48.09,27,50571
PA9MD,PA9MD,True,True,both,A,JO21,4.0,51.5,5.0,N,51.5,47.114,47.114,395,197240
PA9MWO,PA9MWO,True,True,both,B,JO22,4.0,52.5,5.0,N,52.5,48.324,48.324,29,4346
PA9SBX,PA9SBX,True,True,both,B,JO21vm,6.0,51.5208,5.7917,N,51.5208,47.138,47.138,3,2129
PA9T,PA9T,True,True,both,B,JO22ka,6.0,52.0208,4.875,N,52.0208,47.746,47.746,4,2549
PA9WW,PA9WW,True,True,both,B,JO21dx,6.0,51.9792,4.2917,N,51.9792,47.7,47.7,29,4504
PB0AIA,PB0AIA,True,True,both,A,JO21,4.0,51.5,5.0,N,51.5,47.114,47.114,38,7945
PB0AJQ,PB0AJQ,True,True,both,A,JO32gc,6.0,52.1042,6.5417,N,52.1042,47.841,47.841,14,19998
PB0AKY,PB0AKY,True,True,both,B,JO22md,6.0,52.1458,5.0417,N,52.1458,47.897,47.897,3,3292
PB2GT,PB2GT,True,True,both,A,JO22rd,6.0,52.1458,5.4583,N,52.1458,47.894,47.894,385,1486219
PB4H,PB4H,True,True,both,B,JO22,4.0,52.5,5.0,N,52.5,48.324,48.324,4,266
PB4PT,PB4PT,True,True,both,B,JO21sj,6.0,51.3958,5.5417,N,51.3958,46.986,46.986,4,1608
PB5A,PB5A,True,True,both,A,JO11wl,6.0,51.4792,3.875,N,51.4792,47.094,47.094,14,16449
PB7Z,PB7Z,True,True,both,B,JO32iu,6.0,52.8542,6.7083,N,52.8542,48.738,48.738,3,4605
PC0A,PC0A,True,True,both,B,JO32je,6.0,52.1875,6.7917,N,52.1875,47.94,47.94,10,1902
PC0H,PC0H,True,True,both,B,JO22ti,6.0,52.3542,5.625,N,52.3542,48.145,48.145,3,720
PC1CP,PC1CP,True,True,both,B,JO33jd,6.0,53.1458,6.7917,N,53.1458,49.085,49.085,7,2345
PC2A,PC2A,True,True,both,B,JO21ev,6.0,51.8958,4.375,N,51.8958,47.598,47.598,13,109194
PC2F,PC2F,True,True,both,B,JO22qe,6.0,52.1875,5.375,N,52.1875,47.945,47.945,4,10078
PC2JPF,PC2JPF,True,True,both,B,JO21ew,6.0,51.9375,4.375,N,51.9375,47.649,47.649,5,7840
PC3M,PC3M,True,True,both,B,JO22qe,6.0,52.1875,5.375,N,52.1875,47.945,47.945,5,3814
PC4H,PC4H,True,True,both,A,JO22ih,6.0,52.3125,4.7083,N,52.3125,48.1,48.1,20,233262
PC4L,PC4L,True,True,both,B,JO11vl,6.0,51.4792,3.7917,N,51.4792,47.095,47.095,3,45
PC4N,PC4N,True,True,both,B,JO21it,6.0,51.8125,4.7083,N,51.8125,47.495,47.495,3,69
PC4T,PC4T,True,True,both,A,JO22io,6.0,52.6042,4.7083,N,52.6042,48.452,48.452,294,3331641
PC7A,PC7A,True,True,both,A,JO33bg,6.0,53.2708,6.125,N,53.2708,49.239,49.239,91,102739
PC7E,PC7E,True,True,both,B,JO22xf,6.0,52.2292,5.9583,N,52.2292,47.993,47.993,8,2526
PC7H,PC7H,True,True,both,B,JO21es,6.0,51.7708,4.375,N,51.7708,47.446,47.446,3,581
PC7R,PC7R,True,True,both,A,JO22da,6.0,52.0208,4.2917,N,52.0208,47.751,47.751,16,697
PC8E,PC8E,True,True,both,A,JO22mh,6.0,52.3125,5.0417,N,52.3125,48.098,48.098,16,3702
PC8M,PC8M,True,True,both,B,JO21fw,6.0,51.9375,4.4583,N,51.9375,47.648,47.648,3,4308
PC9K,PC9K,True,True,both,B,JO22ca,6.0,52.0208,4.2083,N,52.0208,47.751,47.751,3,171
PD0ABA,PD0ABA,True,True,both,B,JO21,4.0,51.5,5.0,N,51.5,47.114,47.114,8,1483
PD0AG,PD0AG,True,True,both,B,JO32cd,6.0,52.1458,6.2083,N,52.1458,47.891,47.891,9,2606
PD0BKL,PD0BKL,True,True,both,A,JO33kc,6.0,53.1042,6.875,N,53.1042,49.035,49.035,15,3069
PD0CBL,PD0CBL,True,True,both,B,JO22id,6.0,52.1458,4.7083,N,52.1458,47.899,47.899,10,1245
PD0CQ,PD0CQ,True,True,both,A,JO21wg,6.0,51.2708,5.875,N,51.2708,46.834,46.834,19,3157
PD0FEW,PD0FEW,True,True,both,A,JO33ge,6.0,53.1875,6.5417,N,53.1875,49.136,49.136,28,19143
PD0FF,PD0FF,True,True,both,B,JO22hh,6.0,52.3125,4.625,N,52.3125,48.101,48.101,27,27326
PD0G,PD0G,True,True,both,B,JO21qe,6.0,51.1875,5.375,N,51.1875,46.733,46.733,6,995
PD0GO,PD0GO,True,True,both,B,JO22ti,6.0,52.3542,5.625,N,52.3542,48.145,48.145,3,7281
PD0GV,PD0GV,True,True,both,B,JO22da,6.0,52.0208,4.2917,N,52.0208,47.751,47.751,4,7060
PD0HF,PD0HF,True,True,both,B,JO22ir,6.0,52.7292,4.7083,N,52.7292,48.603,48.603,7,12131
PD0HNL,PD0HNL,True,True,both,A,JO21rv,6.0,51.8958,5.4583,N,51.8958,47.592,47.592,12,1726
PD0IDQ,PD0IDQ,True,True,both,B,JO22pb,6.0,52.0625,5.2917,N,52.0625,47.795,47.795,7,1968
PD0JEW,PD0JEW,True,True,both,B,JO22pe,6.0,52.1875,5.2917,N,52.1875,47.945,47.945,205,67551
PD0JSB,PD0JSB,True,True,both,A,JO21io,6.0,51.6042,4.7083,N,51.6042,47.242,47.242,16,20066
PD0KT,PD0KT,True,True,both,A,JO33,4.0,53.5,7.0,N,53.5,49.504,49.504,316,1071899
PD0LGM,PD0LGM,True,True,both,B,JO32dj,6.0,52.3958,6.2917,N,52.3958,48.192,48.192,18,3990
PD0MAN,PD0MAN,True,True,both,B,JO31,4.0,51.5,7.0,N,51.5,47.114,47.114,4,1400
PD0MDX,PD0MDX,True,True,both,B,JO21xb,6.0,51.0625,5.9583,N,51.0625,46.582,46.582,7,1634
PD0MJV,PD0MJV,True,True,both,B,JO22lm,6.0,52.5208,4.9583,N,52.5208,48.35,48.35,8,12734
PD0MNO,PD0MNO,True,True,both,B,JO22ia,6.0,52.0208,4.7083,N,52.0208,47.748,47.748,7,2803
PD0MOH,PD0MOH,True,True,both,A,JO21ew,6.0,51.9375,4.375,N,51.9375,47.649,47.649,18,822
PD0MOR,PD0MOR,True,True,both,B,JO22ff,6.0,52.2292,4.4583,N,52.2292,48.002,48.002,227,41286
PD0MSW,PD0MSW,True,True,both,B,JO22fa,6.0,52.0208,4.4583,N,52.0208,47.749,47.749,6,104
PD0MUV,PD0MUV,True,True,both,B,JO32ad,6.0,52.1458,6.0417,N,52.1458,47.892,47.892,13,82268
PD0NO,PD0NO,True,True,both,B,JO21sk,6.0,51.4375,5.5417,N,51.4375,47.037,47.037,7,11794
PD0OKP,PD0OKP,True,True,both,B,JO32,4.0,52.5,7.0,N,52.5,48.314,48.314,5,1000
PD0PET,PD0PET,True,True,both,B,JO32kw,6.0,52.9375,6.875,N,52.9375,48.837,48.837,6,3862
PD0PF,PD0PF,True,True,both,A,JO22gg,6.0,52.2708,4.5417,N,52.2708,48.051,48.051,345,2484511
PD0PGH,PD0PGH,True,True,both,B,JO21kv,6.0,51.8958,4.875,N,51.8958,47.595,47.595,6,10829
PD0PLL,PD0PLL,True,True,both,B,JO33gf,6.0,53.2292,6.5417,N,53.2292,49.186,49.186,3,375
PD0PNQ,PD0PNQ,True,True,both,A,JO21fo,6.0,51.6042,4.4583,N,51.6042,47.243,47.243,30,10117
PD0PRA,PD0PRA,True,True,both,B,JO22pr,6.0,52.7292,5.2917,N,52.7292,48.598,48.598,17,98756
PD0PVR,PD0PVR,True,True,both,A,JO21cm,6.0,51.5208,4.2083,N,51.5208,47.143,47.143,68,45447
PD0PZR,PD0PZR,True,True,both,B,JO21gw,6.0,51.9375,4.5417,N,51.9375,47.648,47.648,4,1624
PD0R,PD0R,True,True,both,B,JO22ed,6.0,52.1458,4.375,N,52.1458,47.901,47.901,5,10482
PD0RAA,PD0RAA,True,True,both,B,JO22wk,6.0,52.4375,5.875,N,52.4375,48.243,48.243,3,749
PD0RAY,PD0RAY,True,True,both,B,JO22jq,6.0,52.6875,4.7917,N,52.6875,48.552,48.552,5,708
PD0RLF,PD0RLF,True,True,both,B,JO22hh,6.0,52.3125,4.625,N,52.3125,48.101,48.101,109,128533
PD0RLH,PD0RLH,True,True,both,B,JO32,4.0,52.5,7.0,N,52.5,48.314,48.314,7,62338
PD0RLX,PD0RLX,True,True,both,A,JO11sl,6.0,51.4792,3.5417,N,51.4792,47.097,47.097,13,5941
PD0SDE,PD0SDE,True,True,both,B,JO22mb,6.0,52.0625,5.0417,N,52.0625,47.796,47.796,8,1503
PD0SOT,PD0SOT,True,True,both,B,JO22ob,6.0,52.0625,5.2083,N,52.0625,47.795,47.795,9,4490
PD0TDK,PD0TDK,True,True,both,B,JO21eu,6.0,51.8542,4.375,N,51.8542,47.548,47.548,91,50857
PD0VV,PD0VV,True,True,both,B,JO22pb,6.0,52.0625,5.2917,N,52.0625,47.795,47.795,22,15583
PD0WC,PD0WC,True,True,both,B,JO21ht,6.0,51.8125,4.625,N,51.8125,47.495,47.495,5,2048
PD0WIM,PD0WIM,True,True,both,A,JO33ed,6.0,53.1458,6.375,N,53.1458,49.088,49.088,13,40921
PD0ZA,PD0ZA,True,True,both,B,JO21gs,6.0,51.7708,4.5417,N,51.7708,47.445,47.445,5,1306
PD0ZZ,PD0ZZ,True,True,both,B,JO32jg,6.0,52.2708,6.7917,N,52.2708,48.04,48.04,4,1907
PD1ADA,PD1ADA,True,True,both,B,JO21sv,6.0,51.8958,5.5417,N,51.8958,47.592,47.592,7,4951
PD1AEA,PD1AEA,True,True,both,B,JO21wa,6.0,51.0208,5.875,N,51.0208,46.531,46.531,3,356
PD1AJJ,PD1AJJ,True,True,both,B,JO21ht,6.0,51.8125,4.625,N,51.8125,47.495,47.495,4,12751
PD1AKT,PD1AKT,True,True,both,B,JO22ta,6.0,52.0208,5.625,N,52.0208,47.743,47.743,89,34930
PD1BB,PD1BB,True,True,both,B,JO22tb,6.0,52.0625,5.625,N,52.0625,47.793,47.793,3,54
PD1BCL,PD1BCL,True,True,both,A,JO32cd,6.0,52.1458,6.2083,N,52.1458,47.891,47.891,186,510884
PD1BJO,PD1BJO,True,True,both,B,JO32ap,6.0,52.6458,6.0417,N,52.6458,48.492,48.492,42,17567
PD1BT,PD1BT,True,True,both,B,JO22na,6.0,52.0208,5.125,N,52.0208,47.745,47.745,8,867
PD1CDB,PD1CDB,True,True,both,B,JO32bw,6.0,52.9375,6.125,N,52.9375,48.841,48.841,7,545
PD1EG,PD1EG,True,True,both,B,JO22fc,6.0,52.1042,4.4583,N,52.1042,47.85,47.85,46,58437
PD1ESB,PD1ESB,True,True,both,B,JO23,4.0,53.5,5.0,N,53.5,49.524,49.524,59,491038
PD1GJH,PD1GJH,True,True,both,B,JO22mc,6.0,52.1042,5.0417,N,52.1042,47.846,47.846,4,75
PD1GS,PD1GS,True,True,both,A,JO32,4.0,52.5,7.0,N,52.5,48.314,48.314,26,1300
PD1HBR,PD1HBR,True,True,both,B,JO22hl,6.0,52.4792,4.625,N,52.4792,48.302,48.302,14,1132
PD1HTW,PD1HTW,True,True,both,A,JO32,4.0,52.5,7.0,N,52.5,48.314,48.314,19,34687
PD1JSH,PD1JSH,True,True,both,A,JO32dj,6.0,52.3958,6.2917,N,52.3958,48.192,48.192,24,3645
PD1MI,PD1MI,True,True,both,B,JO22qe,6.0,52.1875,5.375,N,52.1875,47.945,47.945,4,8890
PD1MM,PD1MM,True,True,both,A,JO22ea,6.0,52.0208,4.375,N,52.0208,47.75,47.75,13,19526
PD1NW,PD1NW,True,True,both,A,JO21cx,6.0,51.9792,4.2083,N,51.9792,47.701,47.701,34,108938
PD1PET,PD1PET,True,True,both,A,JO21vt,6.0,51.8125,5.7917,N,51.8125,47.491,47.491,25,1421
PD1RA,PD1RA,True,True,both,B,JO22xg,6.0,52.2708,5.9583,N,52.2708,48.043,48.043,3,674
PD1RE,PD1RE,True,True,both,A,JO22,4.0,52.5,5.0,N,52.5,48.324,48.324,367,3502440
PD1RNT,PD1RNT,True,True,both,B,JO33,4.0,53.5,7.0,N,53.5,49.504,49.504,3,597
PD1RVV,PD1RVV,True,True,both,B,JO22jp,6.0,52.6458,4.7917,N,52.6458,48.502,48.502,7,2676
PD1RWI,PD1RWI,True,True,both,B,JO21vt,6.0,51.8125,5.7917,N,51.8125,47.491,47.491,6,2013
PD1SCO,PD1SCO,True,False,wsprnet_only,B,JO22eb,6.0,52.0625,4.375,N,52.0625,47.801,47.801,4,31
PD1WDW,PD1WDW,True,True,both,B,JO22rd,6.0,52.1458,5.4583,N,52.1458,47.894,47.894,19,55046
PD1WOL,PD1WOL,True,True,both,A,JO22db,6.0,52.0625,4.2917,N,52.0625,47.801,47.801,41,13417
PD1Z,PD1Z,True,True,both,B,JO21ot,6.0,51.8125,5.2083,N,51.8125,47.493,47.493,3,1704
PD1ZC,PD1ZC,True,True,both,A,JO11,4.0,51.5,3.0,N,51.5,47.127,47.127,31,3820
PD2AHQ,PD2AHQ,True,True,both,A,JO22cb,6.0,52.0625,4.2083,N,52.0625,47.802,47.802,10,15577
PD2AM,PD2AM,True,True,both,A,JO21eu,6.0,51.8542,4.375,N,51.8542,47.548,47.548,52,77814
PD2BVG,PD2BVG,True,True,both,B,JO11un,6.0,51.5625,3.7083,N,51.5625,47.197,47.197,4,423
PD2HSB,PD2HSB,True,True,both,B,JO21mn,6.0,51.5625,5.0417,N,51.5625,47.19,47.19,3,5778
PD2I,PD2I,True,True,both,B,JO22oc,6.0,52.1042,5.2083,N,52.1042,47.845,47.845,78,9134
PD2JAN,PD2JAN,True,True,both,A,JO21io,6.0,51.6042,4.7083,N,51.6042,47.242,47.242,16,30259
PD2LEO,PD2LEO,True,True,both,B,JO21wr,6.0,51.7292,5.875,N,51.7292,47.39,47.39,67,181560
PD2PE,PD2PE,True,True,both,A,JO21fw,6.0,51.9375,4.4583,N,51.9375,47.648,47.648,23,78605
PD2RPS,PD2RPS,True,True,both,A,JO22vw,6.0,52.9375,5.7917,N,52.9375,48.843,48.843,13,34863
PD2ST,PD2ST,True,True,both,B,JO32lh,6.0,52.3125,6.9583,N,52.3125,48.09,48.09,4,225
PD2WR,PD2WR,True,True,both,B,JO22rb,6.0,52.0625,5.4583,N,52.0625,47.794,47.794,3,211
PD3AJ,PD3AJ,True,True,both,A,JO11,4.0,51.5,3.0,N,51.5,47.127,47.127,33,8531
PD3FR,PD3FR,True,True,both,B,JO22hm,6.0,52.5208,4.625,N,52.5208,48.353,48.353,5,673
PD3GDB,PD3GDB,True,True,both,B,JO22fe,6.0,52.1875,4.4583,N,52.1875,47.951,47.951,16,1045
PD3GS,PD3GS,True,True,both,B,JO21,4.0,51.5,5.0,N,51.5,47.114,47.114,7,16705
PD3RFR,PD3RFR,True,True,both,A,JO22md,6.0,52.1458,5.0417,N,52.1458,47.897,47.897,71,35050
PD3SAV,PD3SAV,True,True,both,B,JO22hb,6.0,52.0625,4.625,N,52.0625,47.799,47.799,7,543
PD4AJM,PD4AJM,True,True,both,A,JO21jo,6.0,51.6042,4.7917,N,51.6042,47.242,47.242,11,8797
PD4BA,PD4BA,True,True,both,B,JO22fd,6.0,52.1458,4.4583,N,52.1458,47.901,47.901,5,194
PD4BOR,PD4BOR,True,True,both,B,JO21kq,6.0,51.6875,4.875,N,51.6875,47.342,47.342,3,2254
PD4HS,PD4HS,True,True,both,B,JO32lf,6.0,52.2292,6.9583,N,52.2292,47.99,47.99,22,19563
PD4I,PD4I,True,True,both,B,JO22nc,6.0,52.1042,5.125,N,52.1042,47.846,47.846,15,25293
PD4JSE,PD4JSE,True,True,both,B,JO11xt,6.0,51.8125,3.9583,N,51.8125,47.5,47.5,8,1980
PD4MLS,PD4MLS,True,True,both,B,JO21ql,6.0,51.4792,5.375,N,51.4792,47.088,47.088,12,11322
PD4TK,PD4TK,True,True,both,B,JO22fe,6.0,52.1875,4.4583,N,52.1875,47.951,47.951,5,84
PD4VCC,PD4VCC,True,True,both,A,JO22,4.0,52.5,5.0,N,52.5,48.324,48.324,21,94987
PD4WAC,PD4WAC,True,True,both,A,JO22eb,6.0,52.0625,4.375,N,52.0625,47.801,47.801,33,29924
PD4YKM,PD4YKM,True,True,both,B,JO30au,6.0,50.8542,6.0417,N,50.8542,46.328,46.328,3,251
PD5BUS,PD5BUS,True,True,both,A,JO22qd,6.0,52.1458,5.375,N,52.1458,47.895,47.895,24,984
PD5DLB,PD5DLB,True,True,both,B,JO33jd,6.0,53.1458,6.7917,N,53.1458,49.085,49.085,5,20849
PD5GEA,PD5GEA,True,True,both,B,JO21bt,6.0,51.8125,4.125,N,51.8125,47.499,47.499,6,5927
PD5JH,PD5JH,True,True,both,A,JO32ba,6.0,52.0208,6.125,N,52.0208,47.741,47.741,38,2662
PD5LDB,PD5LDB,True,True,both,B,JO22ld,6.0,52.1458,4.9583,N,52.1458,47.897,47.897,8,3381
PD5MSV,PD5MSV,True,True,both,B,JO21fv,6.0,51.8958,4.4583,N,51.8958,47.598,47.598,55,5699
PD5RC,PD5RC,True,True,both,B,JO22,4.0,52.5,5.0,N,52.5,48.324,48.324,9,148220
PD5SH,PD5SH,True,True,both,B,JO11,4.0,51.5,3.0,N,51.5,47.127,47.127,6,793
PD5WA,PD5WA,True,True,both,B,JO22or,6.0,52.7292,5.2083,N,52.7292,48.598,48.598,8,3613
PD5WVE,PD5WVE,True,True,both,B,JO22kn,6.0,52.5625,4.875,N,52.5625,48.401,48.401,7,14472
PD7AT,PD7AT,True,True,both,B,JO32br,6.0,52.7292,6.125,N,52.7292,48.592,48.592,15,13355
PD7JV,PD7JV,True,True,both,B,JO21ew,6.0,51.9375,4.375,N,51.9375,47.649,47.649,7,4493
PD7MVZ,PD7MVZ,True,True,both,B,JO32,4.0,52.5,7.0,N,52.5,48.314,48.314,9,1498
PD7RON,PD7RON,True,True,both,B,JO22si,6.0,52.3542,5.5417,N,52.3542,48.145,48.145,5,1565
PD7RON/P,PD7RON,True,True,both,B,JO22si,6.0,52.3542,5.5417,N,52.3542,48.145,48.145,4,1500
PD7WSL,PD7WSL,True,True,both,B,JO23,4.0,53.5,5.0,N,53.5,49.524,49.524,3,1467
PD8GB,PD8GB,True,True,both,B,JO32cq,6.0,52.6875,6.2083,N,52.6875,48.541,48.541,266,666059
PD8GZ,PD8GZ,True,True,both,B,JO32gr,6.0,52.7292,6.5417,N,52.7292,48.59,48.59,7,1325
PD8MD,PD8MD,True,True,both,A,JO32fl,6.0,52.4792,6.4583,N,52.4792,48.291,48.291,32,5766
PD8ME,PD8ME,True,True,both,B,JO33,4.0,53.5,7.0,N,53.5,49.504,49.504,7,1306
PD9AS,PD9AS,True,True,both,B,JO22na,6.0,52.0208,5.125,N,52.0208,47.745,47.745,6,4207
PD9BTB,PD9BTB,True,True,both,B,JO32ig,6.0,52.2708,6.7083,N,52.2708,48.04,48.04,8,6900
PD9FDG,PD9FDG,True,True,both,A,JO21wx,6.0,51.9792,5.875,N,51.9792,47.692,47.692,27,52467
PD9FER,PD9FER,True,True,both,A,JO22oq,6.0,52.6875,5.2083,N,52.6875,48.548,48.548,166,1205268
PD9FJ,PD9FJ,True,True,both,A,JO22eb,6.0,52.0625,4.375,N,52.0625,47.801,47.801,10,14161
PD9JH,PD9JH,True,False,wsprnet_only,B,EM74gt,6.0,34.8125,-85.4583,N,34.8125,44.143,44.143,6,14
PD9KS,PD9KS,True,True,both,A,JO22,4.0,52.5,5.0,N,52.5,48.324,48.324,21,19317
PE0BKH,PE0BKH,True,True,both,A,JO32av,6.0,52.8958,6.0417,N,52.8958,48.792,48.792,351,89604
PE0CD,PE0CD,True,True,both,B,JO21tl,6.0,51.4792,5.625,N,51.4792,47.087,47.087,3,1155
PE0CWK,PE0CWK,True,True,both,A,JO23,4.0,53.5,5.0,N,53.5,49.524,49.524,47,38775
PE0F,PE0F,True,True,both,B,JO21tu,6.0,51.8542,5.625,N,51.8542,47.541,47.541,4,14706
PE0MVJ,PE0MVJ,True,True,both,A,JO32cd,6.0,52.1458,6.2083,N,52.1458,47.891,47.891,56,192525
PE0RDM,PE0RDM,True,True,both,B,JO30av,6.0,50.8958,6.0417,N,50.8958,46.379,46.379,5,16027
PE1ADY,PE1ADY,True,True,both,A,JO22wn,6.0,52.5625,5.875,N,52.5625,48.393,48.393,19,49508
PE1AHJ,PE1AHJ,True,True,both,A,JO32bc,6.0,52.1042,6.125,N,52.1042,47.842,47.842,261,1407399
PE1ARS,PE1ARS,True,True,both,A,JO32dg,6.0,52.2708,6.2917,N,52.2708,48.041,48.041,43,15885
PE1ASH,PE1ASH,True,True,both,A,JO22kf,6.0,52.2292,4.875,N,52.2292,47.999,47.999,13,662
PE1AVG,PE1AVG,True,True,both,B,JO23ua,6.0,53.0208,5.7083,N,53.0208,48.944,48.944,5,2646
PE1BFE,PE1BFE,True,True,both,B,JO22qe,6.0,52.1875,5.375,N,52.1875,47.945,47.945,3,64
PE1BSA,PE1BSA,True,True,both,A,JO22na,6.0,52.0208,5.125,N,52.0208,47.745,47.745,17,2613
PE1BSF,PE1BSF,True,True,both,B,JO32ki,6.0,52.3542,6.875,N,52.3542,48.14,48.14,3,4125
PE1CMT,PE1CMT,True,True,both,B,JO23,4.0,53.5,5.0,N,53.5,49.524,49.524,96,65154
PE1CUL,PE1CUL,True,True,both,A,JO22db,6.0,52.0625,4.2917,N,52.0625,47.801,47.801,19,3554
PE1CVJ,PE1CVJ,True,True,both,A,JO22kg,6.0,52.2708,4.875,N,52.2708,48.049,48.049,25,36825
PE1DTN,PE1DTN,True,True,both,B,JO21sl,6.0,51.4792,5.5417,N,51.4792,47.088,47.088,4,1684
PE1FJN,PE1FJN,True,True,both,B,JO32bl,6.0,52.4792,6.125,N,52.4792,48.292,48.292,73,270791
PE1FYH,PE1FYH,True,True,both,B,JO21mx,6.0,51.9792,5.0417,N,51.9792,47.695,47.695,15,7581
PE1GLG,PE1GLG,True,True,both,B,JO22ec,6.0,52.1042,4.375,N,52.1042,47.851,47.851,3,12027
PE1GYC,PE1GYC,True,True,both,A,JO22rd,6.0,52.1458,5.4583,N,52.1458,47.894,47.894,346,245156
PE1HRP,PE1HRP,True,True,both,B,JO21mx,6.0,51.9792,5.0417,N,51.9792,47.695,47.695,3,299
PE1HUD,PE1HUD,True,True,both,A,JO32cd,6.0,52.1458,6.2083,N,52.1458,47.891,47.891,194,835389
PE1IDG,PE1IDG,True,True,both,A,JO32ct,6.0,52.8125,6.2083,N,52.8125,48.691,48.691,214,263813
PE1IFZ,PE1IFZ,True,True,both,B,JO22ja,6.0,52.0208,4.7917,N,52.0208,47.747,47.747,5,581
PE1IIE,PE1IIE,True,True,both,B,JO32,4.0,52.5,7.0,N,52.5,48.314,48.314,3,14
PE1INM,PE1INM,True,True,both,B,JO21sw,6.0,51.9375,5.5417,N,51.9375,47.642,47.642,60,28941
PE1ITR,PE1ITR,True,True,both,B,JO21qk,6.0,51.4375,5.375,N,51.4375,47.037,47.037,19,27165
PE1IWT,PE1IWT,True,True,both,A,JO32kf,6.0,52.2292,6.875,N,52.2292,47.99,47.99,17,3159
PE1IYG,PE1IYG,True,True,both,B,JO31gw,6.0,51.9375,6.5417,N,51.9375,47.64,47.64,4,27958
PE1JVJ,PE1JVJ,True,False,wsprnet_only,A,JO22,4.0,52.5,5.0,N,52.5,48.324,48.324,10,18
PE1JXI,PE1JXI,True,True,both,A,JO20vx,6.0,50.9792,5.7917,N,50.9792,46.48,46.48,121,873946
PE1JZU,PE1JZU,True,True,both,A,JO11tl,6.0,51.4792,3.625,N,51.4792,47.096,47.096,13,14641
PE1KEV,PE1KEV,True,True,both,B,JO22ea,6.0,52.0208,4.375,N,52.0208,47.75,47.75,4,6952
PE1KFC,PE1KFC,True,True,both,A,JO22fd,6.0,52.1458,4.4583,N,52.1458,47.901,47.901,36,44094
PE1KYP,PE1KYP,True,True,both,B,JO22ib,6.0,52.0625,4.7083,N,52.0625,47.798,47.798,3,3226
PE1LAN,PE1LAN,True,True,both,B,JO32,4.0,52.5,7.0,N,52.5,48.314,48.314,16,56425
PE1LVF,PE1LVF,True,True,both,A,JO21ox,6.0,51.9792,5.2083,N,51.9792,47.694,47.694,19,21706
PE1LVF/P,PE1LVF,True,True,both,A,JO21ox,6.0,51.9792,5.2083,N,51.9792,47.694,47.694,37,40346
PE1MIX,PE1MIX,True,True,both,B,JO21qm,6.0,51.5208,5.375,N,51.5208,47.138,47.138,28,75703
PE1MMQ,PE1MMQ,True,True,both,A,JO22tq,6.0,52.6875,5.625,N,52.6875,48.545,48.545,388,180102
PE1MPZ,PE1MPZ,True,True,both,A,JO22nb,6.0,52.0625,5.125,N,52.0625,47.795,47.795,199,105448
PE1MTV,PE1MTV,True,True,both,A,JO32cd,6.0,52.1458,6.2083,N,52.1458,47.891,47.891,64,97768
PE1MWX,PE1MWX,True,True,both,B,JO21,4.0,51.5,5.0,N,51.5,47.114,47.114,3,3610
PE1MXI,PE1MXI,True,True,both,A,JO22od,6.0,52.1458,5.2083,N,52.1458,47.896,47.896,35,9763
PE1MYH,PE1MYH,True,True,both,B,JO22ea,6.0,52.0208,4.375,N,52.0208,47.75,47.75,3,1557
PE1NAO,PE1NAO,True,True,both,B,JO32cs,6.0,52.7708,6.2083,N,52.7708,48.641,48.641,14,5070
PE1NIB,PE1NIB,True,True,both,A,JO21,4.0,51.5,5.0,N,51.5,47.114,47.114,31,36174
PE1NMR,PE1NMR,True,True,both,A,JO32bg,6.0,52.2708,6.125,N,52.2708,48.042,48.042,126,1178675
PE1NNZ,PE1NNZ,True,True,both,B,JO21pi,6.0,51.3542,5.2917,N,51.3542,46.936,46.936,5,2402
PE1NOD,PE1NOD,True,True,both,A,JO21nn,6.0,51.5625,5.125,N,51.5625,47.19,47.19,28,9543
PE1NPE,PE1NPE,True,True,both,A,JO22qe,6.0,52.1875,5.375,N,52.1875,47.945,47.945,29,17055
PE1NPU,PE1NPU,True,True,both,B,JO21ho,6.0,51.6042,4.625,N,51.6042,47.242,47.242,7,2203
PE1NWL,PE1NWL,True,True,both,B,JO22ia,6.0,52.0208,4.7083,N,52.0208,47.748,47.748,167,484351
PE1NZJ,PE1NZJ,True,True,both,B,JO21mu,6.0,51.8542,5.0417,N,51.8542,47.544,47.544,5,3351
PE1OFO,PE1OFO,True,True,both,B,JO32dj,6.0,52.3958,6.2917,N,52.3958,48.192,48.192,101,48359
PE1OKU,PE1OKU,True,True,both,A,JO21ro,6.0,51.6042,5.4583,N,51.6042,47.239,47.239,12,14376
PE1OOV,PE1OOV,True,True,both,B,JO33ge,6.0,53.1875,6.5417,N,53.1875,49.136,49.136,5,71
PE1OPK,PE1OPK,True,False,wsprnet_only,B,JO23ue,6.0,53.1875,5.7083,N,53.1875,49.143,49.143,4,24
PE1ORF,PE1ORF,True,True,both,A,JO32hi,6.0,52.3542,6.625,N,52.3542,48.141,48.141,19,2413
PE1OUM,PE1OUM,True,True,both,A,JO32,4.0,52.5,7.0,N,52.5,48.314,48.314,10,1307
PE1OUW,PE1OUW,True,True,both,B,JO22jl,6.0,52.4792,4.7917,N,52.4792,48.301,48.301,6,4634
PE1OXS,PE1OXS,True,True,both,B,JO20wu,6.0,50.8542,5.875,N,50.8542,46.328,46.328,6,1293
PE1OYY,PE1OYY,True,True,both,B,IM86ar,6.0,36.7292,-3.9583,N,36.7292,26.786,26.786,5,615
PE1PAF,PE1PAF,True,True,both,B,JO20vw,6.0,50.9375,5.7917,N,50.9375,46.429,46.429,92,527008
PE1PEO,PE1PEO,True,True,both,A,JO22jl,6.0,52.4792,4.7917,N,52.4792,48.301,48.301,18,13729
PE1PFP,PE1PFP,True,True,both,B,JO32,4.0,52.5,7.0,N,52.5,48.314,48.314,12,11332
PE1PHX,PE1PHX,True,True,both,B,JO22,4.0,52.5,5.0,N,52.5,48.324,48.324,9,2515
PE1PHY,PE1PHY,True,True,both,B,JO32,4.0,52.5,7.0,N,52.5,48.314,48.314,5,11797
PE1PMD,PE1PMD,True,True,both,A,JO23,4.0,53.5,5.0,N,53.5,49.524,49.524,179,2176574
PE1RBF,PE1RBF,True,True,both,A,JO21,4.0,51.5,5.0,N,51.5,47.114,47.114,125,429813
PE1REM,PE1REM,True,True,both,A,JO21,4.0,51.5,5.0,N,51.5,47.114,47.114,50,19086
PE1RFF,PE1RFF,True,True,both,A,JO21rk,6.0,51.4375,5.4583,N,51.4375,47.037,47.037,18,39219
PE1RFS,PE1RFS,True,True,both,B,JO22,4.0,52.5,5.0,N,52.5,48.324,48.324,6,29332
PE1RGU,PE1RGU,True,True,both,B,JO22rd,6.0,52.1458,5.4583,N,52.1458,47.894,47.894,4,853
PE1RHF,PE1RHF,True,True,both,A,JO22re,6.0,52.1875,5.4583,N,52.1875,47.945,47.945,20,6065
PE1RJP,PE1RJP,True,True,both,B,JO32ke,6.0,52.1875,6.875,N,52.1875,47.94,47.94,4,900
PE1RLY,PE1RLY,True,True,both,A,JO31ix,6.0,51.9792,6.7083,N,51.9792,47.69,47.69,12,11118
PE1RMO,PE1RMO,True,True,both,B,JO21,4.0,51.5,5.0,N,51.5,47.114,47.114,3,2606
PE1RZM,PE1RZM,True,True,both,B,JO33lh,6.0,53.3125,6.9583,N,53.3125,49.282,49.282,3,45492
PE2EZ,PE2EZ,True,True,both,A,JO21bv,6.0,51.8958,4.125,N,51.8958,47.6,47.6,12,2252
PE2MOS,PE2MOS,True,True,both,B,JO22db,6.0,52.0625,4.2917,N,52.0625,47.801,47.801,8,33128
PE2NAN,PE2NAN,True,True,both,A,JO21wt,6.0,51.8125,5.875,N,51.8125,47.49,47.49,48,219351
PE2RAB,PE2RAB,True,True,both,A,JO21is,6.0,51.7708,4.7083,N,51.7708,47.444,47.444,384,71545
PE3RKE,PE3RKE,True,True,both,A,JO22,4.0,52.5,5.0,N,52.5,48.324,48.324,44,30113
PE4A,PE4A,True,True,both,B,JO22il,6.0,52.4792,4.7083,N,52.4792,48.302,48.302,16,2876
PE4BAS,PE4BAS,True,True,both,B,JO33jk,6.0,53.4375,6.7917,N,53.4375,49.432,49.432,4,3701
PE4K,PE4K,True,True,both,A,JO21jj,6.0,51.3958,4.7917,N,51.3958,46.988,46.988,212,285165
PE4MAR,PE4MAR,True,True,both,B,JO22,4.0,52.5,5.0,N,52.5,48.324,48.324,9,904
PE4W,PE4W,True,True,both,B,JO22iq,6.0,52.6875,4.7083,N,52.6875,48.553,48.553,13,3683
PE5I,PE5I,True,True,both,B,JO21wa,6.0,51.0208,5.875,N,51.0208,46.531,46.531,4,145
PE5JW,PE5JW,True,True,both,B,JO32bl,6.0,52.4792,6.125,N,52.4792,48.292,48.292,4,5658
PE6RR,PE6RR,True,True,both,B,JO21du,6.0,51.8542,4.2917,N,51.8542,47.548,47.548,4,1458
PE7ER,PE7ER,True,True,both,A,JO33ic,6.0,53.1042,6.7083,N,53.1042,49.036,49.036,19,25072
PE9E,PE9E,True,True,both,A,JO32bc,6.0,52.1042,6.125,N,52.1042,47.842,47.842,27,2008
PE9K,PE9K,True,True,both,B,JO21gw,6.0,51.9375,4.5417,N,51.9375,47.648,47.648,13,12836
PF0JB,PF0JB,True,True,both,A,JO22fa,6.0,52.0208,4.4583,N,52.0208,47.749,47.749,36,35820
PF1F,PF1F,True,True,both,B,JO22im,6.0,52.5208,4.7083,N,52.5208,48.352,48.352,7,7072
PF1TKN,PF1TKN,True,True,both,B,JO33lf,6.0,53.2292,6.9583,N,53.2292,49.183,49.183,5,2836
PF5DND,PF5DND,True,False,wsprnet_only,A,JL69,4.0,29.5,13.0,N,29.5,18.113,18.113,10,26
PF7X,PF7X,True,True,both,B,JO22sa,6.0,52.0208,5.5417,N,52.0208,47.743,47.743,6,5992
PG1CW,PG1CW,True,True,both,A,JO32,4.0,52.5,7.0,N,52.5,48.314,48.314,55,454604
PG7VG,PG7VG,True,True,both,B,JO21so,6.0,51.6042,5.5417,N,51.6042,47.239,47.239,32,623
PH0NO,PH0NO,True,True,both,B,JO32,4.0,52.5,7.0,N,52.5,48.314,48.314,7,58879
PH0RON,PH0RON,True,True,both,B,JO21wu,6.0,51.8542,5.875,N,51.8542,47.541,47.541,4,1543
PH0VOS,PH0VOS,True,True,both,A,JO32eb,6.0,52.0625,6.375,N,52.0625,47.791,47.791,97,161205
PH1M,PH1M,True,True,both,B,JO22gf,6.0,52.2292,4.5417,N,52.2292,48.001,48.001,4,4287
PH1RAM,PH1RAM,True,True,both,A,JO32cd,6.0,52.1458,6.2083,N,52.1458,47.891,47.891,368,1084369
PH2LB,PH2LB,True,True,both,A,JO32hi,6.0,52.3542,6.625,N,52.3542,48.141,48.141,18,101372
PH3BDJ,PH3BDJ,True,True,both,A,JO22,4.0,52.5,5.0,N,52.5,48.324,48.324,21,58603
PH3UNX,PH3UNX,True,True,both,B,JO11wm,6.0,51.5208,3.875,N,51.5208,47.145,47.145,4,467
PH4E,PH4E,True,True,both,A,JO22jl,6.0,52.4792,4.7917,N,52.4792,48.301,48.301,19,5377
PH5C,PH5C,True,True,both,B,JO33md,6.0,53.1458,7.0417,N,53.1458,49.084,49.084,70,29424
PH5V,PH5V,True,True,both,B,JO22dc,6.0,52.1042,4.2917,N,52.1042,47.852,47.852,98,126027
PH7GD,PH7GD,True,True,both,B,JO32gx,6.0,52.9792,6.5417,N,52.9792,48.888,48.888,3,292
PH7TPW,PH7TPW,True,True,both,A,JO21nn,6.0,51.5625,5.125,N,51.5625,47.19,47.19,16,39262
PH7Y,PH7Y,True,True,both,A,JO21gs,6.0,51.7708,4.5417,N,51.7708,47.445,47.445,16,23592
PH9E,PH9E,True,True,both,B,JO33ge,6.0,53.1875,6.5417,N,53.1875,49.136,49.136,4,1419
PH9K,PH9K,True,True,both,B,JO33gf,6.0,53.2292,6.5417,N,53.2292,49.186,49.186,186,664660
PI4CC,PI4CC,True,True,both,A,JO21bx,6.0,51.9792,4.125,N,51.9792,47.701,47.701,14,199739
PI4GV,PI4GV,True,True,both,B,JO22dc,6.0,52.1042,4.2917,N,52.1042,47.852,47.852,10,2779
PI7MAV,PI7MAV,True,True,both,A,JO22,4.0,52.5,5.0,N,52.5,48.324,48.324,224,42698
PI9ESA,PI9ESA,True,True,both,A,JO22ff,6.0,52.2292,4.4583,N,52.2292,48.002,48.002,187,674276
PP1PPO,PP1PPO,True,True,both,A,JN44,4.0,44.5,9.0,N,44.5,38.484,38.484,20,3600
PP2RON,PP2RON,True,True,both,B,GH53jg,6.0,-16.7292,-49.2083,S,16.7292,-14.178,14.178,3,44
PP5DW,PP5DW,True,True,both,B,GG42kx,6.0,-27.0208,-51.125,S,27.0208,-22.345,22.345,3,1769
PP5OO,PP5OO,True,True,both,A,GG53,4.0,-26.5,-49.0,S,26.5,-22.758,22.758,30,3067
PR5XEH,PR5XEH,True,False,wsprnet_only,A,FN14,4.0,44.5,-77.0,N,44.5,52.702,52.702,13,20
PR8ZX,PR8ZX,True,True,both,B,GI64gl,6.0,-5.5208,-47.4583,S,5.5208,,,12,54330
PS8RF,PS8RF,True,True,both,A,GI84ow,6.0,-5.0625,-42.7917,S,5.0625,,,390,431402
PT9MD,PT9MD,True,True,both,A,GG27or,6.0,-22.2708,-54.7917,S,22.2708,-16.948,16.948,12,2842
PT9TI,PT9TI,True,True,both,B,GG27ns,6.0,-22.2292,-54.875,S,22.2292,-16.879,16.879,4,3067
PU1ABT,PU1ABT,True,True,both,B,GG99uq,6.0,-20.3125,-40.2917,S,20.3125,-20.901,20.901,6,105
PU1JSV,PU1JSV,True,True,both,B,GG87jd,6.0,-22.8542,-43.2083,S,22.8542,-22.028,22.028,3,472
PU1LDB,PU1LDB,True,True,both,B,GG87tc,6.0,-22.8958,-42.375,S,22.8958,-22.378,22.378,4,17
PU1YRF,PU1YRF,True,True,both,B,GG52,4.0,-27.5,-49.0,S,27.5,-23.556,23.556,34,7030
PU2RMB,PU2RMB,True,True,both,A,GG66gm,6.0,-23.4792,-47.4583,S,23.4792,-20.902,20.902,24,5681
PU2WIR,PU2WIR,True,True,both,B,GG67,4.0,-22.5,-47.0,S,22.5,-20.261,20.261,7,893
PU3ACK,PU3ACK,True,True,both,A,GG30xn,6.0,-29.4375,-52.0417,S,29.4375,-23.93,23.93,11,8563
PU3PAZ,PU3PAZ,True,True,both,B,GG76as,6.0,-23.2292,-45.9583,S,23.2292,-21.282,21.282,7,652
PU3TLG,PU3TLG,True,True,both,B,GG40,4.0,-29.5,-51.0,S,29.5,-24.374,24.374,3,953
PU3VRW,PU3VRW,True,True,both,A,GF37wx,6.0,-32.0208,-52.125,S,32.0208,-25.948,25.948,26,903
PU3WSF,PU3WSF,True,True,both,B,GG40kb,6.0,-29.9375,-51.125,S,29.9375,-24.673,24.673,4,1259
PU4ELT,PU4ELT,True,True,both,B,GH70qd,6.0,-19.8542,-44.625,S,19.8542,-18.872,18.872,6,1574
PU5ALE,PU5ALE,True,True,both,A,GG32xt,6.0,-27.1875,-52.0417,S,27.1875,-22.123,22.123,207,121512
PU5GIR,PU5GIR,True,True,both,A,GG51gb,6.0,-28.9375,-49.4583,S,28.9375,-24.516,24.516,146,125892
PU5MFH,PU5MFH,True,True,both,B,GG54ln,6.0,-25.4375,-49.0417,S,25.4375,-21.884,21.884,3,222
PU5NSF,PU5NSF,True,True,both,B,GG54io,6.0,-25.3958,-49.2917,S,25.3958,-21.751,21.751,8,299
PU7KGB,PU7KGB,True,True,both,B,HI14it,6.0,-5.1875,-37.2917,S,5.1875,,,6,635
PU7OBR,PU7OBR,True,True,both,B,HI06rg,6.0,-3.7292,-38.5417,S,3.7292,,,14,297
PU7XPT,PU7XPT,True,False,wsprnet_only,B,JN57,4.0,47.5,11.0,N,47.5,42.325,42.325,9,13
PU9BFP,PU9BFP,True,False,wsprnet_only,B,FN29,4.0,49.5,-75.0,N,49.5,57.329,57.329,7,48
PV1FBA,PV1FBA,True,False,wsprnet_only,B,KA39,4.0,-80.5,27.0,S,80.5,-71.012,71.012,7,11
PW6UII,PW6UII,True,False,wsprnet_only,B,EM73,4.0,33.5,-85.0,N,33.5,42.865,42.865,7,29
PX5FLB,PX5FLB,True,False,wsprnet_only,A,FP18,4.0,68.5,-77.0,N,68.5,75.781,75.781,48,179
PY1IFF,PY1IFF,True,True,both,A,GG97,4.0,-22.5,-41.0,S,22.5,-22.557,22.557,302,152936
PY1KV,PY1KV,True,True,both,B,GG87fg,6.0,-22.7292,-43.5417,S,22.7292,-21.796,21.796,6,2368
PY1ZB,PY1ZB,True,True,both,B,GG87ja,6.0,-22.9792,-43.2083,S,22.9792,-22.133,22.133,7,1436
PY2ATR,PY2ATR,True,True,both,A,GG68cs,6.0,-21.2292,-47.7917,S,21.2292,-18.859,18.859,14,5450
PY2ESG,PY2ESG,True,True,both,A,GG66nn,6.0,-23.4375,-46.875,S,23.4375,-21.097,21.097,21,1536
PY2FXE,PY2FXE,True,True,both,B,GG66pi,6.0,-23.6458,-46.7083,S,23.6458,-21.335,21.335,8,2076
PY2HBF,PY2HBF,True,True,both,A,GG66ni,6.0,-23.6458,-46.875,S,23.6458,-21.27,21.27,132,34463
PY2LGR,PY2LGR,True,True,both,B,GG65it,6.0,-24.1875,-47.2917,S,24.1875,-21.553,21.553,3,265
PY2LSB,PY2LSB,True,True,both,A,GG77je,6.0,-22.8125,-45.2083,S,22.8125,-21.225,21.225,14,20028
PY2MK,PY2MK,True,True,both,A,GG76,4.0,-23.5,-45.0,S,23.5,-21.88,21.88,53,32993
PY2SWL,PY2SWL,True,True,both,B,GG76fx,6.0,-23.0208,-45.5417,S,23.0208,-21.27,21.27,6,3699
PY2UBK,PY2UBK,True,True,both,A,GG67na,6.0,-22.9792,-46.875,S,22.9792,-20.714,20.714,27,173657
PY2UDB,PY2UDB,True,True,both,A,GG64ax,6.0,-25.0208,-47.9583,S,25.0208,-21.972,21.972,182,78416
PY2ZYV,PY2ZYV,True,True,both,A,GG66ir,6.0,-23.2708,-47.2917,S,23.2708,-20.794,20.794,48,41632
PY3FF,PY3FF,True,True,both,A,GF49ju,6.0,-30.1458,-51.2083,S,30.1458,-24.806,24.806,10,2229
PY3KS,PY3KS,True,True,both,B,GG30mx,6.0,-29.0208,-52.9583,S,29.0208,-23.25,23.25,5,67
PY3OW,PY3OW,True,True,both,B,GG40,4.0,-29.5,-51.0,S,29.5,-24.374,24.374,5,545
PY3TX,PY3TX,True,True,both,A,GG40wb,6.0,-29.9375,-50.125,S,29.9375,-25.049,25.049,124,120689
PY4MAS,PY4MAS,True,True,both,B,GG89,4.0,-20.5,-43.0,S,20.5,-20.068,20.068,4,113
PY4TC,PY4TC,True,True,both,A,GG78lh,6.0,-21.6875,-45.0417,S,21.6875,-20.331,20.331,33,12077
PY4XC,PY4XC,True,True,both,B,GG89ns,6.0,-20.2292,-42.875,S,20.2292,-19.872,19.872,26,5783
PY4ZO,PY4ZO,True,True,both,B,GH51vi,6.0,-18.6458,-48.2083,S,18.6458,-16.384,16.384,4,163
PZ5JW,PZ5JW,True,True,both,A,GJ25io,6.0,5.6042,-55.2917,N,5.6042,,,395,1697970
QDB/HY8VBP,HY8VBP,True,True,both,B,EM73rw,6.0,33.9375,-84.5417,N,33.9375,43.262,43.262,7,168
R01QON,R01QON,True,True,both,A,IN50,4.0,40.5,-9.0,N,40.5,32.472,32.472,58,3272
R0ABK,R0ABK,True,True,both,B,NO66lb,6.0,56.0625,92.9583,N,56.0625,52.687,52.687,14,912
R0OMS,R0OMS,True,True,both,B,OO31,4.0,51.5,107.0,N,51.5,47.517,47.517,4,68
R0QAX,R0QAX,True,True,both,B,PP42ua,6.0,62.0208,129.7083,N,62.0208,57.154,57.154,3,170
R0QBA,R0QBA,True,True,both,A,PP42,4.0,62.5,129.0,N,62.5,57.684,57.684,49,33517
R0TST,R0TST,True,True,both,B,KN98,4.0,48.5,39.0,N,48.5,44.733,44.733,3,198
R0UBD,R0UBD,True,True,both,B,OO62sa,6.0,52.0208,113.5417,N,52.0208,47.716,47.716,3,184
R1BEK,R1BEK,True,True,both,A,KO49rr,6.0,59.7292,29.4583,N,59.7292,56.463,56.463,169,79582
R1BJU,R1BJU,True,True,both,B,KO59dv,6.0,59.8958,30.2917,N,59.8958,56.641,56.641,6,2329
R1BKC,R1BKC,True,True,both,B,KP40hs,6.0,60.7708,28.625,N,60.7708,57.561,57.561,12,5370
R1BPZ,R1BPZ,True,True,both,A,KO59,4.0,59.5,31.0,N,59.5,56.226,56.226,18,6005
R1BQD,R1BQD,True,True,both,B,KN99,4.0,49.5,39.0,N,49.5,45.797,45.797,3,1713
R1CCY,R1CCY,True,True,both,A,KP50fb,6.0,60.0625,30.4583,N,60.0625,56.817,56.817,10,508
R1LB,R1LB,True,True,both,B,KO49tq,6.0,59.6875,29.625,N,59.6875,56.419,56.419,3,172
R1NAP,R1NAP,True,True,both,B,KP72fv,6.0,62.8958,34.4583,N,62.8958,59.769,59.769,5,381
R1NBC,R1NBC,True,True,both,B,KP54hn,6.0,64.5625,30.625,N,64.5625,61.513,61.513,5,7795
R1OA,R1OA,True,True,both,B,LP31gc,6.0,61.1042,46.5417,N,61.1042,57.967,57.967,4,1099
R1OCD,R1OCD,True,True,both,A,LP04gn,6.0,64.5625,40.5417,N,64.5625,61.464,61.464,10,3973
R1WAM,R1WAM,True,True,both,B,KO47,4.0,57.5,29.0,N,57.5,54.095,54.095,5,75
R1ZDI,R1ZDI,True,True,both,B,KP68nx,6.0,68.9792,33.125,N,68.9792,66.011,66.011,36,52528
R1ZDI/3,R1ZDI,True,True,both,B,KO98ka,6.0,58.0208,38.875,N,58.0208,54.743,54.743,7,2987
R2AJA,R2AJA,True,True,both,A,KO85xt,6.0,55.8125,37.9583,N,55.8125,52.43,52.43,359,143926
R2APK,R2APK,True,True,both,B,KO85ro,6.0,55.6042,37.4583,N,55.6042,52.204,52.204,9,14786
R2ARL,R2ARL,True,True,both,B,KO85to,6.0,55.6042,37.625,N,55.6042,52.207,52.207,3,172
R2ASY/6,R2ASY,True,True,both,B,KN74dn,6.0,44.5625,34.2917,N,44.5625,40.251,40.251,7,684
R2AXN,R2AXN,True,True,both,B,KO84,4.0,54.5,37.0,N,54.5,51.036,51.036,5,19548
R2BAS,R2BAS,True,False,wsprnet_only,A,KO85sv,6.0,55.8958,37.5417,N,55.8958,52.511,52.511,10,360
R2BDA,R2BDA,True,True,both,B,KO85sn,6.0,55.5625,37.5417,N,55.5625,52.162,52.162,4,361
R2BIY,R2BIY,True,True,both,B,KO85to,6.0,55.6042,37.625,N,55.6042,52.207,52.207,395,2356988
R2BM,R2BM,True,True,both,A,KO85su,6.0,55.8542,37.5417,N,55.8542,52.467,52.467,143,153258
R2BNC,R2BNC,True,True,both,B,KO96,4.0,56.5,39.0,N,56.5,53.164,53.164,9,4517
R2BNW,R2BNW,True,True,both,B,KO75,4.0,55.5,35.0,N,55.5,52.054,52.054,6,815
R2BQO,R2BQO,True,True,both,A,KO85hc,6.0,55.1042,36.625,N,55.1042,51.665,51.665,17,3401
R2FCE/4,R2FCE,True,True,both,B,LO49lj,6.0,59.3958,48.9583,N,59.3958,56.248,56.248,12,6291
R2FDI,R2FDI,True,True,both,B,KO04gq,6.0,54.6875,20.5417,N,54.6875,50.937,50.937,5,3022
R2RFE,R2RFE,True,True,both,B,LO02qr,6.0,52.7292,41.375,N,52.7292,49.268,49.268,3,695
R2ZS,R2ZS,True,True,both,B,KO81wh,6.0,51.3125,37.875,N,51.3125,47.688,47.688,3,445
R3BBE,R3BBE,True,True,both,B,KO86,4.0,56.5,37.0,N,56.5,53.135,53.135,9,18569
R3BCL,R3BCL,True,True,both,B,KO85,4.0,55.5,37.0,N,55.5,52.087,52.087,15,6358
R3BEF,R3BEF,True,True,both,B,KO85st,6.0,55.8125,37.5417,N,55.8125,52.424,52.424,8,3427
R3BEU,R3BEU,True,True,both,B,KO85,4.0,55.5,37.0,N,55.5,52.087,52.087,21,18454
R3BFN,R3BFN,True,False,wsprnet_only,B,KO85kw,6.0,55.9375,36.875,N,55.9375,52.544,52.544,11,202
R3BGZ,R3BGZ,True,True,both,A,KO85tu,6.0,55.8542,37.625,N,55.8542,52.469,52.469,14,2677
R3BHG,R3BHG,True,True,both,A,KO85,4.0,55.5,37.0,N,55.5,52.087,52.087,12,1677
R3DEL,R3DEL,True,True,both,B,KO85,4.0,55.5,37.0,N,55.5,52.087,52.087,17,3446
R3DIV,R3DIV,True,True,both,A,KO85xi,6.0,55.3542,37.9583,N,55.3542,51.95,51.95,19,2049
R3DJE,R3DJE,True,True,both,B,KO96bh,6.0,56.3125,38.125,N,56.3125,52.956,52.956,8,859
R3DKM,R3DKM,True,True,both,B,KO95,4.0,55.5,39.0,N,55.5,52.12,52.12,3,1062
R3DKT,R3DKT,True,True,both,B,KO95,4.0,55.5,39.0,N,55.5,52.12,52.12,3,436
R3DMG,R3DMG,True,True,both,B,KO85qt,6.0,55.8125,37.375,N,55.8125,52.421,52.421,114,135885
R3DMK,R3DMK,True,True,both,B,KO85,4.0,55.5,37.0,N,55.5,52.087,52.087,8,717
R3DNV,R3DNV,True,True,both,B,KO85,4.0,55.5,37.0,N,55.5,52.087,52.087,4,539
R3KFT,R3KFT,True,True,both,B,LO00fo,6.0,50.6042,40.4583,N,50.6042,47.011,47.011,5,720
R3KQW,R3KQW,True,True,both,B,KO91,4.0,51.5,39.0,N,51.5,47.917,47.917,9,111956
R3SAN,R3SAN,True,True,both,B,KO94,4.0,54.5,39.0,N,54.5,51.074,51.074,3,816
R3TAF,R3TAF,True,True,both,B,LO16wi,6.0,56.3542,43.875,N,56.3542,53.079,53.079,8,854
R3TIO,R3TIO,True,True,both,B,LO16xg,6.0,56.2708,43.9583,N,56.2708,52.994,52.994,3,1248
R3TJU,R3TJU,True,True,both,B,LO16xh,6.0,56.3125,43.9583,N,56.3125,53.038,53.038,78,78302
R3TKF,R3TKF,True,True,both,B,KO85pt,6.0,55.8125,37.2917,N,55.8125,52.42,52.42,10,8539
R3TLO,R3TLO,True,True,both,B,LO16sc,6.0,56.1042,43.5417,N,56.1042,52.817,52.817,29,7201
R3WBI,R3WBI,True,True,both,A,KO81cs,6.0,51.7708,36.2083,N,51.7708,48.128,48.128,43,18287
R3WCH,R3WCH,True,True,both,B,KO81bt,6.0,51.8125,36.125,N,51.8125,48.17,48.17,19,1158
R3WEB,R3WEB,True,True,both,B,KO81cr,6.0,51.7292,36.2083,N,51.7292,48.084,48.084,5,120
R4ADW,R4ADW,True,True,both,B,LN28,4.0,48.5,45.0,N,48.5,44.921,44.921,367,63707
R4CBN,R4CBN,True,True,both,B,LO21xo,6.0,51.6042,45.9583,N,51.6042,48.19,48.19,8,1361
R4CKL,R4CKL,True,True,both,B,LO31am,6.0,51.5208,46.0417,N,51.5208,48.105,48.105,5,2173
R4HEN,R4HEN,True,True,both,B,LO43rm,6.0,53.5208,49.4583,N,53.5208,50.236,50.236,3,1146
R4HEQ,R4HEQ,True,True,both,A,LO64ag,6.0,54.2708,52.0417,N,54.2708,51.043,51.043,21,34042
R4HHP,R4HHP,True,True,both,B,LO53ac,6.0,53.1042,50.0417,N,53.1042,49.815,49.815,4,187
R4LCA,R4LCA,True,True,both,B,LO44dg,6.0,54.2708,48.2917,N,54.2708,50.993,50.993,3,140
R4YM,R4YM,True,True,both,B,LO36od,6.0,56.1458,47.2083,N,56.1458,52.908,52.908,305,18123
R5AU,R5AU,True,True,both,A,KO85,4.0,55.5,37.0,N,55.5,52.087,52.087,21,213664
R5VBX,R5VBX,True,True,both,B,LO06ec,6.0,56.1042,40.375,N,56.1042,52.771,52.771,7,158
R62RD,R62RD,True,True,both,A,DB09,4.0,-70.5,-119.0,S,70.5,-60.459,60.459,39,81
R6DJF,R6DJF,True,True,both,B,KN95,4.0,45.5,39.0,N,45.5,41.52,41.52,6,10179
R6DME,R6DME,True,True,both,B,LN04hx,6.0,44.9792,40.625,N,44.9792,41.035,41.035,7,972
R6DWD,R6DWD,True,True,both,B,KN95mb,6.0,45.0625,39.0417,N,45.0625,41.051,41.051,5,1362
R6FDY,R6FDY,True,True,both,A,LN14lc,6.0,44.1042,42.9583,N,44.1042,40.2,40.2,67,65826
R6WBF,R6WBF,True,True,both,B,LN32sw,6.0,42.9375,47.5417,N,42.9375,39.128,39.128,6,145
R6ZIG,R6ZIG,True,True,both,B,KN98fv,6.0,48.8958,38.4583,N,48.8958,45.136,45.136,3,1336
R7DD,R7DD,True,True,both,B,KN96dr,6.0,46.7292,38.2917,N,46.7292,42.81,42.81,6,34165
R7KBC,R7KBC,True,True,both,B,KN74,4.0,44.5,35.0,N,44.5,40.225,40.225,3,76
R7LP,R7LP,True,True,both,A,KN96uw,6.0,46.9375,39.7083,N,46.9375,43.092,43.092,33,6448
R8AAU,R8AAU,True,True,both,A,LO93lk,6.0,53.4375,58.9583,N,53.4375,50.257,50.257,14,3228
R8AIJ,R8AIJ,True,True,both,B,MO06,4.0,56.5,61.0,N,56.5,53.398,53.398,72,13635
R8AIR,R8AIR,True,True,both,B,MO04ps,6.0,54.7708,61.2917,N,54.7708,51.638,51.638,3,842
R8AIT,R8AIT,True,True,both,B,MO04,4.0,54.5,61.0,N,54.5,51.36,51.36,141,116089
R8CDE,R8CDE,True,True,both,B,LO98rq,6.0,58.6875,59.4583,N,58.6875,55.605,55.605,6,1189
R8CED,R8CED,True,True,both,B,MO06it,6.0,56.8125,60.7083,N,56.8125,53.714,53.714,3,4166
R8CHR,R8CHR,True,True,both,B,MO06ls,6.0,56.7708,60.9583,N,56.7708,53.673,53.673,3,450
R8CIM,R8CIM,True,True,both,A,MO06,4.0,56.5,61.0,N,56.5,53.398,53.398,37,9087
R8KBH,R8KBH,True,True,both,B,MP75fu,6.0,65.8542,74.4583,N,65.8542,62.705,62.705,6,549
R8LBD,R8LBD,True,True,both,B,MO36ul,6.0,56.4792,67.7083,N,56.4792,53.4,53.4,5,595
R8LCP,R8LCP,True,True,both,B,MO27sc,6.0,57.1042,65.5417,N,57.1042,54.029,54.029,5,2647
R8LDF,R8LDF,True,True,both,B,MO37,4.0,57.5,67.0,N,57.5,54.433,54.433,3,411
R8LDJ,R8LDJ,True,True,both,B,MO48ef,6.0,58.2292,68.375,N,58.2292,55.17,55.17,8,422
R8LDT,R8LDT,True,True,both,B,MO27sd,6.0,57.1458,65.5417,N,57.1458,54.072,54.072,4,1206
R9FDK,R9FDK,True,True,both,B,LO88eb,6.0,58.0625,56.375,N,58.0625,54.953,54.953,7,787
R9HEB,R9HEB,True,True,both,B,NO26lm,6.0,56.5208,84.9583,N,56.5208,53.322,53.322,7,1412
R9JDA,R9JDA,True,True,both,B,MP72fg,6.0,62.2708,74.4583,N,62.2708,59.19,59.19,3,98
R9MBX,R9MBX,True,True,both,B,MO64,4.0,54.5,73.0,N,54.5,51.379,51.379,4,2156
R9OFG,R9OFG,True,True,both,A,NO15lc,6.0,55.1042,82.9583,N,55.1042,51.911,51.911,113,33343
R9UCI,R9UCI,True,True,both,B,NO33,4.0,53.5,87.0,N,53.5,50.204,50.204,4,156
R9WEI,R9WEI,True,True,both,B,LO74qo,6.0,54.6042,55.375,N,54.6042,51.421,51.421,7,3060
R9YAG,R9YAG,True,True,both,B,NO13,4.0,53.5,83.0,N,53.5,50.269,50.269,7,141
RA0CCK,RA0CCK,True,True,both,B,PO80ln,6.0,50.5625,136.9583,N,50.5625,44.723,44.723,6,1474
RA0CGM,RA0CGM,True,True,both,B,PO61hb,6.0,51.0625,132.625,N,51.0625,45.51,45.51,3,1477
RA0SX,RA0SX,True,True,both,B,OO17iw,6.0,57.9375,102.7083,N,57.9375,54.264,54.264,272,136262
RA0WBW,RA0WBW,True,True,both,B,NO52iw,6.0,52.9375,90.7083,N,52.9375,49.55,49.55,8,1606
RA1AUS,RA1AUS,True,True,both,A,KO59gt,6.0,59.8125,30.5417,N,59.8125,56.554,56.554,19,729
RA1AWT,RA1AWT,True,True,both,A,KO59,4.0,59.5,31.0,N,59.5,56.226,56.226,48,796
RA3MUK,RA3MUK,True,True,both,B,KO85,4.0,55.5,37.0,N,55.5,52.087,52.087,4,2089
RA3QVJ,RA3QVJ,True,True,both,B,KO90,4.0,50.5,39.0,N,50.5,46.859,46.859,3,672
RA3VLZ,RA3VLZ,True,True,both,B,LO06fe,6.0,56.1875,40.4583,N,56.1875,52.859,52.859,5,23618
RA4B,RA4B,True,True,both,A,LO20rc,6.0,50.1042,45.4583,N,50.1042,46.614,46.614,174,6801
RA4DAJ,RA4DAJ,True,True,both,B,LO21xm,6.0,51.5208,45.9583,N,51.5208,48.103,48.103,6,224
RA4FER,RA4FER,True,True,both,A,LO23rc,6.0,53.1042,45.4583,N,53.1042,49.74,49.74,10,17210
RA4PJX,RA4PJX,True,True,both,B,LO64dv,6.0,54.8958,52.2917,N,54.8958,51.687,51.687,4,329
RA6A,RA6A,True,True,both,A,KN96tb,6.0,46.0625,39.625,N,46.0625,42.152,42.152,80,26008
RA6ANR,RA6ANR,True,True,both,A,KN95xu,6.0,45.8542,39.9583,N,45.8542,41.943,41.943,15,5992
RA6B,RA6B,True,True,both,B,KN95lb,6.0,45.0625,38.9583,N,45.0625,41.047,41.047,3,3813
RA8JA,RA8JA,True,False,wsprnet_only,A,MP50wx,6.0,60.9792,71.875,N,60.9792,57.92,57.92,105,2371
RA9COR,RA9COR,True,True,both,B,MO16,4.0,56.5,63.0,N,56.5,53.408,53.408,55,32002
RA9CUA,RA9CUA,True,True,both,B,MO07qc,6.0,57.1042,61.375,N,57.1042,54.013,54.013,3,570
RA9DF,RA9DF,True,True,both,B,MO07ha,6.0,57.0208,60.625,N,57.0208,53.925,53.925,18,93703
RA9SCB,RA9SCB,True,True,both,B,LO71,4.0,51.5,55.0,N,51.5,48.225,48.225,3,3040
RA9SJL,RA9SJL,True,True,both,B,KO86sb,6.0,56.0625,37.5417,N,56.0625,52.685,52.685,16,5337
RC6YC,RC6YC,True,True,both,A,KN94,4.0,44.5,39.0,N,44.5,40.443,40.443,14,2705
RD3BTW,RD3BTW,True,True,both,B,KO85sv,6.0,55.8958,37.5417,N,55.8958,52.511,52.511,3,400
RE8EL,RE8EL,True,True,both,B,GP49,4.0,69.5,-51.0,N,69.5,73.682,73.682,5,537
RJ9W,RJ9W,True,True,both,B,LO74bn,6.0,54.5625,54.125,N,54.5625,51.366,51.366,4,969
RK1AA,RK1AA,True,True,both,B,KO58,4.0,58.5,31.0,N,58.5,55.172,55.172,5,30304
RK2Y,RK2Y,True,True,both,A,KO73ch,6.0,53.3125,34.2083,N,53.3125,49.718,49.718,57,1454
RK3WE,RK3WE,True,True,both,B,KO81cr,6.0,51.7292,36.2083,N,51.7292,48.084,48.084,6,3213
RK6JCV,RK6JCV,True,True,both,A,LN23ha,6.0,43.0208,44.625,N,43.0208,39.113,39.113,10,808
RL2F,RL2F,True,True,both,A,KO04fw,6.0,54.9375,20.4583,N,54.9375,51.215,51.215,10,1488
RN3AOE,RN3AOE,True,True,both,B,KO85uq,6.0,55.6875,37.7083,N,55.6875,52.295,52.295,4,1623
RN3AUS,RN3AUS,True,False,wsprnet_only,B,KO85fn,6.0,55.5625,36.4583,N,55.5625,52.144,52.144,136,743
RO7NWE,RO7NWE,True,True,both,A,BM36,4.0,36.5,-153.0,N,36.5,35.959,35.959,29,89
RT7B,RT7B,True,True,both,B,KN96ea,6.0,46.0208,38.375,N,46.0208,42.052,42.052,7,83234
RT9K,RT9K,True,True,both,A,MP84vw,6.0,64.9375,77.7917,N,64.9375,61.785,61.785,395,295748
RT9KZS,RT9KZS,True,True,both,A,MP84,4.0,64.5,77.0,N,64.5,61.365,61.365,73,344
RT9KZT,RT9KZT,True,True,both,B,MP84,4.0,64.5,77.0,N,64.5,61.365,61.365,9,20
RU0LL,RU0LL,True,True,both,A,PN53xt,6.0,43.8125,131.9583,N,43.8125,37.961,37.961,373,400154
RU3BF,RU3BF,True,True,both,B,KO95,4.0,55.5,39.0,N,55.5,52.12,52.12,6,416
RU3BL,RU3BL,True,True,both,A,KO96hi,6.0,56.3542,38.625,N,56.3542,53.006,53.006,83,43331
RU3BMY,RU3BMY,True,True,both,B,RI00,4.0,-9.5,161.0,S,9.5,-16.176,16.176,3,26
RU5C,RU5C,True,True,both,A,KO95,4.0,55.5,39.0,N,55.5,52.12,52.12,171,428824
RU7C,RU7C,True,True,both,B,KN95hc,6.0,45.1042,38.625,N,45.1042,41.076,41.076,8,5571
RV1CJ,RV1CJ,True,True,both,A,KO69,4.0,59.5,33.0,N,59.5,56.236,56.236,112,451233
RW0LZ,RW0LZ,True,True,both,A,PN53xd,6.0,43.1458,131.9583,N,43.1458,37.264,37.264,10,1346
RW6C,RW6C,True,True,both,B,KN96dp,6.0,46.6458,38.2917,N,46.6458,42.72,42.72,8,4365
RW9YO,RW9YO,True,True,both,B,NO22nm,6.0,52.5208,85.125,N,52.5208,49.23,49.23,3,1251
RX3DHR,RX3DHR,True,True,both,B,KO94ks,6.0,54.7708,38.875,N,54.7708,51.355,51.355,165,66946
RX3QCL,RX3QCL,True,True,both,B,KO91,4.0,51.5,39.0,N,51.5,47.917,47.917,3,1656
RX3T,RX3T,True,True,both,B,LO16qf,6.0,56.2292,43.375,N,56.2292,52.944,52.944,30,4953
RX7Z,RX7Z,True,True,both,B,KN99ea,6.0,49.0208,38.375,N,49.0208,45.266,45.266,9,911
RZ3DAB,RZ3DAB,True,True,both,B,KO95ao,6.0,55.6042,38.0417,N,55.6042,52.214,52.214,7,2603
S0MEP,S0MEP,True,False,wsprnet_only,B,EN12,4.0,42.5,-97.0,N,42.5,51.303,51.303,7,10
S21FIA,S21FIA,True,True,both,B,NL53es,6.0,23.7708,90.375,N,23.7708,18.366,18.366,3,1772
S35ZNT,S35ZNT,True,False,wsprnet_only,B,EM17,4.0,37.5,-97.0,N,37.5,46.443,46.443,6,14
S50GR,S50GR,True,True,both,B,JN76pg,6.0,46.2708,15.2917,N,46.2708,41.022,41.022,5,2388
S50UA,S50UA,True,True,both,B,JN76cc,6.0,46.1042,14.2083,N,46.1042,40.762,40.762,3,110
S51BB,S51BB,True,True,both,A,JN76fb,6.0,46.0625,14.4583,N,46.0625,40.724,40.724,10,1911
S51DA,S51DA,True,True,both,B,JN66xg,6.0,46.2708,13.9583,N,46.2708,40.952,40.952,4,13162
S51RS,S51RS,True,True,both,A,JN86cq,6.0,46.6875,16.2083,N,46.6875,41.573,41.573,280,80141
S51RW,S51RW,True,True,both,B,JN76gb,6.0,46.0625,14.5417,N,46.0625,40.729,40.729,6,4579
S52AB,S52AB,True,True,both,A,JN75nu,6.0,45.8542,15.125,N,45.8542,40.507,40.507,349,1320559
S52AS,S52AS,True,True,both,A,JN75ot,6.0,45.8125,15.2083,N,45.8125,40.461,40.461,51,11770
S52ST,S52ST,True,True,both,B,JN75ov,6.0,45.8958,15.2083,N,45.8958,40.562,40.562,7,9059
S53EFI,S53EFI,True,True,both,B,JN76ef,6.0,46.2292,14.375,N,46.2292,40.923,40.923,225,2228779
S53MR,S53MR,True,True,both,B,JN76xq,6.0,46.6875,15.9583,N,46.6875,41.56,41.56,3,14353
S53ZO,S53ZO,True,True,both,B,JN86cq,6.0,46.6875,16.2083,N,46.6875,41.573,41.573,5,2279
S54MI,S54MI,True,True,both,B,JN65um,6.0,45.5208,13.7083,N,45.5208,40.02,40.02,5,6969
S54OP,S54OP,True,True,both,B,JN76cd,6.0,46.1458,14.2083,N,46.1458,40.812,40.812,3,485
S56EPX,S56EPX,True,True,both,B,JN76ln,6.0,46.5625,14.9583,N,46.5625,41.357,41.357,5,5313
S56PB,S56PB,True,True,both,B,JN76nd,6.0,46.1458,15.125,N,46.1458,40.861,40.861,4,15002
S56SD,S56SD,True,True,both,B,JN76,4.0,46.5,15.0,N,46.5,41.284,41.284,3,498
S56SEA,S56SEA,True,True,both,B,JN76ge,6.0,46.1875,14.5417,N,46.1875,40.881,40.881,4,757
S57BAT,S57BAT,True,True,both,A,JN76ge,6.0,46.1875,14.5417,N,46.1875,40.881,40.881,50,24714
S57DEV,S57DEV,True,True,both,B,JN75,4.0,45.5,15.0,N,45.5,40.068,40.068,8,3959
S57EA,S57EA,True,True,both,B,JN76he,6.0,46.1875,14.625,N,46.1875,40.885,40.885,4,862
S57GD,S57GD,True,True,both,B,JN76ee,6.0,46.1875,14.375,N,46.1875,40.872,40.872,5,25358
S58WW,S58WW,True,True,both,B,JN76hd,6.0,46.1458,14.625,N,46.1458,40.834,40.834,3,2892
S59RS,S59RS,True,True,both,A,JN75,4.0,45.5,15.0,N,45.5,40.068,40.068,51,23821
S77HQ,S77HQ,True,True,both,A,LI75ri,6.0,-4.6458,55.4583,S,4.6458,-12.566,12.566,53,105732
S79CMW,S79CMW,True,True,both,B,LI75ri,6.0,-4.6458,55.4583,S,4.6458,-12.566,12.566,4,765
S79KW,S79KW,True,True,both,A,LI75rj,6.0,-4.6042,55.4583,S,4.6042,-12.52,12.52,53,21143
S79PAT,S79PAT,True,True,both,A,LI75sg,6.0,-4.7292,55.5417,S,4.7292,-12.658,12.658,23,13558
SA0BKW,SA0BKW,True,True,both,B,JO99ko,6.0,59.6042,18.875,N,59.6042,56.35,56.35,9,19595
SA0CAM,SA0CAM,True,True,both,A,JO99ai,6.0,59.3542,18.0417,N,59.3542,56.084,56.084,15,6118
SA0DAU,SA0DAU,True,True,both,B,JO89xg,6.0,59.2708,17.9583,N,59.2708,55.993,55.993,3,542
SA0FIA,SA0FIA,True,True,both,B,JO99am,6.0,59.5208,18.0417,N,59.5208,56.266,56.266,5,6202
SA0LGB,SA0LGB,True,True,both,A,JO89xi,6.0,59.3542,17.9583,N,59.3542,56.084,56.084,394,84237
SA0ORR,SA0ORR,True,True,both,A,JO89,4.0,59.5,17.0,N,59.5,56.253,56.253,192,1788503
SA0OWO,SA0OWO,True,True,both,B,JO89,4.0,59.5,17.0,N,59.5,56.253,56.253,5,11779
SA0PAL,SA0PAL,True,True,both,B,JO89wj,6.0,59.3958,17.875,N,59.3958,56.131,56.131,3,1754
SA0RCD,SA0RCD,True,True,both,B,JO99fv,6.0,59.8958,18.4583,N,59.8958,56.672,56.672,3,182
SA0YRL,SA0YRL,True,True,both,A,JO89,4.0,59.5,17.0,N,59.5,56.253,56.253,77,763553
SA2DOC,SA2DOC,True,True,both,A,KP05,4.0,65.5,21.0,N,65.5,62.637,62.637,15,2259
SA2KLM,SA2KLM,True,True,both,B,KP05sh,6.0,65.3125,21.5417,N,65.3125,62.428,62.428,6,3714
SA2SAA/B,SA2SAA,True,True,both,A,KP05hq,6.0,65.6875,20.625,N,65.6875,62.843,62.843,56,21791
SA3KPR,SA3KPR,True,True,both,B,JO89,4.0,59.5,17.0,N,59.5,56.253,56.253,3,338
SA3LEN,SA3LEN,True,True,both,A,JP80,4.0,60.5,17.0,N,60.5,57.348,57.348,13,45927
SA3SAL,SA3SAL,True,True,both,B,JP70,4.0,60.5,15.0,N,60.5,57.378,57.378,17,9166
SA3SKL,SA3SKL,True,True,both,B,JP80,4.0,60.5,17.0,N,60.5,57.348,57.348,3,314
SA3UTS,SA3UTS,True,True,both,B,JP73ci,6.0,63.3542,14.2083,N,63.3542,60.509,60.509,6,3941
SA4BLM,SA4BLM,True,True,both,B,JP70lt,6.0,60.8125,14.9583,N,60.8125,57.722,57.722,12,465
SA4BNA,SA4BNA,True,True,both,A,JO69go,6.0,59.6042,12.5417,N,59.6042,56.432,56.432,193,1477637
SA4CFP,SA4CFP,True,True,both,B,JP71hd,6.0,61.1458,14.625,N,61.1458,58.093,58.093,3,354
SA5JAC,SA5JAC,True,True,both,A,JO89hp,6.0,59.6458,16.625,N,59.6458,56.417,56.417,53,513446
SA5JBN,SA5JBN,True,True,both,B,JO89lw,6.0,59.9375,16.9583,N,59.9375,56.733,56.733,66,85664
SA5MWE,SA5MWE,True,True,both,B,JO78sj,6.0,58.3958,15.5417,N,58.3958,55.049,55.049,7,2430
SA5NIK,SA5NIK,True,False,wsprnet_only,B,JO50hp,6.0,50.6458,10.625,N,50.6458,46.124,46.124,4,17
SA6DBX,SA6DBX,True,True,both,A,JO58xi,6.0,58.3542,11.9583,N,58.3542,55.045,55.045,19,131718
SA6EAL,SA6EAL,True,True,both,B,JO67gm,6.0,57.5208,12.5417,N,57.5208,54.1,54.1,3,1041
SA6LON,SA6LON,True,True,both,A,JO67,4.0,57.5,13.0,N,57.5,54.071,54.071,18,49168
SA6MNA,SA6MNA,True,True,both,B,JO67bo,6.0,57.6042,12.125,N,57.6042,54.199,54.199,6,9188
SA7AHC,SA7AHC,True,True,both,A,JO76,4.0,56.5,15.0,N,56.5,52.934,52.934,24,619743
SA7BII,SA7BII,True,True,both,B,JO65pt,6.0,55.8125,13.2917,N,55.8125,52.161,52.161,4,4586
SA7BSS,SA7BSS,True,True,both,B,JO68sc,6.0,58.1042,13.5417,N,58.1042,54.744,54.744,8,639
SA7BXU,SA7BXU,True,True,both,B,JO65os,6.0,55.7708,13.2083,N,55.7708,52.114,52.114,19,10362
SA7CND,SA7CND,True,True,both,B,JO76,4.0,56.5,15.0,N,56.5,52.934,52.934,363,4111179
SA7CNG,SA7CNG,True,True,both,B,JO65,4.0,55.5,13.0,N,55.5,51.806,51.806,107,1154738
SA7COE,SA7COE,True,True,both,B,JO66ob,6.0,56.0625,13.2083,N,56.0625,52.445,52.445,4,36
SA7CUT,SA7CUT,True,True,both,B,JO65so,6.0,55.6042,13.5417,N,55.6042,51.924,51.924,3,3209
SA7EMP,SA7EMP,True,True,both,B,JO65qo,6.0,55.6042,13.375,N,55.6042,51.924,51.924,3,3952
SA7JFN,SA7JFN,True,True,both,A,JO66uf,6.0,56.2292,13.7083,N,56.2292,52.632,52.632,23,16629
SA7KJE,SA7KJE,True,True,both,B,JO86gs,6.0,56.7708,16.5417,N,56.7708,53.235,53.235,7,2561
SA7RST,SA7RST,True,True,both,A,JO78,4.0,58.5,15.0,N,58.5,55.17,55.17,395,2018851
SA7TOW,SA7TOW,True,True,both,A,JO66wa,6.0,56.0208,13.875,N,56.0208,52.396,52.396,79,330349
SA7VED,SA7VED,True,True,both,B,JO76dp,6.0,56.6458,14.2917,N,56.6458,53.101,53.101,9,2131
SA9BSS,SA9BSS,True,True,both,B,JO68,4.0,58.5,13.0,N,58.5,55.193,55.193,5,51
SC9J,SC9J,True,False,wsprnet_only,A,NK28,4.0,18.5,85.0,N,18.5,12.66,12.66,16,26
SD3RIV,SD3RIV,True,False,wsprnet_only,A,OP42,4.0,62.5,109.0,N,62.5,58.592,58.592,39,76
SG7SUN/B,SG7SUN,True,True,both,A,JO76ou,6.0,56.8542,15.2083,N,56.8542,53.331,53.331,360,997028
SH3LEN,SH3LEN,True,True,both,A,JP80,4.0,60.5,17.0,N,60.5,57.348,57.348,25,135094
SH4EAH,SH4EAH,True,True,both,B,JP70,4.0,60.5,15.0,N,60.5,57.378,57.378,3,77
SH4LIF,SH4LIF,True,True,both,B,JP70pd,6.0,60.1458,15.2917,N,60.1458,56.984,56.984,6,2781
SH4UMN,SH4UMN,True,True,both,B,JP70od,6.0,60.1458,15.2083,N,60.1458,56.986,56.986,5,349
SH6DBX,SH6DBX,True,True,both,B,JO58xi,6.0,58.3542,11.9583,N,58.3542,55.045,55.045,7,479
SH6DST,SH6DST,True,True,both,B,JO67kj,6.0,57.3958,12.875,N,57.3958,53.955,53.955,8,2298
SH6ECJ,SH6ECJ,True,True,both,A,JO68rm,6.0,58.5208,13.4583,N,58.5208,55.21,55.21,10,852
SH7KAT,SH7KAT,True,True,both,B,JO65wm,6.0,55.5208,13.875,N,55.5208,51.829,51.829,89,143343
SH7MRA,SH7MRA,True,True,both,A,JO65,4.0,55.5,13.0,N,55.5,51.806,51.806,12,22258
SK0WE,SK0WE,True,True,both,B,JO89xj,6.0,59.3958,17.9583,N,59.3958,56.13,56.13,3,2275
SK3PH,SK3PH,True,True,both,A,JP81,4.0,61.5,17.0,N,61.5,58.436,58.436,16,63812
SK5AA,SK5AA,True,True,both,B,JO89ho,6.0,59.6042,16.625,N,59.6042,56.372,56.372,60,155635
SK5AD,SK5AD,True,True,both,B,JO89ho,6.0,59.6042,16.625,N,59.6042,56.372,56.372,7,616
SK7BQ,SK7BQ,True,True,both,A,JO76,4.0,56.5,15.0,N,56.5,52.934,52.934,313,4561761
SK7CY,SK7CY,True,True,both,A,JO66ic,6.0,56.1042,12.7083,N,56.1042,52.495,52.495,68,181014
SK7HW,SK7HW,True,True,both,B,JO76ju,6.0,56.8542,14.7917,N,56.8542,53.333,53.333,5,11244
SK7LT,SK7LT,True,True,both,A,JO65nr,6.0,55.7292,13.125,N,55.7292,52.067,52.067,20,141459
SK7OB,SK7OB,True,True,both,B,JO65nr,6.0,55.7292,13.125,N,55.7292,52.067,52.067,7,40897
SL2NB,SL2NB,True,True,both,A,KP05us,6.0,65.7708,21.7083,N,65.7708,62.907,62.907,147,139289
SL4MLC,SL4MLC,True,True,both,B,HO11,4.0,51.5,-37.0,N,51.5,51.419,51.419,5,12
SL9GGF,SL9GGF,True,False,wsprnet_only,B,JO66,4.0,56.5,13.0,N,56.5,52.942,52.942,6,11
SM0AGY,SM0AGY,True,True,both,B,JO99ak,6.0,59.4375,18.0417,N,59.4375,56.175,56.175,3,558
SM0ETV,SM0ETV,True,True,both,A,JO99ag,6.0,59.2708,18.0417,N,59.2708,55.992,55.992,21,70453
SM0FKI,SM0FKI,True,True,both,B,JO89ug,6.0,59.2708,17.7083,N,59.2708,55.995,55.995,118,86129
SM0FRC,SM0FRC,True,True,both,A,JO89wk,6.0,59.4375,17.875,N,59.4375,56.176,56.176,14,10750
SM0FVI,SM0FVI,True,True,both,B,JP82hu,6.0,62.8542,16.625,N,62.8542,59.909,59.909,60,22457
SM0GNS,SM0GNS,True,True,both,A,JO89xi,6.0,59.3542,17.9583,N,59.3542,56.084,56.084,10,5816
SM0HWY,SM0HWY,True,True,both,B,JO89xg,6.0,59.2708,17.9583,N,59.2708,55.993,55.993,5,3472
SM0IHR,SM0IHR,True,True,both,A,JO89vk,6.0,59.4375,17.7917,N,59.4375,56.177,56.177,30,158802
SM0ITQ,SM0ITQ,True,True,both,B,JO99ao,6.0,59.6042,18.0417,N,59.6042,56.357,56.357,9,6941
SM0ITS,SM0ITS,True,True,both,A,JO89wj,6.0,59.3958,17.875,N,59.3958,56.131,56.131,17,18982
SM0JSG,SM0JSG,True,True,both,B,JO89ve,6.0,59.1875,17.7917,N,59.1875,55.903,55.903,9,25727
SM0NZF,SM0NZF,True,True,both,A,JO99ah,6.0,59.3125,18.0417,N,59.3125,56.038,56.038,27,66063
SM0OHX,SM0OHX,True,True,both,A,JO99,4.0,59.5,19.0,N,59.5,56.235,56.235,309,52953
SM0ONR,SM0ONR,True,True,both,A,JO89vg,6.0,59.2708,17.7917,N,59.2708,55.994,55.994,24,165499
SM0OOM,SM0OOM,True,True,both,A,JO89wi,6.0,59.3542,17.875,N,59.3542,56.085,56.085,34,53669
SM0ORL,SM0ORL,True,True,both,A,JO66,4.0,56.5,13.0,N,56.5,52.942,52.942,13,2101
SM0P,SM0P,True,True,both,B,JO99bk,6.0,59.4375,18.125,N,59.4375,56.174,56.174,4,827
SM0SBS,SM0SBS,True,True,both,A,JO99bg,6.0,59.2708,18.125,N,59.2708,55.992,55.992,17,2946
SM0VNK,SM0VNK,True,True,both,A,JO89wi,6.0,59.3542,17.875,N,59.3542,56.085,56.085,12,3875
SM2ALV,SM2ALV,True,True,both,B,KP04ms,6.0,64.7708,21.0417,N,64.7708,61.866,61.866,6,1353
SM2DJK,SM2DJK,True,False,wsprnet_only,A,KP03au,6.0,63.8542,20.0417,N,63.8542,60.912,60.912,11,362
SM2HJJ,SM2HJJ,True,True,both,A,KP05tt,6.0,65.8125,21.625,N,65.8125,62.953,62.953,164,50497
SM2LKW,SM2LKW,True,True,both,B,KP05xp,6.0,65.6458,21.9583,N,65.6458,62.77,62.77,5,7264
SM2LTA,SM2LTA,True,True,both,A,JP94at,6.0,64.8125,18.0417,N,64.8125,61.977,61.977,55,201835
SM2OTU,SM2OTU,True,True,both,A,KP16or,6.0,66.7292,23.2083,N,66.7292,63.879,63.879,209,839948
SM2RCZ,SM2RCZ,True,True,both,B,JP84,4.0,64.5,17.0,N,64.5,61.669,61.669,8,6712
SM2YHP,SM2YHP,True,False,wsprnet_only,B,KP07cu,6.0,67.8542,20.2083,N,67.8542,65.131,65.131,3,161
SM3EFS,SM3EFS,True,True,both,A,JP82,4.0,62.5,17.0,N,62.5,59.519,59.519,351,976641
SM3EQF,SM3EQF,True,True,both,A,JP73,4.0,63.5,15.0,N,63.5,60.646,60.646,43,357287
SM3G,SM3G,True,True,both,A,JP82,4.0,62.5,17.0,N,62.5,59.519,59.519,152,206772
SM3GVP,SM3GVP,True,True,both,B,JP73id,6.0,63.1458,14.7083,N,63.1458,60.27,60.27,4,872
SM3JVS,SM3JVS,True,True,both,A,JP82qj,6.0,62.3958,17.375,N,62.3958,59.399,59.399,35,3947
SM3MTQ,SM3MTQ,True,True,both,A,JP81,4.0,61.5,17.0,N,61.5,58.436,58.436,257,526075
SM3OMO,SM3OMO,True,True,both,A,JP81ir,6.0,61.7292,16.7083,N,61.7292,58.69,58.69,11,31943
SM3TDV,SM3TDV,True,True,both,B,JP81ei,6.0,61.3542,16.375,N,61.3542,58.288,58.288,4,355
SM4GRP,SM4GRP,True,True,both,A,JO69hf,6.0,59.2292,12.625,N,59.2292,56.013,56.013,10,22789
SM4GTV,SM4GTV,True,True,both,A,JP70ld,6.0,60.1458,14.9583,N,60.1458,56.99,56.99,320,1078026
SM4HVP,SM4HVP,True,True,both,B,JP70od,6.0,60.1458,15.2083,N,60.1458,56.986,56.986,380,2284703
SM4JAY,SM4JAY,True,True,both,B,JP60qu,6.0,60.8542,13.375,N,60.8542,57.799,57.799,3,99
SM4JST,SM4JST,True,True,both,A,JO79,4.0,59.5,15.0,N,59.5,56.277,56.277,146,213215
SM4MWB,SM4MWB,True,True,both,B,JP70rm,6.0,60.5208,15.4583,N,60.5208,57.393,57.393,16,2971
SM4OAL,SM4OAL,True,True,both,B,JP70tj,6.0,60.3958,15.625,N,60.3958,57.254,57.254,3,4386
SM4OJ,SM4OJ,True,True,both,A,JP70xg,6.0,60.2708,15.9583,N,60.2708,57.112,57.112,26,25679
SM4OSU,SM4OSU,True,True,both,A,JO79,4.0,59.5,15.0,N,59.5,56.277,56.277,224,243164
SM4PIM,SM4PIM,True,True,both,A,JO79bh,6.0,59.3125,14.125,N,59.3125,56.082,56.082,13,86963
SM4TIW,SM4TIW,True,True,both,A,JO79,4.0,59.5,15.0,N,59.5,56.277,56.277,107,101304
SM4UPU,SM4UPU,True,True,both,B,JP70,4.0,60.5,15.0,N,60.5,57.378,57.378,4,1356
SM5AUS,SM5AUS,True,False,wsprnet_only,A,JP90ff,6.0,60.2292,18.4583,N,60.2292,57.035,57.035,10,1192
SM5FGQ,SM5FGQ,True,True,both,A,JO88bk,6.0,58.4375,16.125,N,58.4375,55.09,55.09,60,28207
SM5FXK,SM5FXK,True,True,both,B,JO89pb,6.0,59.0625,17.2917,N,59.0625,55.77,55.77,6,796
SM5KNV,SM5KNV,True,True,both,B,JO88mw,6.0,58.9375,17.0417,N,58.9375,55.635,55.635,3,1259
SM5MEK,SM5MEK,True,True,both,B,JO89tt,6.0,59.8125,17.625,N,59.8125,56.589,56.589,6,2841
SM5MRW,SM5MRW,True,True,both,B,JP80,4.0,60.5,17.0,N,60.5,57.348,57.348,395,279581
SM5RYW,SM5RYW,True,True,both,B,JO89gp,6.0,59.6458,16.5417,N,59.6458,56.418,56.418,5,1030
SM5SRS,SM5SRS,True,True,both,B,JO99at,6.0,59.8125,18.0417,N,59.8125,56.585,56.585,35,10405
SM5SUH,SM5SUH,True,True,both,B,JO78id,6.0,58.1458,14.7083,N,58.1458,54.778,54.778,5,24939
SM5WZG,SM5WZG,True,True,both,A,JO89ff,6.0,59.2292,16.4583,N,59.2292,55.961,55.961,10,10174
SM5YFI,SM5YFI,True,True,both,B,JO89wx,6.0,59.9792,17.875,N,59.9792,56.768,56.768,3,853
SM6/DJ1NGO,DJ1NGO,True,True,both,B,JO66rl,6.0,56.4792,13.4583,N,56.4792,52.916,52.916,7,4437
SM6BGP,SM6BGP,True,True,both,A,JO67il,6.0,57.4792,12.7083,N,57.4792,54.051,54.051,101,176386
SM6FWF,SM6FWF,True,True,both,A,JO58,4.0,58.5,11.0,N,58.5,55.225,55.225,140,49081
SM6KWJ,SM6KWJ,True,True,both,A,JO67,4.0,57.5,13.0,N,57.5,54.071,54.071,390,1125961
SM6LKM,SM6LKM,True,True,both,A,JO67mr,6.0,57.7292,13.0417,N,57.7292,54.329,54.329,20,18376
SM6LVG,SM6LVG,True,True,both,B,JO66ir,6.0,56.7292,12.7083,N,56.7292,53.204,53.204,4,2803
SM6NOC,SM6NOC,True,True,both,A,JO68qe,6.0,58.1875,13.375,N,58.1875,54.839,54.839,33,103366
SM6NZV,SM6NZV,True,True,both,A,JO57xl,6.0,57.4792,11.9583,N,57.4792,54.059,54.059,16,1804
SM6OES,SM6OES,True,True,both,B,JO57xt,6.0,57.8125,11.9583,N,57.8125,54.435,54.435,9,6274
SM6OMD,SM6OMD,True,True,both,A,JO67qt,6.0,57.8125,13.375,N,57.8125,54.419,54.419,14,28347
SM6RAG,SM6RAG,True,True,both,B,JO78ds,6.0,58.7708,14.2917,N,58.7708,55.478,55.478,22,31035
SM6RHV,SM6RHV,True,True,both,B,JO57wp,6.0,57.6458,11.875,N,57.6458,54.249,54.249,3,364
SM6RIG,SM6RIG,True,True,both,B,JO67bn,6.0,57.5625,12.125,N,57.5625,54.151,54.151,7,1435
SM6TWY,SM6TWY,True,True,both,B,JO57xw,6.0,57.9375,11.9583,N,57.9375,54.576,54.576,6,1005
SM6WZI,SM6WZI,True,True,both,A,JO67mp,6.0,57.6458,13.0417,N,57.6458,54.235,54.235,57,183046
SM6XVI,SM6XVI,True,True,both,B,JO66qm,6.0,56.5208,13.375,N,56.5208,52.964,52.964,3,411
SM6YCQ,SM6YCQ,True,True,both,B,JO57ur,6.0,57.7292,11.7083,N,57.7292,54.345,54.345,9,20656
SM6YPE,SM6YPE,True,True,both,B,JO67rm,6.0,57.5208,13.4583,N,57.5208,54.091,54.091,367,2790017
SM7EQL,SM7EQL,True,True,both,A,JO65nr,6.0,55.7292,13.125,N,55.7292,52.067,52.067,29,272008
SM7IGV,SM7IGV,True,True,both,A,JO76ju,6.0,56.8542,14.7917,N,56.8542,53.333,53.333,259,109502
SM7JRZ,SM7JRZ,True,True,both,B,JO77mp,6.0,57.6458,15.0417,N,57.6458,54.218,54.218,6,5027
SM7JYR,SM7JYR,True,True,both,B,JO76,4.0,56.5,15.0,N,56.5,52.934,52.934,4,7041
SM7LZV,SM7LZV,True,True,both,B,JO76hc,6.0,56.1042,14.625,N,56.1042,52.489,52.489,9,2646
SM7MDO,SM7MDO,True,True,both,B,JO65tu,6.0,55.8542,13.625,N,55.8542,52.208,52.208,4,1363
SM7NYI,SM7NYI,True,True,both,A,JO66ic,6.0,56.1042,12.7083,N,56.1042,52.495,52.495,11,9199
SM7ORT,SM7ORT,True,True,both,A,JO76,4.0,56.5,15.0,N,56.5,52.934,52.934,46,4826
SM7OYP,SM7OYP,True,True,both,B,JO66ja,6.0,56.0208,12.7917,N,56.0208,52.4,52.4,3,2784
SM7PKQ,SM7PKQ,True,True,both,A,JO66kf,6.0,56.2292,12.875,N,56.2292,52.636,52.636,95,288733
SM7PNS,SM7PNS,True,True,both,A,JO66jj,6.0,56.3958,12.7917,N,56.3958,52.826,52.826,387,1177065
SM7PNV,SM7PNV,True,True,both,B,JO66gg,6.0,56.2708,12.5417,N,56.2708,52.685,52.685,4,435
SM7RYR,SM7RYR,True,True,both,B,JO65,4.0,55.5,13.0,N,55.5,51.806,51.806,4,1372
SM7SKB,SM7SKB,True,True,both,B,JO66kf,6.0,56.2292,12.875,N,56.2292,52.636,52.636,5,482
SM7URN,SM7URN,True,True,both,A,JO76,4.0,56.5,15.0,N,56.5,52.934,52.934,395,1858239
SM7VEV,SM7VEV,True,True,both,B,JO66li,6.0,56.3542,12.9583,N,56.3542,52.777,52.777,6,17382
SM7VRI,SM7VRI,True,True,both,B,JO77bu,6.0,57.8542,14.125,N,57.8542,54.458,54.458,8,11975
SM7WDL,SM7WDL,True,True,both,A,JO76,4.0,56.5,15.0,N,56.5,52.934,52.934,104,1626858
SM7WPD,SM7WPD,True,True,both,A,JO76,4.0,56.5,15.0,N,56.5,52.934,52.934,29,105064
SM7XQW/P,SM7XQW,True,True,both,B,JO78ch,6.0,58.3125,14.2083,N,58.3125,54.969,54.969,4,1338
SN5H,SN5H,True,True,both,B,KO02,4.0,52.5,21.0,N,52.5,48.498,48.498,5,12388
SN5RAV,SN5RAV,True,True,both,B,KO02,4.0,52.5,21.0,N,52.5,48.498,48.498,8,3474
SN9GK,SN9GK,True,True,both,B,KO00ac,6.0,50.1042,20.0417,N,50.1042,45.747,45.747,7,1881
SO2O,SO2O,True,True,both,A,JO94,4.0,54.5,19.0,N,54.5,50.708,50.708,370,2887424
SO5AS,SO5AS,True,True,both,A,KO02jd,6.0,52.1458,20.7917,N,52.1458,48.093,48.093,41,21650
SO5DU,SO5DU,True,True,both,B,KO02nf,6.0,52.2292,21.125,N,52.2292,48.196,48.196,3,107
SO5WL,SO5WL,True,True,both,B,FC74,4.0,-65.5,-65.0,S,65.5,-51.535,51.535,3,146
SO7NA,SO7NA,True,True,both,B,JO91uj,6.0,51.3958,19.7083,N,51.3958,47.214,47.214,4,16575
SP1JXJ,SP1JXJ,True,True,both,B,JO84cf,6.0,54.2292,16.2083,N,54.2292,50.372,50.372,3,1817
SP1WLQ,SP1WLQ,True,True,both,B,JO73rd,6.0,53.1458,15.4583,N,53.1458,49.126,49.126,3,95
SP2CG,SP2CG,True,True,both,B,JO94hi,6.0,54.3542,18.625,N,54.3542,50.54,50.54,22,39472
SP2CSG,SP2CSG,True,True,both,B,JO94,4.0,54.5,19.0,N,54.5,50.708,50.708,4,3139
SP2DBJ,SP2DBJ,True,True,both,B,JO83xd,6.0,53.1458,17.9583,N,53.1458,49.165,49.165,5,2239
SP2GIF,SP2GIF,True,True,both,B,JO94gh,6.0,54.3125,18.5417,N,54.3125,50.492,50.492,3,13
SP2JGY,SP2JGY,True,True,both,A,JO94ae,6.0,54.1875,18.0417,N,54.1875,50.345,50.345,119,585817
SP2LNY,SP2LNY,True,True,both,A,JO94vi,6.0,54.3542,19.7917,N,54.3542,50.555,50.555,326,2090710
SP2MHC,SP2MHC,True,True,both,A,JO94ie,6.0,54.1875,18.7083,N,54.1875,50.353,50.353,11,3080
SP2NBH,SP2NBH,True,True,both,B,JO94ji,6.0,54.3542,18.7917,N,54.3542,50.542,50.542,3,7967
SP2OVC,SP2OVC,True,True,both,B,JO94hj,6.0,54.3958,18.625,N,54.3958,50.587,50.587,7,1067
SP2SGQ,SP2SGQ,True,True,both,B,JO83sq,6.0,53.6875,17.5417,N,53.6875,49.773,49.773,42,421165
SP2WRE,SP2WRE,True,True,both,B,JO94,4.0,54.5,19.0,N,54.5,50.708,50.708,20,128024
SP2XUK,SP2XUK,True,True,both,A,JO82,4.0,52.5,17.0,N,52.5,48.411,48.411,30,138114
SP3HVZ,SP3HVZ,True,True,both,A,JO82ef,6.0,52.2292,16.375,N,52.2292,48.088,48.088,117,517447
SP3MCO,SP3MCO,True,True,both,B,JO71ls,6.0,51.7708,14.9583,N,51.7708,47.53,47.53,3,4175
SP3N,SP3N,True,True,both,A,JO81xk,6.0,51.4375,17.9583,N,51.4375,47.214,47.214,18,57783
SP3RNZ,SP3RNZ,True,True,both,A,JO92ef,6.0,52.2292,18.375,N,52.2292,48.13,48.13,22,531663
SP3VSS,SP3VSS,True,True,both,A,JO82lk,6.0,52.4375,16.9583,N,52.4375,48.338,48.338,59,698081
SP4BP,SP4BP,True,True,both,B,KO03ep,6.0,53.6458,20.375,N,53.6458,49.771,49.771,5,835
SP4OKO,SP4OKO,True,True,both,B,KO03,4.0,53.5,21.0,N,53.5,49.62,49.62,4,704
SP5AI,SP5AI,True,True,both,B,KO12qq,6.0,52.6875,23.375,N,52.6875,48.766,48.766,4,496
SP5NHT,SP5NHT,True,True,both,A,KO02me,6.0,52.1875,21.0417,N,52.1875,48.147,48.147,40,6322
SP5NHT/P,SP5NHT,True,True,both,A,KO02lk,6.0,52.4375,20.9583,N,52.4375,48.426,48.426,14,8814
SP5OSF,SP5OSF,True,True,both,A,KO01ev,6.0,51.8958,20.375,N,51.8958,47.8,47.8,36,80363
SP5RFL,SP5RFL,True,True,both,B,KO02,4.0,52.5,21.0,N,52.5,48.498,48.498,32,5142
SP5VJL,SP5VJL,True,True,both,A,KO02mi,6.0,52.3542,21.0417,N,52.3542,48.334,48.334,13,124808
SP6DCZ,SP6DCZ,True,True,both,B,JO90am,6.0,50.5208,18.0417,N,50.5208,46.16,46.16,3,3967
SP6GBP,SP6GBP,True,True,both,B,JO81bq,6.0,51.6875,16.125,N,51.6875,47.458,47.458,7,2788
SP6PGH,SP6PGH,True,True,both,B,JO81nd,6.0,51.1458,17.125,N,51.1458,46.856,46.856,6,15217
SP6QAS,SP6QAS,True,True,both,A,JO90,4.0,50.5,19.0,N,50.5,46.167,46.167,10,112179
SP6RGB,SP6RGB,True,True,both,B,JO71,4.0,51.5,15.0,N,51.5,47.216,47.216,3,7796
SP6TWC,SP6TWC,True,True,both,B,JO81mc,6.0,51.1042,17.0417,N,51.1042,46.806,46.806,3,345
SP6U,SP6U,True,True,both,B,JO80pw,6.0,50.9375,17.2917,N,50.9375,46.62,46.62,3,1455
SP7LPD,SP7LPD,True,True,both,B,JO91ro,6.0,51.6042,19.4583,N,51.6042,47.444,47.444,6,2319
SP7TBS,SP7TBS,True,True,both,B,KO01nb,6.0,51.0625,21.125,N,51.0625,46.877,46.877,3,875
SP7THR/2,SP7THR,True,True,both,B,KO10an,6.0,50.5625,22.0417,N,50.5625,46.34,46.34,4,25
SP7UNR,SP7UNR,True,True,both,B,KO00ft,6.0,50.8125,20.4583,N,50.8125,46.571,46.571,6,42016
SP8AMJ,SP8AMJ,True,True,both,A,KO12tb,6.0,52.0625,23.625,N,52.0625,48.076,48.076,13,9367
SP8C,SP8C,True,True,both,B,KO00xo,6.0,50.6042,21.9583,N,50.6042,46.385,46.385,3,197
SP8EB,SP8EB,True,True,both,B,KO11,4.0,51.5,23.0,N,51.5,47.428,47.428,57,622542
SP8GON,SP8GON,True,True,both,B,KO11hg,6.0,51.2708,22.625,N,51.2708,47.159,47.159,3,658
SP8KM,SP8KM,True,True,both,B,KO00rc,6.0,50.1042,21.4583,N,50.1042,45.799,45.799,3,7675
SP8NAJ,SP8NAJ,True,True,both,B,KO00wb,6.0,50.0625,21.875,N,50.0625,45.767,45.767,20,160910
SP8XXT,SP8XXT,True,True,both,A,KO02,4.0,52.5,21.0,N,52.5,48.498,48.498,22,2402
SP9JMZ,SP9JMZ,True,True,both,A,JO90xc,6.0,50.1042,19.9583,N,50.1042,45.744,45.744,75,97561
SP9LOP,SP9LOP,True,True,both,B,JO90sg,6.0,50.2708,19.5417,N,50.2708,45.921,45.921,7,1472
SP9MK,SP9MK,True,True,both,B,JO90nf,6.0,50.2292,19.125,N,50.2292,45.859,45.859,5,9755
SP9MLI,SP9MLI,True,True,both,A,JO94ej,6.0,54.3958,18.375,N,54.3958,50.584,50.584,12,38009
SP9PWS,SP9PWS,True,True,both,A,KN09,4.0,49.5,21.0,N,49.5,45.09,45.09,35,466671
SP9RG,SP9RG,True,True,both,A,JO90lf,6.0,50.2292,18.9583,N,50.2292,45.853,45.853,13,3952
SP9VIK,SP9VIK,True,True,both,B,JO90jh,6.0,50.3125,18.7917,N,50.3125,45.944,45.944,10,1616
SP9VNR,SP9VNR,True,True,both,A,KN09lk,6.0,49.4375,20.9583,N,49.4375,45.017,45.017,11,12158
SP9WTA,SP9WTA,True,True,both,B,KN09lj,6.0,49.3958,20.9583,N,49.3958,44.969,44.969,3,700
SP9XG,SP9XG,True,True,both,B,JO90hg,6.0,50.2708,18.625,N,50.2708,45.89,45.89,4,677
SR7TWA,SR7TWA,True,True,both,A,JO91,4.0,51.5,19.0,N,51.5,47.313,47.313,217,64831
SR8RJS,SR8RJS,True,True,both,A,KN09sr,6.0,49.7292,21.5417,N,49.7292,45.374,45.374,392,4067433
SV1ABB,SV1ABB,True,True,both,A,KM18wf,6.0,38.2292,23.875,N,38.2292,32.009,32.009,11,5533
SV1BHF,SV1BHF,True,True,both,A,KM18ua,6.0,38.0208,23.7083,N,38.0208,31.734,31.734,36,37550
SV1CDU,SV1CDU,True,True,both,B,KM17tx,6.0,37.9792,23.625,N,37.9792,31.673,31.673,127,4348
SV1CEV/A,SV1CEV,True,True,both,A,KM18me,6.0,38.1875,23.0417,N,38.1875,31.853,31.853,171,1955590
SV1DAR,SV1DAR,True,True,both,A,KM17vx,6.0,37.9792,23.7917,N,37.9792,31.694,31.694,173,161698
SV1DEW,SV1DEW,True,True,both,B,KM18ua,6.0,38.0208,23.7083,N,38.0208,31.734,31.734,7,2989
SV1EAI,SV1EAI,True,True,both,A,KM18va,6.0,38.0208,23.7917,N,38.0208,31.745,31.745,139,15872
SV1IT,SV1IT,True,True,both,B,KM18va,6.0,38.0208,23.7917,N,38.0208,31.745,31.745,6,4333
SV1IW,SV1IW,True,True,both,B,KM17uw,6.0,37.9375,23.7083,N,37.9375,31.633,31.633,5,10968
SV1LJJ,SV1LJJ,True,True,both,B,KM18wa,6.0,38.0208,23.875,N,38.0208,31.756,31.756,3,938
SV1MNE,SV1MNE,True,True,both,A,KM17vu,6.0,37.8542,23.7917,N,37.8542,31.542,31.542,47,269887
SV1SLK,SV1SLK,True,True,both,B,KM18js,6.0,38.7708,22.7917,N,38.7708,32.536,32.536,61,16134
SV1SPL,SV1SPL,True,True,both,B,KM17ww,6.0,37.9375,23.875,N,37.9375,31.654,31.654,4,1020
SV1SYM,SV1SYM,True,True,both,B,KM17tw,6.0,37.9375,23.625,N,37.9375,31.622,31.622,3,25828
SV1TAJ,SV1TAJ,True,True,both,B,KM17vu,6.0,37.8542,23.7917,N,37.8542,31.542,31.542,9,8665
SV1TAY,SV1TAY,True,True,both,B,KM18ua,6.0,38.0208,23.7083,N,38.0208,31.734,31.734,3,660
SV1TLB,SV1TLB,True,True,both,B,KM18wa,6.0,38.0208,23.875,N,38.0208,31.756,31.756,3,743
SV1TMQ,SV1TMQ,True,True,both,B,KM18ub,6.0,38.0625,23.7083,N,38.0625,31.785,31.785,20,33275
SV1YB,SV1YB,True,True,both,B,KM18vc,6.0,38.1042,23.7917,N,38.1042,31.846,31.846,16,273
SV2/HB9TUP,HB9TUP,True,True,both,B,KN10ug,6.0,40.2708,23.7083,N,40.2708,34.456,34.456,8,17807
SV2CTY,SV2CTY,True,True,both,B,KN10lo,6.0,40.6042,22.9583,N,40.6042,34.778,34.778,3,421
SV2OXA,SV2OXA,True,True,both,B,KN10gg,6.0,40.2708,22.5417,N,40.2708,34.332,34.332,6,2055
SV2TOX,SV2TOX,True,True,both,A,KN10,4.0,40.5,23.0,N,40.5,34.657,34.657,35,16806
SV3RZD,SV3RZD,True,True,both,B,KM17,4.0,37.5,23.0,N,37.5,31.003,31.003,3,976
SV3TPS,SV3TPS,True,True,both,B,KM08uf,6.0,38.2292,21.7083,N,38.2292,31.735,31.735,3,777
SV4SAR,SV4SAR,True,True,both,B,KM09xi,6.0,39.3542,21.9583,N,39.3542,33.15,33.15,3,2556
SV6RDE,SV6RDE,True,True,both,B,KM09ld,6.0,39.1458,20.9583,N,39.1458,32.777,32.777,4,21383
SV7TOT,SV7TOT,True,True,both,B,KN21,4.0,41.5,25.0,N,41.5,36.049,36.049,3,39842
SV8CHD,SV8CHD,True,True,both,A,KM38bj,6.0,38.3958,26.125,N,38.3958,32.488,32.488,15,1490
SV8CS,SV8CS,True,True,both,B,KM07js,6.0,37.7708,20.7917,N,37.7708,31.044,31.044,224,291310
SV8FET,SV8FET,True,True,both,B,KM27lj,6.0,37.3958,24.9583,N,37.3958,31.137,31.137,240,1142838
SV8QG,SV8QG,True,True,both,B,KM39gc,6.0,39.1042,26.5417,N,39.1042,33.379,33.379,5,430
SV9/DK5HH,DK5HH,True,True,both,A,KM15uf,6.0,35.2292,23.7083,N,35.2292,28.29,28.29,40,519421
SV9CVJ,SV9CVJ,True,True,both,A,KM25ni,6.0,35.3542,25.125,N,35.3542,28.668,28.668,13,8371
SV9RMU,SV9RMU,True,True,both,A,KM25bk,6.0,35.4375,24.125,N,35.4375,28.615,28.615,15,3516
T0IQK,T0IQK,True,True,both,A,DQ45,4.0,75.5,-111.0,N,75.5,80.852,80.852,21,103
T69XHO,T69XHO,True,True,both,B,NK88,4.0,18.5,97.0,N,18.5,12.547,12.547,4,10
TA1ALP,TA1ALP,True,True,both,B,KN41nf,6.0,41.2292,29.125,N,41.2292,36.12,36.12,8,689
TA1MHS,TA1MHS,True,True,both,B,KN41md,6.0,41.1458,29.0417,N,41.1458,36.017,36.017,4,8282
TA1OZV,TA1OZV,True,True,both,A,KN41mc,6.0,41.1042,29.0417,N,41.1042,35.969,35.969,11,3011
TA1SA,TA1SA,True,True,both,B,KN40ix,6.0,40.9792,28.7083,N,40.9792,35.794,35.794,5,202
TA1VK,TA1VK,True,True,both,B,KN40kx,6.0,40.9792,28.875,N,40.9792,35.81,35.81,4,2036
TA1YMB,TA1YMB,True,True,both,B,KN41kc,6.0,41.1042,28.875,N,41.1042,35.954,35.954,40,3519
TA2AEG,TA2AEG,True,True,both,B,KN40rs,6.0,40.7708,29.4583,N,40.7708,35.625,35.625,6,4016
TA2AFA,TA2AFA,True,True,both,B,KN40,4.0,40.5,29.0,N,40.5,35.269,35.269,3,90
TA2EHI,TA2EHI,True,True,both,B,KM69kv,6.0,39.8958,32.875,N,39.8958,34.948,34.948,3,11526
TA2IRJ,TA2IRJ,True,True,both,B,KN40nw,6.0,40.9375,29.125,N,40.9375,35.785,35.785,3,269
TA2NJH,TA2NJH,True,True,both,B,KM69kw,6.0,39.9375,32.875,N,39.9375,34.995,34.995,6,1843
TA2TEO,TA2TEO,True,True,both,B,KN40,4.0,40.5,29.0,N,40.5,35.269,35.269,7,46693
TA2UC,TA2UC,True,True,both,B,KN40pu,6.0,40.8542,29.2917,N,40.8542,35.705,35.705,4,198
TA2VB,TA2VB,True,True,both,B,KN50wj,6.0,40.3958,31.875,N,40.3958,35.421,35.421,11,24466
TA2WHO,TA2WHO,True,True,both,B,KN40,4.0,40.5,29.0,N,40.5,35.269,35.269,3,12177
TA3AWF,TA3AWF,True,True,both,B,KM38ij,6.0,38.3958,26.7083,N,38.3958,32.558,32.558,8,3605
TA5AZ,TA5AZ,True,True,both,B,KM67,4.0,37.5,33.0,N,37.5,32.244,32.244,4,1137
TA5TCH,TA5TCH,True,True,both,B,KM67,4.0,37.5,33.0,N,37.5,32.244,32.244,3,505
TA7EHM,TA7EHM,True,True,both,A,LN00,4.0,40.5,41.0,N,40.5,36.231,36.231,57,16922
TA7JE,TA7JE,True,True,both,A,IJ75,4.0,5.5,-5.0,N,5.5,,,224,136073
TA7MVL,TA7MVL,True,True,both,A,KN91ua,6.0,41.0208,39.7083,N,41.0208,36.717,36.717,51,234327
TA7OYG,TA7OYG,True,True,both,B,KN90ux,6.0,40.9792,39.7083,N,40.9792,36.672,36.672,3,670
TA9B,TA9B,True,True,both,B,KM76gs,6.0,36.7708,34.5417,N,36.7708,31.584,31.584,3,1180
TB1GMN,TB1GMN,True,True,both,A,KN41kb,6.0,41.0625,28.875,N,41.0625,35.906,35.906,10,1032
TB3NHM,TB3NHM,True,True,both,B,KM38ro,6.0,38.6042,27.4583,N,38.6042,32.893,32.893,15,556
TD5HJT,TD5HJT,True,False,wsprnet_only,A,CA91,4.0,-88.5,-121.0,S,88.5,-73.806,73.806,52,123
TF1A,TF1A,True,False,wsprnet_only,B,CH87,4.0,-12.5,-123.0,S,12.5,-7.723,7.723,9,38
TF1A/P,TF1A,True,True,both,B,JN87tq,6.0,47.6875,17.625,N,47.6875,42.834,42.834,30,378506
TF3AO,TF3AO,True,True,both,B,HP94bc,6.0,64.1042,-21.875,N,64.1042,63.86,63.86,3,139
TF3D,TF3D,True,True,both,A,HP93lu,6.0,63.8542,-21.0417,N,63.8542,63.48,63.48,384,1085030
TF3HZ,TF3HZ,True,True,both,B,HP94ad,6.0,64.1458,-21.9583,N,64.1458,63.916,63.916,155,284258
TF3OM,TF3OM,True,True,both,A,HP94uh,6.0,64.3125,-20.2917,N,64.3125,63.91,63.91,19,61047
TF4WD,TF4WD,True,True,both,B,IP05er,6.0,65.7292,-19.625,N,65.7292,65.416,65.416,3,737
TF6PSM,TF6PSM,True,False,wsprnet_only,A,CA91,4.0,-88.5,-121.0,S,88.5,-73.806,73.806,13,27
TG5ALY,TG5ALY,True,True,both,B,EK44hv,6.0,14.8958,-91.375,N,14.8958,24.727,24.727,76,76262
TG6NAN,TG6NAN,True,False,wsprnet_only,A,DB49,4.0,-70.5,-111.0,S,70.5,-59.241,59.241,16,26
TI2CLX,TI2CLX,True,True,both,B,EJ79ww,6.0,9.9375,-84.125,N,9.9375,20.337,20.337,3,401
TI2JAB,TI2JAB,True,True,both,B,EJ89,4.0,9.5,-83.0,N,9.5,19.923,19.923,3,1619
TI4JWC,TI4JWC,True,True,both,A,EK70wb,6.0,10.0625,-84.125,N,10.0625,20.456,20.456,377,22256242
TK4VXL,TK4VXL,True,True,both,A,JN41,4.0,41.5,9.0,N,41.5,34.59,34.59,165,881267
U6FVK,U6FVK,True,False,wsprnet_only,A,RM65,4.0,35.5,173.0,N,35.5,29.866,29.866,41,70
UA0ZEO,UA0ZEO,True,True,both,B,QO93ec,6.0,53.1042,158.375,N,53.1042,46.922,46.922,3,14
UA1ACO,UA1ACO,True,True,both,B,KO49rp,6.0,59.6458,29.4583,N,59.6458,56.375,56.375,7,219
UA1ZFG,UA1ZFG,True,True,both,A,KO46,4.0,56.5,29.0,N,56.5,53.026,53.026,380,2481967
UA1ZQN,UA1ZQN,True,True,both,B,KP57mn,6.0,67.5625,31.0417,N,67.5625,64.598,64.598,26,43265
UA3AAT,UA3AAT,True,True,both,A,KO85vq,6.0,55.6875,37.7917,N,55.6875,52.297,52.297,24,8117
UA3ACD,UA3ACD,True,True,both,A,KO85vr,6.0,55.7292,37.7917,N,55.7292,52.34,52.34,51,30221
UA3AHM,UA3AHM,True,True,both,A,KO97,4.0,57.5,39.0,N,57.5,54.204,54.204,17,93547
UA3ARC,UA3ARC,True,True,both,B,KO85so,6.0,55.6042,37.5417,N,55.6042,52.205,52.205,128,27555
UA3IAP,UA3IAP,True,True,both,B,KO76wv,6.0,56.8958,35.875,N,56.8958,53.535,53.535,5,2910
UA3PCQ,UA3PCQ,True,True,both,A,KO93hk,6.0,53.4375,38.625,N,53.4375,49.951,49.951,23,5322
UA3QQG,UA3QQG,True,True,both,B,KO91jn,6.0,51.5625,38.7917,N,51.5625,47.978,47.978,8,1829
UA3SWL,UA3SWL,True,True,both,A,KO91np,6.0,51.6458,39.125,N,51.6458,48.075,48.075,140,280470
UA3XFO,UA3XFO,True,True,both,B,KO84do,6.0,54.6042,36.2917,N,54.6042,51.132,51.132,3,2027
UA3XFP,UA3XFP,True,True,both,A,KO84,4.0,54.5,37.0,N,54.5,51.036,51.036,304,790134
UA4AAV,UA4AAV,True,True,both,A,LO21fd,6.0,51.1458,44.4583,N,51.1458,47.68,47.68,42,27723
UA4WEW,UA4WEW,True,True,both,B,LO77ux,6.0,57.9792,55.7083,N,57.9792,54.864,54.864,39,4216
UA6AQN,UA6AQN,True,True,both,B,KN96vc,6.0,46.1042,39.7917,N,46.1042,42.204,42.204,39,3194
UA9CED,UA9CED,True,True,both,B,LO96id,6.0,56.1458,58.7083,N,56.1458,53.023,53.023,6,58
UA9LDT,UA9LDT,True,True,both,B,MO48df,6.0,58.2292,68.2917,N,58.2292,55.17,55.17,6,1064
UA9OTW,UA9OTW,True,True,both,A,NO14lw,6.0,54.9375,82.9583,N,54.9375,51.741,51.741,54,2295
UA9YKR,UA9YKR,True,True,both,B,NO22,4.0,52.5,85.0,N,52.5,49.211,49.211,4,227
UB0SEG,UB0SEG,True,True,both,B,OO06,4.0,56.5,101.0,N,56.5,52.875,52.875,3,901
UB1APE,UB1APE,True,False,wsprnet_only,B,KO59eh,6.0,59.3125,30.375,N,59.3125,56.026,56.026,9,78
UB1AQS,UB1AQS,True,True,both,B,KP50db,6.0,60.0625,30.2917,N,60.0625,56.816,56.816,3,556
UB1ATF,UB1ATF,True,True,both,B,KP60li,6.0,60.3542,32.9583,N,60.3542,57.129,57.129,4,9509
UB1AXS,UB1AXS,True,True,both,B,KP40up,6.0,60.6458,29.7083,N,60.6458,57.429,57.429,4,598
UB1WAE,UB1WAE,True,True,both,B,KO56,4.0,56.5,31.0,N,56.5,53.052,53.052,3,685
UB1ZCQ,UB1ZCQ,True,True,both,B,KP68,4.0,68.5,33.0,N,68.5,65.526,65.526,9,16125
UB3AQI,UB3AQI,True,True,both,B,KO85vt,6.0,55.8125,37.7917,N,55.8125,52.428,52.428,72,170403
UB3AYO,UB3AYO,True,True,both,A,KO85rr,6.0,55.7292,37.4583,N,55.7292,52.335,52.335,17,3623
UB3BDM,UB3BDM,True,True,both,B,KO85vp,6.0,55.6458,37.7917,N,55.6458,52.253,52.253,8,1603
UB3BGF,UB3BGF,True,True,both,B,KO86gn,6.0,56.5625,36.5417,N,56.5625,53.194,53.194,5,183
UB3DRL,UB3DRL,True,True,both,B,KO84rw,6.0,54.9375,37.4583,N,54.9375,51.505,51.505,5,2869
UB3DZF,UB3DZF,True,True,both,B,KO84,4.0,54.5,37.0,N,54.5,51.036,51.036,3,448
UB3XCC,UB3XCC,True,True,both,B,KO84cm,6.0,54.5208,36.2083,N,54.5208,51.042,51.042,6,2560
UB4CFT,UB4CFT,True,True,both,B,LO31am,6.0,51.5208,46.0417,N,51.5208,48.105,48.105,5,1972
UB4HTO,UB4HTO,True,True,both,B,LO43,4.0,53.5,49.0,N,53.5,50.208,50.208,3,36
UB4RGL,UB4RGL,True,True,both,B,LO45or,6.0,55.7292,49.2083,N,55.7292,52.505,52.505,9,2964
UB4RID,UB4RID,True,True,both,A,LO45,4.0,55.5,49.0,N,55.5,52.267,52.267,44,23814
UB6JCA,UB6JCA,True,True,both,B,KP40pk,6.0,60.4375,29.2917,N,60.4375,57.21,57.21,7,6244
UB6OAM,UB6OAM,True,True,both,B,KN88xc,6.0,48.1042,37.9583,N,48.1042,44.271,44.271,3,802
UB8CPW,UB8CPW,True,True,both,B,MO06gt,6.0,56.8125,60.5417,N,56.8125,53.713,53.713,12,507
UB8CRC,UB8CRC,True,True,both,B,LO98rq,6.0,58.6875,59.4583,N,58.6875,55.605,55.605,4,834
UB8CSJ,UB8CSJ,True,True,both,B,MO07,4.0,57.5,61.0,N,57.5,54.412,54.412,5,957
UB8FDO,UB8FDO,True,True,both,B,LO77,4.0,57.5,55.0,N,57.5,54.372,54.372,9,31061
UB8JFD,UB8JFD,True,True,both,B,MP80,4.0,60.5,77.0,N,60.5,57.415,57.415,3,28
UB8QBG,UB8QBG,True,True,both,B,KO85vs,6.0,55.7708,37.7917,N,55.7708,52.384,52.384,77,12694
UB8SBV,UB8SBV,True,True,both,B,LO61qm,6.0,51.5208,53.375,N,51.5208,48.226,48.226,42,38871
UB9OCF,UB9OCF,True,True,both,B,NO14ot,6.0,54.8125,83.2083,N,54.8125,51.61,51.61,9,1804
UB9UDY,UB9UDY,True,True,both,B,NO33su,6.0,53.8542,87.5417,N,53.8542,50.558,50.558,8,318
UB9YVU,UB9YVU,True,True,both,B,NO13ui,6.0,53.3542,83.7083,N,53.3542,50.109,50.109,3,125
UC6UBB,UC6UBB,True,True,both,B,LN36xh,6.0,46.3125,47.9583,N,46.3125,42.7,42.7,7,682
UD4NAD,UD4NAD,True,True,both,A,LO48,4.0,58.5,49.0,N,58.5,55.337,55.337,225,299255
UD6AUP,UD6AUP,True,True,both,B,KN94lx,6.0,44.9792,38.9583,N,44.9792,40.958,40.958,3,343
UD6AWT,UD6AWT,True,True,both,B,KN95md,6.0,45.1458,39.0417,N,45.1458,41.141,41.141,22,39514
UD6AXZ,UD6AXZ,True,True,both,B,KN94gi,6.0,44.3542,38.5417,N,44.3542,40.263,40.263,4,128
UF3K,UF3K,True,True,both,A,KO91oo,6.0,51.6042,39.2083,N,51.6042,48.033,48.033,27,49816
UG3B,UG3B,True,True,both,B,KO85qm,6.0,55.5208,37.375,N,55.5208,52.115,52.115,75,83893
UI4A,UI4A,True,False,wsprnet_only,B,LN28fr,6.0,48.7292,44.4583,N,48.7292,45.147,45.147,6,105
UII/G7VTG,G7VTG,True,False,wsprnet_only,B,QG46bi,6.0,-23.6458,148.125,S,23.6458,-32.607,32.607,4,223
UK5UAJ,UK5UAJ,True,True,both,A,KO51bj,6.0,51.3958,30.125,N,51.3958,47.54,47.54,325,462577
UN1EAE,UN1EAE,True,True,both,B,MO52cw,6.0,52.9375,70.2083,N,52.9375,49.784,49.784,5,371
UN7BHO,UN7BHO,True,True,both,B,MO53,4.0,53.5,71.0,N,53.5,50.36,50.36,4,1426
UN7GBX,UN7GBX,True,True,both,B,MN83lg,6.0,43.2708,76.9583,N,43.2708,39.655,39.655,3,758
UN7LCJ,UN7LCJ,True,True,both,A,MO22aj,6.0,52.3958,64.0417,N,52.3958,49.218,49.218,11,850
UN8JNZ,UN8JNZ,True,True,both,A,NN19hw,6.0,49.9375,82.625,N,49.9375,46.593,46.593,11,1509
UR3WA,UR3WA,True,True,both,A,KN29au,6.0,49.8542,24.0417,N,49.8542,45.614,45.614,26,49021
UR4UPQ,UR4UPQ,True,True,both,B,KO50be,6.0,50.1875,30.125,N,50.1875,46.221,46.221,3,2050
UR4UQX,UR4UQX,True,True,both,A,KO40xb,6.0,50.0625,29.9583,N,50.0625,46.078,46.078,84,6780
UR4USE,UR4USE,True,True,both,B,KO50hh,6.0,50.3125,30.625,N,50.3125,46.376,46.376,6,630
UR4UUA,UR4UUA,True,True,both,B,KO50bf,6.0,50.2292,30.125,N,50.2292,46.267,46.267,7,3288
UR4UY,UR4UY,True,True,both,B,KN99,4.0,49.5,39.0,N,49.5,45.797,45.797,5,1762
UR5FBS,UR5FBS,True,True,both,B,KN56ij,6.0,46.3958,30.7083,N,46.3958,42.068,42.068,7,2518
UR5FFC,UR5FFC,True,True,both,B,KN56hl,6.0,46.4792,30.625,N,46.4792,42.156,42.156,7,424
UR5NLA,UR5NLA,True,True,both,A,KN49ff,6.0,49.2292,28.4583,N,49.2292,45.099,45.099,15,56785
UR5NOY,UR5NOY,True,True,both,B,KN48rv,6.0,48.8958,29.4583,N,48.8958,44.774,44.774,5,1497
UR5TB,UR5TB,True,True,both,A,KN39,4.0,49.5,27.0,N,49.5,45.338,45.338,35,12120
UR6LTD,UR6LTD,True,True,both,A,KN89dx,6.0,49.9792,36.2917,N,49.9792,46.218,46.218,14,3138
UR7VT,UR7VT,True,True,both,A,KN68np,6.0,48.6458,33.125,N,48.6458,44.659,44.659,17,4893
US4LC,US4LC,True,True,both,A,KO80ca,6.0,50.0208,36.2083,N,50.0208,46.26,46.26,23,729
US5ERQ,US5ERQ,True,True,both,B,KN77,4.0,47.5,35.0,N,47.5,43.496,43.496,55,54804
US5UEW,US5UEW,True,True,both,A,KO40,4.0,50.5,29.0,N,50.5,46.522,46.522,317,81823
US8IN,US8IN,True,True,both,B,KN87uc,6.0,47.1042,37.7083,N,47.1042,43.188,43.188,5,142
US8ITA,US8ITA,True,True,both,B,KN88rh,6.0,48.3125,37.4583,N,48.3125,44.475,44.475,3,6328
UT0VA,UT0VA,True,True,both,B,KN56aa,6.0,46.0208,30.0417,N,46.0208,41.612,41.612,3,63
UT1FT,UT1FT,True,True,both,B,KN88su,6.0,48.8542,37.5417,N,48.8542,45.058,45.058,4,280
UT2UCI,UT2UCI,True,True,both,B,KO50ek,6.0,50.4375,30.375,N,50.4375,46.504,46.504,10,1119
UT3UAJ,UT3UAJ,True,True,both,B,KO50fl,6.0,50.4792,30.4583,N,50.4792,46.552,46.552,3,2920
UT4UUJ,UT4UUJ,True,True,both,B,KO50,4.0,50.5,31.0,N,50.5,46.594,46.594,3,20
UT4UYF,UT4UYF,True,True,both,B,KO50,4.0,50.5,31.0,N,50.5,46.594,46.594,20,9023
UT5UUV,UT5UUV,True,True,both,B,KO50,4.0,50.5,31.0,N,50.5,46.594,46.594,359,44783
UT7NY,UT7NY,True,True,both,B,KN49ff,6.0,49.2292,28.4583,N,49.2292,45.099,45.099,5,2537
UV5ERI,UV5ERI,True,True,both,A,KN78ll,6.0,48.4792,34.9583,N,48.4792,44.555,44.555,14,1374
UX1LY,UX1LY,True,True,both,B,KN89,4.0,49.5,37.0,N,49.5,45.73,45.73,4,677
UX4QT,UX4QT,True,True,both,B,KO50hl,6.0,50.4792,30.625,N,50.4792,46.558,46.558,3,614
UY5BF,UY5BF,True,True,both,B,KN29tn,6.0,49.5625,25.625,N,49.5625,45.35,45.35,11,2919
UY7RR,UY7RR,True,True,both,B,KO51pm,6.0,51.5208,31.2917,N,51.5208,47.713,47.713,14,3848
V07VGC,V07VGC,True,False,wsprnet_only,B,EE74,4.0,-45.5,-85.0,S,45.5,-32.78,32.78,8,25
V17EVU,V17EVU,True,False,wsprnet_only,B,EO16,4.0,56.5,-97.0,N,56.5,64.744,64.744,9,20
V22BKH,V22BKH,True,False,wsprnet_only,A,DJ41,4.0,1.5,-111.0,N,1.5,8.125,8.125,33,87
V4JDG,V4JDG,True,False,wsprnet_only,A,RM65,4.0,35.5,173.0,N,35.5,29.866,29.866,30,66
V51DM,V51DM,True,True,both,A,JH70,4.0,-19.5,15.0,S,19.5,-30.302,30.302,116,96488
V51F,V51F,True,True,both,A,JG79,4.0,-20.5,15.0,S,20.5,-31.24,31.24,73,29879
V51OB,V51OB,True,True,both,A,JG87nj,6.0,-22.6042,17.125,S,22.6042,-33.103,33.103,43,35738
V6TWN,V6TWN,True,True,both,B,DO21wd,6.0,51.1458,-114.125,N,51.1458,57.484,57.484,3,409
V9XRK,V9XRK,True,False,wsprnet_only,A,RM65,4.0,35.5,173.0,N,35.5,29.866,29.866,31,57
VA1GM,VA1GM,True,True,both,B,FN96vd,6.0,46.1458,-60.2083,N,46.1458,50.961,50.961,13,56069
VA1KMA,VA1KMA,True,True,both,B,FN85xo,6.0,45.6042,-62.0417,N,45.6042,50.847,50.847,3,176
VA1PYE,VA1PYE,True,True,both,A,FN74ui,6.0,44.3542,-64.2917,N,44.3542,50.094,50.094,10,14902
VA1TTY,VA1TTY,True,True,both,B,FN84ip,6.0,44.6458,-63.2917,N,44.6458,50.151,50.151,10,23785
VA1VA,VA1VA,True,True,both,B,FN85lc,6.0,45.1042,-63.0417,N,45.1042,50.569,50.569,3,2493
VA1VM,VA1VM,True,True,both,A,FN85ij,6.0,45.3958,-63.2917,N,45.3958,50.936,50.936,48,149224
VA1XH,VA1XH,True,True,both,A,GN06ae,6.0,46.1875,-59.9583,N,46.1875,50.942,50.942,19,9733
VA2AE,VA2AE,True,True,both,A,FN25tu,6.0,45.8542,-74.375,N,45.8542,53.649,53.649,300,443686
VA2AFL,VA2AFL,True,True,both,B,FN35,4.0,45.5,-73.0,N,45.5,53.075,53.075,3,431
VA2AKG,VA2AKG,True,True,both,B,FN35el,6.0,45.4792,-73.625,N,45.4792,53.159,53.159,229,123277
VA2ASP,VA2ASP,True,False,wsprnet_only,A,JN17xf,6.0,47.2292,3.9583,N,47.2292,41.794,41.794,13,24
VA2CY,VA2CY,True,True,both,B,FN46lw,6.0,46.9375,-71.0417,N,46.9375,54.163,54.163,4,425
VA2DMV,VA2DMV,True,True,both,B,FN35lk,6.0,45.4375,-73.0417,N,45.4375,53.02,53.02,7,608
VA2ELE,VA2ELE,True,True,both,B,FN25,4.0,45.5,-75.0,N,45.5,53.396,53.396,8,1286
VA2GE,VA2GE,True,True,both,A,FN35xj,6.0,45.3958,-72.0417,N,45.3958,52.805,52.805,103,369423
VA2HSW,VA2HSW,True,True,both,B,FN35hl,6.0,45.4792,-73.375,N,45.4792,53.118,53.118,3,194
VA2OPS,VA2OPS,True,True,both,B,FN35,4.0,45.5,-73.0,N,45.5,53.075,53.075,3,2326
VA2OV,VA2OV,True,True,both,A,FN35,4.0,45.5,-73.0,N,45.5,53.075,53.075,389,109499
VA2RKV,VA2RKV,True,True,both,B,FN35fl,6.0,45.4792,-73.5417,N,45.4792,53.145,53.145,4,746
VA2TXZ,VA2TXZ,True,True,both,B,FN25cl,6.0,45.4792,-75.7917,N,45.4792,53.492,53.492,10,1630
VA2WMA,VA2WMA,True,True,both,A,FO60tf,6.0,50.2292,-66.375,N,50.2292,56.609,56.609,19,51038
VA2XUT,VA2XUT,True,True,both,B,FN48nh,6.0,48.3125,-70.875,N,48.3125,55.508,55.508,4,349
VA2YLB,VA2YLB,True,True,both,B,FN35at,6.0,45.8125,-73.9583,N,45.8125,53.542,53.542,3,1438
VA2YVP,VA2YVP,True,True,both,B,FN46be,6.0,46.1875,-71.875,N,46.1875,53.563,53.563,9,13768
VA3BJS,VA3BJS,True,True,both,A,EN92iw,6.0,42.9375,-81.2917,N,42.9375,51.671,51.671,159,643129
VA3BLV,VA3BLV,True,True,both,B,FN03ir,6.0,43.7292,-79.2917,N,43.7292,52.234,52.234,3,777
VA3DAC,VA3DAC,True,True,both,A,FN14,4.0,44.5,-77.0,N,44.5,52.702,52.702,13,84712
VA3DWH,VA3DWH,True,True,both,B,FN03mv,6.0,43.8958,-78.9583,N,43.8958,52.358,52.358,3,338
VA3ERW,VA3ERW,True,True,both,A,EN92pu,6.0,42.8542,-80.7083,N,42.8542,51.535,51.535,11,23800
VA3FUZ,VA3FUZ,True,True,both,B,FN14wv,6.0,44.8958,-76.125,N,44.8958,52.968,52.968,3,1272
VA3HLK,VA3HLK,True,True,both,B,FN05ec,6.0,45.1042,-79.625,N,45.1042,53.604,53.604,6,721
VA3HXD,VA3HXD,True,True,both,B,FN03hp,6.0,43.6458,-79.375,N,43.6458,52.163,52.163,3,100
VA3IK,VA3IK,True,True,both,B,FN15xi,6.0,45.3542,-76.0417,N,45.3542,53.405,53.405,3,513
VA3IRF,VA3IRF,True,True,both,A,EN58jl,6.0,48.4792,-89.2083,N,48.4792,57.354,57.354,11,31498
VA3ISE,VA3ISE,True,True,both,B,FN25dk,6.0,45.4375,-75.7083,N,45.4375,53.439,53.439,4,6581
VA3JDL,VA3JDL,True,True,both,A,FN03gx,6.0,43.9792,-79.4583,N,43.9792,52.495,52.495,39,428210
VA3JEV,VA3JEV,True,True,both,B,FN25ek,6.0,45.4375,-75.625,N,45.4375,53.427,53.427,17,74388
VA3JHQ,VA3JHQ,True,True,both,A,FN03dj,6.0,43.3958,-79.7083,N,43.3958,51.957,51.957,19,57781
VA3JKF,VA3JKF,True,True,both,B,FN03hp,6.0,43.6458,-79.375,N,43.6458,52.163,52.163,5,319
VA3JKG,VA3JKG,True,True,both,A,FN03hp,6.0,43.6458,-79.375,N,43.6458,52.163,52.163,32,26438
VA3JNW,VA3JNW,True,True,both,A,EN93rn,6.0,43.5625,-80.5417,N,43.5625,52.204,52.204,22,243110
VA3JTN,VA3JTN,True,True,both,A,FN03do,6.0,43.6042,-79.7083,N,43.6042,52.159,52.159,10,18763
VA3JWO,VA3JWO,True,True,both,A,FN14,4.0,44.5,-77.0,N,44.5,52.702,52.702,37,96599
VA3JXD,VA3JXD,True,True,both,B,EN93ja,6.0,43.0208,-81.2083,N,43.0208,51.744,51.744,3,25
VA3KAH,VA3KAH,True,True,both,B,FN14,4.0,44.5,-77.0,N,44.5,52.702,52.702,3,3054
VA3KTJ,VA3KTJ,True,True,both,B,EN82kf,6.0,42.2292,-83.125,N,42.2292,51.135,51.135,40,39335
VA3KV,VA3KV,True,True,both,A,FN25in,6.0,45.5625,-75.2917,N,45.5625,53.501,53.501,11,21619
VA3LAN,VA3LAN,True,True,both,B,FN03,4.0,43.5,-79.0,N,43.5,51.979,51.979,4,1008
VA3LDM,VA3LDM,True,True,both,B,FN03en,6.0,43.5625,-79.625,N,43.5625,52.109,52.109,5,3153
VA3MCT,VA3MCT,True,True,both,B,FN03hu,6.0,43.8542,-79.375,N,43.8542,52.365,52.365,4,486
VA3MZD,VA3MZD,True,True,both,B,EN93tq,6.0,43.6875,-80.375,N,43.6875,52.308,52.308,5,163
VA3NB,VA3NB,True,True,both,B,FN04,4.0,44.5,-79.0,N,44.5,52.949,52.949,6,1324
VA3NG,VA3NG,True,True,both,B,FN04,4.0,44.5,-79.0,N,44.5,52.949,52.949,9,144
VA3NL,VA3NL,True,True,both,A,FN03,4.0,43.5,-79.0,N,43.5,51.979,51.979,36,3901
VA3OBN,VA3OBN,True,True,both,B,FN06,4.0,46.5,-79.0,N,46.5,54.891,54.891,3,72
VA3OOW,VA3OOW,True,True,both,B,FN03,4.0,43.5,-79.0,N,43.5,51.979,51.979,6,3018
VA3PHX,VA3PHX,True,True,both,B,EN92gv,6.0,42.8958,-81.4583,N,42.8958,51.645,51.645,4,7609
VA3PMK,VA3PMK,True,True,both,A,EN82ud,6.0,42.1458,-82.2917,N,42.1458,50.992,50.992,11,16401
VA3PVK,VA3PVK,True,True,both,B,FN03en,6.0,43.5625,-79.625,N,43.5625,52.109,52.109,7,1101
VA3PZA,VA3PZA,True,True,both,A,FN25dj,6.0,45.3958,-75.7083,N,45.3958,53.398,53.398,56,40813
VA3ROM,VA3ROM,True,True,both,B,EN58jk,6.0,48.4375,-89.2083,N,48.4375,57.314,57.314,196,1279658
VA3ROM/3,VA3ROM,True,True,both,B,EN58jk,6.0,48.4375,-89.2083,N,48.4375,57.314,57.314,3,932
VA3SGZ,VA3SGZ,True,True,both,B,EN94,4.0,44.5,-81.0,N,44.5,53.154,53.154,3,1037
VA3SK,VA3SK,True,True,both,B,FN06jf,6.0,46.2292,-79.2083,N,46.2292,54.651,54.651,4,4879
VA3SOE,VA3SOE,True,True,both,A,FN25,4.0,45.5,-75.0,N,45.5,53.396,53.396,135,538075
VA3SQZ,VA3SQZ,True,True,both,B,FN03gq,6.0,43.6875,-79.4583,N,43.6875,52.212,52.212,9,21335
VA3TAR,VA3TAR,True,True,both,B,FN03hr,6.0,43.7292,-79.375,N,43.7292,52.244,52.244,3,320
VA3TTM,VA3TTM,True,True,both,B,FN25cb,6.0,45.0625,-75.7917,N,45.0625,53.084,53.084,3,75
VA3TX,VA3TX,True,True,both,B,EN94wi,6.0,44.3542,-80.125,N,44.3542,52.928,52.928,8,7036
VA3UMM,VA3UMM,True,True,both,B,FN15,4.0,45.5,-77.0,N,45.5,53.678,53.678,6,1002
VA3VF,VA3VF,True,True,both,B,FN25fl,6.0,45.4792,-75.5417,N,45.4792,53.456,53.456,7,9535
VA3WAV,VA3WAV,True,True,both,B,FN15jm,6.0,45.5208,-77.2083,N,45.5208,53.726,53.726,3,83
VA3WBK,VA3WBK,True,True,both,B,FN25kh,6.0,45.3125,-75.125,N,45.3125,53.231,53.231,3,157
VA3WJ,VA3WJ,True,True,both,B,DO32cf,6.0,52.2292,-113.7917,N,52.2292,58.599,58.599,3,468
VA3XRE,VA3XRE,True,True,both,B,FN03,4.0,43.5,-79.0,N,43.5,51.979,51.979,3,3631
VA3XUU,VA3XUU,True,True,both,A,FN03,4.0,43.5,-79.0,N,43.5,51.979,51.979,377,1137389
VA3XYO,VA3XYO,True,True,both,B,FN14ec,6.0,44.1042,-77.625,N,44.1042,52.398,52.398,5,381
VA3YEP,VA3YEP,True,True,both,B,EN95xi,6.0,45.3542,-80.0417,N,45.3542,53.889,53.889,3,5190
VA3YHM,VA3YHM,True,True,both,B,FN24bv,6.0,44.8958,-75.875,N,44.8958,52.932,52.932,4,386
VA3ZC,VA3ZC,True,True,both,B,FN03ia,6.0,43.0208,-79.2917,N,43.0208,51.548,51.548,4,4015
VA3ZTF,VA3ZTF,True,True,both,B,FN25ag,6.0,45.2708,-75.9583,N,45.2708,53.312,53.312,7,19576
VA3ZXN,VA3ZXN,True,True,both,B,EN93,4.0,43.5,-81.0,N,43.5,52.187,52.187,6,5070
VA5DGS,VA5DGS,True,True,both,B,DO70pn,6.0,50.5625,-104.7083,N,50.5625,58.325,58.325,3,455
VA5MCD,VA5MCD,True,True,both,B,DO53,4.0,53.5,-109.0,N,53.5,60.587,60.587,5,11437
VA5MUD,VA5MUD,True,True,both,A,DO62qd,6.0,52.1458,-106.625,N,52.1458,59.609,59.609,14,51087
VA5YOY,VA5YOY,True,True,both,B,DO74ix,6.0,54.9792,-105.2917,N,54.9792,62.511,62.511,71,32666
VA6AKA,VA6AKA,True,True,both,A,DO32cj,6.0,52.3958,-113.7917,N,52.3958,58.761,58.761,171,766257
VA6BKC,VA6BKC,True,True,both,A,DO33if,6.0,53.2292,-113.2917,N,53.2292,59.657,59.657,256,218481
VA6DAI,VA6DAI,True,True,both,A,DO33em,6.0,53.5208,-113.625,N,53.5208,59.886,59.886,44,448502
VA6DJ,VA6DJ,True,True,both,B,DO43xh,6.0,53.3125,-110.0417,N,53.3125,60.251,60.251,22,27323
VA6DM,VA6DM,True,True,both,B,DO21va,6.0,51.0208,-114.2083,N,51.0208,57.347,57.347,3,1556
VA6EJP,VA6EJP,True,True,both,B,DO33fg,6.0,53.2708,-113.5417,N,53.2708,59.657,59.657,4,621
VA6PTA,VA6PTA,True,True,both,B,DO33,4.0,53.5,-113.0,N,53.5,59.969,59.969,3,4488
VA6SZ,VA6SZ,True,True,both,B,DO33,4.0,53.5,-113.0,N,53.5,59.969,59.969,4,843
VA6TNY,VA6TNY,True,True,both,B,DO33ep,6.0,53.6458,-113.625,N,53.6458,60.008,60.008,3,2191
VA6VA,VA6VA,True,True,both,B,DO05,4.0,55.5,-119.0,N,55.5,60.886,60.886,5,7109
VA6YB,VA6YB,True,True,both,A,DO33,4.0,53.5,-113.0,N,53.5,59.969,59.969,10,106755
VA7AEL,VA7AEL,True,True,both,A,CN89,4.0,49.5,-123.0,N,49.5,54.228,54.228,318,1754048
VA7AMV,VA7AMV,True,True,both,B,CN88hj,6.0,48.3958,-123.375,N,48.3958,53.066,53.066,26,30491
VA7BBG,VA7BBG,True,True,both,A,CO65dk,6.0,55.4375,-127.7083,N,55.4375,59.175,59.175,258,105271
VA7CKD,VA7CKD,True,True,both,A,CN89og,6.0,49.2708,-122.7917,N,49.2708,54.043,54.043,70,55462
VA7DBJ,VA7DBJ,True,True,both,A,CN89,4.0,49.5,-123.0,N,49.5,54.228,54.228,305,23706
VA7DGT,VA7DGT,True,True,both,B,CN89og,6.0,49.2708,-122.7917,N,49.2708,54.043,54.043,6,1511
VA7ELG,VA7ELG,True,True,both,A,CN89lg,6.0,49.2708,-123.0417,N,49.2708,53.994,53.994,22,92817
VA7EZM,VA7EZM,True,True,both,B,CN89sh,6.0,49.3125,-122.4583,N,49.3125,54.149,54.149,3,124
VA7IS,VA7IS,True,True,both,B,CN89mh,6.0,49.3125,-122.9583,N,49.3125,54.052,54.052,3,468
VA7JP,VA7JP,True,True,both,A,CN88,4.0,48.5,-123.0,N,48.5,53.242,53.242,10,10194
VA7KDO,VA7KDO,True,True,both,B,CO80,4.0,50.5,-123.0,N,50.5,55.215,55.215,9,5382
VA7KPB,VA7KPB,True,True,both,B,DN29cm,6.0,49.5208,-115.7917,N,49.5208,55.6,55.6,43,64060
VA7LBM,VA7LBM,True,True,both,A,CO80mc,6.0,50.1042,-122.9583,N,50.1042,54.833,54.833,27,9115
VA7LM,VA7LM,True,True,both,B,CO54qb,6.0,54.0625,-128.625,N,54.0625,57.631,57.631,7,3974
VA7LNT,VA7LNT,True,True,both,B,CN89kd,6.0,49.1458,-123.125,N,49.1458,53.855,53.855,6,756
VA7LTT,VA7LTT,True,True,both,A,CN79uh,6.0,49.3125,-124.2917,N,49.3125,53.79,53.79,12,6448
VA7LUJ,VA7LUJ,True,True,both,A,CN89,4.0,49.5,-123.0,N,49.5,54.228,54.228,14,99962
VA7MCE,VA7MCE,True,True,both,B,CN88er,6.0,48.7292,-123.625,N,48.7292,53.346,53.346,116,724850
VA7MM,VA7MM,True,True,both,A,CN89og,6.0,49.2708,-122.7917,N,49.2708,54.043,54.043,106,5410
VA7MMW,VA7MMW,True,True,both,B,CN89,4.0,49.5,-123.0,N,49.5,54.228,54.228,3,367
VA7MWZ,VA7MWZ,True,True,both,A,CN89og,6.0,49.2708,-122.7917,N,49.2708,54.043,54.043,25,1348
VA7NH,VA7NH,True,True,both,B,CN79jx,6.0,49.9792,-125.2083,N,49.9792,54.267,54.267,9,235
VA7NRC,VA7NRC,True,True,both,B,CN89ji,6.0,49.3542,-123.2083,N,49.3542,54.044,54.044,5,2163
VA7OM,VA7OM,True,True,both,B,CN89tf,6.0,49.2292,-122.375,N,49.2292,54.083,54.083,4,3971
VA7PP,VA7PP,True,True,both,A,CN88hm,6.0,48.5208,-123.375,N,48.5208,53.189,53.189,121,528079
VA7RBP,VA7RBP,True,True,both,B,DN19eh,6.0,49.3125,-117.625,N,49.3125,55.064,55.064,3,309
VA7RJQ,VA7RJQ,True,True,both,B,CN89cm,6.0,49.5208,-123.7917,N,49.5208,54.094,54.094,9,1897
VA7RTL,VA7RTL,True,True,both,A,CN89,4.0,49.5,-123.0,N,49.5,54.228,54.228,393,778697
VA7SL,VA7SL,True,True,both,A,CN89re,6.0,49.1875,-122.5417,N,49.1875,54.009,54.009,84,9574
VA7SLQ,VA7SLQ,True,True,both,A,CN89kg,6.0,49.2708,-123.125,N,49.2708,53.978,53.978,11,79767
VA7WWV,VA7WWV,True,True,both,A,CN88hl,6.0,48.4792,-123.375,N,48.4792,53.148,53.148,31,10813
VA7WY,VA7WY,True,True,both,B,DN29cm,6.0,49.5208,-115.7917,N,49.5208,55.6,55.6,6,3919
VA7XNN,VA7XNN,True,True,both,B,CN89oh,6.0,49.3125,-122.7917,N,49.3125,54.084,54.084,16,33405
VA7ZM,VA7ZM,True,True,both,A,CN89jd,6.0,49.1458,-123.2083,N,49.1458,53.838,53.838,12,7562
VA7ZS,VA7ZS,True,True,both,A,DN09em,6.0,49.5208,-119.625,N,49.5208,54.897,54.897,10,8188
VA8UBO,VA8UBO,True,True,both,B,NE61,4.0,-48.5,93.0,S,48.5,-60.776,60.776,5,56
VE1BLL,VE1BLL,True,True,both,A,FN84et,6.0,44.8125,-63.625,N,44.8125,50.408,50.408,395,2717549
VE1COR,VE1COR,True,True,both,A,FN84fx,6.0,44.9792,-63.5417,N,44.9792,50.562,50.562,10,2694
VE1DC,VE1DC,True,True,both,B,FN85ji,6.0,45.3542,-63.2083,N,45.3542,50.872,50.872,123,984146
VE1INN,VE1INN,True,True,both,B,FN84,4.0,44.5,-63.0,N,44.5,49.925,49.925,3,106
VE1JSO,VE1JSO,True,True,both,B,FN03cf,6.0,43.2292,-79.7917,N,43.2292,51.804,51.804,8,3230
VE1MAM,VE1MAM,True,True,both,B,FN57ui,6.0,47.3542,-68.2917,N,47.3542,54.06,54.06,3,116
VE1RBR,VE1RBR,True,True,both,A,FN84,4.0,44.5,-63.0,N,44.5,49.925,49.925,17,978
VE1VDM,VE1VDM,True,True,both,B,FN85ii,6.0,45.3542,-63.2917,N,45.3542,50.893,50.893,144,1872138
VE1XOR,VE1XOR,True,True,both,A,FN84gq,6.0,44.6875,-63.4583,N,44.6875,50.236,50.236,12,38447
VE1YY,VE1YY,True,True,both,A,FN85ga,6.0,45.0208,-63.4583,N,45.0208,50.585,50.585,54,56693
VE2BMQ,VE2BMQ,True,True,both,B,FN25,4.0,45.5,-75.0,N,45.5,53.396,53.396,3,1174
VE2BZN,VE2BZN,True,True,both,B,FN35xn,6.0,45.5625,-72.0417,N,45.5625,52.971,52.971,3,118
VE2CJ,VE2CJ,True,True,both,B,FN46ao,6.0,46.6042,-71.9583,N,46.6042,53.993,53.993,31,61834
VE2DM,VE2DM,True,True,both,A,FN45bj,6.0,45.3958,-71.875,N,45.3958,52.775,52.775,18,30542
VE2DPF,VE2DPF,True,True,both,A,FN35ca,6.0,45.0208,-73.7917,N,45.0208,52.733,52.733,381,914269
VE2EBM,VE2EBM,True,True,both,A,FN36lb,6.0,46.0625,-73.0417,N,46.0625,53.639,53.639,18,8043
VE2FU,VE2FU,True,True,both,B,FN46is,6.0,46.7708,-71.2917,N,46.7708,54.041,54.041,7,6649
VE2GK,VE2GK,True,True,both,A,FN25,4.0,45.5,-75.0,N,45.5,53.396,53.396,103,98203
VE2GQF,VE2GQF,True,True,both,A,FN45bl,6.0,45.4792,-71.875,N,45.4792,52.858,52.858,218,860772
VE2JDL,VE2JDL,True,True,both,A,FN46hs,6.0,46.7708,-71.375,N,46.7708,54.056,54.056,152,80821
VE2JMO,VE2JMO,True,True,both,A,FN46ic,6.0,46.1042,-71.2917,N,46.1042,53.375,53.375,26,8008
VE2NGO,VE2NGO,True,True,both,B,FN35gl,6.0,45.4792,-73.4583,N,45.4792,53.131,53.131,7,2095
VE2NHR,VE2NHR,True,True,both,A,FN35ck,6.0,45.4375,-73.7917,N,45.4375,53.145,53.145,15,5311
VE2OML,VE2OML,True,True,both,B,FN35gm,6.0,45.5208,-73.4583,N,45.5208,53.173,53.173,4,3847
VE2SIL,VE2SIL,True,True,both,A,FN35cm,6.0,45.5208,-73.7917,N,45.5208,53.227,53.227,374,923201
VE2TPI,VE2TPI,True,True,both,B,FN35nn,6.0,45.5625,-72.875,N,45.5625,53.116,53.116,8,3764
VE2TSM,VE2TSM,True,True,both,B,FN35,4.0,45.5,-73.0,N,45.5,53.075,53.075,3,848
VE2VAT,VE2VAT,True,True,both,A,FN45,4.0,45.5,-71.0,N,45.5,52.718,52.718,89,17594
VE2VEI,VE2VEI,True,True,both,B,FN46,4.0,46.5,-71.0,N,46.5,53.718,53.718,5,1319
VE2VLV,VE2VLV,True,True,both,B,FN46ic,6.0,46.1042,-71.2917,N,46.1042,53.375,53.375,7,884
VE2WMJ,VE2WMJ,True,True,both,A,FN35hl,6.0,45.4792,-73.375,N,45.4792,53.118,53.118,12,3395
VE2ZAZ,VE2ZAZ,True,False,wsprnet_only,A,FN25bk,6.0,45.4375,-75.875,N,45.4375,53.463,53.463,26,4825
VE3AIT,VE3AIT,True,True,both,B,FN25,4.0,45.5,-75.0,N,45.5,53.396,53.396,7,2532
VE3AJI,VE3AJI,True,True,both,B,FN25ci,6.0,45.3542,-75.7917,N,45.3542,53.369,53.369,3,822
VE3AKV,VE3AKV,True,True,both,B,FN15te,6.0,45.1875,-76.375,N,45.1875,53.289,53.289,4,9710
VE3BHQ,VE3BHQ,True,True,both,A,EN94eg,6.0,44.2708,-81.625,N,44.2708,52.987,52.987,16,15419
VE3BJY,VE3BJY,True,True,both,B,FN03ia,6.0,43.0208,-79.2917,N,43.0208,51.548,51.548,4,1680
VE3BKM,VE3BKM,True,True,both,A,EN76,4.0,46.5,-85.0,N,46.5,55.355,55.355,14,89900
VE3BNW,VE3BNW,True,True,both,B,FN03,4.0,43.5,-79.0,N,43.5,51.979,51.979,6,17360
VE3CFD,VE3CFD,True,True,both,B,EN93ia,6.0,43.0208,-81.2917,N,43.0208,51.751,51.751,4,1299
VE3CT,VE3CT,True,True,both,B,FN04ae,6.0,44.1875,-79.9583,N,44.1875,52.75,52.75,4,6661
VE3CTF,VE3CTF,True,True,both,B,FN25,4.0,45.5,-75.0,N,45.5,53.396,53.396,3,21718
VE3CWM,VE3CWM,True,True,both,B,FN15xi,6.0,45.3542,-76.0417,N,45.3542,53.405,53.405,3,3288
VE3DCL,VE3DCL,True,True,both,A,FN25dg,6.0,45.2708,-75.7083,N,45.2708,53.276,53.276,10,49279
VE3DIZ,VE3DIZ,True,True,both,B,EN93ia,6.0,43.0208,-81.2917,N,43.0208,51.751,51.751,5,1945
VE3DN,VE3DN,True,True,both,B,FN25ah,6.0,45.3125,-75.9583,N,45.3125,53.352,53.352,3,49
VE3EAC,VE3EAC,True,False,wsprnet_only,B,QF21nw,6.0,-38.0625,145.125,S,38.0625,-48.411,48.411,5,20
VE3EBR,VE3EBR,True,True,both,A,FN25bi,6.0,45.3542,-75.875,N,45.3542,53.381,53.381,238,208753
VE3EFI,VE3EFI,True,True,both,B,EN93ro,6.0,43.6042,-80.5417,N,43.6042,52.244,52.244,4,309
VE3EGC,VE3EGC,True,True,both,B,EN86qi,6.0,46.3542,-82.625,N,46.3542,55.076,55.076,5,10151
VE3EP,VE3EP,True,True,both,A,FN13jv,6.0,43.8958,-77.2083,N,43.8958,52.141,52.141,285,506314
VE3EVH,VE3EVH,True,True,both,A,EN93,4.0,43.5,-81.0,N,43.5,52.187,52.187,124,1238688
VE3FAL,VE3FAL,True,True,both,B,EN58hh,6.0,48.3125,-89.375,N,48.3125,57.194,57.194,3,25822
VE3FGU,VE3FGU,True,True,both,A,EN92,4.0,42.5,-81.0,N,42.5,51.221,51.221,19,26274
VE3FI,VE3FI,True,True,both,B,FN14,4.0,44.5,-77.0,N,44.5,52.702,52.702,3,14081
VE3FMQ,VE3FMQ,True,True,both,B,FN03iq,6.0,43.6875,-79.2917,N,43.6875,52.194,52.194,3,2108
VE3FOW,VE3FOW,True,True,both,B,EN81xi,6.0,41.3542,-82.0417,N,41.3542,50.209,50.209,3,1256
VE3GEN,VE3GEN,True,True,both,A,EN96ol,6.0,46.4792,-80.7917,N,46.4792,55.049,55.049,139,417318
VE3GGR,VE3GGR,True,True,both,B,FN03ge,6.0,43.1875,-79.4583,N,43.1875,51.728,51.728,5,3194
VE3GZB,VE3GZB,True,True,both,B,EN93vm,6.0,43.5208,-80.2083,N,43.5208,52.13,52.13,5,798
VE3HA,VE3HA,True,True,both,B,FN03,4.0,43.5,-79.0,N,43.5,51.979,51.979,6,2194
VE3HQD,VE3HQD,True,True,both,B,EN98,4.0,48.5,-81.0,N,48.5,57.022,57.022,3,509
VE3HST,VE3HST,True,True,both,B,FN14sg,6.0,44.2708,-76.4583,N,44.2708,52.404,52.404,4,277
VE3ICH,VE3ICH,True,True,both,B,FN25bg,6.0,45.2708,-75.875,N,45.2708,53.3,53.3,3,428
VE3ICV,VE3ICV,True,True,both,B,FN25,4.0,45.5,-75.0,N,45.5,53.396,53.396,7,2629
VE3IIM,VE3IIM,True,True,both,A,EN94ld,6.0,44.1458,-81.0417,N,44.1458,52.815,52.815,163,255195
VE3IQL,VE3IQL,True,False,wsprnet_only,B,GG64ax,6.0,-25.0208,-47.9583,S,25.0208,-21.972,21.972,8,10
VE3JUS,VE3JUS,True,True,both,A,EN82oe,6.0,42.1875,-82.7917,N,42.1875,51.071,51.071,10,9336
VE3JXM,VE3JXM,True,True,both,B,FN04,4.0,44.5,-79.0,N,44.5,52.949,52.949,3,1781
VE3KU,VE3KU,True,True,both,A,FN03hr,6.0,43.7292,-79.375,N,43.7292,52.244,52.244,55,810723
VE3KYZ,VE3KYZ,True,True,both,B,FN03bf,6.0,43.2292,-79.875,N,43.2292,51.813,51.813,104,70663
VE3LPB,VE3LPB,True,True,both,A,FN03,4.0,43.5,-79.0,N,43.5,51.979,51.979,349,4614243
VE3LTM,VE3LTM,True,True,both,A,FN03,4.0,43.5,-79.0,N,43.5,51.979,51.979,16,5275
VE3MCJ,VE3MCJ,True,True,both,A,EN68,4.0,48.5,-87.0,N,48.5,57.346,57.346,107,871194
VE3MNA,VE3MNA,True,True,both,B,EN95eg,6.0,45.2708,-81.625,N,45.2708,53.953,53.953,19,15835
VE3MNP,VE3MNP,True,True,both,B,FN03,4.0,43.5,-79.0,N,43.5,51.979,51.979,3,692
VE3MNX,VE3MNX,True,True,both,B,EN82ve,6.0,42.1875,-82.2083,N,42.1875,51.026,51.026,78,383534
VE3MVC,VE3MVC,True,True,both,B,FN02,4.0,42.5,-79.0,N,42.5,51.009,51.009,6,994
VE3MVK,VE3MVK,True,True,both,B,FN25,4.0,45.5,-75.0,N,45.5,53.396,53.396,3,806
VE3NM,VE3NM,True,True,both,B,FN14oe,6.0,44.1875,-76.7917,N,44.1875,52.369,52.369,298,951495
VE3OBJ,VE3OBJ,True,True,both,B,FN03iq,6.0,43.6875,-79.2917,N,43.6875,52.194,52.194,9,38840
VE3OBO,VE3OBO,True,True,both,B,FN04th,6.0,44.3125,-78.375,N,44.3125,52.694,52.694,3,636
VE3OUO,VE3OUO,True,True,both,A,FN25im,6.0,45.5208,-75.2917,N,45.5208,53.46,53.46,33,66871
VE3OWV,VE3OWV,True,True,both,B,FN15vk,6.0,45.4375,-76.2083,N,45.4375,53.51,53.51,168,256532
VE3OZW,VE3OZW,True,True,both,A,EN94kc,6.0,44.1042,-81.125,N,44.1042,52.783,52.783,18,23273
VE3PKY,VE3PKY,True,True,both,B,FN03cf,6.0,43.2292,-79.7917,N,43.2292,51.804,51.804,22,20554
VE3PLU,VE3PLU,True,True,both,B,EN82tx,6.0,42.9792,-82.375,N,42.9792,51.802,51.802,3,594
VE3PP,VE3PP,True,True,both,B,EN92ks,6.0,42.7708,-81.125,N,42.7708,51.494,51.494,10,4038
VE3PSE,VE3PSE,True,True,both,A,EN96,4.0,46.5,-81.0,N,46.5,55.088,55.088,387,716759
VE3QVL,VE3QVL,True,True,both,B,FN03kf,6.0,43.2292,-79.125,N,43.2292,51.731,51.731,24,19787
VE3RHQ,VE3RHQ,True,True,both,B,FN25ej,6.0,45.3958,-75.625,N,45.3958,53.386,53.386,4,18372
VE3RIP,VE3RIP,True,True,both,B,EN94lh,6.0,44.3125,-81.0417,N,44.3125,52.976,52.976,98,201962
VE3RQX,VE3RQX,True,True,both,B,FN14,4.0,44.5,-77.0,N,44.5,52.702,52.702,5,2924
VE3RRN,VE3RRN,True,True,both,B,FN04uk,6.0,44.4375,-78.2917,N,44.4375,52.806,52.806,52,9941
VE3RVW,VE3RVW,True,True,both,B,FN03fp,6.0,43.6458,-79.5417,N,43.6458,52.181,52.181,48,16685
VE3RXN,VE3RXN,True,True,both,A,FN25,4.0,45.5,-75.0,N,45.5,53.396,53.396,128,808620
VE3RYI,VE3RYI,True,True,both,B,FN03cf,6.0,43.2292,-79.7917,N,43.2292,51.804,51.804,17,8067
VE3RZ,VE3RZ,True,True,both,B,FN03,4.0,43.5,-79.0,N,43.5,51.979,51.979,3,959
VE3SAO,VE3SAO,True,True,both,A,EN58jk,6.0,48.4375,-89.2083,N,48.4375,57.314,57.314,347,173970
VE3SLO,VE3SLO,True,True,both,B,EN92iw,6.0,42.9375,-81.2917,N,42.9375,51.671,51.671,10,2277
VE3SXY,VE3SXY,True,True,both,B,FN15wm,6.0,45.5208,-76.125,N,45.5208,53.58,53.58,36,143477
VE3TAZ,VE3TAZ,True,True,both,B,EN96gc,6.0,46.1042,-81.4583,N,46.1042,54.744,54.744,12,24742
VE3TD,VE3TD,True,True,both,B,FN25,4.0,45.5,-75.0,N,45.5,53.396,53.396,13,5071
VE3TDU,VE3TDU,True,True,both,A,FN15,4.0,45.5,-77.0,N,45.5,53.678,53.678,56,95869
VE3TKB,VE3TKB,True,True,both,B,EN92ix,6.0,42.9792,-81.2917,N,42.9792,51.711,51.711,3,1107
VE3TP,VE3TP,True,True,both,B,FN04de,6.0,44.1875,-79.7083,N,44.1875,52.724,52.724,3,14116
VE3TRQ,VE3TRQ,True,True,both,A,EN93rl,6.0,43.4792,-80.5417,N,43.4792,52.123,52.123,186,739578
VE3TTU,VE3TTU,True,True,both,B,EN92iw,6.0,42.9375,-81.2917,N,42.9375,51.671,51.671,12,6207
VE3UJK,VE3UJK,True,True,both,B,FN04bp,6.0,44.6458,-79.875,N,44.6458,53.185,53.185,25,30002
VE3USJ,VE3USJ,True,True,both,B,FN03,4.0,43.5,-79.0,N,43.5,51.979,51.979,39,5136
VE3UU,VE3UU,True,True,both,B,FN15wi,6.0,45.3542,-76.125,N,45.3542,53.417,53.417,4,13020
VE3VOG,VE3VOG,True,True,both,B,EN82mi,6.0,42.3542,-82.9583,N,42.3542,51.244,51.244,87,61003
VE3WKG,VE3WKG,True,True,both,B,FN03cf,6.0,43.2292,-79.7917,N,43.2292,51.804,51.804,5,647
VE3WMB,VE3WMB,True,True,both,A,FN25di,6.0,45.3542,-75.7083,N,45.3542,53.357,53.357,10,12136
VE3WNA,VE3WNA,True,True,both,B,EN93rk,6.0,43.4375,-80.5417,N,43.4375,52.083,52.083,9,2742
VE3XEM,VE3XEM,True,True,both,A,FN25,4.0,45.5,-75.0,N,45.5,53.396,53.396,145,62014
VE3XET,VE3XET,True,True,both,A,EN58,4.0,48.5,-89.0,N,48.5,57.373,57.373,379,4083902
VE3XIX,VE3XIX,True,True,both,B,FN03,4.0,43.5,-79.0,N,43.5,51.979,51.979,95,534362
VE3XLZ,VE3XLZ,True,True,both,B,FN04jm,6.0,44.5208,-79.2083,N,44.5208,52.993,52.993,8,8301
VE3YEL,VE3YEL,True,True,both,A,EN92ms,6.0,42.7708,-80.9583,N,42.7708,51.479,51.479,78,21540
VE3YLO,VE3YLO,True,True,both,A,EN93,4.0,43.5,-81.0,N,43.5,52.187,52.187,30,28728
VE3YRK,VE3YRK,True,True,both,B,FN03,4.0,43.5,-79.0,N,43.5,51.979,51.979,10,512
VE3YU,VE3YU,True,True,both,A,EN93xp,6.0,43.6458,-80.0417,N,43.6458,52.234,52.234,11,400
VE3ZGS,VE3ZGS,True,True,both,B,FN25ef,6.0,45.2292,-75.625,N,45.2292,53.223,53.223,3,338
VE4BWG,VE4BWG,True,True,both,A,EN19iv,6.0,49.8958,-97.2917,N,49.8958,58.42,58.42,102,306847
VE4CA,VE4CA,True,True,both,B,EN19po,6.0,49.6042,-96.7083,N,49.6042,58.181,58.181,3,15646
VE4DRK,VE4DRK,True,True,both,A,EN19lu,6.0,49.8542,-97.0417,N,49.8542,58.398,58.398,174,75445
VE4DWR,VE4DWR,True,True,both,B,EN19jt,6.0,49.8125,-97.2083,N,49.8125,58.346,58.346,20,37153
VE4GH,VE4GH,True,True,both,B,EN19,4.0,49.5,-97.0,N,49.5,58.061,58.061,5,2906
VE4GIL,VE4GIL,True,True,both,A,EN19kt,6.0,49.8125,-97.125,N,49.8125,58.352,58.352,162,2208822
VE4HTO,VE4HTO,True,True,both,B,EO10ql,6.0,50.4792,-96.625,N,50.4792,59.026,59.026,14,101179
VE4JIM,VE4JIM,True,True,both,A,DN99uo,6.0,49.6042,-100.2917,N,49.6042,57.888,57.888,21,25429
VE4KRK,VE4KRK,True,True,both,A,EN19gu,6.0,49.8542,-97.4583,N,49.8542,58.368,58.368,231,407578
VE4NFF,VE4NFF,True,True,both,B,DO91hf,6.0,51.2292,-101.375,N,51.2292,59.347,59.347,12,33611
VE4ZIM,VE4ZIM,True,True,both,A,EN29iq,6.0,49.6875,-95.2917,N,49.6875,58.347,58.347,14,11925
VE5AAS,VE5AAS,True,True,both,B,DO62pq,6.0,52.6875,-106.7083,N,52.6875,60.121,60.121,7,1994
VE5CAF,VE5CAF,True,True,both,B,DO62rc,6.0,52.1042,-106.5417,N,52.1042,59.58,59.58,3,4598
VE5DTM,VE5DTM,True,True,both,A,DO80dm,6.0,50.5208,-103.7083,N,50.5208,58.407,58.407,11,16996
VE5REV,VE5REV,True,True,both,A,DO70fj,6.0,50.3958,-105.5417,N,50.3958,58.058,58.058,14,5458
VE5TLW,VE5TLW,True,True,both,B,DO70qj,6.0,50.3958,-104.625,N,50.3958,58.174,58.174,6,7067
VE5UO,VE5UO,True,True,both,B,DO62qe,6.0,52.1875,-106.625,N,52.1875,59.649,59.649,5,13921
VE5URQ,VE5URQ,True,True,both,A,DO62,4.0,52.5,-107.0,N,52.5,59.901,59.901,10,13089
VE5ZZA,VE5ZZA,True,True,both,B,DO62pd,6.0,52.1458,-106.7083,N,52.1458,59.598,59.598,18,7088
VE6/G4TUS,G4TUS,True,True,both,A,DO30ar,6.0,50.7292,-113.9583,N,50.7292,57.104,57.104,14,26793
VE6ARS,VE6ARS,True,True,both,B,DO30eb,6.0,50.0625,-113.625,N,50.0625,56.508,56.508,3,3251
VE6ATS,VE6ATS,True,False,wsprnet_only,B,DO33cj,6.0,53.3958,-113.7917,N,53.3958,59.737,59.737,57,1930
VE6ATS/2,VE6ATS,True,True,both,A,DO33cj,6.0,53.3958,-113.7917,N,53.3958,59.737,59.737,395,3178443
VE6BSQ,VE6BSQ,True,True,both,A,DO44pg,6.0,54.2708,-110.7083,N,54.2708,61.079,61.079,11,50191
VE6BSV,VE6BSV,True,True,both,A,DO34ir,6.0,54.7292,-113.2917,N,54.7292,61.117,61.117,354,1332015
VE6CFL,VE6CFL,True,True,both,B,DO22rq,6.0,52.6875,-114.5417,N,52.6875,58.92,58.92,3,221
VE6CIG,VE6CIG,True,True,both,B,DO33na,6.0,53.0208,-112.875,N,53.0208,59.523,59.523,69,21622
VE6CLE,VE6CLE,True,True,both,A,DO33,4.0,53.5,-113.0,N,53.5,59.969,59.969,159,1141182
VE6CT,VE6CT,True,True,both,A,DO34uv,6.0,54.8958,-112.2917,N,54.8958,61.439,61.439,52,18753
VE6CWB,VE6CWB,True,True,both,B,DN39ie,6.0,49.1875,-113.2917,N,49.1875,55.708,55.708,4,197
VE6DAI,VE6DAI,True,True,both,B,DO33,4.0,53.5,-113.0,N,53.5,59.969,59.969,378,1763091
VE6DHE,VE6DHE,True,True,both,B,DO33ih,6.0,53.3125,-113.2917,N,53.3125,59.739,59.739,8,6947
VE6EGN,VE6EGN,True,True,both,B,DO23,4.0,53.5,-115.0,N,53.5,59.635,59.635,390,2477699
VE6EK,VE6EK,True,True,both,B,DO30,4.0,50.5,-113.0,N,50.5,57.042,57.042,5,4755
VE6FEX,VE6FEX,True,True,both,A,DO30,4.0,50.5,-113.0,N,50.5,57.042,57.042,41,11608
VE6GL,VE6GL,True,True,both,B,DO33ep,6.0,53.6458,-113.625,N,53.6458,60.008,60.008,4,7915
VE6GRT,VE6GRT,True,True,both,B,DO21wd,6.0,51.1458,-114.125,N,51.1458,57.484,57.484,9,13454
VE6GTX,VE6GTX,True,True,both,B,DO20xv,6.0,50.8958,-114.0417,N,50.8958,57.253,57.253,15,2227
VE6JGA,VE6JGA,True,False,wsprnet_only,B,EC81,4.0,-68.5,-83.0,S,68.5,-54.53,54.53,3,14
VE6KDX,VE6KDX,True,True,both,B,DO34uv,6.0,54.8958,-112.2917,N,54.8958,61.439,61.439,9,332
VE6LEW,VE6LEW,True,True,both,B,DO20xx,6.0,50.9792,-114.0417,N,50.9792,57.335,57.335,5,409
VE6LXK,VE6LXK,True,True,both,B,DO44lf,6.0,54.2292,-111.0417,N,54.2292,60.988,60.988,9,11028
VE6NGK,VE6NGK,True,True,both,B,DO21wd,6.0,51.1458,-114.125,N,51.1458,57.484,57.484,7,2194
VE6OG,VE6OG,True,True,both,A,DO33,4.0,53.5,-113.0,N,53.5,59.969,59.969,377,395320
VE6RDL,VE6RDL,True,True,both,B,DO32,4.0,52.5,-113.0,N,52.5,58.995,58.995,36,143355
VE6RND,VE6RND,True,True,both,A,DO32ju,6.0,52.8542,-113.2083,N,52.8542,59.306,59.306,11,2658
VE6SAR,VE6SAR,True,True,both,A,DO16ee,6.0,56.1875,-117.625,N,56.1875,61.802,61.802,27,28693
VE6SFX,VE6SFX,True,True,both,B,DO21wd,6.0,51.1458,-114.125,N,51.1458,57.484,57.484,8,3172
VE6SFX/1,VE6SFX,True,True,both,B,DO21wd,6.0,51.1458,-114.125,N,51.1458,57.484,57.484,4,2104
VE6TRZ,VE6TRZ,True,True,both,B,DO33hi,6.0,53.3542,-113.375,N,53.3542,59.765,59.765,9,1346
VE6WRO,VE6WRO,True,True,both,A,DO20,4.0,50.5,-115.0,N,50.5,56.7,56.7,394,215860
VE6XP,VE6XP,True,True,both,A,DO33hl,6.0,53.4792,-113.375,N,53.4792,59.887,59.887,154,210147
VE7AFV/2,VE7AFV,True,True,both,A,CN89of,6.0,49.2292,-122.7917,N,49.2292,54.002,54.002,280,128344
VE7AHT,VE7AHT,True,True,both,B,CN89lc,6.0,49.1042,-123.0417,N,49.1042,53.83,53.83,392,1144726
VE7AV,VE7AV,True,True,both,A,CO83ot,6.0,53.8125,-122.7917,N,53.8125,58.522,58.522,394,1691313
VE7AVG,VE7AVG,True,True,both,B,CN89lf,6.0,49.2292,-123.0417,N,49.2292,53.953,53.953,24,13294
VE7BDQ,VE7BDQ,True,True,both,A,CN89la,6.0,49.0208,-123.0417,N,49.0208,53.748,53.748,365,845619
VE7BNR,VE7BNR,True,True,both,B,CO74xa,6.0,54.0208,-124.0417,N,54.0208,58.488,58.488,5,1019
VE7BUL,VE7BUL,True,True,both,A,CO84oa,6.0,54.0208,-122.7917,N,54.0208,58.728,58.728,31,19949
VE7CA,VE7CA,True,True,both,B,CN89ki,6.0,49.3542,-123.125,N,49.3542,54.06,54.06,60,150011
VE7CNF,VE7CNF,True,True,both,B,CN89ng,6.0,49.2708,-122.875,N,49.2708,54.027,54.027,5,247
VE7CPR,VE7CPR,True,True,both,B,CN89ni,6.0,49.3542,-122.875,N,49.3542,54.109,54.109,3,4428
VE7DDR,VE7DDR,True,True,both,B,CN88bs,6.0,48.7708,-123.875,N,48.7708,53.337,53.337,4,6715
VE7DH,VE7DH,True,True,both,A,CN89nf,6.0,49.2292,-122.875,N,49.2292,53.986,53.986,60,72779
VE7DTG,VE7DTG,True,True,both,B,CO90tq,6.0,50.6875,-120.375,N,50.6875,55.904,55.904,3,477
VE7DXK,VE7DXK,True,True,both,A,CN88fp,6.0,48.6458,-123.5417,N,48.6458,53.28,53.28,92,268632
VE7EHP,VE7EHP,True,True,both,B,CO90pu,6.0,50.8542,-120.7083,N,50.8542,56.005,56.005,4,765
VE7EOL,VE7EOL,True,True,both,A,CO82sx,6.0,52.9792,-122.4583,N,52.9792,57.765,57.765,21,275507
VE7FEM,VE7FEM,True,True,both,B,CN88hk,6.0,48.4375,-123.375,N,48.4375,53.107,53.107,9,4578
VE7GEL,VE7GEL,True,True,both,B,CN88hk,6.0,48.4375,-123.375,N,48.4375,53.107,53.107,6,190
VE7HUN,VE7HUN,True,True,both,A,CN89,4.0,49.5,-123.0,N,49.5,54.228,54.228,146,460446
VE7JKZ,VE7JKZ,True,True,both,A,CN88hk,6.0,48.4375,-123.375,N,48.4375,53.107,53.107,141,113509
VE7KI,VE7KI,True,True,both,B,CN89,4.0,49.5,-123.0,N,49.5,54.228,54.228,3,197
VE7KNL,VE7KNL,True,True,both,B,DN19ie,6.0,49.1875,-117.2917,N,49.1875,55.002,55.002,9,2000
VE7LBD,VE7LBD,True,True,both,B,CN89mf,6.0,49.2292,-122.9583,N,49.2292,53.969,53.969,4,618
VE7LEQ,VE7LEQ,True,True,both,A,CN88hj,6.0,48.3958,-123.375,N,48.3958,53.066,53.066,354,1782463
VE7LRV,VE7LRV,True,True,both,A,CN88gn,6.0,48.5625,-123.4583,N,48.5625,53.214,53.214,12,9271
VE7LWD,VE7LWD,True,True,both,B,CN89lc,6.0,49.1042,-123.0417,N,49.1042,53.83,53.83,3,969
VE7NRW,VE7NRW,True,True,both,B,DN19fc,6.0,49.1042,-117.5417,N,49.1042,54.875,54.875,3,335
VE7OER,VE7OER,True,True,both,B,CN89ob,6.0,49.0625,-122.7917,N,49.0625,53.837,53.837,4,411
VE7PHM,VE7PHM,True,True,both,A,CN88,4.0,48.5,-123.0,N,48.5,53.242,53.242,23,105694
VE7PPE,VE7PPE,True,True,both,B,DO00lk,6.0,50.4375,-119.0417,N,50.4375,55.909,55.909,9,7180
VE7RTF,VE7RTF,True,True,both,B,CN89ae,6.0,49.1875,-123.9583,N,49.1875,53.732,53.732,5,280
VE7RVS,VE7RVS,True,True,both,B,CN89nf,6.0,49.2292,-122.875,N,49.2292,53.986,53.986,86,6134
VE7RZZ,VE7RZZ,True,True,both,A,DO00iq,6.0,50.6875,-119.2917,N,50.6875,56.108,56.108,22,17025
VE7SAR,VE7SAR,True,True,both,A,CN89,4.0,49.5,-123.0,N,49.5,54.228,54.228,41,667575
VE7TCP,VE7TCP,True,True,both,B,CN89oe,6.0,49.1875,-122.7917,N,49.1875,53.961,53.961,4,3130
VE7TI,VE7TI,True,True,both,B,CN89of,6.0,49.2292,-122.7917,N,49.2292,54.002,54.002,4,1375
VE7TJY,VE7TJY,True,True,both,A,DO02gx,6.0,52.9792,-119.4583,N,52.9792,58.33,58.33,13,2474
VE7TL,VE7TL,True,True,both,A,CN89ph,6.0,49.3125,-122.7083,N,49.3125,54.1,54.1,14,10382
VE7TOA,VE7TOA,True,True,both,B,CN89lh,6.0,49.3125,-123.0417,N,49.3125,54.035,54.035,5,7665
VE7UTS,VE7UTS,True,True,both,A,CN89li,6.0,49.3542,-123.0417,N,49.3542,54.076,54.076,276,39763
VE7VCK,VE7VCK,True,True,both,B,CO54qm,6.0,54.5208,-128.625,N,54.5208,58.085,58.085,6,1142
VE7WAE,VE7WAE,True,True,both,B,CN89od,6.0,49.1458,-122.7917,N,49.1458,53.92,53.92,8,1783
VE7WEX,VE7WEX,True,True,both,A,CN89og,6.0,49.2708,-122.7917,N,49.2708,54.043,54.043,26,3934
VE7WF,VE7WF,True,True,both,B,CN89,4.0,49.5,-123.0,N,49.5,54.228,54.228,7,5725
VE7WJN,VE7WJN,True,True,both,B,DN09el,6.0,49.4792,-119.625,N,49.4792,54.856,54.856,5,2356
VE7WNK,VE7WNK,True,True,both,B,CO82sx,6.0,52.9792,-122.4583,N,52.9792,57.765,57.765,3,1689
VE7WRS,VE7WRS,True,True,both,A,CO90,4.0,50.5,-121.0,N,50.5,55.601,55.601,15,32918
VE7XH,VE7XH,True,True,both,A,CN89nc,6.0,49.1042,-122.875,N,49.1042,53.862,53.862,34,118225
VE7XKJ,VE7XKJ,True,True,both,B,CN88gl,6.0,48.4792,-123.4583,N,48.4792,53.132,53.132,9,6459
VE7ZD,VE7ZD,True,True,both,B,CN79mp,6.0,49.6458,-124.9583,N,49.6458,53.987,53.987,4,2972
VE7ZVV,VE7ZVV,True,True,both,B,GN38bi,6.0,48.3542,-53.875,N,48.3542,51.753,51.753,4,1961
VE8CK,VE8CK,True,True,both,A,DP22sk,6.0,62.4375,-114.4583,N,62.4375,68.36,68.36,395,419347
VE8DAV,VE8DAV,True,True,both,B,CP65pg,6.0,65.2708,-126.7083,N,65.2708,69.045,69.045,221,95640
VE8TEA,VE8TEA,True,True,both,A,DP22tk,6.0,62.4375,-114.375,N,62.4375,68.373,68.373,342,132209
VE8VX,VE8VX,True,True,both,B,DP22sk,6.0,62.4375,-114.4583,N,62.4375,68.36,68.36,3,2782
VE9ASN,VE9ASN,True,True,both,A,FN65,4.0,45.5,-67.0,N,45.5,51.903,51.903,14,139669
VE9ASN/3,VE9ASN,True,True,both,B,FN65ob,6.0,45.0625,-66.7917,N,45.0625,51.41,51.41,4,11939
VE9ASN/6,VE9ASN,True,True,both,B,FN65ob,6.0,45.0625,-66.7917,N,45.0625,51.41,51.41,9,86984
VE9DRW,VE9DRW,True,True,both,A,FN65qw,6.0,45.9375,-66.625,N,45.9375,52.269,52.269,19,3999
VE9HF,VE9HF,True,False,wsprnet_only,B,EL96gi,6.0,26.3542,-81.4583,N,26.3542,35.814,35.814,3,21
VE9HLD,VE9HLD,True,True,both,B,FN65,4.0,45.5,-67.0,N,45.5,51.903,51.903,4,1931
VE9IT,VE9IT,True,True,both,A,FN66,4.0,46.5,-67.0,N,46.5,52.925,52.925,93,1110808
VE9JMC,VE9JMC,True,True,both,B,FN65xg,6.0,45.2708,-66.0417,N,45.2708,51.455,51.455,8,5685
VE9KK,VE9KK,True,True,both,B,FN76nb,6.0,46.0625,-64.875,N,46.0625,52.005,52.005,4,30332
VE9LC,VE9LC,True,True,both,B,FN75,4.0,45.5,-65.0,N,45.5,51.452,51.452,8,59040
VE9LEG,VE9LEG,True,True,both,B,FN76pb,6.0,46.0625,-64.7083,N,46.0625,51.967,51.967,4,616
VE9MD,VE9MD,True,True,both,B,FN75,4.0,45.5,-65.0,N,45.5,51.452,51.452,4,16195
VE9MY,VE9MY,True,True,both,B,FN75cj,6.0,45.3958,-65.7917,N,45.3958,51.526,51.526,5,45553
VE9SD,VE9SD,True,True,both,A,FN75,4.0,45.5,-65.0,N,45.5,51.452,51.452,61,834323
VE9WS,VE9WS,True,True,both,B,FN65,4.0,45.5,-67.0,N,45.5,51.903,51.903,6,577
VE9XYZ,VE9XYZ,True,True,both,A,FN75,4.0,45.5,-65.0,N,45.5,51.452,51.452,152,1039575
VG7N,VG7N,True,True,both,B,FC74,4.0,-65.5,-65.0,S,65.5,-51.535,51.535,7,3793
VH8MB,VH8MB,True,False,wsprnet_only,B,PH57,4.0,-12.5,131.0,S,12.5,-21.15,21.15,5,207
VK/DC7CW,DC7CW,True,True,both,B,QG62mm,6.0,-27.4792,153.0417,S,27.4792,-36.183,36.183,3,165
VK1AAK,VK1AAK,True,True,both,B,QF44no,6.0,-35.3958,149.125,S,35.3958,-45.1,45.1,5,10345
VK1BGT,VK1BGT,True,True,both,B,QF44mo,6.0,-35.3958,149.0417,S,35.3958,-45.109,45.109,4,60
VK1DDG,VK1DDG,True,True,both,B,QF44no,6.0,-35.3958,149.125,S,35.3958,-45.1,45.1,7,270
VK1IO,VK1IO,True,True,both,B,QF44no,6.0,-35.3958,149.125,S,35.3958,-45.1,45.1,6,4066
VK1JIM,VK1JIM,True,True,both,A,QF44,4.0,-35.5,149.0,S,35.5,-45.226,45.226,24,3349
VK1JK,VK1JK,True,False,wsprnet_only,A,QF56,4.0,-33.5,151.0,S,33.5,-42.851,42.851,22,45
VK1KF,VK1KF,True,True,both,A,QF44mr,6.0,-35.2708,149.0417,S,35.2708,-44.975,44.975,124,48801
VK1KW,VK1KW,True,True,both,B,QF44mt,6.0,-35.1875,149.0417,S,35.1875,-44.885,44.885,227,10332
VK1MAL,VK1MAL,True,True,both,A,QF44mp,6.0,-35.3542,149.0417,S,35.3542,-45.065,45.065,15,42092
VK1MDJ,VK1MDJ,True,True,both,B,QF44nn,6.0,-35.4375,149.125,S,35.4375,-45.145,45.145,7,1412
VK1MST,VK1MST,True,True,both,A,QF44mr,6.0,-35.2708,149.0417,S,35.2708,-44.975,44.975,10,8066
VK1OD,VK1OD,True,True,both,B,QF55fm,6.0,-34.4792,150.4583,S,34.4792,-43.964,43.964,4,1409
VK1SV,VK1SV,True,True,both,B,QF44ox,6.0,-35.0208,149.2083,S,35.0208,-44.688,44.688,42,13139
VK1TKA,VK1TKA,True,True,both,B,QF44mr,6.0,-35.2708,149.0417,S,35.2708,-44.975,44.975,7,2575
VK2ACA,VK2ACA,True,True,both,A,QF56,4.0,-33.5,151.0,S,33.5,-42.851,42.851,12,2120
VK2AEA,VK2AEA,True,True,both,B,QF56na,6.0,-33.9792,151.125,S,33.9792,-43.35,43.35,6,363
VK2AEU,VK2AEU,True,True,both,B,QF56,4.0,-33.5,151.0,S,33.5,-42.851,42.851,5,1568
VK2AFD,VK2AFD,True,True,both,B,QF56rp,6.0,-33.3542,151.4583,S,33.3542,-42.642,42.642,6,19822
VK2AFZ,VK2AFZ,True,False,wsprnet_only,B,QF56,4.0,-33.5,151.0,S,33.5,-42.851,42.851,4,25
VK2AGS,VK2AGS,True,True,both,B,QF55jk,6.0,-34.5625,150.7917,S,34.5625,-44.014,44.014,4,434
VK2AHB,VK2AHB,True,True,both,A,QF46to,6.0,-33.3958,149.625,S,33.3958,-42.895,42.895,23,12285
VK2ALS,VK2ALS,True,True,both,B,QF57tb,6.0,-32.9375,151.625,S,32.9375,-42.176,42.176,5,186
VK2AN,VK2AN,True,True,both,A,QF54cg,6.0,-35.7292,150.2083,S,35.7292,-45.334,45.334,51,10811
VK2APL,VK2APL,True,True,both,B,QF56of,6.0,-33.7708,151.2083,S,33.7708,-43.117,43.117,7,956
VK2ARH,VK2ARH,True,True,both,B,QF56nf,6.0,-33.7708,151.125,S,33.7708,-43.127,43.127,5,4194
VK2ARL,VK2ARL,True,True,both,A,QG61mh,6.0,-28.6875,153.0417,S,28.6875,-37.471,37.471,14,4717
VK2ARO,VK2ARO,True,True,both,B,QF56ao,6.0,-33.3958,150.0417,S,33.3958,-42.849,42.849,19,34201
VK2ARV,VK2ARV,True,True,both,B,QF55ia,6.0,-34.9792,150.7083,S,34.9792,-44.471,44.471,65,9184
VK2ASG,VK2ASG,True,False,wsprnet_only,B,QF69ot,6.0,-30.1875,153.2083,S,30.1875,-39.05,39.05,3,15
VK2ASK,VK2ASK,True,True,both,B,QF57ua,6.0,-32.9792,151.7083,S,32.9792,-42.211,42.211,4,2656
VK2ATW,VK2ATW,True,True,both,A,QF46hj,6.0,-33.6042,148.625,S,33.6042,-43.228,43.228,27,11537
VK2ATZ,VK2ATZ,True,True,both,B,QF57ta,6.0,-32.9792,151.625,S,32.9792,-42.221,42.221,349,142137
VK2AUD,VK2AUD,True,True,both,A,QF56,4.0,-33.5,151.0,S,33.5,-42.851,42.851,47,114945
VK2AVQ,VK2AVQ,True,True,both,A,QF56,4.0,-33.5,151.0,S,33.5,-42.851,42.851,34,6821
VK2AWN,VK2AWN,True,True,both,B,QF69kn,6.0,-30.4375,152.875,S,30.4375,-39.357,39.357,104,62943
VK2AZL,VK2AZL,True,True,both,B,QF46mi,6.0,-33.6458,149.0417,S,33.6458,-43.228,43.228,7,1344
VK2BLS,VK2BLS,True,True,both,B,QF55kk,6.0,-34.5625,150.875,S,34.5625,-44.005,44.005,360,28623
VK2BLY,VK2BLY,True,True,both,A,QF56,4.0,-33.5,151.0,S,33.5,-42.851,42.851,62,71965
VK2BYF,VK2BYF,True,True,both,A,QF55hd,6.0,-34.8542,150.625,S,34.8542,-44.347,44.347,151,96089
VK2CBD,VK2CBD,True,False,wsprnet_only,B,QF67bg,6.0,-32.7292,152.125,S,32.7292,-41.894,41.894,3,52
VK2CDS,VK2CDS,True,True,both,A,QF57ub,6.0,-32.9375,151.7083,S,32.9375,-42.166,42.166,22,6924
VK2CJR,VK2CJR,True,True,both,B,QF56nj,6.0,-33.6042,151.125,S,33.6042,-42.949,42.949,3,25
VK2CKG,VK2CKG,True,False,wsprnet_only,B,QF68,4.0,-31.5,153.0,S,31.5,-40.476,40.476,7,15
VK2COS,VK2COS,True,True,both,B,QF55jb,6.0,-34.9375,150.7917,S,34.9375,-44.416,44.416,3,181
VK2COW,VK2COW,True,True,both,B,QF44ox,6.0,-35.0208,149.2083,S,35.0208,-44.688,44.688,11,2996
VK2CPR,VK2CPR,True,True,both,A,QF33lw,6.0,-36.0625,146.9583,S,36.0625,-46.054,46.054,90,29100
VK2DAY,VK2DAY,True,True,both,A,QF56mg,6.0,-33.7292,151.0417,S,33.7292,-43.092,43.092,365,313295
VK2DJJ,VK2DJJ,True,True,both,B,QF56nh,6.0,-33.6875,151.125,S,33.6875,-43.038,43.038,9,8683
VK2DMG,VK2DMG,True,True,both,B,QF56pl,6.0,-33.5208,151.2917,S,33.5208,-42.84,42.84,31,5321
VK2DPG,VK2DPG,True,True,both,A,QF08rb,6.0,-31.9375,141.4583,S,31.9375,-42.07,42.07,15,7411
VK2DVM,VK2DVM,True,True,both,B,QF56di,6.0,-33.6458,150.2917,S,33.6458,-43.089,43.089,312,13965
VK2DXM,VK2DXM,True,True,both,B,QF56nc,6.0,-33.8958,151.125,S,33.8958,-43.261,43.261,15,6245
VK2EAM,VK2EAM,True,True,both,B,QF68jv,6.0,-31.1042,152.7917,S,31.1042,-40.078,40.078,212,10137
VK2EFM,VK2EFM,True,True,both,B,QF56oq,6.0,-33.3125,151.2083,S,33.3125,-42.626,42.626,263,1570947
VK2EFM/V,VK2EFM,True,True,both,A,QF56oq,6.0,-33.3125,151.2083,S,33.3125,-42.626,42.626,16,2510
VK2EMA,VK2EMA,True,False,wsprnet_only,A,QF37qs,6.0,-32.2292,147.375,S,32.2292,-41.877,41.877,38,1281
VK2EOH,VK2EOH,True,False,wsprnet_only,B,QF56,4.0,-33.5,151.0,S,33.5,-42.851,42.851,6,13
VK2FON,VK2FON,True,True,both,A,QF55,4.0,-34.5,151.0,S,34.5,-43.923,43.923,33,20941
VK2GAZ,VK2GAZ,True,True,both,A,QF56ij,6.0,-33.6042,150.7083,S,33.6042,-42.997,42.997,27,27776
VK2GDF,VK2GDF,True,True,both,B,QF67ch,6.0,-32.6875,152.2083,S,32.6875,-41.84,41.84,18,1933
VK2GHO,VK2GHO,True,True,both,A,QF55jv,6.0,-34.1042,150.7917,S,34.1042,-43.523,43.523,44,46124
VK2GSM,VK2GSM,True,True,both,B,QF56,4.0,-33.5,151.0,S,33.5,-42.851,42.851,7,1199
VK2GTS,VK2GTS,True,True,both,B,QF68kw,6.0,-31.0625,152.875,S,31.0625,-40.024,40.024,5,97
VK2GV,VK2GV,True,True,both,A,QF56nd,6.0,-33.8542,151.125,S,33.8542,-43.216,43.216,13,7916
VK2HJW,VK2HJW,True,True,both,B,QF56oe,6.0,-33.8125,151.2083,S,33.8125,-43.162,43.162,4,4338
VK2HL,VK2HL,True,True,both,A,QG56iu,6.0,-23.1458,150.7083,S,23.1458,-31.828,31.828,352,253902
VK2HN,VK2HN,True,True,both,A,QF56,4.0,-33.5,151.0,S,33.5,-42.851,42.851,26,30805
VK2IJM,VK2IJM,True,True,both,B,QF56ni,6.0,-33.6458,151.125,S,33.6458,-42.993,42.993,392,249990
VK2JBX,VK2JBX,True,True,both,A,QF55hd,6.0,-34.8542,150.625,S,34.8542,-44.347,44.347,67,67592
VK2JDL,VK2JDL,True,True,both,A,QF56,4.0,-33.5,151.0,S,33.5,-42.851,42.851,229,206883
VK2JF,VK2JF,True,True,both,B,QF56qn,6.0,-33.4375,151.375,S,33.4375,-42.741,42.741,36,6242
VK2JFP,VK2JFP,True,True,both,A,QF58,4.0,-31.5,151.0,S,31.5,-40.71,40.71,88,11761
VK2JMA,VK2JMA,True,True,both,B,QF58lw,6.0,-31.0625,150.9583,S,31.0625,-40.247,40.247,42,48912
VK2JMR,VK2JMR,True,True,both,A,QF68ki,6.0,-31.6458,152.875,S,31.6458,-40.647,40.647,363,169385
VK2JPB,VK2JPB,True,True,both,B,QF59tl,6.0,-30.5208,151.625,S,30.5208,-39.592,39.592,87,157687
VK2KAW,VK2KAW,True,True,both,B,QF34qw,6.0,-35.0625,147.375,S,35.0625,-44.931,44.931,4,1937
VK2KB,VK2KB,True,True,both,B,QF56hg,6.0,-33.7292,150.625,S,33.7292,-43.14,43.14,4,3040
VK2KCM,VK2KCM,True,True,both,B,QG60mb,6.0,-29.9375,153.0417,S,29.9375,-38.804,38.804,393,69238
VK2KHE,VK2KHE,True,True,both,B,QF55kn,6.0,-34.4375,150.875,S,34.4375,-43.871,43.871,5,74
VK2KKW,VK2KKW,True,True,both,B,QF56pf,6.0,-33.7708,151.2917,S,33.7708,-43.107,43.107,4,1686
VK2KMC,VK2KMC,True,True,both,B,QF56mc,6.0,-33.8958,151.0417,S,33.8958,-43.271,43.271,7,3034
VK2KNC,VK2KNC,True,True,both,B,QF57sf,6.0,-32.7708,151.5417,S,32.7708,-42.008,42.008,7,1247
VK2KRR,VK2KRR,True,False,wsprnet_only,A,QF34mr,6.0,-35.2708,147.0417,S,35.2708,-45.19,45.19,11,165
VK2KYB,VK2KYB,True,True,both,B,QF56lf,6.0,-33.7708,150.9583,S,33.7708,-43.146,43.146,204,6627
VK2LAT,VK2LAT,True,True,both,B,QF67gx,6.0,-32.0208,152.5417,S,32.0208,-41.087,41.087,4,724
VK2LOO,VK2LOO,True,True,both,B,QF59tl,6.0,-30.5208,151.625,S,30.5208,-39.592,39.592,7,4275
VK2MAB,VK2MAB,True,True,both,B,QF56bm,6.0,-33.4792,150.125,S,33.4792,-42.929,42.929,3,193
VK2MCH,VK2MCH,True,True,both,B,QF57,4.0,-32.5,151.0,S,32.5,-41.781,41.781,4,112
VK2MEO,VK2MEO,True,True,both,A,QF55jm,6.0,-34.4792,150.7917,S,34.4792,-43.925,43.925,11,418
VK2MGF,VK2MGF,True,True,both,B,QF56ma,6.0,-33.9792,151.0417,S,33.9792,-43.36,43.36,3,460
VK2MKE,VK2MKE,True,True,both,B,QF47gt,6.0,-32.1875,148.5417,S,32.1875,-41.714,41.714,29,58716
VK2MOE,VK2MOE,True,True,both,A,QF47tj,6.0,-32.6042,149.625,S,32.6042,-42.046,42.046,29,227265
VK2NA,VK2NA,True,True,both,B,QF57ua,6.0,-32.9792,151.7083,S,32.9792,-42.211,42.211,23,5673
VK2NCW,VK2NCW,True,True,both,B,QF59tl,6.0,-30.5208,151.625,S,30.5208,-39.592,39.592,3,2767
VK2NJP,VK2NJP,True,True,both,B,QF55hc,6.0,-34.8958,150.625,S,34.8958,-44.391,44.391,3,3039
VK2NNW,VK2NNW,True,True,both,B,QG50,4.0,-29.5,151.0,S,29.5,-38.571,38.571,3,92
VK2NP,VK2NP,True,True,both,B,QF56ma,6.0,-33.9792,151.0417,S,33.9792,-43.36,43.36,37,20647
VK2NSB,VK2NSB,True,True,both,A,QF54ab,6.0,-35.9375,150.0417,S,35.9375,-45.577,45.577,31,42562
VK2NTC,VK2NTC,True,True,both,A,QF68jw,6.0,-31.0625,152.7917,S,31.0625,-40.034,40.034,51,1516
VK2OL,VK2OL,True,True,both,B,QF55mx,6.0,-34.0208,151.0417,S,34.0208,-43.404,43.404,12,9457
VK2OMD,VK2OMD,True,True,both,B,QF55fm,6.0,-34.4792,150.4583,S,34.4792,-43.964,43.964,3,3058
VK2OP,VK2OP,True,True,both,A,QF69,4.0,-30.5,153.0,S,30.5,-39.409,39.409,345,407198
VK2OS,VK2OS,True,True,both,A,QF44,4.0,-35.5,149.0,S,35.5,-45.226,45.226,107,111580
VK2PYU,VK2PYU,True,True,both,B,QF69jh,6.0,-30.6875,152.7917,S,30.6875,-39.634,39.634,5,968
VK2RH,VK2RH,True,True,both,A,QF56oc,6.0,-33.8958,151.2083,S,33.8958,-43.251,43.251,12,4987
VK2RT,VK2RT,True,True,both,B,QG60om,6.0,-29.4792,153.2083,S,29.4792,-38.295,38.295,4,2821
VK2SDX,VK2SDX,True,True,both,A,QF57tf,6.0,-32.7708,151.625,S,32.7708,-41.998,41.998,16,56223
VK2SL,VK2SL,True,True,both,B,QF58tx,6.0,-31.0208,151.625,S,31.0208,-40.126,40.126,7,10416
VK2SMF,VK2SMF,True,True,both,B,QF56,4.0,-33.5,151.0,S,33.5,-42.851,42.851,6,311
VK2SOT,VK2SOT,True,True,both,B,QF34,4.0,-35.5,147.0,S,35.5,-45.442,45.442,5,4636
VK2TCL,VK2TCL,True,True,both,A,QF44ro,6.0,-35.3958,149.4583,S,35.3958,-45.062,45.062,18,3916
VK2TER,VK2TER,True,True,both,B,QF44,4.0,-35.5,149.0,S,35.5,-45.226,45.226,4,1872
VK2TLQ,VK2TLQ,True,True,both,B,QF45oa,6.0,-34.9792,149.2083,S,34.9792,-44.643,44.643,9,16314
VK2TRL,VK2TRL,True,True,both,A,QF33mw,6.0,-36.0625,147.0417,S,36.0625,-46.045,46.045,32,26839
VK2TS,VK2TS,True,False,wsprnet_only,A,QF55ik,6.0,-34.5625,150.7083,S,34.5625,-44.024,44.024,54,1097
VK2TTT,VK2TTT,True,True,both,A,QF55,4.0,-34.5,151.0,S,34.5,-43.923,43.923,10,10482
VK2UE,VK2UE,True,True,both,B,QF67fw,6.0,-32.0625,152.4583,S,32.0625,-41.142,41.142,3,455
VK2VJ,VK2VJ,True,True,both,A,QF57vb,6.0,-32.9375,151.7917,S,32.9375,-42.157,42.157,63,25584
VK2VT,VK2VT,True,True,both,A,QF55,4.0,-34.5,151.0,S,34.5,-43.923,43.923,29,30621
VK2VU,VK2VU,True,False,wsprnet_only,A,QF56po,6.0,-33.3958,151.2917,S,33.3958,-42.706,42.706,127,50343
VK2VY,VK2VY,True,True,both,B,QF56nd,6.0,-33.8542,151.125,S,33.8542,-43.216,43.216,3,1077
VK2WD,VK2WD,True,False,wsprnet_only,A,QF55gj,6.0,-34.6042,150.5417,S,34.6042,-44.088,44.088,41,890
VK2WE,VK2WE,True,True,both,A,QF56fg,6.0,-33.7292,150.4583,S,33.7292,-43.159,43.159,24,14747
VK2WF,VK2WF,True,True,both,A,QF55bg,6.0,-34.7292,150.125,S,34.7292,-44.27,44.27,320,147782
VK2WL,VK2WL,True,True,both,B,QF69np,6.0,-30.3542,153.125,S,30.3542,-39.238,39.238,3,1648
VK2WQ,VK2WQ,True,True,both,B,QF56rn,6.0,-33.4375,151.4583,S,33.4375,-42.731,42.731,160,47458
VK2WVK,VK2WVK,True,False,wsprnet_only,B,QF68,4.0,-31.5,153.0,S,31.5,-40.476,40.476,8,15
VK2XAX,VK2XAX,True,False,wsprnet_only,A,QF68km,6.0,-31.4792,152.875,S,31.4792,-40.469,40.469,19,1509
VK2XDG/2,VK2XDG,True,False,wsprnet_only,B,QF56pn,6.0,-33.4375,151.2917,S,33.4375,-42.75,42.75,4,52
VK2XFX,VK2XFX,True,True,both,B,QF55,4.0,-34.5,151.0,S,34.5,-43.923,43.923,3,94
VK2XGB,VK2XGB,True,True,both,B,QF56su,6.0,-33.1458,151.5417,S,33.1458,-42.409,42.409,5,64
VK2XGJ,VK2XGJ,True,False,wsprnet_only,A,QF55jl,6.0,-34.5208,150.7917,S,34.5208,-43.97,43.97,118,5233
VK2XIC,VK2XIC,True,True,both,A,QF55,4.0,-34.5,151.0,S,34.5,-43.923,43.923,17,5857
VK2XMB,VK2XMB,True,True,both,A,QF56hf,6.0,-33.7708,150.625,S,33.7708,-43.185,43.185,202,23534
VK2XMC,VK2XMC,True,True,both,B,QF56eg,6.0,-33.7292,150.375,S,33.7292,-43.169,43.169,5,10252
VK2XN,VK2XN,True,True,both,B,QF59ar,6.0,-30.2708,150.0417,S,30.2708,-39.5,39.5,12,2537
VK2XOR,VK2XOR,True,True,both,B,QF68,4.0,-31.5,153.0,S,31.5,-40.476,40.476,3,158
VK2XSM,VK2XSM,True,True,both,B,QF56og,6.0,-33.7292,151.2083,S,33.7292,-43.073,43.073,268,31319
VK2YE,VK2YE,True,True,both,A,QF56jd,6.0,-33.8542,150.7917,S,33.8542,-43.255,43.255,10,7972
VK2YPZ,VK2YPZ,True,False,wsprnet_only,B,QF55mw,6.0,-34.0625,151.0417,S,34.0625,-43.449,43.449,7,54
VK2YW,VK2YW,True,False,wsprnet_only,B,QF33lx,6.0,-36.0208,146.9583,S,36.0208,-46.009,46.009,4,109
VK2YZ,VK2YZ,True,True,both,A,QF34qw,6.0,-35.0625,147.375,S,35.0625,-44.931,44.931,16,20846
VK2ZAZ,VK2ZAZ,True,True,both,B,QF53av,6.0,-36.1042,150.0417,S,36.1042,-45.756,45.756,3,255
VK2ZEE,VK2ZEE,True,True,both,B,QG60om,6.0,-29.4792,153.2083,S,29.4792,-38.295,38.295,54,3329
VK2ZG,VK2ZG,True,True,both,B,QF57ua,6.0,-32.9792,151.7083,S,32.9792,-42.211,42.211,4,123
VK2ZP,VK2ZP,True,True,both,B,QF56ij,6.0,-33.6042,150.7083,S,33.6042,-42.997,42.997,6,1510
VK2ZRD,VK2ZRD,True,True,both,B,QF54ep,6.0,-35.3542,150.375,S,35.3542,-44.912,44.912,8,104
VK2ZSZ,VK2ZSZ,True,True,both,A,QF44tt,6.0,-35.1875,149.625,S,35.1875,-44.82,44.82,16,341
VK3ACU/A,VK3ACU,True,True,both,B,QF22ad,6.0,-37.8542,144.0417,S,37.8542,-48.294,48.294,3,172
VK3AJY,VK3AJY,True,True,both,B,QF31,4.0,-38.5,147.0,S,38.5,-48.685,48.685,3,1705
VK3ALS,VK3ALS,True,True,both,B,QF22kh,6.0,-37.6875,144.875,S,37.6875,-48.029,48.029,5,125
VK3ALZ,VK3ALZ,True,True,both,B,QF31fs,6.0,-38.2292,146.4583,S,38.2292,-48.451,48.451,85,1829
VK3AMW,VK3AMW,True,True,both,A,QF22ir,6.0,-37.2708,144.7083,S,37.2708,-47.593,47.593,210,48468
VK3ANL,VK3ANL,True,True,both,A,QF22mg,6.0,-37.7292,145.0417,S,37.7292,-48.058,48.058,30,8918
VK3ART,VK3ART,True,True,both,B,QF21ms,6.0,-38.2292,145.0417,S,38.2292,-48.601,48.601,294,7004
VK3ARW,VK3ARW,True,True,both,B,QF12rv,6.0,-37.1042,143.4583,S,37.1042,-47.533,47.533,77,160991
VK3AWA,VK3AWA,True,True,both,A,QF31rt,6.0,-38.1875,147.4583,S,38.1875,-48.296,48.296,27,1706
VK3BAL,VK3BAL,True,True,both,A,QF22mc,6.0,-37.8958,145.0417,S,37.8958,-48.239,48.239,297,27224
VK3BEZ,VK3BEZ,True,False,wsprnet_only,B,QF31fs,6.0,-38.2292,146.4583,S,38.2292,-48.451,48.451,7,82
VK3BNC,VK3BNC,True,True,both,A,QF12vl,6.0,-37.5208,143.7917,S,37.5208,-47.955,47.955,54,7243
VK3BOY,VK3BOY,True,True,both,B,QF21vn,6.0,-38.4375,145.7917,S,38.4375,-48.749,48.749,12,8832
VK3BRJ,VK3BRJ,True,True,both,A,QF21eu,6.0,-38.1458,144.375,S,38.1458,-48.578,48.578,106,127277
VK3BVW,VK3BVW,True,True,both,B,QF22qf,6.0,-37.7708,145.375,S,37.7708,-48.069,48.069,25,15192
VK3CRA,VK3CRA,True,True,both,B,QF14,4.0,-35.5,143.0,S,35.5,-45.827,45.827,14,360
VK3DCU,VK3DCU,True,True,both,B,QF22mf,6.0,-37.7708,145.0417,S,37.7708,-48.103,48.103,6,3720
VK3DEK,VK3DEK,True,True,both,B,QF12jq,6.0,-37.3125,142.7917,S,37.3125,-47.822,47.822,4,283
VK3DHI,VK3DHI,True,True,both,B,QF21rw,6.0,-38.0625,145.4583,S,38.0625,-48.377,48.377,14,8431
VK3DJC,VK3DJC,True,False,wsprnet_only,A,QF01sp,6.0,-38.3542,141.5417,S,38.3542,-49.075,49.075,18,174
VK3DRN,VK3DRN,True,True,both,B,QF22me,6.0,-37.8125,145.0417,S,37.8125,-48.148,48.148,7,303
VK3DSM,VK3DSM,True,True,both,A,QF22,4.0,-37.5,145.0,S,37.5,-47.813,47.813,344,259326
VK3DXE,VK3DXE,True,True,both,B,QF21nv,6.0,-38.1042,145.125,S,38.1042,-48.456,48.456,395,163829
VK3ETA,VK3ETA,True,True,both,B,QF22ad,6.0,-37.8542,144.0417,S,37.8542,-48.294,48.294,9,17454
VK3EY,VK3EY,True,True,both,A,QF23qn,6.0,-36.4375,145.375,S,36.4375,-46.622,46.622,30,248
VK3FFB,VK3FFB,True,True,both,B,QF22pe,6.0,-37.8125,145.2917,S,37.8125,-48.123,48.123,3,1783
VK3FI,VK3FI,True,True,both,B,QF15ct,6.0,-34.1875,142.2083,S,34.1875,-44.464,44.464,4,2123
VK3FSB,VK3FSB,True,True,both,B,QF33lg,6.0,-36.7292,146.9583,S,36.7292,-46.775,46.775,4,208
VK3FSK,VK3FSK,True,True,both,B,QF22kg,6.0,-37.7292,144.875,S,37.7292,-48.075,48.075,4,356
VK3FX,VK3FX,True,True,both,B,QF22oc,6.0,-37.8958,145.2083,S,37.8958,-48.222,48.222,7,769
VK3GOD,VK3GOD,True,True,both,A,QF23aa,6.0,-36.9792,144.0417,S,36.9792,-47.341,47.341,136,298008
VK3GYH,VK3GYH,True,True,both,B,QF31bq,6.0,-38.3125,146.125,S,38.3125,-48.577,48.577,3,1004
VK3HAW,VK3HAW,True,True,both,B,QF23,4.0,-36.5,145.0,S,36.5,-46.727,46.727,8,373
VK3HDV,VK3HDV,True,True,both,A,QF14qu,6.0,-35.1458,143.375,S,35.1458,-45.408,45.408,10,17354
VK3HGB,VK3HGB,True,False,wsprnet_only,B,QF33kv,6.0,-36.1042,146.875,S,36.1042,-46.108,46.108,4,16
VK3HJV,VK3HJV,True,False,wsprnet_only,A,QF01tp,6.0,-38.3542,141.625,S,38.3542,-49.067,49.067,22,633
VK3HP,VK3HP,True,True,both,A,QF21nt,6.0,-38.1875,145.125,S,38.1875,-48.547,48.547,103,13652
VK3HUG,VK3HUG,True,True,both,B,QF22jm,6.0,-37.4792,144.7917,S,37.4792,-47.811,47.811,3,2419
VK3HY,VK3HY,True,True,both,A,QF22pd,6.0,-37.8542,145.2917,S,37.8542,-48.168,48.168,82,189014
VK3II,VK3II,True,False,wsprnet_only,B,QF22nf,6.0,-37.7708,145.125,S,37.7708,-48.094,48.094,86,16191
VK3IMS,VK3IMS,True,False,wsprnet_only,A,QF33kp,6.0,-36.3542,146.875,S,36.3542,-46.378,46.378,27,269
VK3IRV,VK3IRV,True,True,both,B,QF22,4.0,-37.5,145.0,S,37.5,-47.813,47.813,3,204
VK3JBO,VK3JBO,True,True,both,A,QF22kd,6.0,-37.8542,144.875,S,37.8542,-48.21,48.21,12,628
VK3JCO,VK3JCO,True,True,both,B,QF21nw,6.0,-38.0625,145.125,S,38.0625,-48.411,48.411,4,784
VK3JDD,VK3JDD,True,True,both,B,QF21,4.0,-38.5,145.0,S,38.5,-48.899,48.899,8,2427
VK3JF,VK3JF,True,True,both,A,QF22bj,6.0,-37.6042,144.125,S,37.6042,-48.013,48.013,43,1467
VK3JNI,VK3JNI,True,True,both,B,QF22oh,6.0,-37.6875,145.2083,S,37.6875,-47.995,47.995,4,5373
VK3JTM,VK3JTM,True,False,wsprnet_only,B,QF12lr,6.0,-37.2708,142.9583,S,37.2708,-47.761,47.761,38,441
VK3JY,VK3JY,True,True,both,A,QF22me,6.0,-37.8125,145.0417,S,37.8125,-48.148,48.148,12,6035
VK3KCX/1,VK3KCX,True,True,both,B,QF22qd,6.0,-37.8542,145.375,S,37.8542,-48.159,48.159,40,29667
VK3KEZ,VK3KEZ,True,True,both,A,QF31gq,6.0,-38.3125,146.5417,S,38.3125,-48.533,48.533,30,48953
VK3KN,VK3KN,True,False,wsprnet_only,B,QF22me,6.0,-37.8125,145.0417,S,37.8125,-48.148,48.148,68,871
VK3KYY,VK3KYY,True,True,both,A,QF69,4.0,-30.5,153.0,S,30.5,-39.409,39.409,18,4247
VK3KZM,VK3KZM,True,True,both,A,QF21os,6.0,-38.2292,145.2083,S,38.2292,-48.584,48.584,65,3875
VK3LER,VK3LER,True,True,both,A,IO91,4.0,51.5,-1.0,N,51.5,47.196,47.196,21,228661
VK3LM,VK3LM,True,False,wsprnet_only,A,QF31fs,6.0,-38.2292,146.4583,S,38.2292,-48.451,48.451,16,241
VK3LOG,VK3LOG,True,True,both,B,QF22jp,6.0,-37.3542,144.7917,S,37.3542,-47.676,47.676,6,108
VK3LOL,VK3LOL,True,True,both,A,QF31,4.0,-38.5,147.0,S,38.5,-48.685,48.685,15,14809
VK3LRJ,VK3LRJ,True,True,both,A,QF22ds,6.0,-37.2292,144.2917,S,37.2292,-47.589,47.589,18,17405
VK3LU,VK3LU,True,True,both,A,QF22rs,6.0,-37.2292,145.4583,S,37.2292,-47.473,47.473,239,219456
VK3MAP,VK3MAP,True,True,both,B,QF21sk,6.0,-38.5625,145.5417,S,38.5625,-48.911,48.911,379,138259
VK3MAP/H,VK3MAP,True,False,wsprnet_only,B,QF21sk,6.0,-38.5625,145.5417,S,38.5625,-48.911,48.911,3,296
VK3MAP/V,VK3MAP,True,False,wsprnet_only,B,QF21sk,6.0,-38.5625,145.5417,S,38.5625,-48.911,48.911,3,159
VK3MDH,VK3MDH,True,False,wsprnet_only,B,QF22qb,6.0,-37.9375,145.375,S,37.9375,-48.25,48.25,4,59
VK3MFE,VK3MFE,True,True,both,A,QF23qo,6.0,-36.3958,145.375,S,36.3958,-46.577,46.577,11,2505
VK3MH,VK3MH,True,False,wsprnet_only,A,QF12lr,6.0,-37.2708,142.9583,S,37.2708,-47.761,47.761,11,39
VK3MLD,VK3MLD,True,True,both,B,QF21kp,6.0,-38.3542,144.875,S,38.3542,-48.754,48.754,6,3842
VK3MO,VK3MO,True,True,both,A,QF22,4.0,-37.5,145.0,S,37.5,-47.813,47.813,184,1612176
VK3MQ,VK3MQ,True,True,both,B,QF22qe,6.0,-37.8125,145.375,S,37.8125,-48.114,48.114,8,11821
VK3MV,VK3MV,True,True,both,B,QF22md,6.0,-37.8542,145.0417,S,37.8542,-48.193,48.193,8,4918
VK3NFI,VK3NFI,True,False,wsprnet_only,B,QF31es,6.0,-38.2292,146.375,S,38.2292,-48.46,48.46,4,111
VK3NSG,VK3NSG,True,False,wsprnet_only,B,QF12ah,6.0,-37.6875,142.0417,S,37.6875,-48.3,48.3,7,98
VK3NTB,VK3NTB,True,True,both,A,QF31cs,6.0,-38.2292,146.2083,S,38.2292,-48.478,48.478,11,12753
VK3OAK,VK3OAK,True,True,both,A,QF12wi,6.0,-37.6458,143.875,S,37.6458,-48.083,48.083,14,6794
VK3OE,VK3OE,True,False,wsprnet_only,A,QF22qc,6.0,-37.8958,145.375,S,37.8958,-48.204,48.204,10,2891
VK3OTR,VK3OTR,True,True,both,B,QF02wh,6.0,-37.6875,141.875,S,37.6875,-48.315,48.315,27,790
VK3OY,VK3OY,True,True,both,A,QF22,4.0,-37.5,145.0,S,37.5,-47.813,47.813,300,176436
VK3OZ/6,VK3OZ,True,False,wsprnet_only,A,OF84xx,6.0,-35.0208,117.9583,S,35.0208,-46.501,46.501,16,245
VK3PD,VK3PD,True,True,both,A,QF21nt,6.0,-38.1875,145.125,S,38.1875,-48.547,48.547,13,11348
VK3PE,VK3PE,True,True,both,A,QF21pw,6.0,-38.0625,145.2917,S,38.0625,-48.394,48.394,31,15916
VK3PEF,VK3PEF,True,True,both,B,QF23de,6.0,-36.8125,144.2917,S,36.8125,-47.136,47.136,5,332
VK3POP,VK3POP,True,False,wsprnet_only,B,QF22,4.0,-37.5,145.0,S,37.5,-47.813,47.813,9,12
VK3PRA,VK3PRA,True,True,both,B,QF21,4.0,-38.5,145.0,S,38.5,-48.899,48.899,7,461
VK3PTR,VK3PTR,True,True,both,B,QF23ro,6.0,-36.3958,145.4583,S,36.3958,-46.569,46.569,9,2838
VK3QB,VK3QB,True,True,both,A,QF21vn,6.0,-38.4375,145.7917,S,38.4375,-48.749,48.749,69,113223
VK3QD,VK3QD,True,True,both,A,QF22ik,6.0,-37.5625,144.7083,S,37.5625,-47.91,47.91,165,44939
VK3QN,VK3QN,True,True,both,A,QF22,4.0,-37.5,145.0,S,37.5,-47.813,47.813,291,2841267
VK3QPR,VK3QPR,True,True,both,B,QF22qf,6.0,-37.7708,145.375,S,37.7708,-48.069,48.069,5,69
VK3RMV,VK3RMV,True,True,both,B,QF12ah,6.0,-37.6875,142.0417,S,37.6875,-48.3,48.3,76,1337
VK3SLE,VK3SLE,True,True,both,A,QF22na,6.0,-37.9792,145.125,S,37.9792,-48.321,48.321,77,6996
VK3SPG,VK3SPG,True,True,both,B,QF33ex,6.0,-36.0208,146.375,S,36.0208,-46.07,46.07,69,6276
VK3SPM,VK3SPM,True,True,both,A,QF22mb,6.0,-37.9375,145.0417,S,37.9375,-48.284,48.284,94,51199
VK3STO,VK3STO,True,True,both,B,QF22,4.0,-37.5,145.0,S,37.5,-47.813,47.813,6,838
VK3TAF,VK3TAF,True,True,both,A,QF22,4.0,-37.5,145.0,S,37.5,-47.813,47.813,10,221
VK3TCM,VK3TCM,True,True,both,B,QF22,4.0,-37.5,145.0,S,37.5,-47.813,47.813,3,1117
VK3TFH,VK3TFH,True,True,both,A,QF11co,6.0,-38.3958,142.2083,S,38.3958,-49.059,49.059,383,422667
VK3TMK,VK3TMK,True,True,both,B,QF21,4.0,-38.5,145.0,S,38.5,-48.899,48.899,5,4875
VK3TPM,VK3TPM,True,True,both,A,QF22ds,6.0,-37.2292,144.2917,S,37.2292,-47.589,47.589,37,67557
VK3TXR,VK3TXR,True,True,both,B,QF12wj,6.0,-37.6042,143.875,S,37.6042,-48.038,48.038,9,4789
VK3UBU,VK3UBU,True,True,both,A,QF22nc,6.0,-37.8958,145.125,S,37.8958,-48.23,48.23,15,712
VK3VB,VK3VB,True,True,both,B,QF21pw,6.0,-38.0625,145.2917,S,38.0625,-48.394,48.394,16,6355
VK3VDP,VK3VDP,True,True,both,B,QF22mb,6.0,-37.9375,145.0417,S,37.9375,-48.284,48.284,3,1121
VK3WHI,VK3WHI,True,True,both,A,QF22,4.0,-37.5,145.0,S,37.5,-47.813,47.813,18,390
VK3WHO,VK3WHO,True,True,both,B,QF22rl,6.0,-37.5208,145.4583,S,37.5208,-47.789,47.789,3,1282
VK3WOW,VK3WOW,True,True,both,B,QF22ne,6.0,-37.8125,145.125,S,37.8125,-48.14,48.14,7,6635
VK3WRE,VK3WRE,True,False,wsprnet_only,B,QF31gt,6.0,-38.1875,146.5417,S,38.1875,-48.397,48.397,5,108
VK3WWB,VK3WWB,True,True,both,B,QF22,4.0,-37.5,145.0,S,37.5,-47.813,47.813,4,5173
VK3XF,VK3XF,True,True,both,A,QF21,4.0,-38.5,145.0,S,38.5,-48.899,48.899,18,31168
VK3XQ,VK3XQ,True,True,both,B,QF22pe,6.0,-37.8125,145.2917,S,37.8125,-48.123,48.123,64,106452
VK3YCQ,VK3YCQ,True,True,both,B,QF21hv,6.0,-38.1042,144.625,S,38.1042,-48.507,48.507,30,1493
VK3YE,VK3YE,True,True,both,A,QF21nw,6.0,-38.0625,145.125,S,38.0625,-48.411,48.411,73,66366
VK3YGO,VK3YGO,True,False,wsprnet_only,B,QF21,4.0,-38.5,145.0,S,38.5,-48.899,48.899,3,44
VK3ZAG,VK3ZAG,True,True,both,B,QF22,4.0,-37.5,145.0,S,37.5,-47.813,47.813,9,1210
VK3ZAI,VK3ZAI,True,True,both,A,QF22ob,6.0,-37.9375,145.2083,S,37.9375,-48.267,48.267,21,56528
VK3ZAZ,VK3ZAZ,True,False,wsprnet_only,A,QF12ah,6.0,-37.6875,142.0417,S,37.6875,-48.3,48.3,52,958
VK3ZH,VK3ZH,True,True,both,B,QF22oe,6.0,-37.8125,145.2083,S,37.8125,-48.131,48.131,42,10518
VK3ZJP,VK3ZJP,True,True,both,A,QF22md,6.0,-37.8542,145.0417,S,37.8542,-48.193,48.193,27,4107
VK3ZTE,VK3ZTE,True,True,both,A,QF22kg,6.0,-37.7292,144.875,S,37.7292,-48.075,48.075,326,140016
VK3ZUM,VK3ZUM,True,True,both,B,QF21kp,6.0,-38.3542,144.875,S,38.3542,-48.754,48.754,21,1133
VK3ZYC,VK3ZYC,True,False,wsprnet_only,B,QF31nt,6.0,-38.1875,147.125,S,38.1875,-48.333,48.333,9,683
VK3ZZC,VK3ZZC,True,True,both,B,QF21nw,6.0,-38.0625,145.125,S,38.0625,-48.411,48.411,76,59247
VK4AAN,VK4AAN,True,True,both,B,QG61ah,6.0,-28.6875,152.0417,S,28.6875,-37.587,37.587,39,24998
VK4ABU,VK4ABU,True,True,both,A,QG62,4.0,-27.5,153.0,S,27.5,-36.21,36.21,315,258377
VK4ACO,VK4ACO,True,True,both,B,QG56gp,6.0,-23.3542,150.5417,S,23.3542,-32.066,32.066,9,1881
VK4AEX,VK4AEX,True,True,both,B,QH30,4.0,-19.5,147.0,S,19.5,-28.294,28.294,5,156
VK4AFU,VK4AFU,True,True,both,A,QG61px,6.0,-28.0208,153.2917,S,28.0208,-36.73,36.73,52,19544
VK4AGO,VK4AGO,True,True,both,B,QG61,4.0,-28.5,153.0,S,28.5,-37.276,37.276,7,28723
VK4AGR,VK4AGR,True,True,both,B,QG53wg,6.0,-26.7292,151.875,S,26.7292,-35.517,35.517,3,6189
VK4AGU,VK4AGU,True,True,both,A,QG62ln,6.0,-27.4375,152.9583,S,27.4375,-36.148,36.148,81,68907
VK4AJI,VK4AJI,True,True,both,A,QH23,4.0,-16.5,145.0,S,16.5,-25.258,25.258,25,424
VK4APF,VK4APF,True,True,both,B,QG62nm,6.0,-27.4792,153.125,S,27.4792,-36.173,36.173,7,11918
VK4ASE,VK4ASE,True,True,both,B,QG52xn,6.0,-27.4375,151.9583,S,27.4375,-36.263,36.263,24,16838
VK4ATV,VK4ATV,True,True,both,A,QH30,4.0,-19.5,147.0,S,19.5,-28.294,28.294,395,583841
VK4BA,VK4BA,True,True,both,A,QG62,4.0,-27.5,153.0,S,27.5,-36.21,36.21,386,464739
VK4BAP,VK4BAP,True,True,both,A,QG49la,6.0,-20.9792,148.9583,S,20.9792,-29.697,29.697,50,56055
VK4CBW,VK4CBW,True,True,both,B,QG62ll,6.0,-27.5208,152.9583,S,27.5208,-36.237,36.237,5,1069
VK4CHW,VK4CHW,True,True,both,B,QG62lh,6.0,-27.6875,152.9583,S,27.6875,-36.415,36.415,3,147
VK4CJ,VK4CJ,True,True,both,B,QG62ol,6.0,-27.5208,153.2083,S,27.5208,-36.208,36.208,4,208
VK4CRO,VK4CRO,True,True,both,A,QG62om,6.0,-27.4792,153.2083,S,27.4792,-36.163,36.163,60,10305
VK4CZ,VK4CZ,True,False,wsprnet_only,B,QG62lp,6.0,-27.3542,152.9583,S,27.3542,-36.06,36.06,3,98
VK4DBY,VK4DBY,True,True,both,A,QG62lq,6.0,-27.3125,152.9583,S,27.3125,-36.015,36.015,62,16090
VK4DPP,VK4DPP,True,True,both,B,QG62lo,6.0,-27.3958,152.9583,S,27.3958,-36.104,36.104,3,3173
VK4DRB,VK4DRB,True,True,both,B,QG62il,6.0,-27.5208,152.7083,S,27.5208,-36.266,36.266,3,81
VK4ECW,VK4ECW,True,True,both,B,QG62ll,6.0,-27.5208,152.9583,S,27.5208,-36.237,36.237,24,3266
VK4EF,VK4EF,True,True,both,A,QG62oi,6.0,-27.6458,153.2083,S,27.6458,-36.341,36.341,14,24024
VK4EKA,VK4EKA,True,True,both,A,QG62ap,6.0,-27.3542,152.0417,S,27.3542,-36.165,36.165,171,4379
VK4EV,VK4EV,True,True,both,B,QG62lo,6.0,-27.3958,152.9583,S,27.3958,-36.104,36.104,9,181
VK4FAW,VK4FAW,True,True,both,B,QH23ua,6.0,-16.9792,145.7083,S,16.9792,-25.719,25.719,3,3507
VK4FI,VK4FI,True,True,both,B,QG52xm,6.0,-27.4792,151.9583,S,27.4792,-36.307,36.307,5,1755
VK4FP,VK4FP,True,True,both,B,QH30ip,6.0,-19.3542,146.7083,S,19.3542,-28.161,28.161,9,707
VK4FRZ,VK4FRZ,True,True,both,B,QG62ml,6.0,-27.5208,153.0417,S,27.5208,-36.227,36.227,9,233
VK4FSD/1,VK4FSD,True,True,both,B,QG62lg,6.0,-27.7292,152.9583,S,27.7292,-36.459,36.459,6,7922
VK4GAV,VK4GAV,True,True,both,B,QG64hg,6.0,-25.7292,152.625,S,25.7292,-34.368,34.368,5,179
VK4GAW,VK4GAW,True,True,both,A,QG62ns,6.0,-27.2292,153.125,S,27.2292,-35.907,35.907,82,33488
VK4GC,VK4GC,True,True,both,B,QG62mj,6.0,-27.6042,153.0417,S,27.6042,-36.316,36.316,4,4392
VK4GDP,VK4GDP,True,True,both,B,QG62ll,6.0,-27.5208,152.9583,S,27.5208,-36.237,36.237,15,6903
VK4GEO,VK4GEO,True,True,both,A,PG99sg,6.0,-20.7292,139.5417,S,20.7292,-30.025,30.025,15,9067
VK4GTR,VK4GTR,True,True,both,B,QG43jk,6.0,-26.5625,148.7917,S,26.5625,-35.659,35.659,5,1718
VK4GU,VK4GU,True,True,both,B,QG62mt,6.0,-27.1875,153.0417,S,27.1875,-35.872,35.872,11,5871
VK4HM,VK4HM,True,True,both,A,QH23ue,6.0,-16.8125,145.7083,S,16.8125,-25.543,25.543,12,8737
VK4HMD,VK4HMD,True,False,wsprnet_only,B,QG52xk,6.0,-27.5625,151.9583,S,27.5625,-36.396,36.396,52,4048
VK4IKZ,VK4IKZ,True,True,both,A,QG63le,6.0,-26.8125,152.9583,S,26.8125,-35.483,35.483,32,7364
VK4IW,VK4IW,True,True,both,A,QG62mo,6.0,-27.3958,153.0417,S,27.3958,-36.094,36.094,49,73885
VK4JAO,VK4JAO,True,True,both,B,QG63ne,6.0,-26.8125,153.125,S,26.8125,-35.463,35.463,106,8502
VK4JAS,VK4JAS,True,True,both,B,QG62ms,6.0,-27.2292,153.0417,S,27.2292,-35.917,35.917,48,14806
VK4JAZ,VK4JAZ,True,True,both,B,QG62on,6.0,-27.4375,153.2083,S,27.4375,-36.119,36.119,5,132
VK4KI,VK4KI,True,True,both,B,QG62lu,6.0,-27.1458,152.9583,S,27.1458,-35.838,35.838,8,34761
VK4KL,VK4KL,True,True,both,B,QG45,4.0,-24.5,149.0,S,24.5,-33.437,33.437,3,861
VK4KLA,VK4KLA,True,True,both,B,QG62jv,6.0,-27.1042,152.7917,S,27.1042,-35.813,35.813,4,343
VK4KM,VK4KM,True,True,both,A,QG62ju,6.0,-27.1458,152.7917,S,27.1458,-35.857,35.857,28,4480
VK4KSB,VK4KSB,True,True,both,B,QG53,4.0,-26.5,151.0,S,26.5,-35.368,35.368,3,15
VK4KTD,VK4KTD,True,True,both,B,QG63,4.0,-26.5,153.0,S,26.5,-35.145,35.145,36,4492
VK4KWS,VK4KWS,True,True,both,A,QG56fn,6.0,-23.4375,150.4583,S,23.4375,-32.163,32.163,10,6238
VK4LA,VK4LA,True,True,both,A,QG62,4.0,-27.5,153.0,S,27.5,-36.21,36.21,149,46322
VK4LAH,VK4LAH,True,True,both,A,QG62nk,6.0,-27.5625,153.125,S,27.5625,-36.262,36.262,146,152259
VK4LCH,VK4LCH,True,False,wsprnet_only,B,QG62,4.0,-27.5,153.0,S,27.5,-36.21,36.21,3,12
VK4LL,VK4LL,True,True,both,B,QG62mj,6.0,-27.6042,153.0417,S,27.6042,-36.316,36.316,3,303
VK4LTF,VK4LTF,True,True,both,B,QG62lj,6.0,-27.6042,152.9583,S,27.6042,-36.326,36.326,5,6766
VK4MOT,VK4MOT,True,True,both,A,QG62,4.0,-27.5,153.0,S,27.5,-36.21,36.21,105,123357
VK4NB,VK4NB,True,True,both,A,QG48pi,6.0,-21.6458,149.2917,S,21.6458,-30.373,30.373,22,53545
VK4NE,VK4NE,True,True,both,B,QG62nj,6.0,-27.6042,153.125,S,27.6042,-36.306,36.306,395,930401
VK4NE/P,VK4NE,True,True,both,B,QG62nj,6.0,-27.6042,153.125,S,27.6042,-36.306,36.306,3,198
VK4NQL,VK4NQL,True,True,both,A,QH30hq,6.0,-19.3125,146.625,S,19.3125,-28.123,28.123,317,89393
VK4OCD,VK4OCD,True,True,both,B,QG62oh,6.0,-27.6875,153.2083,S,27.6875,-36.385,36.385,3,67
VK4OLD,VK4OLD,True,True,both,A,QG56gp,6.0,-23.3542,150.5417,S,23.3542,-32.066,32.066,13,1114
VK4OZZ,VK4OZZ,True,True,both,B,QG62,4.0,-27.5,153.0,S,27.5,-36.21,36.21,6,10052
VK4PAA,VK4PAA,True,True,both,B,QG62mm,6.0,-27.4792,153.0417,S,27.4792,-36.183,36.183,5,321
VK4PDG,VK4PDG,True,True,both,B,QG65ed,6.0,-24.8542,152.375,S,24.8542,-33.465,33.465,8,327
VK4PHD,VK4PHD,True,True,both,B,QG62nw,6.0,-27.0625,153.125,S,27.0625,-35.729,35.729,5,1111
VK4PJC,VK4PJC,True,True,both,B,QG62,4.0,-27.5,153.0,S,27.5,-36.21,36.21,25,16352
VK4PK,VK4PK,True,True,both,B,QG62,4.0,-27.5,153.0,S,27.5,-36.21,36.21,354,830895
VK4PPZ,VK4PPZ,True,True,both,A,QG62mm,6.0,-27.4792,153.0417,S,27.4792,-36.183,36.183,31,3055
VK4PSW,VK4PSW,True,True,both,A,QG62ns,6.0,-27.2292,153.125,S,27.2292,-35.907,35.907,154,36742
VK4QAM,VK4QAM,True,True,both,B,QG62nl,6.0,-27.5208,153.125,S,27.5208,-36.218,36.218,22,3605
VK4QJW,VK4QJW,True,False,wsprnet_only,B,QG54,4.0,-25.5,151.0,S,25.5,-34.302,34.302,7,17
VK4QW,VK4QW,True,True,both,A,QG62ls,6.0,-27.2292,152.9583,S,27.2292,-35.926,35.926,395,128412
VK4RBC,VK4RBC,True,False,wsprnet_only,A,QG62ku,6.0,-27.1458,152.875,S,27.1458,-35.847,35.847,21,267
VK4RR,VK4RR,True,True,both,B,QG62nn,6.0,-27.4375,153.125,S,27.4375,-36.129,36.129,10,53
VK4RV,VK4RV,True,True,both,B,QG62ku,6.0,-27.1458,152.875,S,27.1458,-35.847,35.847,9,27571
VK4SA,VK4SA,True,True,both,A,QG62,4.0,-27.5,153.0,S,27.5,-36.21,36.21,30,78195
VK4SQ,VK4SQ,True,True,both,B,QG62nj,6.0,-27.6042,153.125,S,27.6042,-36.306,36.306,7,875
VK4STC,VK4STC,True,True,both,A,QG62ni,6.0,-27.6458,153.125,S,27.6458,-36.351,36.351,89,8753
VK4SU,VK4SU,True,True,both,A,QG63ng,6.0,-26.7292,153.125,S,26.7292,-35.375,35.375,27,1863
VK4TDI,VK4TDI,True,True,both,B,QG62lm,6.0,-27.4792,152.9583,S,27.4792,-36.193,36.193,31,116395
VK4TMH,VK4TMH,True,True,both,A,QG56fk,6.0,-23.5625,150.4583,S,23.5625,-32.296,32.296,365,943312
VK4TMT,VK4TMT,True,True,both,B,QG62,4.0,-27.5,153.0,S,27.5,-36.21,36.21,395,1279289
VK4TVL,VK4TVL,True,True,both,B,QH30jo,6.0,-19.3958,146.7917,S,19.3958,-28.199,28.199,6,264
VK4UE,VK4UE,True,True,both,B,QG56gp,6.0,-23.3542,150.5417,S,23.3542,-32.066,32.066,4,10433
VK4UTT,VK4UTT,True,True,both,A,QG63,4.0,-26.5,153.0,S,26.5,-35.145,35.145,21,543
VK4UV,VK4UV,True,True,both,B,QG62lj,6.0,-27.6042,152.9583,S,27.6042,-36.326,36.326,65,3182
VK4VS,VK4VS,True,True,both,B,QG51xm,6.0,-28.4792,151.9583,S,28.4792,-37.374,37.374,4,2641
VK4WC,VK4WC,True,True,both,A,QG61mx,6.0,-28.0208,153.0417,S,28.0208,-36.76,36.76,10,15715
VK4WCH,VK4WCH,True,True,both,A,QG46bi,6.0,-23.6458,148.125,S,23.6458,-32.607,32.607,136,394936
VK4WGR,VK4WGR,True,True,both,B,QG62ms,6.0,-27.2292,153.0417,S,27.2292,-35.917,35.917,169,212484
VK4WSG,VK4WSG,True,True,both,B,QH30jr,6.0,-19.2708,146.7917,S,19.2708,-28.067,28.067,79,31916
VK4WSP,VK4WSP,True,True,both,B,QG62ki,6.0,-27.6458,152.875,S,27.6458,-36.38,36.38,3,1520
VK4WTZ,VK4WTZ,True,True,both,A,QG54,4.0,-25.5,151.0,S,25.5,-34.302,34.302,244,271884
VK4XDB,VK4XDB,True,True,both,A,QG62jk,6.0,-27.5625,152.7917,S,27.5625,-36.301,36.301,241,243369
VK4XK,VK4XK,True,True,both,A,QG56dm,6.0,-23.4792,150.2917,S,23.4792,-32.224,32.224,272,529930
VK4XUK,VK4XUK,True,True,both,A,QH22,4.0,-17.5,145.0,S,17.5,-26.316,26.316,17,3958
VK4YB,VK4YB,True,True,both,A,QG62ku,6.0,-27.1458,152.875,S,27.1458,-35.847,35.847,379,33861
VK4YEH,VK4YEH,True,True,both,A,QG62ll,6.0,-27.5208,152.9583,S,27.5208,-36.237,36.237,266,332509
VK4YOY,VK4YOY,True,True,both,A,QG62kq,6.0,-27.3125,152.875,S,27.3125,-36.025,36.025,28,76811
VK4ZHF,VK4ZHF,True,True,both,B,QG62oh,6.0,-27.6875,153.2083,S,27.6875,-36.385,36.385,4,227
VK5AAR,VK5AAR,True,True,both,B,PF98fc,6.0,-31.8958,138.4583,S,31.8958,-42.226,42.226,115,11950
VK5ABG,VK5ABG,True,True,both,B,PF94gq,6.0,-35.3125,138.5417,S,35.3125,-45.976,45.976,5,2349
VK5ADE,VK5ADE,True,True,both,A,PF94hj,6.0,-35.6042,138.625,S,35.6042,-46.291,46.291,93,6858
VK5AJ,VK5AJ,True,True,both,B,PF87wl,6.0,-32.5208,137.875,S,32.5208,-42.949,42.949,6,277
VK5AK,VK5AK,True,True,both,B,PF95jd,6.0,-34.8542,138.7917,S,34.8542,-45.454,45.454,33,34857
VK5AKK,VK5AKK,True,True,both,B,PF94ix,6.0,-35.0208,138.7083,S,35.0208,-45.643,45.643,104,25282
VK5AOK,VK5AOK,True,True,both,B,PF95,4.0,-34.5,139.0,S,34.5,-45.05,45.05,3,231
VK5ATN,VK5ATN,True,True,both,B,PF95fu,6.0,-34.1458,138.4583,S,34.1458,-44.698,44.698,9,3216
VK5AYD,VK5AYD,True,False,wsprnet_only,A,PF97ja,6.0,-32.9792,138.7917,S,32.9792,-43.394,43.394,24,658
VK5AZL,VK5AZL,True,True,both,B,PF95ih,6.0,-34.6875,138.7083,S,34.6875,-45.277,45.277,6,2736
VK5BC/P,VK5BC,True,False,wsprnet_only,B,PF85mc,6.0,-34.8958,137.0417,S,34.8958,-45.618,45.618,4,119
VK5BL,VK5BL,True,True,both,A,PF96he,6.0,-33.8125,138.625,S,33.8125,-44.321,44.321,15,265
VK5BTN,VK5BTN,True,True,both,A,PF95,4.0,-34.5,139.0,S,34.5,-45.05,45.05,41,46011
VK5CIW,VK5CIW,True,True,both,B,PF95ff,6.0,-34.7708,138.4583,S,34.7708,-45.386,45.386,5,136
VK5CJG,VK5CJG,True,True,both,A,PF94,4.0,-35.5,139.0,S,35.5,-46.149,46.149,24,17498
VK5CZ,VK5CZ,True,True,both,B,PF96hd,6.0,-33.8542,138.625,S,33.8542,-44.366,44.366,18,719
VK5DC,VK5DC,True,True,both,B,PF94kw,6.0,-35.0625,138.875,S,35.0625,-45.677,45.677,5,330
VK5DOC,VK5DOC,True,True,both,B,PF95gc,6.0,-34.8958,138.5417,S,34.8958,-45.517,45.517,7,803
VK5DR,VK5DR,True,True,both,A,PF95,4.0,-34.5,139.0,S,34.5,-45.05,45.05,28,91533
VK5EI,VK5EI,True,True,both,B,PF85xr,6.0,-34.2708,137.9583,S,34.2708,-44.869,44.869,5,88
VK5FQ,VK5FQ,True,False,wsprnet_only,B,PF95gc,6.0,-34.8958,138.5417,S,34.8958,-45.517,45.517,9,1055
VK5GDR,VK5GDR,True,True,both,B,PF96xt,6.0,-33.1875,139.9583,S,33.1875,-43.543,43.543,3,36
VK5GF,VK5GF,True,False,wsprnet_only,A,PF94hk,6.0,-35.5625,138.625,S,35.5625,-46.245,46.245,337,12722
VK5GY,VK5GY,True,True,both,B,PF96dt,6.0,-33.1875,138.2917,S,33.1875,-43.656,43.656,3,490
VK5II,VK5II,True,False,wsprnet_only,B,PF94ix,6.0,-35.0208,138.7083,S,35.0208,-45.643,45.643,3,62
VK5IS,VK5IS,True,True,both,B,PF96ct,6.0,-33.1875,138.2083,S,33.1875,-43.661,43.661,12,2490
VK5JK,VK5JK,True,True,both,A,PF94fs,6.0,-35.2292,138.4583,S,35.2292,-45.89,45.89,10,508
VK5JPH,VK5JPH,True,True,both,B,PF94hp,6.0,-35.3542,138.625,S,35.3542,-46.016,46.016,9,185
VK5KDO,VK5KDO,True,True,both,A,PF94hk,6.0,-35.5625,138.625,S,35.5625,-46.245,46.245,154,92046
VK5KG,VK5KG,True,False,wsprnet_only,B,PF95im,6.0,-34.4792,138.7083,S,34.4792,-45.048,45.048,3,16
VK5LTP,VK5LTP,True,False,wsprnet_only,A,QG62,4.0,-27.5,153.0,S,27.5,-36.21,36.21,47,786
VK5MAD,VK5MAD,True,True,both,B,PF94gv,6.0,-35.1042,138.5417,S,35.1042,-45.747,45.747,4,3960
VK5MBY,VK5MBY,True,True,both,B,PF95hc,6.0,-34.8958,138.625,S,34.8958,-45.512,45.512,5,164
VK5MH,VK5MH,True,True,both,A,PF94gs,6.0,-35.2292,138.5417,S,35.2292,-45.884,45.884,11,2965
VK5MHZ,VK5MHZ,True,True,both,A,PF95gd,6.0,-34.8542,138.5417,S,34.8542,-45.472,45.472,14,1603
VK5MK,VK5MK,True,True,both,B,PF94hw,6.0,-35.0625,138.625,S,35.0625,-45.695,45.695,13,938
VK5NTF,VK5NTF,True,True,both,B,PF95fu,6.0,-34.1458,138.4583,S,34.1458,-44.698,44.698,25,20377
VK5NTF/A,VK5NTF,True,True,both,B,PF95fu,6.0,-34.1458,138.4583,S,34.1458,-44.698,44.698,3,433
VK5OG,VK5OG,True,True,both,A,PF94fr,6.0,-35.2708,138.4583,S,35.2708,-45.936,45.936,22,17742
VK5PJ,VK5PJ,True,True,both,A,PF95mk,6.0,-34.5625,139.0417,S,34.5625,-45.116,45.116,42,2267
VK5RA,VK5RA,True,True,both,A,PF94hw,6.0,-35.0625,138.625,S,35.0625,-45.695,45.695,50,7227
VK5RM,VK5RM,True,True,both,A,PF95gc,6.0,-34.8958,138.5417,S,34.8958,-45.517,45.517,17,307
VK5SFA,VK5SFA,True,True,both,B,PF94pu,6.0,-35.1458,139.2917,S,35.1458,-45.739,45.739,13,8753
VK5SJ,VK5SJ,True,True,both,A,PF95he,6.0,-34.8125,138.625,S,34.8125,-45.42,45.42,11,491
VK5TSV,VK5TSV,True,True,both,B,PF95gc,6.0,-34.8958,138.5417,S,34.8958,-45.517,45.517,5,1132
VK5UR,VK5UR,True,False,wsprnet_only,B,PF95,4.0,-34.5,139.0,S,34.5,-45.05,45.05,8,613
VK5UW,VK5UW,True,True,both,B,PF94gx,6.0,-35.0208,138.5417,S,35.0208,-45.655,45.655,3,265
VK5VC,VK5VC,True,True,both,B,PF95hc,6.0,-34.8958,138.625,S,34.8958,-45.512,45.512,3,614
VK5XYZ,VK5XYZ,True,True,both,A,PF94ju,6.0,-35.1458,138.7917,S,35.1458,-45.775,45.775,13,3086
VK5YY,VK5YY,True,True,both,B,PF94ju,6.0,-35.1458,138.7917,S,35.1458,-45.775,45.775,194,55025
VK5ZBI,VK5ZBI,True,True,both,A,PF95ga,6.0,-34.9792,138.5417,S,34.9792,-45.609,45.609,65,46195
VK5ZE,VK5ZE,True,True,both,A,PF86,4.0,-33.5,137.0,S,33.5,-44.08,44.08,115,73831
VK5ZMK,VK5ZMK,True,False,wsprnet_only,B,PF95,4.0,-34.5,139.0,S,34.5,-45.05,45.05,3,149
VK5ZRL,VK5ZRL,True,True,both,A,PF94gu,6.0,-35.1458,138.5417,S,35.1458,-45.793,45.793,40,1328
VK5ZX,VK5ZX,True,True,both,B,PF95jn,6.0,-34.4375,138.7917,S,34.4375,-44.996,44.996,4,716
VK6AAI,VK6AAI,True,True,both,A,OF77ww,6.0,-32.0625,115.875,S,32.0625,-43.168,43.168,33,1222
VK6AXD,VK6AXD,True,True,both,A,OF77,4.0,-32.5,115.0,S,32.5,-43.687,43.687,12,1299
VK6BSA,VK6BSA,True,True,both,A,OF98dm,6.0,-31.4792,118.2917,S,31.4792,-42.447,42.447,35,40214
VK6CPU,VK6CPU,True,False,wsprnet_only,A,OF78wb,6.0,-31.9375,115.875,S,31.9375,-43.025,43.025,151,3324
VK6CPU/P,VK6CPU,True,False,wsprnet_only,B,OF84xx,6.0,-35.0208,117.9583,S,35.0208,-46.501,46.501,6,488
VK6CQ,VK6CQ,True,True,both,B,OF78wa,6.0,-31.9792,115.875,S,31.9792,-43.072,43.072,58,303817
VK6DF,VK6DF,True,True,both,A,OF77ws,6.0,-32.2292,115.875,S,32.2292,-43.358,43.358,21,10147
VK6DKK,VK6DKK,True,True,both,B,OF77ww,6.0,-32.0625,115.875,S,32.0625,-43.168,43.168,4,190
VK6DRK,VK6DRK,True,True,both,B,OF78vf,6.0,-31.7708,115.7917,S,31.7708,-42.836,42.836,17,2655
VK6DW,VK6DW,True,True,both,B,OF88aa,6.0,-31.9792,116.0417,S,31.9792,-43.069,43.069,5,934
VK6EEN,VK6EEN,True,True,both,A,OF78wc,6.0,-31.8958,115.875,S,31.8958,-42.977,42.977,62,28719
VK6EK,VK6EK,True,True,both,B,OF86fa,6.0,-33.9792,116.4583,S,33.9792,-45.346,45.346,4,12513
VK6EY,VK6EY,True,False,wsprnet_only,B,OF85sl,6.0,-34.5208,117.5417,S,34.5208,-45.94,45.94,18,237
VK6GHZ,VK6GHZ,True,True,both,A,OF87as,6.0,-32.2292,116.0417,S,32.2292,-43.355,43.355,395,267638
VK6HQ,VK6HQ,True,True,both,A,OF87av,6.0,-32.1042,116.0417,S,32.1042,-43.212,43.212,395,477381
VK6HV,VK6HV,True,False,wsprnet_only,B,OF85wa,6.0,-34.9792,117.875,S,34.9792,-46.456,46.456,44,3869
VK6IMG,VK6IMG,True,True,both,A,OF88aa,6.0,-31.9792,116.0417,S,31.9792,-43.069,43.069,46,58088
VK6IS,VK6IS,True,True,both,B,OF88,4.0,-31.5,117.0,S,31.5,-42.499,42.499,3,32
VK6JB,VK6JB,True,True,both,A,OF77xw,6.0,-32.0625,115.9583,S,32.0625,-43.166,43.166,34,20526
VK6JE,VK6JE,True,True,both,A,OF88ab,6.0,-31.9375,116.0417,S,31.9375,-43.021,43.021,14,19316
VK6JI,VK6JI,True,True,both,B,OF78ve,6.0,-31.8125,115.7917,S,31.8125,-42.883,42.883,5,13194
VK6JJJ,VK6JJJ,True,True,both,A,PH16,4.0,-13.5,123.0,S,13.5,-21.995,21.995,276,591156
VK6JJJ/63,VK6JJJ,True,True,both,B,PH16pb,6.0,-13.9375,123.2917,S,13.9375,-22.491,22.491,5,566
VK6JKP,VK6JKP,True,True,both,B,OF77xu,6.0,-32.1458,115.9583,S,32.1458,-43.261,43.261,4,159
VK6JSW,VK6JSW,True,True,both,A,OF78wb,6.0,-31.9375,115.875,S,31.9375,-43.025,43.025,16,1316
VK6KBY,VK6KBY,True,True,both,A,OF76to,6.0,-33.3958,115.625,S,33.3958,-44.697,44.697,23,24640
VK6KCH/W,VK6KCH,True,False,wsprnet_only,A,OF77ww,6.0,-32.0625,115.875,S,32.0625,-43.168,43.168,190,17367
VK6KED,VK6KED,True,True,both,A,OF77vw,6.0,-32.0625,115.7917,S,32.0625,-43.169,43.169,337,103786
VK6KLI,VK6KLI,True,True,both,B,OF77xw,6.0,-32.0625,115.9583,S,32.0625,-43.166,43.166,359,517458
VK6KR,VK6KR,True,True,both,B,OF78,4.0,-31.5,115.0,S,31.5,-42.544,42.544,26,30387
VK6KT,VK6KT,True,True,both,A,OF77xw,6.0,-32.0625,115.9583,S,32.0625,-43.166,43.166,11,5830
VK6LD,VK6LD,True,True,both,B,OF84vx,6.0,-35.0208,117.7917,S,35.0208,-46.505,46.505,19,7971
VK6LX,VK6LX,True,True,both,B,OF88cc,6.0,-31.8958,116.2083,S,31.8958,-42.969,42.969,101,10076
VK6MJM,VK6MJM,True,True,both,A,OF85br,6.0,-34.2708,116.125,S,34.2708,-45.686,45.686,376,22486
VK6MTF,VK6MTF,True,True,both,B,OF76,4.0,-33.5,115.0,S,33.5,-44.83,44.83,3,1018
VK6MX,VK6MX,True,True,both,B,OF77wx,6.0,-32.0208,115.875,S,32.0208,-43.12,43.12,9,349
VK6NAT,VK6NAT,True,True,both,B,OF78vf,6.0,-31.7708,115.7917,S,31.7708,-42.836,42.836,4,64
VK6NI,VK6NI,True,True,both,A,OF85pa,6.0,-34.9792,117.2917,S,34.9792,-46.469,46.469,26,4705
VK6NJP,VK6NJP,True,True,both,A,OF88ai,6.0,-31.6458,116.0417,S,31.6458,-42.687,42.687,51,118197
VK6OP,VK6OP,True,True,both,B,OF88ac,6.0,-31.8958,116.0417,S,31.8958,-42.973,42.973,25,14409
VK6PII,VK6PII,True,True,both,B,OF88,4.0,-31.5,117.0,S,31.5,-42.499,42.499,5,326
VK6PK,VK6PK,True,True,both,A,OF88ee,6.0,-31.8125,116.375,S,31.8125,-42.87,42.87,368,565191
VK6POP,VK6POP,True,True,both,B,OF84wx,6.0,-35.0208,117.875,S,35.0208,-46.503,46.503,8,412
VK6PZT,VK6PZT,True,True,both,B,OF76to,6.0,-33.3958,115.625,S,33.3958,-44.697,44.697,6,724
VK6RO,VK6RO,True,True,both,B,OF77xx,6.0,-32.0208,115.9583,S,32.0208,-43.118,43.118,5,368
VK6RWS,VK6RWS,True,True,both,A,OF77ww,6.0,-32.0625,115.875,S,32.0625,-43.168,43.168,311,16815
VK6ST,VK6ST,True,True,both,B,OF77vx,6.0,-32.0208,115.7917,S,32.0208,-43.122,43.122,6,515
VK6TQ,VK6TQ,True,True,both,A,OF76of,6.0,-33.7708,115.2083,S,33.7708,-45.135,45.135,181,24360
VK6TTM,VK6TTM,True,True,both,B,OF76tp,6.0,-33.3542,115.625,S,33.3542,-44.65,44.65,5,761
VK6TU,VK6TU,True,True,both,B,OF87ax,6.0,-32.0208,116.0417,S,32.0208,-43.116,43.116,64,5316
VK6TX,VK6TX,True,True,both,A,QG64kq,6.0,-25.3125,152.875,S,25.3125,-33.896,33.896,12,988
VK6TY,VK6TY,True,True,both,A,OF78wa,6.0,-31.9792,115.875,S,31.9792,-43.072,43.072,19,1881
VK6XM,VK6XM,True,True,both,B,OF77ww,6.0,-32.0625,115.875,S,32.0625,-43.168,43.168,7,239
VK6XT/N,VK6XT,True,True,both,A,OF88ji,6.0,-31.6458,116.7917,S,31.6458,-42.671,42.671,14,11678
VK6XT/R,VK6XT,True,True,both,A,OF88ji,6.0,-31.6458,116.7917,S,31.6458,-42.671,42.671,23,9100
VK6YSF,VK6YSF,True,True,both,B,OF88ii,6.0,-31.6458,116.7083,S,31.6458,-42.672,42.672,7,2874
VK6ZE,VK6ZE,True,True,both,B,OF76sl,6.0,-33.5208,115.5417,S,33.5208,-44.842,44.842,35,850
VK7AAE,VK7AAE,True,True,both,B,QE37pa,6.0,-42.9792,147.2917,S,42.9792,-53.5,53.5,8,27979
VK7ACE,VK7ACE,True,True,both,A,QE38nl,6.0,-41.5208,147.125,S,41.5208,-51.94,51.94,29,27822
VK7AJP,VK7AJP,True,True,both,B,QE38nm,6.0,-41.4792,147.125,S,41.4792,-51.895,51.895,8,2499
VK7AM,VK7AM,True,True,both,A,QE36nr,6.0,-43.2708,147.125,S,43.2708,-53.836,53.836,53,76930
VK7CB,VK7CB,True,True,both,B,QE36sx,6.0,-43.0208,147.5417,S,43.0208,-53.514,53.514,8,1357
VK7CMV,VK7CMV,True,True,both,B,QE29od,6.0,-40.8542,145.2083,S,40.8542,-51.436,51.436,78,57433
VK7DAN,VK7DAN,True,True,both,B,QE38bp,6.0,-41.3542,146.125,S,41.3542,-51.877,51.877,5,96
VK7DBX,VK7DBX,True,True,both,B,QE37pd,6.0,-42.8542,147.2917,S,42.8542,-53.364,53.364,3,326
VK7DC,VK7DC,True,True,both,B,QE28ww,6.0,-41.0625,145.875,S,41.0625,-51.588,51.588,394,154753
VK7DD,VK7DD,True,True,both,B,QE38il,6.0,-41.5208,146.7083,S,41.5208,-51.99,51.99,241,120457
VK7DIK,VK7DIK,True,True,both,A,QE38cu,6.0,-41.1458,146.2083,S,41.1458,-51.641,51.641,291,172592
VK7DRE,VK7DRE,True,True,both,A,QE38av,6.0,-41.1042,146.0417,S,41.1042,-51.615,51.615,28,7179
VK7DW,VK7DW,True,False,wsprnet_only,A,QE38no,6.0,-41.3958,147.125,S,41.3958,-51.805,51.805,25,1773
VK7DZ,VK7DZ,True,True,both,A,QE38no,6.0,-41.3958,147.125,S,41.3958,-51.805,51.805,129,86362
VK7EA,VK7EA,True,True,both,B,QE37ph,6.0,-42.6875,147.2917,S,42.6875,-53.184,53.184,20,5797
VK7ED,VK7ED,True,True,both,B,QE37rg,6.0,-42.7292,147.4583,S,42.7292,-53.208,53.208,13,13243
VK7EKA,VK7EKA,True,True,both,A,QE38kv,6.0,-41.1042,146.875,S,41.1042,-51.519,51.519,123,112509
VK7GP,VK7GP,True,True,both,A,QE36px,6.0,-43.0208,147.2917,S,43.0208,-53.545,53.545,16,6316
VK7GS,VK7GS,True,True,both,B,QE38dn,6.0,-41.4375,146.2917,S,41.4375,-51.948,51.948,15,677
VK7HH,VK7HH,True,True,both,B,QE37pc,6.0,-42.8958,147.2917,S,42.8958,-53.409,53.409,5,439
VK7HSE,VK7HSE,True,True,both,A,QE37pa,6.0,-42.9792,147.2917,S,42.9792,-53.5,53.5,13,5370
VK7IG,VK7IG,True,True,both,B,QE38,4.0,-41.5,147.0,S,41.5,-51.933,51.933,388,365989
VK7IT,VK7IT,True,True,both,B,QE38on,6.0,-41.4375,147.2083,S,41.4375,-51.84,51.84,16,1065
VK7JB,VK7JB,True,True,both,A,QE37ob,6.0,-42.9375,147.2083,S,42.9375,-53.465,53.465,22,21342
VK7JJ,VK7JJ,True,True,both,A,QE38lr,6.0,-41.2708,146.9583,S,41.2708,-51.689,51.689,234,3249125
VK7KK,VK7KK,True,True,both,B,QE37rd,6.0,-42.8542,147.4583,S,42.8542,-53.344,53.344,3,505
VK7KPC,VK7KPC,True,True,both,A,PF94hk,6.0,-35.5625,138.625,S,35.5625,-46.245,46.245,17,3455
VK7PD,VK7PD,True,True,both,A,QE38nn,6.0,-41.4375,147.125,S,41.4375,-51.85,51.85,362,18750
VK7PEP,VK7PEP,True,True,both,B,QE37pf,6.0,-42.7708,147.2917,S,42.7708,-53.274,53.274,5,1267
VK7PLT,VK7PLT,True,True,both,A,QE37qd,6.0,-42.8542,147.375,S,42.8542,-53.354,53.354,37,6504
VK7SSE,VK7SSE,True,True,both,B,QE37,4.0,-42.5,147.0,S,42.5,-53.016,53.016,4,1509
VK7TA,VK7TA,True,True,both,B,QE38es,6.0,-41.2292,146.375,S,41.2292,-51.712,51.712,14,3047
VK7TO,VK7TO,True,True,both,B,QE36px,6.0,-43.0208,147.2917,S,43.0208,-53.545,53.545,3,3203
VK7WRC,VK7WRC,True,True,both,B,QE37pd,6.0,-42.8542,147.2917,S,42.8542,-53.364,53.364,3,1474
VK7ZAB,VK7ZAB,True,True,both,B,QE38on,6.0,-41.4375,147.2083,S,41.4375,-51.84,51.84,395,448214
VK7ZCF,VK7ZCF,True,True,both,B,QE38jv,6.0,-41.1042,146.7917,S,41.1042,-51.528,51.528,5,10872
VK8AB,VK8AB,True,True,both,B,PH57km,6.0,-12.4792,130.875,S,12.4792,-21.124,21.124,3,157
VK8AR,VK8AR,True,False,wsprnet_only,A,PG66wh,6.0,-23.6875,133.875,S,23.6875,-33.393,33.393,99,3581
VK8GW,VK8GW,True,True,both,B,PG66wh,6.0,-23.6875,133.875,S,23.6875,-33.393,33.393,64,29718
VK8JN,VK8JN,True,True,both,B,PH57kp,6.0,-12.3542,130.875,S,12.3542,-20.988,20.988,128,192541
VK8MC,VK8MC,True,True,both,B,PH57kp,6.0,-12.3542,130.875,S,12.3542,-20.988,20.988,9,13083
VK8TH,VK8TH,True,True,both,B,PH57nj,6.0,-12.6042,131.125,S,12.6042,-21.267,21.267,3,155
VK8VTX,VK8VTX,True,True,both,B,PH57ng,6.0,-12.7292,131.125,S,12.7292,-21.403,21.403,6,2893
VK8ZI,VK8ZI,True,True,both,B,QG62nn,6.0,-27.4375,153.125,S,27.4375,-36.129,36.129,65,29780
VK9NT,VK9NT,True,True,both,A,RG30,4.0,-29.5,167.0,S,29.5,-36.283,36.283,351,183577
VO1BIL,VO1BIL,True,True,both,B,GN37fo,6.0,47.6042,-53.5417,N,47.6042,50.829,50.829,8,10310
VO1CBL,VO1CBL,True,True,both,B,GN37fn,6.0,47.5625,-53.5417,N,47.5625,50.782,50.782,8,33678
VO1HP,VO1HP,True,False,wsprnet_only,A,JN17xf,6.0,47.2292,3.9583,N,47.2292,41.794,41.794,15,43
VO1LQ,VO1LQ,True,True,both,B,GN37,4.0,47.5,-53.0,N,47.5,50.57,50.57,9,29718
VO1OK,VO1OK,True,True,both,A,GN18aw,6.0,48.9375,-57.9583,N,48.9375,53.406,53.406,13,22155
VO1SO,VO1SO,True,True,both,B,GN37ae,6.0,47.1875,-53.9583,N,47.1875,50.472,50.472,5,1638
VS2EXT,VS2EXT,True,True,both,A,NF24,4.0,-35.5,85.0,S,35.5,-46.823,46.823,10,11
VU2ATN,VU2ATN,True,True,both,B,ML88mk,6.0,28.4375,77.0417,N,28.4375,23.706,23.706,3,223
VU2ESE,VU2ESE,True,True,both,B,MK97,4.0,17.5,79.0,N,17.5,11.709,11.709,3,99
VU2EXP,VU2EXP,True,True,both,B,ML52jh,6.0,22.3125,70.7917,N,22.3125,17.156,17.156,4,1961
VU2ITI,VU2ITI,True,True,both,A,MK80eb,6.0,10.0625,76.375,N,10.0625,3.759,3.759,395,130615
VU2LBW,VU2LBW,True,True,both,A,MK82tv,6.0,12.8958,77.625,N,12.8958,6.724,6.724,50,90857
VU2SW,VU2SW,True,True,both,B,MK83ta,6.0,13.0208,77.625,N,13.0208,6.859,6.859,3,151
VU2UUU,VU2UUU,True,True,both,B,ML88mj,6.0,28.3958,77.0417,N,28.3958,23.66,23.66,6,5067
VU2XQ,VU2XQ,True,True,both,B,ML88sl,6.0,28.4792,77.5417,N,28.4792,23.741,23.741,18,1034
VU3FGO,VU3FGO,True,True,both,B,MK82su,6.0,12.8542,77.5417,N,12.8542,6.682,6.682,24,7530
VU3FOE,VU3FOE,True,True,both,B,MK68xl,6.0,18.4792,73.9583,N,18.4792,12.907,12.907,14,11828
VU3GAO,VU3GAO,True,True,both,B,ML73,4.0,23.5,75.0,N,23.5,18.367,18.367,4,3748
VU3JFM,VU3JFM,True,True,both,B,MM71sh,6.0,31.3125,75.5417,N,31.3125,26.852,26.852,3,170
VU3UZD,VU3UZD,True,True,both,B,MK82,4.0,12.5,77.0,N,12.5,6.316,6.316,8,156
VY0ERC,VY0ERC,True,True,both,B,EQ79,4.0,79.5,-85.0,N,79.5,86.037,86.037,341,47969
VY1BYD,VY1BYD,True,True,both,B,CP20ks,6.0,60.7708,-135.125,N,60.7708,63.056,63.056,135,20190
VY2KW,VY2KW,True,True,both,B,FN86,4.0,46.5,-63.0,N,46.5,52.022,52.022,7,37157
VY2MI,VY2MI,True,True,both,B,FN86,4.0,46.5,-63.0,N,46.5,52.022,52.022,6,1614
VY2PC,VY2PC,True,True,both,A,FN76tr,6.0,46.7292,-64.375,N,46.7292,52.582,52.582,13,33463
W0ABE,W0ABE,True,True,both,A,DN70jo,6.0,40.6042,-105.2083,N,40.6042,48.548,48.548,23,25876
W0ACT,W0ACT,True,True,both,A,EM48mm,6.0,38.5208,-90.9583,N,38.5208,47.759,47.759,22,231954
W0ADL,W0ADL,True,True,both,B,EN35hc,6.0,45.1042,-93.375,N,45.1042,54.032,54.032,6,1851
W0ANM,W0ANM,True,True,both,B,EN35ee,6.0,45.1875,-93.625,N,45.1875,54.102,54.102,7,3538
W0ARR,W0ARR,True,True,both,B,EN21,4.0,41.5,-95.0,N,41.5,50.471,50.471,4,27872
W0AST,W0AST,True,True,both,B,CN85,4.0,45.5,-123.0,N,45.5,50.284,50.284,3,265
W0ASW,W0ASW,True,True,both,A,EN34iw,6.0,44.9375,-93.2917,N,44.9375,53.875,53.875,150,889830
W0ATI,W0ATI,True,True,both,B,DM78,4.0,38.5,-105.0,N,38.5,46.509,46.509,4,4473
W0BX,W0BX,True,True,both,A,DM58,4.0,38.5,-109.0,N,38.5,45.907,45.907,383,8285297
W0CE,W0CE,True,True,both,B,EN35,4.0,45.5,-93.0,N,45.5,54.428,54.428,3,159
W0CL,W0CL,True,True,both,B,EM28tw,6.0,38.9375,-94.375,N,38.9375,48.026,48.026,11,14934
W0COD,W0COD,True,True,both,B,DM68av,6.0,38.8958,-107.9583,N,38.8958,46.462,46.462,5,4498
W0DCX,W0DCX,True,True,both,B,EM48rp,6.0,38.6458,-90.5417,N,38.6458,47.887,47.887,9,2810
W0DJK,W0DJK,True,True,both,A,EN34gh,6.0,44.3125,-93.4583,N,44.3125,53.266,53.266,18,2878
W0DTM,W0DTM,True,True,both,A,EM48it,6.0,38.8125,-91.2917,N,38.8125,48.032,48.032,12,20981
W0EJO,W0EJO,True,True,both,B,EM48tp,6.0,38.6458,-90.375,N,38.6458,47.89,47.89,5,1468
W0ETH,W0ETH,True,True,both,B,EM38pg,6.0,38.2708,-92.7083,N,38.2708,47.462,47.462,3,1748
W0FMS,W0FMS,True,True,both,A,DM41ow,6.0,31.9375,-110.7917,N,31.9375,39.099,39.099,11,40699
W0FRN,W0FRN,True,True,both,B,EN11xd,6.0,41.1458,-96.0417,N,41.1458,50.061,50.061,5,3592
W0GAR,W0GAR,True,True,both,B,DM42me,6.0,32.1875,-110.9583,N,32.1875,39.32,39.32,5,558
W0GFE,W0GFE,True,True,both,B,EN17lv,6.0,47.8958,-97.0417,N,47.8958,56.514,56.514,81,63713
W0ICH,W0ICH,True,True,both,A,DN70kd,6.0,40.1458,-105.125,N,40.1458,48.11,48.11,312,1356257
W0IOO,W0IOO,True,True,both,A,EN10qu,6.0,40.8542,-96.625,N,40.8542,49.735,49.735,325,76459
W0IR,W0IR,True,True,both,B,EN34jt,6.0,44.8125,-93.2083,N,44.8125,53.758,53.758,3,1552
W0JH,W0JH,True,True,both,B,EN35,4.0,45.5,-93.0,N,45.5,54.428,54.428,3,900
W0JTM,W0JTM,True,True,both,A,EM29rh,6.0,39.3125,-94.5417,N,39.3125,48.38,48.38,16,3610
W0JW,W0JW,True,True,both,B,EN31be,6.0,41.1875,-93.875,N,41.1875,50.23,50.23,5,4133
W0KDE,W0KDE,True,True,both,B,DM79vg,6.0,39.2708,-104.2083,N,39.2708,47.376,47.376,7,23160
W0KHZ,W0KHZ,True,True,both,A,EN43gt,6.0,43.8125,-91.4583,N,43.8125,52.849,52.849,10,3637
W0KI,W0KI,True,True,both,B,DM79om,6.0,39.5208,-104.7917,N,39.5208,47.542,47.542,9,5064
W0LEV,W0LEV,True,True,both,B,DN70jg,6.0,40.2708,-105.2083,N,40.2708,48.221,48.221,28,42079
W0MDN,W0MDN,True,True,both,A,EM19rs,6.0,39.7708,-96.5417,N,39.7708,48.69,48.69,10,73185
W0MWI,W0MWI,True,True,both,B,EM29kd,6.0,39.1458,-95.125,N,39.1458,48.182,48.182,3,1887
W0MXX,W0MXX,True,True,both,A,FN42,4.0,42.5,-71.0,N,42.5,49.721,49.721,12,39217
W0NKA,W0NKA,True,True,both,B,EN35na,6.0,45.0208,-92.875,N,45.0208,53.971,53.971,82,518038
W0NTP,W0NTP,True,True,both,A,EM91ir,6.0,31.7292,-81.2917,N,31.7292,40.908,40.908,11,3460
W0PWE,W0PWE,True,True,both,B,EN31dq,6.0,41.6875,-93.7083,N,41.6875,50.722,50.722,29,28469
W0QIS,W0QIS,True,True,both,B,EM28qv,6.0,38.8958,-94.625,N,38.8958,47.971,47.971,6,10235
W0QL,W0QL,True,True,both,B,DM79ot,6.0,39.8125,-104.7917,N,39.8125,47.829,47.829,315,2833200
W0QL/E,W0QL,True,True,both,A,DM79ot,6.0,39.8125,-104.7917,N,39.8125,47.829,47.829,13,20362
W0QQQ,W0QQQ,True,True,both,B,EM19,4.0,39.5,-97.0,N,39.5,48.39,48.39,3,167
W0RLS,W0RLS,True,True,both,A,EM90,4.0,30.5,-81.0,N,30.5,39.708,39.708,62,797054
W0RSC,W0RSC,True,True,both,B,EM48,4.0,38.5,-91.0,N,38.5,47.738,47.738,5,960
W0RTA,W0RTA,True,True,both,B,DM79kr,6.0,39.7292,-105.125,N,39.7292,47.7,47.7,3,507
W0TBR,W0TBR,True,True,both,A,CN85qn,6.0,45.5625,-122.625,N,45.5625,50.419,50.419,15,42425
W0TG,W0TG,True,True,both,B,EM12jp,6.0,32.6458,-97.2083,N,32.6458,41.677,41.677,8,3852
W0TLP,W0TLP,True,True,both,B,EM48tm,6.0,38.5208,-90.375,N,38.5208,47.77,47.77,11,5139
W0VAL,W0VAL,True,True,both,B,DM79lw,6.0,39.9375,-105.0417,N,39.9375,47.917,47.917,3,1516
W0VCG,W0VCG,True,True,both,B,EM17iu,6.0,37.8542,-97.2917,N,37.8542,46.763,46.763,5,1014
W0VI,W0VI,True,True,both,B,EN35gc,6.0,45.1042,-93.4583,N,45.1042,54.029,54.029,147,105781
W0WCA,W0WCA,True,True,both,A,DM78,4.0,38.5,-105.0,N,38.5,46.509,46.509,13,2301
W0WLY,W0WLY,True,True,both,A,FN02ik,6.0,42.4375,-79.2917,N,42.4375,50.982,50.982,11,89495
W0WSM,W0WSM,True,True,both,A,EN16,4.0,46.5,-97.0,N,46.5,55.172,55.172,231,840398
W0XC,W0XC,True,True,both,B,DM68,4.0,38.5,-107.0,N,38.5,46.218,46.218,39,83951
W0XE,W0XE,True,True,both,A,CN97ar,6.0,47.7292,-121.9583,N,47.7292,52.685,52.685,58,124465
W0XXX,W0XXX,True,True,both,B,EN35kb,6.0,45.0625,-93.125,N,45.0625,54.002,54.002,17,19812
W0YSE,W0YSE,True,True,both,B,DN41ah,6.0,41.3125,-111.9583,N,41.3125,48.195,48.195,269,268269
W0ZC/16,W0ZC,True,True,both,B,EM18ac,6.0,38.1042,-97.9583,N,38.1042,46.948,46.948,3,68
W0ZQ,W0ZQ,True,True,both,B,EN34it,6.0,44.8125,-93.2917,N,44.8125,53.755,53.755,9,11512
W1/AJ8S,AJ8S,True,True,both,A,FN44mf,6.0,44.2292,-70.9583,N,44.2292,51.44,51.44,333,2756015
W1AEC,W1AEC,True,True,both,B,FN41mo,6.0,41.6042,-70.9583,N,41.6042,48.82,48.82,4,8433
W1AMJ,W1AMJ,True,True,both,B,FN31,4.0,41.5,-73.0,N,41.5,49.119,49.119,3,6470
W1AW/6,W1AW,True,True,both,B,CM97as,6.0,37.7708,-121.9583,N,37.7708,42.879,42.879,3,6441
W1BCC,W1BCC,True,True,both,B,FN32sr,6.0,42.7292,-72.4583,N,42.7292,50.233,50.233,6,1928
W1BCL,W1BCL,True,True,both,A,FN42ho,6.0,42.6042,-71.375,N,42.6042,49.9,49.9,259,339517
W1BTB,W1BTB,True,True,both,B,EL19bx,6.0,29.9792,-97.875,N,29.9792,38.985,38.985,3,1466
W1BW,W1BW,True,True,both,A,FN54nh,6.0,44.3125,-68.875,N,44.3125,51.101,51.101,230,2621434
W1CKY,W1CKY,True,True,both,A,FN54ch,6.0,44.3125,-69.7917,N,44.3125,51.291,51.291,39,10051
W1CLM,W1CLM,True,True,both,A,EN50uc,6.0,40.1042,-88.2917,N,40.1042,49.3,49.3,13,207717
W1COL,W1COL,True,True,both,B,CN87pb,6.0,47.0625,-122.7083,N,47.0625,51.881,51.881,16,2633
W1DH,W1DH,True,True,both,A,FN41ir,6.0,41.7292,-71.2917,N,41.7292,49.013,49.013,10,1994
W1DSM,W1DSM,True,True,both,B,CN84,4.0,44.5,-123.0,N,44.5,49.299,49.299,15,1511
W1EMI,W1EMI,True,True,both,B,FN31,4.0,41.5,-73.0,N,41.5,49.119,49.119,3,810
W1EZ,W1EZ,True,True,both,A,FN42ip,6.0,42.6458,-71.2917,N,42.6458,49.925,49.925,10,49994
W1FDR,W1FDR,True,True,both,B,CM97nt,6.0,37.8125,-120.875,N,37.8125,43.125,43.125,13,1299
W1FJC,W1FJC,True,True,both,A,DM79nb,6.0,39.0625,-104.875,N,39.0625,47.08,47.08,11,3506
W1FRA,W1FRA,True,True,both,A,FN43pp,6.0,43.6458,-70.7083,N,43.6458,50.807,50.807,27,21824
W1FVB,W1FVB,True,True,both,A,FN44fl,6.0,44.4792,-71.5417,N,44.4792,51.8,51.8,19,17928
W1GBR,W1GBR,True,True,both,B,FN42kk,6.0,42.4375,-71.125,N,42.4375,49.684,49.684,4,141
W1GLO,W1GLO,True,True,both,B,FN42pp,6.0,42.6458,-70.7083,N,42.6458,49.808,49.808,5,22534
W1HAF,W1HAF,True,True,both,B,FN31wi,6.0,41.3542,-72.125,N,41.3542,48.807,48.807,3,1266
W1HB,W1HB,True,True,both,A,FM18ku,6.0,38.8542,-77.125,N,38.8542,47.227,47.227,15,3604
W1HBR,W1HBR,True,True,both,B,FN31gk,6.0,41.4375,-73.4583,N,41.4375,49.141,49.141,5,25355
W1HD,W1HD,True,True,both,B,DM79jt,6.0,39.8125,-105.2083,N,39.8125,47.771,47.771,7,3951
W1HFB,W1HFB,True,True,both,B,EM95mc,6.0,35.1042,-80.9583,N,35.1042,44.101,44.101,6,311
W1HMM,W1HMM,True,True,both,B,FN43md,6.0,43.1458,-70.9583,N,43.1458,50.357,50.357,9,9635
W1HPC,W1HPC,True,True,both,B,FN43,4.0,43.5,-71.0,N,43.5,50.719,50.719,10,8733
W1IR,W1IR,True,True,both,B,FN34lp,6.0,44.6458,-73.0417,N,44.6458,52.236,52.236,74,301429
W1IZZ,W1IZZ,True,True,both,A,FN41ro,6.0,41.6042,-70.5417,N,41.6042,48.733,48.733,10,30557
W1JBB,W1JBB,True,True,both,B,EM90,4.0,30.5,-81.0,N,30.5,39.708,39.708,4,14250
W1KEB,W1KEB,True,True,both,A,EM48rd,6.0,38.1458,-90.5417,N,38.1458,47.405,47.405,29,6402
W1KRB,W1KRB,True,True,both,B,FN41du,6.0,41.8542,-71.7083,N,41.8542,49.22,49.22,3,3303
W1LTC,W1LTC,True,True,both,B,EM85cv,6.0,35.8958,-83.7917,N,35.8958,45.094,45.094,3,204
W1LYA,W1LYA,True,True,both,B,FN43hr,6.0,43.7292,-71.375,N,43.7292,51.021,51.021,9,8542
W1MDK,W1MDK,True,True,both,A,FN42,4.0,42.5,-71.0,N,42.5,49.721,49.721,28,77960
W1NDS,W1NDS,True,True,both,B,EL88pb,6.0,28.0625,-82.7083,N,28.0625,37.538,37.538,11,9085
W1NET,W1NET,True,True,both,B,FN41lt,6.0,41.8125,-71.0417,N,41.8125,49.044,49.044,9,40418
W1PID,W1PID,True,True,both,B,FN43em,6.0,43.5208,-71.625,N,43.5208,50.862,50.862,101,4995
W1QED,W1QED,True,True,both,A,FN42co,6.0,42.6042,-71.7917,N,42.6042,49.982,49.982,18,14980
W1QG,W1QG,True,True,both,A,CM87xg,6.0,37.2708,-122.0417,N,37.2708,42.371,42.371,324,364292
W1RDC,W1RDC,True,True,both,B,FN42cm,6.0,42.5208,-71.7917,N,42.5208,49.899,49.899,4,562
W1RGA,W1RGA,True,True,both,B,FN33wb,6.0,43.0625,-72.125,N,43.0625,50.501,50.501,4,4406
W1RVL,W1RVL,True,True,both,B,FN42lf,6.0,42.2292,-71.0417,N,42.2292,49.46,49.46,3,764
W1SCD,W1SCD,True,True,both,B,FN32qu,6.0,42.8542,-72.625,N,42.8542,50.388,50.388,8,1625
W1TAG/1,W1TAG,True,True,both,A,FN43sv,6.0,43.8958,-70.4583,N,43.8958,51.008,51.008,18,14369
W1TKO,W1TKO,True,True,both,B,FN42,4.0,42.5,-71.0,N,42.5,49.721,49.721,384,5270370
W1TXT,W1TXT,True,True,both,B,FN31,4.0,41.5,-73.0,N,41.5,49.119,49.119,3,1316
W1UX,W1UX,True,True,both,B,FN53cv,6.0,43.8958,-69.7917,N,43.8958,50.872,50.872,130,1603555
W1VIV,W1VIV,True,True,both,B,FN42gh,6.0,42.3125,-71.4583,N,42.3125,49.626,49.626,3,4247
W1VR,W1VR,True,True,both,A,EL98,4.0,28.5,-81.0,N,28.5,37.807,37.807,70,510157
W1VW,W1VW,True,True,both,A,EL98aw,6.0,28.9375,-81.9583,N,28.9375,38.311,38.311,51,25424
W1XIV,W1XIV,True,True,both,B,FN34jj,6.0,44.3958,-73.2083,N,44.3958,52.018,52.018,3,139
W1XP/4,W1XP,True,True,both,A,FM14di,6.0,34.3542,-77.7083,N,34.3542,42.974,42.974,14,39368
W1XQ,W1XQ,True,True,both,B,EL29eo,6.0,29.6042,-95.625,N,29.6042,38.834,38.834,3,1293
W1YDB,W1YDB,True,True,both,A,FN42,4.0,42.5,-71.0,N,42.5,49.721,49.721,54,478088
W1YSK,W1YSK,True,True,both,B,FN32rq,6.0,42.6875,-72.5417,N,42.6875,50.207,50.207,3,168
W1ZE,W1ZE,True,True,both,B,FN53cu,6.0,43.8542,-69.7917,N,43.8542,50.83,50.83,5,5821
W1ZND,W1ZND,True,True,both,B,FN42,4.0,42.5,-71.0,N,42.5,49.721,49.721,6,18815
W1ZPB,W1ZPB,True,True,both,A,CN85mn,6.0,45.5625,-122.9583,N,45.5625,50.354,50.354,390,2161803
W23TPX,W23TPX,True,False,wsprnet_only,B,JA02,4.0,-87.5,1.0,S,87.5,-72.96,72.96,5,10
W2AAY,W2AAY,True,True,both,B,EM83ds,6.0,33.7708,-83.7083,N,33.7708,43.054,43.054,9,1967
W2ABX,W2ABX,True,True,both,A,EN73,4.0,43.5,-85.0,N,43.5,52.469,52.469,65,771551
W2ACR,W2ACR,True,True,both,B,FN22bg,6.0,42.2708,-75.875,N,42.2708,50.364,50.364,370,110997
W2ACR/V,W2ACR,True,True,both,B,FN22bg,6.0,42.2708,-75.875,N,42.2708,50.364,50.364,5,191
W2ADW,W2ADW,True,True,both,B,CN87kk,6.0,47.4375,-123.125,N,47.4375,52.17,52.17,42,137520
W2ARP,W2ARP,True,True,both,B,FM06,4.0,36.5,-79.0,N,36.5,45.214,45.214,216,858607
W2CST,W2CST,True,True,both,B,EM94pw,6.0,34.9375,-80.7083,N,34.9375,43.915,43.915,6,5352
W2ECK,W2ECK,True,True,both,A,EM91lw,6.0,31.9375,-81.0417,N,31.9375,41.082,41.082,87,477274
W2EQ,W2EQ,True,True,both,B,FN20,4.0,40.5,-75.0,N,40.5,48.492,48.492,3,286
W2FLN,W2FLN,True,True,both,A,FN30at,6.0,40.8125,-73.9583,N,40.8125,48.617,48.617,10,10750
W2GAN,W2GAN,True,True,both,B,EL87tb,6.0,27.0625,-82.375,N,27.0625,36.562,36.562,6,1117
W2GPR,W2GPR,True,True,both,B,FN12ul,6.0,42.4792,-76.2917,N,42.4792,50.63,50.63,3,12111
W2HLM,W2HLM,True,True,both,B,CN87tn,6.0,47.5625,-122.375,N,47.5625,52.439,52.439,3,174
W2HTS,W2HTS,True,True,both,B,FN20xh,6.0,40.3125,-74.0417,N,40.3125,48.141,48.141,10,1428
W2JH,W2JH,True,True,both,B,FN41vg,6.0,41.2708,-70.2083,N,41.2708,48.328,48.328,4,510
W2JJM,W2JJM,True,True,both,B,EM75wa,6.0,35.0208,-84.125,N,35.0208,44.276,44.276,4,1794
W2JLK,W2JLK,True,True,both,A,FN20,4.0,40.5,-75.0,N,40.5,48.492,48.492,10,24268
W2JWM,W2JWM,True,True,both,B,FN12rm,6.0,42.5208,-76.5417,N,42.5208,50.707,50.707,5,10294
W2KI,W2KI,True,True,both,B,EL87si,6.0,27.3542,-82.4583,N,27.3542,36.846,36.846,4,743
W2LJR,W2LJR,True,True,both,A,FM29lr,6.0,39.7292,-75.0417,N,39.7292,47.746,47.746,43,15379
W2LOP,W2LOP,True,True,both,A,FN30,4.0,40.5,-73.0,N,40.5,48.132,48.132,13,39667
W2MDH,W2MDH,True,True,both,A,FN12,4.0,42.5,-77.0,N,42.5,50.752,50.752,153,1505111
W2MMD,W2MMD,True,True,both,A,FM29jr,6.0,39.7292,-75.2083,N,39.7292,47.774,47.774,53,501633
W2MSK,W2MSK,True,True,both,A,FN30aw,6.0,40.9375,-73.9583,N,40.9375,48.74,48.74,43,65269
W2MV,W2MV,True,True,both,A,FN31,4.0,41.5,-73.0,N,41.5,49.119,49.119,220,2000279
W2NDG,W2NDG,True,True,both,B,FN21xr,6.0,41.7292,-74.0417,N,41.7292,49.533,49.533,6,4985
W2NEE,W2NEE,True,True,both,A,FN20ou,6.0,40.8542,-74.7917,N,40.8542,48.803,48.803,43,142344
W2NTV,W2NTV,True,True,both,A,FN31dr,6.0,41.7292,-73.7083,N,41.7292,49.474,49.474,10,14069
W2PAK,W2PAK,True,True,both,B,FM18,4.0,38.5,-77.0,N,38.5,46.865,46.865,4,2640
W2RCL,W2RCL,True,True,both,A,FM19,4.0,39.5,-77.0,N,39.5,47.835,47.835,271,4878393
W2RLW,W2RLW,True,True,both,B,FN20ww,6.0,40.9375,-74.125,N,40.9375,48.769,48.769,4,3102
W2RWM,W2RWM,True,True,both,A,FN30,4.0,40.5,-73.0,N,40.5,48.132,48.132,393,1896183
W2RWS,W2RWS,True,True,both,B,IO64,4.0,54.5,-7.0,N,54.5,51.158,51.158,21,61762
W2SHR,W2SHR,True,True,both,A,FM26da,6.0,36.0208,-75.7083,N,36.0208,44.256,44.256,21,5067
W2TAO,W2TAO,True,True,both,B,FN21pi,6.0,41.3542,-74.7083,N,41.3542,49.279,49.279,9,1437
W2TRU,W2TRU,True,True,both,B,FN02,4.0,42.5,-79.0,N,42.5,51.009,51.009,9,11540
W2UIS,W2UIS,True,True,both,B,FN21,4.0,41.5,-75.0,N,41.5,49.47,49.47,4,5724
W2UWK,W2UWK,True,True,both,B,EN21ac,6.0,41.1042,-95.9583,N,41.1042,50.026,50.026,14,3418
W2VET,W2VET,True,True,both,A,EM64,4.0,34.5,-87.0,N,34.5,43.891,43.891,383,2686633
W2VID,W2VID,True,True,both,A,FN31ex,6.0,41.9792,-73.625,N,41.9792,49.705,49.705,16,40747
W2WF,W2WF,True,True,both,A,EL29dr,6.0,29.7292,-95.7083,N,29.7292,38.95,38.95,56,47911
W2WH,W2WH,True,True,both,B,FN30,4.0,40.5,-73.0,N,40.5,48.132,48.132,386,550432
W2XYZ,W2XYZ,True,True,both,B,EL87tc,6.0,27.1042,-82.375,N,27.1042,36.602,36.602,11,13170
W3AVV,W3AVV,True,True,both,A,DM26ie,6.0,36.1875,-115.2917,N,36.1875,42.546,42.546,13,72120
W3BAY,W3BAY,True,True,both,B,FM19sb,6.0,39.0625,-76.4583,N,39.0625,47.328,47.328,3,2795
W3BRL,W3BRL,True,True,both,A,FN00do,6.0,40.6042,-79.7083,N,40.6042,49.256,49.256,26,12898
W3CJS,W3CJS,True,True,both,A,FN00,4.0,40.5,-79.0,N,40.5,49.073,49.073,184,76139
W3CX,W3CX,True,True,both,B,FM26,4.0,36.5,-75.0,N,36.5,44.595,44.595,3,192
W3DEA/1,W3DEA,True,True,both,B,EM93mx,6.0,33.9792,-80.9583,N,33.9792,43.024,43.024,6,324
W3DMJ,W3DMJ,True,True,both,B,EM66ip,6.0,36.6458,-87.2917,N,36.6458,45.959,45.959,3,1143
W3GZS,W3GZS,True,True,both,B,EM73xn,6.0,33.5625,-84.0417,N,33.5625,42.875,42.875,3,10966
W3HH,W3HH,True,True,both,A,EL89vb,6.0,29.0625,-82.2083,N,29.0625,38.451,38.451,392,3155704
W3HRN,W3HRN,True,True,both,B,EL96,4.0,26.5,-81.0,N,26.5,35.91,35.91,8,42624
W3HRS,W3HRS,True,True,both,B,FN00ex,6.0,40.9792,-79.625,N,40.9792,49.609,49.609,4,1840
W3HWJ,W3HWJ,True,True,both,A,CM88ql,6.0,38.4792,-122.625,N,38.4792,43.449,43.449,18,1900
W3IF,W3IF,True,False,wsprnet_only,B,FN43oj,6.0,43.3958,-70.7917,N,43.3958,50.574,50.574,4,98
W3IMD,W3IMD,True,True,both,B,FM05,4.0,35.5,-79.0,N,35.5,44.253,44.253,3,966
W3INH,W3INH,True,True,both,B,EM74ua,6.0,34.0208,-84.2917,N,34.0208,43.328,43.328,4,5735
W3IQ,W3IQ,True,True,both,B,EN90lv,6.0,40.8958,-81.0417,N,40.8958,49.677,49.677,5,2741
W3JAV,W3JAV,True,True,both,B,FM19nd,6.0,39.1458,-76.875,N,39.1458,47.472,47.472,4,378
W3JCE,W3JCE,True,True,both,B,DM78jw,6.0,38.9375,-105.2083,N,38.9375,46.91,46.91,3,1141
W3JHG,W3JHG,True,True,both,A,FN10bs,6.0,40.7708,-77.875,N,40.7708,49.191,49.191,41,195809
W3KCE,W3KCE,True,True,both,B,FM28,4.0,38.5,-75.0,N,38.5,46.54,46.54,4,1008
W3LCW,W3LCW,True,True,both,B,EM72ml,6.0,32.4792,-84.9583,N,32.4792,41.885,41.885,7,1698
W3LDB,W3LDB,True,True,both,B,FM19lb,6.0,39.0625,-77.0417,N,39.0625,47.417,47.417,4,233
W3LFG,W3LFG,True,True,both,B,DM14,4.0,34.5,-117.0,N,34.5,40.567,40.567,6,277
W3LR,W3LR,True,True,both,B,EL88vh,6.0,28.3125,-82.2083,N,28.3125,37.737,37.737,4,729
W3MSH,W3MSH,True,True,both,B,EL99,4.0,29.5,-81.0,N,29.5,38.757,38.757,40,130031
W3NFG,W3NFG,True,True,both,B,FN32gq,6.0,42.6875,-73.4583,N,42.6875,50.374,50.374,4,962
W3PM,W3PM,True,True,both,B,EM64or,6.0,34.7292,-86.7917,N,34.7292,44.106,44.106,213,2481199
W3POG,W3POG,True,True,both,A,FN20eg,6.0,40.2708,-75.625,N,40.2708,48.371,48.371,18,112909
W3SO,W3SO,True,True,both,A,FN00,4.0,40.5,-79.0,N,40.5,49.073,49.073,120,1052237
W3SP,W3SP,True,True,both,B,EM73,4.0,33.5,-85.0,N,33.5,42.865,42.865,6,31891
W3SST,W3SST,True,True,both,A,FN00,4.0,40.5,-79.0,N,40.5,49.073,49.073,99,553979
W3TAC,W3TAC,True,True,both,B,FM19uv,6.0,39.8958,-76.2917,N,39.8958,48.112,48.112,55,88596
W3TS,W3TS,True,True,both,A,FN10ml,6.0,40.4792,-76.9583,N,40.4792,48.779,48.779,322,657046
W3VAC,W3VAC,True,True,both,B,EM62tm,6.0,32.5208,-86.375,N,32.5208,41.976,41.976,20,74580
W3VR,W3VR,True,True,both,B,FN21,4.0,41.5,-75.0,N,41.5,49.47,49.47,4,784
W3WKD,W3WKD,True,True,both,B,FN00an,6.0,40.5625,-79.9583,N,40.5625,49.244,49.244,8,1851
W3WT,W3WT,True,True,both,B,FN20co,6.0,40.6042,-75.7917,N,40.6042,48.723,48.723,4,35482
W3XO,W3XO,True,True,both,B,EM00ka,6.0,30.0208,-99.125,N,30.0208,38.888,38.888,3,16059
W3XY,W3XY,True,True,both,B,FM19kd,6.0,39.1458,-77.125,N,39.1458,47.51,47.51,88,9232
W4/G7EIX,G7EIX,True,True,both,B,FM06rb,6.0,36.0625,-78.5417,N,36.0625,44.733,44.733,4,16961
W4ABQ,W4ABQ,True,True,both,B,FM08ue,6.0,38.1875,-78.2917,N,38.1875,46.747,46.747,4,2098
W4AC,W4AC,True,True,both,B,EL87tc,6.0,27.1042,-82.375,N,27.1042,36.602,36.602,6,741
W4ADE,W4ADE,True,True,both,A,EL98ko,6.0,28.6042,-81.125,N,28.6042,37.918,37.918,28,163135
W4AFK,W4AFK,True,True,both,B,DM13nh,6.0,33.3125,-116.875,N,33.3125,39.412,39.412,12,7778
W4AI,W4AI,True,True,both,A,EM66rg,6.0,36.2708,-86.5417,N,36.2708,45.581,45.581,50,326485
W4ASU,W4ASU,True,True,both,A,EM96ee,6.0,36.1875,-81.625,N,36.1875,45.204,45.204,69,452262
W4ATV,W4ATV,True,True,both,B,EM64or,6.0,34.7292,-86.7917,N,34.7292,44.106,44.106,331,213813
W4AWJ,W4AWJ,True,True,both,A,EM50rq,6.0,30.6875,-88.5417,N,30.6875,40.234,40.234,13,4410
W4BCX,W4BCX,True,True,both,A,EL98pd,6.0,28.1458,-80.7083,N,28.1458,37.441,37.441,27,4262
W4BDE,W4BDE,True,True,both,A,EL89pr,6.0,29.7292,-82.7083,N,29.7292,39.124,39.124,14,3502
W4BXR,W4BXR,True,True,both,B,EM66,4.0,36.5,-87.0,N,36.5,45.813,45.813,6,44907
W4CAF,W4CAF,True,True,both,A,FM18hs,6.0,38.7708,-77.375,N,38.7708,47.183,47.183,28,1667
W4CDZ,W4CDZ,True,True,both,B,EL98ko,6.0,28.6042,-81.125,N,28.6042,37.918,37.918,6,3897
W4CLQ,W4CLQ,True,True,both,B,FN43hn,6.0,43.5625,-71.375,N,43.5625,50.855,50.855,81,983330
W4CVG,W4CVG,True,True,both,B,EM78rx,6.0,38.9792,-84.5417,N,38.9792,48.098,48.098,144,1048089
W4CYM,W4CYM,True,True,both,B,EM71,4.0,31.5,-85.0,N,31.5,40.95,40.95,5,498
W4DBT,W4DBT,True,True,both,B,EL98pe,6.0,28.1875,-80.7083,N,28.1875,37.48,37.48,4,3105
W4DEX,W4DEX,True,True,both,B,EM95tg,6.0,35.2708,-80.375,N,35.2708,44.198,44.198,30,29434
W4DNR,W4DNR,True,True,both,B,EM64,4.0,34.5,-87.0,N,34.5,43.891,43.891,5,45097
W4EDL,W4EDL,True,True,both,B,EL98np,6.0,28.6458,-80.875,N,28.6458,37.933,37.933,6,1345
W4EHS,W4EHS,True,True,both,B,EL97rv,6.0,27.8958,-80.5417,N,27.8958,37.186,37.186,3,642
W4EKJ,W4EKJ,True,True,both,B,EM94,4.0,34.5,-81.0,N,34.5,43.526,43.526,6,206
W4EO,W4EO,True,True,both,A,FM29,4.0,39.5,-75.0,N,39.5,47.515,47.515,175,2768791
W4ESI,W4ESI,True,True,both,A,EL88ts,6.0,28.7708,-82.375,N,28.7708,38.186,38.186,53,79778
W4EZL,W4EZL,True,False,wsprnet_only,B,FN12,4.0,42.5,-77.0,N,42.5,50.752,50.752,7,20
W4FG,W4FG,True,True,both,B,EM78qv,6.0,38.8958,-84.625,N,38.8958,48.023,48.023,22,87040
W4FWD,W4FWD,True,True,both,A,EM73mt,6.0,33.8125,-84.9583,N,33.8125,43.163,43.163,12,1146
W4GFM,W4GFM,True,True,both,B,EM94jb,6.0,34.0625,-81.2083,N,34.0625,43.129,43.129,7,2936
W4GHV,W4GHV,True,True,both,B,EM95qg,6.0,35.2708,-80.625,N,35.2708,44.225,44.225,6,4039
W4GTW,W4GTW,True,True,both,B,EM90fg,6.0,30.2708,-81.5417,N,30.2708,39.543,39.543,16,64420
W4GTW/90,W4GTW,True,False,wsprnet_only,B,JO23vf,6.0,53.2292,5.7917,N,53.2292,49.192,49.192,5,10
W4HDR,W4HDR,True,True,both,B,EL98rc,6.0,28.1042,-80.5417,N,28.1042,37.384,37.384,6,18687
W4HEA,W4HEA,True,True,both,B,EM62tm,6.0,32.5208,-86.375,N,32.5208,41.976,41.976,8,15133
W4HIJ,W4HIJ,True,True,both,A,EM83jg,6.0,33.2708,-83.2083,N,33.2708,42.542,42.542,20,12053
W4IOJ,W4IOJ,True,True,both,B,EM86vi,6.0,36.3542,-82.2083,N,36.3542,45.416,45.416,3,206
W4JB,W4JB,True,True,both,B,EM73,4.0,33.5,-85.0,N,33.5,42.865,42.865,4,69
W4JCB,W4JCB,True,False,wsprnet_only,B,EL97rs,6.0,27.7708,-80.5417,N,27.7708,37.067,37.067,6,14
W4JKF,W4JKF,True,True,both,B,EM73,4.0,33.5,-85.0,N,33.5,42.865,42.865,4,785
W4JLP,W4JLP,True,True,both,B,EM94pf,6.0,34.2292,-80.7083,N,34.2292,43.237,43.237,3,125
W4JNM,W4JNM,True,True,both,B,EM74oe,6.0,34.1875,-84.7917,N,34.1875,43.514,43.514,8,14532
W4KAC,W4KAC,True,True,both,A,EM95,4.0,35.5,-81.0,N,35.5,44.484,44.484,242,1512616
W4KDK,W4KDK,True,True,both,B,EM55,4.0,35.5,-89.0,N,35.5,44.87,44.87,6,71
W4KLP,W4KLP,True,True,both,A,EL97,4.0,27.5,-81.0,N,27.5,36.858,36.858,93,357162
W4KWS,W4KWS,True,True,both,B,EL94cn,6.0,24.5625,-81.7917,N,24.5625,34.145,34.145,4,4692
W4LDT,W4LDT,True,True,both,A,EM63iu,6.0,33.8542,-87.2917,N,33.8542,43.275,43.275,29,232109
W4MGA,W4MGA,True,True,both,A,FM17,4.0,37.5,-77.0,N,37.5,45.897,45.897,395,3201342
W4MPK,W4MPK,True,True,both,B,FM07ef,6.0,37.2292,-79.625,N,37.2292,45.993,45.993,3,400
W4MPS,W4MPS,True,True,both,B,EM84wx,6.0,34.9792,-82.125,N,34.9792,44.091,44.091,3,403
W4MTJ,W4MTJ,True,True,both,B,EM73ts,6.0,33.7708,-84.375,N,33.7708,43.093,43.093,3,606
W4MV,W4MV,True,True,both,B,EM70,4.0,30.5,-85.0,N,30.5,39.993,39.993,3,446
W4NMH,W4NMH,True,True,both,B,FM16vw,6.0,36.9375,-76.2083,N,36.9375,45.228,45.228,4,12528
W4NPH,W4NPH,True,True,both,B,EM96,4.0,36.5,-81.0,N,36.5,45.443,45.443,3,1181
W4NSB,W4NSB,True,True,both,B,DM79,4.0,39.5,-105.0,N,39.5,47.493,47.493,3,68
W4OAO,W4OAO,True,True,both,B,FM17,4.0,37.5,-77.0,N,37.5,45.897,45.897,3,903
W4ODU,W4ODU,True,True,both,B,FM16uv,6.0,36.8958,-76.2917,N,36.8958,45.201,45.201,85,454736
W4OMP,W4OMP,True,True,both,B,FM16wu,6.0,36.8542,-76.125,N,36.8542,45.133,45.133,7,857
W4ORS,W4ORS,True,True,both,B,EM64pw,6.0,34.9375,-86.7083,N,34.9375,44.304,44.304,6,7108
W4PF,W4PF,True,True,both,B,EM78df,6.0,38.2292,-85.7083,N,38.2292,47.433,47.433,3,467
W4PPM,W4PPM,True,True,both,A,FM18,4.0,38.5,-77.0,N,38.5,46.865,46.865,53,78589
W4PPZ,W4PPZ,True,True,both,B,EM91jx,6.0,31.9792,-81.2083,N,31.9792,41.139,41.139,4,4141
W4QSG,W4QSG,True,False,wsprnet_only,B,FN10,4.0,40.5,-77.0,N,40.5,48.806,48.806,5,20
W4RBJ,W4RBJ,True,True,both,B,FM18hx,6.0,38.9792,-77.375,N,38.9792,47.385,47.385,9,3360
W4RBX,W4RBX,True,True,both,B,FM03mo,6.0,33.6042,-78.9583,N,33.6042,42.431,42.431,3,874
W4RSA,W4RSA,True,True,both,B,EM64,4.0,34.5,-87.0,N,34.5,43.891,43.891,4,8846
W4RT,W4RT,True,True,both,B,EM64rq,6.0,34.6875,-86.5417,N,34.6875,44.06,44.06,3,5596
W4RXK,W4RXK,True,True,both,B,EM74,4.0,34.5,-85.0,N,34.5,43.823,43.823,4,47667
W4SDW,W4SDW,True,True,both,B,EL89xs,6.0,29.7708,-82.0417,N,29.7708,39.111,39.111,18,30710
W4SGL,W4SGL,True,True,both,B,EM85ig,6.0,35.2708,-83.2917,N,35.2708,44.462,44.462,116,1005718
W4SJZ,W4SJZ,True,True,both,A,EL98,4.0,28.5,-81.0,N,28.5,37.807,37.807,36,4237
W4SSC,W4SSC,True,True,both,A,FM18hw,6.0,38.9375,-77.375,N,38.9375,47.344,47.344,393,297604
W4STT,W4STT,True,True,both,B,EL97,4.0,27.5,-81.0,N,27.5,36.858,36.858,4,521
W4TBH,W4TBH,True,True,both,B,EM53vl,6.0,33.4792,-88.2083,N,33.4792,42.924,42.924,5,13133
W4TLB,W4TLB,True,True,both,B,FN12kd,6.0,42.1458,-77.125,N,42.1458,50.424,50.424,51,71094
W4TTU,W4TTU,True,True,both,A,DN54,4.0,44.5,-109.0,N,44.5,51.812,51.812,109,1363707
W4UK,W4UK,True,False,wsprnet_only,A,CH87,4.0,-12.5,-123.0,S,12.5,-7.723,7.723,24,224
W4UVA,W4UVA,True,True,both,A,FM08,4.0,38.5,-79.0,N,38.5,47.141,47.141,18,65960
W4UWO,W4UWO,True,True,both,B,EM66qh,6.0,36.3125,-86.625,N,36.3125,45.623,45.623,7,8751
W4UYE,W4UYE,True,True,both,B,EM73,4.0,33.5,-85.0,N,33.5,42.865,42.865,12,5347
W4VNA,W4VNA,True,True,both,A,EM84ac,6.0,34.1042,-83.9583,N,34.1042,43.388,43.388,264,3516459
W4VU,W4VU,True,True,both,A,FM06hm,6.0,36.5208,-79.375,N,36.5208,45.281,45.281,12,2067
W4WB,W4WB,True,True,both,B,EM64rq,6.0,34.6875,-86.5417,N,34.6875,44.06,44.06,7,59647
W4WCS,W4WCS,True,True,both,B,EM93,4.0,33.5,-81.0,N,33.5,42.57,42.57,5,20561
W4WYI,W4WYI,True,True,both,B,EM83ev,6.0,33.8958,-83.625,N,33.8958,43.168,43.168,6,1512
W4WYM,W4WYM,True,True,both,B,CN85tp,6.0,45.6458,-122.375,N,45.6458,50.55,50.55,19,5551
W4YGM,W4YGM,True,True,both,A,FM05rw,6.0,35.9375,-78.5417,N,35.9375,44.613,44.613,187,13471
W5ART,W5ART,True,True,both,B,EL17hr,6.0,27.7292,-97.375,N,27.7292,36.815,36.815,6,3471
W5ATG,W5ATG,True,True,both,B,EL09qr,6.0,29.7292,-98.625,N,29.7292,38.657,38.657,5,4438
W5CHA,W5CHA,True,True,both,B,EM40wa,6.0,30.0208,-90.125,N,30.0208,39.564,39.564,6,415
W5COK,W5COK,True,True,both,B,EM13,4.0,33.5,-97.0,N,33.5,42.534,42.534,8,2382
W5CSR,W5CSR,True,True,both,B,EM51,4.0,31.5,-89.0,N,31.5,41.014,41.014,29,190372
W5CUI,W5CUI,True,False,wsprnet_only,A,IO91kg,6.0,51.2708,-1.125,N,51.2708,46.914,46.914,13,17
W5CWT,W5CWT,True,True,both,B,EM22od,6.0,32.1458,-94.7917,N,32.1458,41.391,41.391,3,2533
W5DOC,W5DOC,True,True,both,A,EL19,4.0,29.5,-97.0,N,29.5,38.603,38.603,23,240178
W5DPH,W5DPH,True,True,both,B,EM04un,6.0,34.5625,-98.2917,N,34.5625,43.452,43.452,4,1394
W5EEZ,W5EEZ,True,True,both,B,EM10dj,6.0,30.3958,-97.7083,N,30.3958,39.414,39.414,11,368
W5ETJ,W5ETJ,True,True,both,B,DM91sk,6.0,31.4375,-100.4583,N,31.4375,40.132,40.132,3,530
W5FFP,W5FFP,True,True,both,A,EM10sk,6.0,30.4375,-96.4583,N,30.4375,39.578,39.578,10,1104
W5GBS,W5GBS,True,True,both,B,EL09,4.0,29.5,-99.0,N,29.5,38.387,38.387,8,91135
W5GMD,W5GMD,True,True,both,B,EL28,4.0,28.5,-95.0,N,28.5,37.803,37.803,3,512
W5GNB,W5GNB,True,True,both,A,DM73vb,6.0,33.0625,-104.2083,N,33.0625,41.247,41.247,117,129455
W5HK,W5HK,True,True,both,A,EM10hd,6.0,30.1458,-97.375,N,30.1458,39.202,39.202,14,53700
W5HRH,W5HRH,True,True,both,B,EL29ft,6.0,29.8125,-95.5417,N,29.8125,39.046,39.046,4,6298
W5IDD,W5IDD,True,True,both,B,EM40,4.0,30.5,-91.0,N,30.5,40.0,40.0,6,3755
W5IED,W5IED,True,True,both,B,EM45,4.0,35.5,-91.0,N,35.5,44.84,44.84,5,10809
W5JG,W5JG,True,True,both,A,DM09ce,6.0,39.1875,-119.7917,N,39.1875,44.684,44.684,27,49606
W5KLF,W5KLF,True,True,both,B,EM31sj,6.0,31.3958,-92.4583,N,31.3958,40.806,40.806,12,19991
W5KV,W5KV,True,True,both,A,DM79op,6.0,39.6458,-104.7917,N,39.6458,47.665,47.665,72,632090
W5KWB,W5KWB,True,True,both,B,EM20,4.0,30.5,-95.0,N,30.5,39.765,39.765,3,3619
W5LXC,W5LXC,True,True,both,B,EM22,4.0,32.5,-95.0,N,32.5,41.722,41.722,5,1513
W5MCP,W5MCP,True,True,both,B,EM22rt,6.0,32.8125,-94.5417,N,32.8125,42.06,42.06,4,2967
W5MWI,W5MWI,True,True,both,A,EL09lq,6.0,29.6875,-99.0417,N,29.6875,38.568,38.568,395,776701
W5NR,W5NR,True,True,both,A,EM10dp,6.0,30.6458,-97.7083,N,30.6458,39.66,39.66,65,1185173
W5NZ,W5NZ,True,True,both,B,EM62vi,6.0,32.3542,-86.2083,N,32.3542,41.811,41.811,8,3674
W5ODP,W5ODP,True,True,both,B,DM91rj,6.0,31.3958,-100.5417,N,31.3958,40.081,40.081,10,77352
W5OF,W5OF,True,True,both,B,EL29ct,6.0,29.8125,-95.7917,N,29.8125,39.024,39.024,32,63674
W5OM,W5OM,True,True,both,B,CN70xu,6.0,40.8542,-124.0417,N,40.8542,45.509,45.509,395,223716
W5OXC,W5OXC,True,True,both,A,EM13mm,6.0,33.5208,-96.9583,N,33.5208,42.558,42.558,154,28145
W5OY,W5OY,True,True,both,B,EM26wh,6.0,36.3125,-94.125,N,36.3125,45.493,45.493,4,631
W5PCJ,W5PCJ,True,True,both,B,EM21po,6.0,31.6042,-94.7083,N,31.6042,40.868,40.868,6,12768
W5PDQ,W5PDQ,True,True,both,A,EL98at,6.0,28.8125,-81.9583,N,28.8125,38.192,38.192,15,10118
W5PSX,W5PSX,True,True,both,A,EM34oj,6.0,34.3958,-92.7917,N,34.3958,43.704,43.704,14,5467
W5PUI,W5PUI,True,True,both,B,EM21ot,6.0,31.8125,-94.7917,N,31.8125,41.065,41.065,7,5460
W5PW,W5PW,True,True,both,A,DM65sh,6.0,35.3125,-106.4583,N,35.3125,43.149,43.149,19,14089
W5QEP,W5QEP,True,True,both,B,EL49xx,6.0,29.9792,-90.0417,N,29.9792,39.526,39.526,9,24298
W5REZ,W5REZ,True,True,both,A,EL29hm,6.0,29.5208,-95.375,N,29.5208,38.774,38.774,12,47510
W5RIF,W5RIF,True,True,both,B,EM20gf,6.0,30.2292,-95.4583,N,30.2292,39.462,39.462,5,1054
W5RKJ,W5RKJ,True,True,both,B,EL29dv,6.0,29.8958,-95.7083,N,29.8958,39.113,39.113,6,1726
W5ROX,W5ROX,True,True,both,A,EM10hn,6.0,30.5625,-97.375,N,30.5625,39.612,39.612,23,76511
W5RTM,W5RTM,True,True,both,B,FM09du,6.0,39.8542,-79.7083,N,39.8542,48.532,48.532,6,13263
W5RTX,W5RTX,True,True,both,B,EM12sw,6.0,32.9375,-96.4583,N,32.9375,42.031,42.031,5,6635
W5SBS,W5SBS,True,True,both,B,EM16wb,6.0,36.0625,-96.125,N,36.0625,45.113,45.113,6,9545
W5SFA,W5SFA,True,True,both,B,EL19,4.0,29.5,-97.0,N,29.5,38.603,38.603,5,19
W5TOT,W5TOT,True,True,both,B,EM00,4.0,30.5,-99.0,N,30.5,39.377,39.377,3,115
W5TSU,W5TSU,True,True,both,B,EM15em,6.0,35.5208,-97.625,N,35.5208,44.455,44.455,13,7177
W5TWC,W5TWC,True,True,both,A,EM10gc,6.0,30.1042,-97.4583,N,30.1042,39.152,39.152,37,414556
W5URZ,W5URZ,True,True,both,B,DL99sh,6.0,29.3125,-100.4583,N,29.3125,38.025,38.025,46,57477
W5UUO,W5UUO,True,True,both,A,EM76gm,6.0,36.5208,-85.4583,N,36.5208,45.782,45.782,48,176944
W5VEK,W5VEK,True,True,both,A,EM20,4.0,30.5,-95.0,N,30.5,39.765,39.765,31,180256
W5WED,W5WED,True,True,both,B,EL29kn,6.0,29.5625,-95.125,N,29.5625,38.836,38.836,7,1895
W5WLH,W5WLH,True,True,both,A,EM00,4.0,30.5,-99.0,N,30.5,39.377,39.377,35,210255
W5WTH,W5WTH,True,True,both,A,EM10bj,6.0,30.3958,-97.875,N,30.3958,39.396,39.396,373,1492291
W5WTH/5,W5WTH,True,True,both,B,EM10,4.0,30.5,-97.0,N,30.5,39.588,39.588,3,410
W5XTT,W5XTT,True,True,both,A,EM10wm,6.0,30.5208,-96.125,N,30.5208,39.69,39.69,13,21366
W5YAG,W5YAG,True,True,both,B,EM12,4.0,32.5,-97.0,N,32.5,41.553,41.553,3,763
W5ZF,W5ZF,True,True,both,B,FN42,4.0,42.5,-71.0,N,42.5,49.721,49.721,3,502
W6ABL,W6ABL,True,True,both,B,CM96co,6.0,36.6042,-121.7917,N,36.6042,41.762,41.762,281,345057
W6AD,W6AD,True,True,both,B,FM08te,6.0,38.1875,-78.375,N,38.1875,46.758,46.758,9,161
W6ADZ,W6ADZ,True,True,both,B,DM09dl,6.0,39.4792,-119.7083,N,39.4792,44.987,44.987,6,1557
W6AJP,W6AJP,True,True,both,B,DM13ew,6.0,33.9375,-117.625,N,33.9375,39.897,39.897,3,417
W6AOA,W6AOA,True,True,both,B,EM60il,6.0,30.4792,-87.2917,N,30.4792,40.032,40.032,3,2106
W6ARO,W6ARO,True,True,both,A,DM12lx,6.0,32.9792,-117.0417,N,32.9792,39.051,39.051,190,359185
W6CKC,W6CKC,True,True,both,B,DM99au,6.0,39.8542,-101.9583,N,39.8542,48.235,48.235,8,483
W6CP,W6CP,True,True,both,B,DM13ig,6.0,33.2708,-117.2917,N,33.2708,39.296,39.296,4,6284
W6CPY,W6CPY,True,True,both,A,CM97,4.0,37.5,-121.0,N,37.5,42.793,42.793,14,17465
W6DDZ,W6DDZ,True,True,both,B,DM14,4.0,34.5,-117.0,N,34.5,40.567,40.567,3,2428
W6DOM,W6DOM,True,True,both,B,CM87st,6.0,37.8125,-122.4583,N,37.8125,42.825,42.825,6,857
W6DPM,W6DPM,True,True,both,A,DM04qf,6.0,34.2292,-118.625,N,34.2292,40.005,40.005,12,2594
W6DSR,W6DSR,True,True,both,B,CM88iw,6.0,38.9375,-123.2917,N,38.9375,43.771,43.771,3,25022
W6EDY,W6EDY,True,True,both,A,CM97dc,6.0,37.1042,-121.7083,N,37.1042,42.27,42.27,10,10416
W6EH,W6EH,True,True,both,A,DM12ju,6.0,32.8542,-117.2083,N,32.8542,38.897,38.897,242,75725
W6EOD,W6EOD,True,True,both,B,CN88,4.0,48.5,-123.0,N,48.5,53.242,53.242,183,349792
W6ETE,W6ETE,True,True,both,B,DM12nx,6.0,32.9792,-116.875,N,32.9792,39.081,39.081,5,5843
W6EXT,W6EXT,True,True,both,A,CM87wi,6.0,37.3542,-122.125,N,37.3542,42.437,42.437,307,1927841
W6FVO,W6FVO,True,True,both,B,EM00ja,6.0,30.0208,-99.2083,N,30.0208,38.879,38.879,4,2441
W6GR,W6GR,True,True,both,B,DM13,4.0,33.5,-117.0,N,33.5,39.576,39.576,280,372487
W6IIS,W6IIS,True,True,both,B,DM12kv,6.0,32.8958,-117.125,N,32.8958,38.954,38.954,3,632
W6IJL,W6IJL,True,True,both,A,DM34uq,6.0,34.6875,-112.2917,N,34.6875,41.583,41.583,174,756136
W6IVY,W6IVY,True,True,both,B,EL89ub,6.0,29.0625,-82.2917,N,29.0625,38.457,38.457,13,7435
W6JWW,W6JWW,True,True,both,A,CN88gd,6.0,48.1458,-123.4583,N,48.1458,52.803,52.803,17,29908
W6KAP,W6KAP,True,True,both,B,CM98ql,6.0,38.4792,-120.625,N,38.4792,43.829,43.829,3,4212
W6KAT,W6KAT,True,True,both,B,DM03xx,6.0,33.9792,-118.0417,N,33.9792,39.863,39.863,6,76
W6KCV,W6KCV,True,True,both,B,DM03tr,6.0,33.7292,-118.375,N,33.7292,39.555,39.555,4,1648
W6KYM,W6KYM,True,True,both,A,DM13,4.0,33.5,-117.0,N,33.5,39.576,39.576,255,339452
W6LPM,W6LPM,True,True,both,A,CM97ag,6.0,37.2708,-121.9583,N,37.2708,42.387,42.387,390,1769510
W6LVP,W6LVP,True,True,both,B,DM04li,6.0,34.3542,-119.0417,N,34.3542,40.052,40.052,104,470939
W6LVP/B,W6LVP,True,True,both,A,DM04li,6.0,34.3542,-119.0417,N,34.3542,40.052,40.052,11,1721
W6LVP/C,W6LVP,True,True,both,B,DM04li,6.0,34.3542,-119.0417,N,34.3542,40.052,40.052,3,583
W6LVP/D,W6LVP,True,True,both,B,DM04li,6.0,34.3542,-119.0417,N,34.3542,40.052,40.052,4,1769
W6LVP/E,W6LVP,True,True,both,B,DM04li,6.0,34.3542,-119.0417,N,34.3542,40.052,40.052,7,1187
W6LVP/F,W6LVP,True,True,both,B,DM04li,6.0,34.3542,-119.0417,N,34.3542,40.052,40.052,6,1791
W6LVP/H,W6LVP,True,True,both,B,DM04li,6.0,34.3542,-119.0417,N,34.3542,40.052,40.052,18,4884
W6LVP/J,W6LVP,True,True,both,B,DM04li,6.0,34.3542,-119.0417,N,34.3542,40.052,40.052,3,9972
W6LVP/M,W6LVP,True,True,both,B,DM04li,6.0,34.3542,-119.0417,N,34.3542,40.052,40.052,5,557
W6LVP/N,W6LVP,True,True,both,B,DM04li,6.0,34.3542,-119.0417,N,34.3542,40.052,40.052,3,230
W6LVP/Q,W6LVP,True,True,both,B,DM04li,6.0,34.3542,-119.0417,N,34.3542,40.052,40.052,3,135
W6LVP/R,W6LVP,True,True,both,B,DM04li,6.0,34.3542,-119.0417,N,34.3542,40.052,40.052,5,1326
W6LVP/T,W6LVP,True,True,both,B,DM04li,6.0,34.3542,-119.0417,N,34.3542,40.052,40.052,6,1182
W6LVP/V,W6LVP,True,True,both,A,DM04li,6.0,34.3542,-119.0417,N,34.3542,40.052,40.052,13,5714
W6LVP/W,W6LVP,True,True,both,B,DM04li,6.0,34.3542,-119.0417,N,34.3542,40.052,40.052,5,413
W6MKS,W6MKS,True,True,both,A,DM03,4.0,33.5,-119.0,N,33.5,39.215,39.215,10,86685
W6MNE,W6MNE,True,True,both,B,CN87,4.0,47.5,-123.0,N,47.5,52.256,52.256,5,768
W6MOB,W6MOB,True,True,both,B,CM97af,6.0,37.2292,-121.9583,N,37.2292,42.346,42.346,5,12358
W6MSU,W6MSU,True,True,both,B,CM98hb,6.0,38.0625,-121.375,N,38.0625,43.277,43.277,136,68078
W6NJX,W6NJX,True,True,both,A,DM13na,6.0,33.0208,-116.875,N,33.0208,39.122,39.122,32,55380
W6NVN,W6NVN,True,False,wsprnet_only,B,DM03,4.0,33.5,-119.0,N,33.5,39.215,39.215,4,19
W6NXP,W6NXP,True,True,both,B,DM03,4.0,33.5,-119.0,N,33.5,39.215,39.215,12,1524
W6NXU,W6NXU,True,True,both,B,FN42ki,6.0,42.3542,-71.125,N,42.3542,49.601,49.601,374,228538
W6ORV,W6ORV,True,False,wsprnet_only,B,EI98ok,6.0,-1.5625,-80.7917,S,1.5625,9.335,9.335,5,21
W6PBO,W6PBO,True,True,both,B,CM99kd,6.0,39.1458,-121.125,N,39.1458,44.391,44.391,5,13690
W6PD,W6PD,True,True,both,A,CM99ld,6.0,39.1458,-121.0417,N,39.1458,44.406,44.406,11,4784
W6PPV,W6PPV,True,True,both,B,DM12ms,6.0,32.7708,-116.9583,N,32.7708,38.859,38.859,42,225003
W6RFB,W6RFB,True,True,both,A,DM12mp,6.0,32.6458,-116.9583,N,32.6458,38.735,38.735,385,7615437
W6RHB,W6RHB,True,True,both,B,DM13if,6.0,33.2292,-117.2917,N,33.2292,39.255,39.255,4,1246
W6RUM,W6RUM,True,True,both,A,DM12rt,6.0,32.8125,-116.5417,N,32.8125,38.975,38.975,370,3648930
W6SAL,W6SAL,True,True,both,B,CM97bg,6.0,37.2708,-121.875,N,37.2708,42.403,42.403,12,13934
W6SB,W6SB,True,True,both,B,CN85rt,6.0,45.8125,-122.5417,N,45.8125,50.682,50.682,94,530693
W6SCQ,W6SCQ,True,True,both,A,CM98dj,6.0,38.3958,-121.7083,N,38.3958,43.541,43.541,147,133255
W6SJM,W6SJM,True,True,both,B,DM13lb,6.0,33.0625,-117.0417,N,33.0625,39.134,39.134,7,972
W6SPB,W6SPB,True,True,both,A,DM12jt,6.0,32.8125,-117.2083,N,32.8125,38.856,38.856,16,10230
W6UA,W6UA,True,True,both,B,CM95rd,6.0,35.1458,-120.5417,N,35.1458,40.558,40.558,3,281
W6UAL,W6UAL,True,True,both,B,CM97bq,6.0,37.6875,-121.875,N,37.6875,42.813,42.813,3,203
W6UFX,W6UFX,True,True,both,A,DM13,4.0,33.5,-117.0,N,33.5,39.576,39.576,106,927690
W6UHQ,W6UHQ,True,True,both,B,CM98kh,6.0,38.3125,-121.125,N,38.3125,43.57,43.57,13,12346
W6VJT,W6VJT,True,True,both,A,DM62,4.0,32.5,-107.0,N,32.5,40.272,40.272,96,608117
W6VYC,W6VYC,True,True,both,A,CM87,4.0,37.5,-123.0,N,37.5,42.415,42.415,389,3749435
W6WML,W6WML,True,True,both,B,DM04wn,6.0,34.5625,-118.125,N,34.5625,40.425,40.425,4,4712
W6YDG,W6YDG,True,True,both,A,CM96,4.0,36.5,-121.0,N,36.5,41.808,41.808,28,65225
W6ZAR,W6ZAR,True,True,both,A,DM13kc,6.0,33.1042,-117.125,N,33.1042,39.16,39.16,138,1340887
W6ZFS,W6ZFS,True,True,both,A,DM13kf,6.0,33.2292,-117.125,N,33.2292,39.285,39.285,24,64462
W6ZZ,W6ZZ,True,True,both,B,CM87ss,6.0,37.7708,-122.4583,N,37.7708,42.784,42.784,7,321
W71RJG,W71RJG,True,False,wsprnet_only,B,JO17,4.0,57.5,3.0,N,57.5,54.282,54.282,9,16
W7AGJ,W7AGJ,True,True,both,A,CN87,4.0,47.5,-123.0,N,47.5,52.256,52.256,75,69769
W7AMI,W7AMI,True,True,both,B,DN13vo,6.0,43.6042,-116.2083,N,43.6042,49.705,49.705,3,499
W7BCS,W7BCS,True,True,both,B,EM66ph,6.0,36.3125,-86.7083,N,36.3125,45.625,45.625,3,546
W7BJH,W7BJH,True,True,both,A,CN84lx,6.0,44.9792,-123.0417,N,44.9792,49.763,49.763,138,521663
W7BJH/R,W7BJH,True,True,both,A,CN84rt,6.0,44.8125,-122.5417,N,44.8125,49.697,49.697,81,199659
W7BMD,W7BMD,True,True,both,B,CN87up,6.0,47.6458,-122.2917,N,47.6458,52.538,52.538,16,1495
W7BPM,W7BPM,True,True,both,B,CN87wl,6.0,47.4792,-122.125,N,47.4792,52.406,52.406,6,502
W7CL,W7CL,True,True,both,B,DM44,4.0,34.5,-111.0,N,34.5,41.616,41.616,11,92219
W7CLN,W7CLN,True,True,both,B,DN40fr,6.0,40.7292,-111.5417,N,40.7292,47.69,47.69,8,1233
W7CPA,W7CPA,True,True,both,B,DM33,4.0,33.5,-113.0,N,33.5,40.281,40.281,9,519
W7CSD,W7CSD,True,True,both,A,CN87xi,6.0,47.3542,-122.0417,N,47.3542,52.299,52.299,13,5130
W7CTS,W7CTS,True,True,both,B,DM26kb,6.0,36.0625,-115.125,N,36.0625,42.452,42.452,3,960
W7DAP,W7DAP,True,True,both,B,DM44hg,6.0,34.2708,-111.375,N,34.2708,41.325,41.325,3,1531
W7EEC,W7EEC,True,True,both,A,EN34mv,6.0,44.8958,-92.9583,N,44.8958,53.848,53.848,47,180164
W7EL,W7EL,True,True,both,A,CN85ol,6.0,45.4792,-122.7917,N,45.4792,50.305,50.305,395,2638915
W7EL/L,W7EL,True,True,both,A,CN85ol,6.0,45.4792,-122.7917,N,45.4792,50.305,50.305,81,213161
W7EME,W7EME,True,True,both,B,CN85ag,6.0,45.2708,-123.9583,N,45.2708,49.87,49.87,118,131333
W7EP,W7EP,True,True,both,B,EM71,4.0,31.5,-85.0,N,31.5,40.95,40.95,3,1545
W7EZT,W7EZT,True,True,both,A,CN88vb,6.0,48.0625,-122.2083,N,48.0625,52.965,52.965,89,154628
W7FAA,W7FAA,True,True,both,B,DM44xi,6.0,34.3542,-110.0417,N,34.3542,41.63,41.63,19,136745
W7FWH,W7FWH,True,True,both,B,CN87nl,6.0,47.4792,-122.875,N,47.4792,52.26,52.26,9,1248
W7GAJ,W7GAJ,True,True,both,B,DN40bo,6.0,40.6042,-111.875,N,40.6042,47.511,47.511,3,4048
W7GBB,W7GBB,True,True,both,B,CN87wl,6.0,47.4792,-122.125,N,47.4792,52.406,52.406,287,2249871
W7GLF,W7GLF,True,True,both,B,CN84,4.0,44.5,-123.0,N,44.5,49.299,49.299,4,6462
W7GRX,W7GRX,True,True,both,A,DM43am,6.0,33.5208,-111.9583,N,33.5208,40.48,40.48,34,236811
W7HAD,W7HAD,True,True,both,B,DN71qe,6.0,41.1875,-104.625,N,41.1875,49.201,49.201,4,2739
W7HRM,W7HRM,True,True,both,B,CN88gc,6.0,48.1042,-123.4583,N,48.1042,52.762,52.762,4,607
W7JMK,W7JMK,True,False,wsprnet_only,B,CN85,4.0,45.5,-123.0,N,45.5,50.284,50.284,3,43
W7JZE,W7JZE,True,True,both,A,DM33,4.0,33.5,-113.0,N,33.5,40.281,40.281,15,46206
W7JZI,W7JZI,True,True,both,A,DN41af,6.0,41.2292,-111.9583,N,41.2292,48.113,48.113,31,83414
W7KEG,W7KEG,True,True,both,B,CN84jf,6.0,44.2292,-123.2083,N,44.2292,48.992,48.992,3,156
W7KLT,W7KLT,True,True,both,B,DN17,4.0,47.5,-117.0,N,47.5,53.396,53.396,6,326
W7KMJ,W7KMJ,True,True,both,B,DN18od,6.0,48.1458,-116.7917,N,48.1458,54.069,54.069,8,3764
W7LCB,W7LCB,True,True,both,B,DM43,4.0,33.5,-111.0,N,33.5,40.621,40.621,5,1648
W7LHT,W7LHT,True,True,both,B,CN85rq,6.0,45.6875,-122.5417,N,45.6875,50.559,50.559,6,2541
W7LT,W7LT,True,True,both,A,CN85,4.0,45.5,-123.0,N,45.5,50.284,50.284,11,6319
W7LZN,W7LZN,True,True,both,B,EN13pm,6.0,43.5208,-96.7083,N,43.5208,52.314,52.314,3,2833
W7MIN,W7MIN,True,True,both,A,DM43oj,6.0,33.3958,-110.7917,N,33.3958,40.552,40.552,10,4371
W7MPV,W7MPV,True,True,both,B,DM78,4.0,38.5,-105.0,N,38.5,46.509,46.509,5,1032
W7MRZ,W7MRZ,True,True,both,A,CN85qk,6.0,45.4375,-122.625,N,45.4375,50.296,50.296,14,1663
W7NJN,W7NJN,True,True,both,B,EL29dv,6.0,29.8958,-95.7083,N,29.8958,39.113,39.113,6,1993
W7OLY,W7OLY,True,True,both,B,CN87lc,6.0,47.1042,-123.0417,N,47.1042,51.857,51.857,6,1426
W7OMM,W7OMM,True,True,both,B,CN72sj,6.0,42.3958,-124.4583,N,42.3958,46.943,46.943,4,3599
W7OWO,W7OWO,True,True,both,B,CN85lh,6.0,45.3125,-123.0417,N,45.3125,50.091,50.091,3,1030
W7PJH,W7PJH,True,True,both,A,DM42,4.0,32.5,-111.0,N,32.5,39.625,39.625,92,602823
W7ROI,W7ROI,True,True,both,B,DN40ao,6.0,40.6042,-111.9583,N,40.6042,47.497,47.497,5,1109
W7RSO,W7RSO,True,True,both,B,DM13hw,6.0,33.9375,-117.375,N,33.9375,39.942,39.942,4,4117
W7SAT,W7SAT,True,True,both,A,CM98mi,6.0,38.3542,-120.9583,N,38.3542,43.643,43.643,17,20224
W7SOE/7,W7SOE,True,True,both,A,CN87nf,6.0,47.2292,-122.875,N,47.2292,52.013,52.013,390,2273842
W7SOG,W7SOG,True,True,both,B,CN73vj,6.0,43.3958,-124.2083,N,43.3958,47.975,47.975,23,73293
W7STF,W7STF,True,True,both,B,FN12qp,6.0,42.6458,-76.625,N,42.6458,50.841,50.841,27,113358
W7SYF,W7SYF,True,True,both,B,CN84,4.0,44.5,-123.0,N,44.5,49.299,49.299,4,1752
W7TCT,W7TCT,True,True,both,B,DN06hh,6.0,46.3125,-119.375,N,46.3125,51.784,51.784,8,2664
W7TXT/P,W7TXT,True,True,both,B,DN06hi,6.0,46.3542,-119.375,N,46.3542,51.825,51.825,3,44
W7UAR,W7UAR,True,True,both,B,DN40,4.0,40.5,-111.0,N,40.5,47.555,47.555,7,9738
W7UVO,W7UVO,True,True,both,A,DM26la,6.0,36.0208,-115.0417,N,36.0208,42.425,42.425,103,872105
W7WHG,W7WHG,True,True,both,A,DN40bq,6.0,40.6875,-111.875,N,40.6875,47.593,47.593,13,13935
W7WKR,W7WKR,True,True,both,B,CN97uj,6.0,47.3958,-120.2917,N,47.3958,52.677,52.677,45,219986
W7WND,W7WND,True,True,both,B,CN87wd,6.0,47.1458,-122.125,N,47.1458,52.077,52.077,36,83818
W7WRO,W7WRO,True,True,both,B,DN71oe,6.0,41.1875,-104.7917,N,41.1875,49.178,49.178,3,357
W7WXR,W7WXR,True,True,both,A,EN16nu,6.0,46.8542,-96.875,N,46.8542,55.522,55.522,25,7952
W7Y/XY2,W7Y,True,False,wsprnet_only,B,JO65nr,6.0,55.7292,13.125,N,55.7292,52.067,52.067,5,18
W7YHR,W7YHR,True,True,both,B,CN88,4.0,48.5,-123.0,N,48.5,53.242,53.242,3,1287
W7YSB,W7YSB,True,True,both,B,DM44,4.0,34.5,-111.0,N,34.5,41.616,41.616,318,162121
W7YV,W7YV,True,True,both,A,DN40ap,6.0,40.6458,-111.9583,N,40.6458,47.538,47.538,11,13574
W7ZNN,W7ZNN,True,True,both,B,EN51uv,6.0,41.8958,-88.2917,N,41.8958,51.023,51.023,3,577
W7ZWW,W7ZWW,True,True,both,B,CN85rh,6.0,45.3125,-122.5417,N,45.3125,50.189,50.189,8,3966
W8AN,W8AN,True,True,both,A,EN81fi,6.0,41.3542,-83.5417,N,41.3542,50.321,50.321,165,159593
W8APS,W8APS,True,True,both,A,EN82it,6.0,42.8125,-83.2917,N,42.8125,51.709,51.709,281,545622
W8BUS,W8BUS,True,True,both,B,EN64,4.0,44.5,-87.0,N,44.5,53.504,53.504,3,228
W8BZ,W8BZ,True,True,both,A,EN72,4.0,42.5,-85.0,N,42.5,51.507,51.507,46,45056
W8CGC,W8CGC,True,True,both,B,EN81,4.0,41.5,-83.0,N,41.5,50.424,50.424,5,1895
W8COP,W8COP,True,True,both,A,EN74vk,6.0,44.4375,-84.2083,N,44.4375,53.33,53.33,20,3309
W8DGN,W8DGN,True,True,both,A,EM79xp,6.0,39.6458,-84.0417,N,39.6458,48.71,48.71,36,17639
W8DNC,W8DNC,True,True,both,A,EM79rd,6.0,39.1458,-84.5417,N,39.1458,48.258,48.258,10,1933
W8DOD,W8DOD,True,True,both,B,EN73tq,6.0,43.6875,-84.375,N,43.6875,52.617,52.617,17,3023
W8DU,W8DU,True,True,both,B,EN82jl,6.0,42.4792,-83.2083,N,42.4792,51.382,51.382,6,2724
W8ECB,W8ECB,True,True,both,B,EM79wq,6.0,39.6875,-84.125,N,39.6875,48.755,48.755,5,379
W8EDU,W8EDU,True,True,both,B,EN91em,6.0,41.5208,-81.625,N,41.5208,50.334,50.334,257,1624733
W8GRR,W8GRR,True,True,both,A,EN72eu,6.0,42.8542,-85.625,N,42.8542,51.876,51.876,15,5996
W8IO,W8IO,True,True,both,B,EN63vc,6.0,43.1042,-86.2083,N,43.1042,52.138,52.138,6,3113
W8JAB,W8JAB,True,True,both,A,EN82lo,6.0,42.6042,-83.0417,N,42.6042,51.491,51.491,46,215674
W8JB,W8JB,True,True,both,B,FM05pr,6.0,35.7292,-78.7083,N,35.7292,44.435,44.435,8,7372
W8JHW,W8JHW,True,True,both,A,EN82,4.0,42.5,-83.0,N,42.5,51.387,51.387,382,1795302
W8JR,W8JR,True,True,both,B,EN91rq,6.0,41.6875,-80.5417,N,41.6875,50.392,50.392,6,11035
W8KFW,W8KFW,True,True,both,B,EN91nd,6.0,41.1458,-80.875,N,41.1458,49.902,49.902,6,843
W8KRZ,W8KRZ,True,True,both,B,FM18er,6.0,38.7292,-77.625,N,38.7292,47.178,47.178,6,3486
W8LG,W8LG,True,True,both,B,EM97,4.0,37.5,-81.0,N,37.5,46.404,46.404,14,1867
W8MDE,W8MDE,True,True,both,A,EN80ns,6.0,40.7708,-82.875,N,40.7708,49.713,49.713,20,5422
W8MDX,W8MDX,True,True,both,B,EM89,4.0,39.5,-83.0,N,39.5,48.5,48.5,4,3048
W8MSD,W8MSD,True,True,both,B,EM99kx,6.0,39.9792,-81.125,N,39.9792,48.802,48.802,6,3476
W8MV,W8MV,True,True,both,A,EN90fx,6.0,40.9792,-81.5417,N,40.9792,49.804,49.804,315,201219
W8NA,W8NA,True,True,both,B,EN80md,6.0,40.1458,-82.9583,N,40.1458,49.118,49.118,65,108964
W8NES,W8NES,True,True,both,B,EM98,4.0,38.5,-81.0,N,38.5,47.365,47.365,4,48569
W8NOR,W8NOR,True,True,both,A,DM42jg,6.0,32.2708,-111.2083,N,32.2708,39.361,39.361,26,179224
W8NV,W8NV,True,True,both,B,EN81,4.0,41.5,-83.0,N,41.5,50.424,50.424,9,19441
W8OBX,W8OBX,True,True,both,B,FM25dv,6.0,35.8958,-75.7083,N,35.8958,44.135,44.135,17,14350
W8PTB,W8PTB,True,True,both,A,EN80ev,6.0,40.8958,-83.625,N,40.8958,49.886,49.886,11,13757
W8QII,W8QII,True,True,both,A,FN10,4.0,40.5,-77.0,N,40.5,48.806,48.806,18,2825
W8RBW,W8RBW,True,True,both,A,EN72qr,6.0,42.7292,-84.625,N,42.7292,51.709,51.709,30,456658
W8RU,W8RU,True,True,both,B,EN82fn,6.0,42.5625,-83.5417,N,42.5625,51.484,51.484,6,458
W8SAN,W8SAN,True,True,both,A,DM43bt,6.0,33.8125,-111.875,N,33.8125,40.784,40.784,19,7209
W8SWR,W8SWR,True,True,both,B,EN72po,6.0,42.6042,-84.7083,N,42.6042,51.593,51.593,4,979
W8TMB,W8TMB,True,True,both,A,EN72,4.0,42.5,-85.0,N,42.5,51.507,51.507,14,273054
W8UM/1,W8UM,True,True,both,B,EN82dh,6.0,42.3125,-83.7083,N,42.3125,51.254,51.254,8,702
W8VBT,W8VBT,True,True,both,B,EN81,4.0,41.5,-83.0,N,41.5,50.424,50.424,4,2408
W8VG,W8VG,True,True,both,B,DM42,4.0,32.5,-111.0,N,32.5,39.625,39.625,4,2168
W8VYM,W8VYM,True,True,both,B,EM82je,6.0,32.1875,-83.2083,N,32.1875,41.506,41.506,8,4210
W8WTH,W8WTH,True,True,both,B,EM79,4.0,39.5,-85.0,N,39.5,48.623,48.623,3,44
W8XDX,W8XDX,True,True,both,B,EN81,4.0,41.5,-83.0,N,41.5,50.424,50.424,3,2946
W8YSO,W8YSO,True,True,both,B,EM89bt,6.0,39.8125,-83.875,N,39.8125,48.86,48.86,15,19927
W93TEO,W93TEO,True,False,wsprnet_only,B,FN11,4.0,41.5,-77.0,N,41.5,49.778,49.778,6,17
W9ACB,W9ACB,True,True,both,B,EM85aq,6.0,35.6875,-83.9583,N,35.6875,44.905,44.905,8,1406
W9AFJ,W9AFJ,True,True,both,B,EN53,4.0,43.5,-89.0,N,43.5,52.571,52.571,4,961
W9AM,W9AM,True,True,both,B,EN61wq,6.0,41.6875,-86.125,N,41.6875,50.773,50.773,5,1510
W9AWX,W9AWX,True,True,both,B,EN53vb,6.0,43.0625,-88.2083,N,43.0625,52.144,52.144,3,1131
W9DEZ,W9DEZ,True,True,both,B,EN51um,6.0,41.5208,-88.2917,N,41.5208,50.663,50.663,4,7717
W9DJ,W9DJ,True,True,both,B,EN80,4.0,40.5,-83.0,N,40.5,49.462,49.462,4,11923
W9DSN,W9DSN,True,True,both,A,EM68fa,6.0,38.0208,-87.5417,N,38.0208,47.286,47.286,12,1449
W9DWE,W9DWE,True,True,both,B,EN62,4.0,42.5,-87.0,N,42.5,51.581,51.581,8,14127
W9ECO,W9ECO,True,True,both,B,EM12kr,6.0,32.7292,-97.125,N,32.7292,41.766,41.766,4,7520
W9EDD,W9EDD,True,True,both,B,EN61aw,6.0,41.9375,-87.9583,N,41.9375,51.059,51.059,3,463
W9FHA,W9FHA,True,True,both,B,EM68,4.0,38.5,-87.0,N,38.5,47.735,47.735,4,23253
W9GNW,W9GNW,True,True,both,B,FM18eh,6.0,38.3125,-77.625,N,38.3125,46.775,46.775,6,839
W9HAM,W9HAM,True,True,both,B,EN64al,6.0,44.4792,-87.9583,N,44.4792,53.503,53.503,6,13383
W9HK,W9HK,True,True,both,A,EL98gm,6.0,28.5208,-81.4583,N,28.5208,37.871,37.871,11,5924
W9HTK,W9HTK,True,True,both,B,EM79,4.0,39.5,-85.0,N,39.5,48.623,48.623,5,7072
W9IKE,W9IKE,True,True,both,B,EM68wn,6.0,38.5625,-86.125,N,38.5625,47.769,47.769,3,2138
W9JAH,W9JAH,True,True,both,B,EL87,4.0,27.5,-83.0,N,27.5,37.022,37.022,6,1811
W9JFK,W9JFK,True,True,both,A,EN63,4.0,43.5,-87.0,N,43.5,52.542,52.542,34,38677
W9JSW,W9JSW,True,True,both,B,EM58nk,6.0,38.4375,-88.875,N,38.4375,47.699,47.699,25,3933
W9KMS,W9KMS,True,True,both,B,EM79bn,6.0,39.5625,-85.875,N,39.5625,48.721,48.721,4,1379
W9LK,W9LK,True,True,both,B,EM26,4.0,36.5,-95.0,N,36.5,45.621,45.621,8,35479
W9MDO,W9MDO,True,True,both,A,EN60xa,6.0,40.0208,-86.0417,N,40.0208,49.168,49.168,12,52191
W9MPW,W9MPW,True,True,both,B,EN52ii,6.0,42.3542,-89.2917,N,42.3542,51.47,51.47,6,1460
W9NEG,W9NEG,True,True,both,B,EN71kc,6.0,41.1042,-85.125,N,41.1042,50.171,50.171,4,2593
W9NET,W9NET,True,True,both,A,FN00,4.0,40.5,-79.0,N,40.5,49.073,49.073,107,1255443
W9ORS,W9ORS,True,True,both,B,CN85,4.0,45.5,-123.0,N,45.5,50.284,50.284,13,21378
W9PAX,W9PAX,True,True,both,B,DM09dk,6.0,39.4375,-119.7083,N,39.4375,44.946,44.946,12,7120
W9PEM,W9PEM,True,True,both,A,EN63ah,6.0,43.3125,-87.9583,N,43.3125,52.382,52.382,10,2884
W9PWR,W9PWR,True,True,both,B,EM38tw,6.0,38.9375,-92.375,N,38.9375,48.12,48.12,15,6415
W9RAD,W9RAD,True,True,both,B,EN53vd,6.0,43.1458,-88.2083,N,43.1458,52.225,52.225,4,1595
W9RAG,W9RAG,True,True,both,A,EN54,4.0,44.5,-89.0,N,44.5,53.533,53.533,321,3479703
W9RAR,W9RAR,True,True,both,B,EL87,4.0,27.5,-83.0,N,27.5,37.022,37.022,3,273
W9RHO,W9RHO,True,True,both,A,EM78lx,6.0,38.9792,-85.0417,N,38.9792,48.124,48.124,19,75042
W9SLS,W9SLS,True,True,both,B,EN51xs,6.0,41.7708,-88.0417,N,41.7708,50.9,50.9,5,10301
W9SMN,W9SMN,True,True,both,B,EM69wv,6.0,39.8958,-86.125,N,39.8958,49.05,49.05,6,6794
W9TEK,W9TEK,True,True,both,B,EN91,4.0,41.5,-81.0,N,41.5,50.256,50.256,5,7428
W9TMX,W9TMX,True,True,both,B,EN51xw,6.0,41.9375,-88.0417,N,41.9375,51.06,51.06,37,45472
W9TNC,W9TNC,True,True,both,B,EN82dg,6.0,42.2708,-83.7083,N,42.2708,51.214,51.214,3,972
W9TNG,W9TNG,True,True,both,A,EN42,4.0,42.5,-91.0,N,42.5,51.594,51.594,154,1947987
W9TPB,W9TPB,True,True,both,B,EM85gu,6.0,35.8542,-83.4583,N,35.8542,45.032,45.032,5,20818
W9VW,W9VW,True,True,both,A,EM79dt,6.0,39.8125,-85.7083,N,39.8125,48.955,48.955,389,4203807
W9VZU,W9VZU,True,True,both,B,EN54vh,6.0,44.3125,-88.2083,N,44.3125,53.346,53.346,57,45701
W9WKM,W9WKM,True,True,both,B,EN51vs,6.0,41.7708,-88.2083,N,41.7708,50.902,50.902,3,610
W9XA,W9XA,True,True,both,A,EN51uu,6.0,41.8542,-88.2917,N,41.8542,50.983,50.983,10,698
W9YO,W9YO,True,True,both,B,EN52,4.0,42.5,-89.0,N,42.5,51.61,51.61,3,3500
WA0AW,WA0AW,True,True,both,B,EM48sm,6.0,38.5208,-90.4583,N,38.5208,47.768,47.768,3,817
WA0CNG,WA0CNG,True,True,both,A,EM48ut,6.0,38.8125,-90.2917,N,38.8125,48.052,48.052,13,73725
WA0DTH,WA0DTH,True,True,both,B,EM28os,6.0,38.7708,-94.7917,N,38.7708,47.84,47.84,4,744
WA0IDD,WA0IDD,True,True,both,B,EN35nb,6.0,45.0625,-92.875,N,45.0625,54.011,54.011,4,3801
WA0JGT,WA0JGT,True,True,both,B,EN34fc,6.0,44.1042,-93.5417,N,44.1042,53.062,53.062,6,1960
WA0L,WA0L,True,True,both,A,DM43,4.0,33.5,-111.0,N,33.5,40.621,40.621,17,34356
WA0LEK,WA0LEK,True,True,both,B,DN70,4.0,40.5,-105.0,N,40.5,48.475,48.475,9,50485
WA0LIF,WA0LIF,True,True,both,B,EN35lb,6.0,45.0625,-93.0417,N,45.0625,54.005,54.005,49,111370
WA0OPW,WA0OPW,True,True,both,A,EN11xg,6.0,41.2708,-96.0417,N,41.2708,50.182,50.182,129,82572
WA0RXR,WA0RXR,True,True,both,A,EN42gl,6.0,42.4792,-91.4583,N,42.4792,51.565,51.565,84,205982
WA0WRG,WA0WRG,True,True,both,B,EN35lc,6.0,45.1042,-93.0417,N,45.1042,54.045,54.045,42,46511
WA1AS,WA1AS,True,True,both,B,FN42ia,6.0,42.0208,-71.2917,N,42.0208,49.303,49.303,5,2123
WA1BRG,WA1BRG,True,True,both,B,EM95,4.0,35.5,-81.0,N,35.5,44.484,44.484,8,3458
WA1EDJ,WA1EDJ,True,True,both,B,EM83du,6.0,33.8542,-83.7083,N,33.8542,43.133,43.133,45,18016
WA1KPD/B,WA1KPD,True,True,both,B,FN54fa,6.0,44.0208,-69.5417,N,44.0208,50.946,50.946,3,2216
WA1KPD/H,WA1KPD,True,True,both,A,FN54fa,6.0,44.0208,-69.5417,N,44.0208,50.946,50.946,133,80267
WA1LGQ,WA1LGQ,True,True,both,B,FN31vu,6.0,41.8542,-72.2083,N,41.8542,49.318,49.318,6,20762
WA1NGH,WA1NGH,True,True,both,A,FN31lv,6.0,41.8958,-73.0417,N,41.8958,49.517,49.517,17,3433
WA1ONB,WA1ONB,True,True,both,A,FN41oq,6.0,41.6875,-70.7917,N,41.6875,48.868,48.868,11,19421
WA1PDY,WA1PDY,True,True,both,A,FN42,4.0,42.5,-71.0,N,42.5,49.721,49.721,296,138231
WA1PKV,WA1PKV,True,True,both,A,FN54,4.0,44.5,-69.0,N,44.5,51.316,51.316,12,1717
WA1PTU,WA1PTU,True,True,both,B,FN43,4.0,43.5,-71.0,N,43.5,50.719,50.719,5,430
WA1RAJ,WA1RAJ,True,True,both,A,FN42dt,6.0,42.8125,-71.7083,N,42.8125,50.173,50.173,293,1514831
WA1SOV,WA1SOV,True,True,both,A,FN31ij,6.0,41.3958,-73.2917,N,41.3958,49.07,49.07,11,8636
WA1UIL,WA1UIL,True,True,both,A,FN32,4.0,42.5,-73.0,N,42.5,50.106,50.106,11,21419
WA1UMU,WA1UMU,True,True,both,B,FN31fe,6.0,41.1875,-73.5417,N,41.1875,48.91,48.91,3,110
WA1WFI,WA1WFI,True,True,both,A,FN42,4.0,42.5,-71.0,N,42.5,49.721,49.721,40,9470
WA2ASQ,WA2ASQ,True,True,both,A,FM17eo,6.0,37.6042,-77.625,N,37.6042,46.091,46.091,223,216853
WA2AZW,WA2AZW,True,True,both,A,EN51wr,6.0,41.7292,-88.125,N,41.7292,50.861,50.861,47,1859
WA2HYO,WA2HYO,True,True,both,B,FN20qx,6.0,40.9792,-74.625,N,40.9792,48.897,48.897,3,11059
WA2I,WA2I,True,True,both,A,FN20tx,6.0,40.9792,-74.375,N,40.9792,48.854,48.854,143,474503
WA2JRV,WA2JRV,True,True,both,A,EL98ub,6.0,28.0625,-80.2917,N,28.0625,37.317,37.317,12,11327
WA2JRZ,WA2JRZ,True,True,both,A,FM29,4.0,39.5,-75.0,N,39.5,47.515,47.515,10,9142
WA2NNL,WA2NNL,True,True,both,B,EN90hv,6.0,40.8958,-81.375,N,40.8958,49.709,49.709,8,149
WA2QZP,WA2QZP,True,True,both,A,FN20pg,6.0,40.2708,-74.7083,N,40.2708,48.218,48.218,81,113424
WA2TQI,WA2TQI,True,True,both,B,FM29mw,6.0,39.9375,-74.9583,N,39.9375,47.935,47.935,3,1186
WA2UXO,WA2UXO,True,True,both,A,FN30,4.0,40.5,-73.0,N,40.5,48.132,48.132,13,2410
WA3BM,WA3BM,True,True,both,B,FN00ac,6.0,40.1042,-79.9583,N,40.1042,48.801,48.801,26,29786
WA3DNM,WA3DNM,True,True,both,A,FM29fw,6.0,39.9375,-75.5417,N,39.9375,48.033,48.033,382,5571738
WA3DSP,WA3DSP,True,True,both,A,FN20,4.0,40.5,-75.0,N,40.5,48.492,48.492,112,376465
WA3FIR,WA3FIR,True,True,both,B,FN20,4.0,40.5,-75.0,N,40.5,48.492,48.492,4,23511
WA3ITR,WA3ITR,True,True,both,A,FN42,4.0,42.5,-71.0,N,42.5,49.721,49.721,306,6316528
WA3L,WA3L,True,True,both,B,EM73,4.0,33.5,-85.0,N,33.5,42.865,42.865,3,834
WA3NAN,WA3NAN,True,True,both,A,FM19na,6.0,39.0208,-76.875,N,39.0208,47.351,47.351,13,12025
WA3OZY,WA3OZY,True,True,both,A,FN20,4.0,40.5,-75.0,N,40.5,48.492,48.492,44,93
WA3QJU,WA3QJU,True,True,both,A,FN20id,6.0,40.1458,-75.2917,N,40.1458,48.195,48.195,89,56512
WA3RF,WA3RF,True,True,both,B,FM18nw,6.0,38.9375,-76.875,N,38.9375,47.27,47.27,40,91060
WA3RIZ,WA3RIZ,True,True,both,B,FN20hc,6.0,40.1042,-75.375,N,40.1042,48.168,48.168,3,1608
WA3TNT,WA3TNT,True,True,both,A,FN20,4.0,40.5,-75.0,N,40.5,48.492,48.492,10,36513
WA3VFM,WA3VFM,True,True,both,A,DM78nt,6.0,38.8125,-104.875,N,38.8125,46.834,46.834,18,4693
WA4AU,WA4AU,True,True,both,A,EL88su,6.0,28.8542,-82.4583,N,28.8542,38.272,38.272,314,36664
WA4CHQ,WA4CHQ,True,True,both,A,FM17uk,6.0,37.4375,-76.2917,N,37.4375,45.725,45.725,55,118859
WA4CKY,WA4CKY,True,True,both,A,EM67im,6.0,37.5208,-87.2917,N,37.5208,46.8,46.8,12,1576
WA4CTM,WA4CTM,True,True,both,B,EL29eo,6.0,29.6042,-95.625,N,29.6042,38.834,38.834,3,2259
WA4DAW,WA4DAW,True,True,both,A,EM94jc,6.0,34.1042,-81.2083,N,34.1042,43.169,43.169,38,40521
WA4EFH,WA4EFH,True,True,both,A,EM90,4.0,30.5,-81.0,N,30.5,39.708,39.708,326,588411
WA4GLH,WA4GLH,True,True,both,A,EM75je,6.0,35.1875,-85.2083,N,35.1875,44.492,44.492,282,376729
WA4HZT,WA4HZT,True,True,both,A,EM71,4.0,31.5,-85.0,N,31.5,40.95,40.95,188,1465456
WA4KBD,WA4KBD,True,True,both,B,EL89tq,6.0,29.6875,-82.375,N,29.6875,39.059,39.059,36,202167
WA4KBM,WA4KBM,True,True,both,B,FM19fe,6.0,39.1875,-77.5417,N,39.1875,47.61,47.61,5,27439
WA4LV,WA4LV,True,True,both,A,EM78,4.0,38.5,-85.0,N,38.5,47.662,47.662,11,6216
WA4MP,WA4MP,True,True,both,A,EM72,4.0,32.5,-85.0,N,32.5,41.907,41.907,32,115138
WA4OSS,WA4OSS,True,True,both,A,FM05rt,6.0,35.8125,-78.5417,N,35.8125,44.493,44.493,18,13210
WA4PGI,WA4PGI,True,True,both,A,FM07as,6.0,37.7708,-79.9583,N,37.7708,46.553,46.553,11,620
WA4PGM,WA4PGM,True,True,both,B,FM07,4.0,37.5,-79.0,N,37.5,46.177,46.177,5,2011
WA4RMA,WA4RMA,True,True,both,A,FM08vw,6.0,38.9375,-78.2083,N,38.9375,47.46,47.46,35,27821
WA4ZZW,WA4ZZW,True,True,both,A,EM64mm,6.0,34.5208,-86.9583,N,34.5208,43.91,43.91,21,963
WA5CKF,WA5CKF,True,True,both,B,EM12lu,6.0,32.8542,-97.0417,N,32.8542,41.897,41.897,3,549
WA5DXP,WA5DXP,True,True,both,A,EL49wx,6.0,29.9792,-90.125,N,29.9792,39.524,39.524,255,473843
WA5KYY,WA5KYY,True,True,both,B,EM12,4.0,32.5,-97.0,N,32.5,41.553,41.553,7,1304
WA5LRU/7,WA5LRU,True,True,both,B,EM34tr,6.0,34.7292,-92.375,N,34.7292,44.046,44.046,3,1117
WA5LRU/9,WA5LRU,True,True,both,A,EM51ki,6.0,31.3542,-89.125,N,31.3542,40.872,40.872,22,1737
WA5SWT,WA5SWT,True,True,both,A,EM12qt,6.0,32.8125,-96.625,N,32.8125,41.894,41.894,34,70187
WA5VRL,WA5VRL,True,True,both,B,DN32sw,6.0,42.9375,-112.4583,N,42.9375,49.711,49.711,8,1030
WA6ATI,WA6ATI,True,True,both,A,DM14bb,6.0,34.0625,-117.875,N,34.0625,39.976,39.976,388,4667233
WA6BBQ,WA6BBQ,True,True,both,A,DM13,4.0,33.5,-117.0,N,33.5,39.576,39.576,10,17320
WA6FQJ,WA6FQJ,True,True,both,B,CM98oq,6.0,38.6875,-120.7917,N,38.6875,44.002,44.002,3,1779
WA6GAH,WA6GAH,True,True,both,A,DM13jn,6.0,33.5625,-117.2083,N,33.5625,39.6,39.6,10,2454
WA6HEW,WA6HEW,True,True,both,A,EM11,4.0,31.5,-97.0,N,31.5,40.571,40.571,289,2100916
WA6HZT,WA6HZT,True,True,both,B,CM98ip,6.0,38.6458,-121.2917,N,38.6458,43.867,43.867,6,6071
WA6IAF,WA6IAF,True,True,both,A,DM07an,6.0,37.5625,-119.9583,N,37.5625,43.051,43.051,29,6674
WA6JRW,WA6JRW,True,True,both,B,DM14hd,6.0,34.1458,-117.375,N,34.1458,40.149,40.149,3,76
WA6MTZ,WA6MTZ,True,True,both,B,DM14pw,6.0,34.9375,-116.7083,N,34.9375,41.053,41.053,7,11539
WA6NFA,WA6NFA,True,True,both,B,CM88qf,6.0,38.2292,-122.625,N,38.2292,43.203,43.203,4,2685
WA6OUR,WA6OUR,True,True,both,A,CN87xo,6.0,47.6042,-122.0417,N,47.6042,52.545,52.545,63,164332
WA6OVP,WA6OVP,True,True,both,B,CM88om,6.0,38.5208,-122.7917,N,38.5208,43.458,43.458,3,379
WA6PAT,WA6PAT,True,True,both,B,CM97he,6.0,37.1875,-121.375,N,37.1875,42.415,42.415,4,1200
WA6RSV,WA6RSV,True,True,both,B,DM14bd,6.0,34.1458,-117.875,N,34.1458,40.058,40.058,69,432374
WA6TFX,WA6TFX,True,True,both,B,DM43co,6.0,33.6042,-111.7917,N,33.6042,40.591,40.591,7,2450
WA7ARK,WA7ARK,True,True,both,A,DM34rv,6.0,34.8958,-112.5417,N,34.8958,41.747,41.747,22,376567
WA7IT,WA7IT,True,True,both,B,DN13,4.0,43.5,-117.0,N,43.5,49.457,49.457,4,5380
WA7L,WA7L,True,True,both,A,CN85ru,6.0,45.8542,-122.5417,N,45.8542,50.723,50.723,16,11155
WA7RGR,WA7RGR,True,True,both,B,CN87wt,6.0,47.8125,-122.125,N,47.8125,52.735,52.735,5,13665
WA7SKT,WA7SKT,True,True,both,B,DM41ux,6.0,31.9792,-110.2917,N,31.9792,39.224,39.224,20,148221
WA7X,WA7X,True,True,both,A,DM49ho,6.0,39.6042,-111.375,N,39.6042,46.608,46.608,395,545597
WA7YIG,WA7YIG,True,True,both,B,DN13un,6.0,43.5625,-116.2917,N,43.5625,49.649,49.649,357,138753
WA7YIG/P,WA7YIG,True,True,both,A,DN13un,6.0,43.5625,-116.2917,N,43.5625,49.649,49.649,15,12455
WA8CLT,WA8CLT,True,True,both,B,EN80la,6.0,40.0208,-83.0417,N,40.0208,49.004,49.004,3,21111
WA8DSP,WA8DSP,True,True,both,A,EM63ok,6.0,33.4375,-86.7917,N,33.4375,42.866,42.866,261,2186836
WA8DZP,WA8DZP,True,True,both,A,EN82,4.0,42.5,-83.0,N,42.5,51.387,51.387,155,215963
WA8KNE,WA8KNE,True,True,both,B,EM90gg,6.0,30.2708,-81.4583,N,30.2708,39.535,39.535,16,70151
WA8QNN,WA8QNN,True,True,both,A,EM79,4.0,39.5,-85.0,N,39.5,48.623,48.623,23,16650
WA8RC,WA8RC,True,True,both,B,EN72jh,6.0,42.3125,-85.2083,N,42.3125,51.337,51.337,7,75769
WA8SME,WA8SME,True,True,both,B,DM08gm,6.0,38.5208,-119.4583,N,38.5208,44.089,44.089,5,20081
WA8SME/B,WA8SME,True,True,both,B,DM08gm,6.0,38.5208,-119.4583,N,38.5208,44.089,44.089,7,25000
WA8UET,WA8UET,True,True,both,B,EN70,4.0,40.5,-85.0,N,40.5,49.584,49.584,3,2527
WA8VYG,WA8VYG,True,True,both,A,EN90fv,6.0,40.8958,-81.5417,N,40.8958,49.724,49.724,12,2385
WA8WDQ,WA8WDQ,True,True,both,B,FN33wm,6.0,43.5208,-72.125,N,43.5208,50.956,50.956,3,1363
WA9EIC,WA9EIC,True,True,both,B,EN60ed,6.0,40.1458,-87.625,N,40.1458,49.331,49.331,5,22974
WA9ETW,WA9ETW,True,True,both,B,EN52fs,6.0,42.7708,-89.5417,N,42.7708,51.87,51.87,9,6119
WA9FIO,WA9FIO,True,True,both,A,EN43jt,6.0,43.8125,-91.2083,N,43.8125,52.854,52.854,216,1056617
WA9GVK,WA9GVK,True,True,both,B,DM43,4.0,33.5,-111.0,N,33.5,40.621,40.621,9,2606
WA9HT,WA9HT,True,True,both,A,EN51vq,6.0,41.6875,-88.2083,N,41.6875,50.822,50.822,26,16967
WA9JBR,WA9JBR,True,True,both,B,EM40ji,6.0,30.3542,-91.2083,N,30.3542,39.851,39.851,7,4454
WA9NNN,WA9NNN,True,True,both,B,EN61dw,6.0,41.9375,-87.7083,N,41.9375,51.055,51.055,3,1125
WA9NRB,WA9NRB,True,True,both,A,EM48pr,6.0,38.7292,-90.7083,N,38.7292,47.965,47.965,68,1551530
WA9NWW,WA9NWW,True,True,both,A,EN60wj,6.0,40.3958,-86.125,N,40.3958,49.531,49.531,78,9056
WA9RYO,WA9RYO,True,True,both,A,EN62aw,6.0,42.9375,-87.9583,N,42.9375,52.021,52.021,18,210296
WA9TT,WA9TT,True,True,both,B,EN54sh,6.0,44.3125,-88.4583,N,44.3125,53.349,53.349,6,13703
WA9WCC,WA9WCC,True,True,both,B,EM13pa,6.0,33.0208,-96.7083,N,33.0208,42.091,42.091,4,946
WA9WTK,WA9WTK,True,True,both,A,FN42fk,6.0,42.4375,-71.5417,N,42.4375,49.767,49.767,323,755100
WA9ZPM,WA9ZPM,True,True,both,B,EN61cp,6.0,41.6458,-87.7917,N,41.6458,50.776,50.776,35,10353
WB0AOD,WB0AOD,True,True,both,A,EL99jn,6.0,29.5625,-81.2083,N,29.5625,38.837,38.837,14,23183
WB0DBQ,WB0DBQ,True,True,both,A,EN46bw,6.0,46.9375,-91.875,N,46.9375,55.844,55.844,10,234
WB0EMJ,WB0EMJ,True,True,both,B,EN42,4.0,42.5,-91.0,N,42.5,51.594,51.594,5,1697
WB0IQT,WB0IQT,True,True,both,B,EN35ii,6.0,45.3542,-93.2917,N,45.3542,54.276,54.276,30,84720
WB0IQT/S,WB0IQT,True,True,both,B,EN35ii,6.0,45.3542,-93.2917,N,45.3542,54.276,54.276,3,3286
WB0KSL,WB0KSL,True,True,both,A,EM28nu,6.0,38.8542,-94.875,N,38.8542,47.915,47.915,16,39784
WB0OEW,WB0OEW,True,True,both,A,DM42ki,6.0,32.3542,-111.125,N,32.3542,39.458,39.458,89,1292302
WB0RXX,WB0RXX,True,True,both,B,EN24dw,6.0,44.9375,-95.7083,N,44.9375,53.751,53.751,5,17682
WB0TEM,WB0TEM,True,True,both,B,EN12rt,6.0,42.8125,-96.5417,N,42.8125,51.64,51.64,58,3520
WB0TUX,WB0TUX,True,True,both,A,EN35,4.0,45.5,-93.0,N,45.5,54.428,54.428,15,93421
WB0VGD,WB0VGD,True,True,both,B,DM79lt,6.0,39.8125,-105.0417,N,39.8125,47.794,47.794,5,4942
WB0Z,WB0Z,True,True,both,B,DM14ko,6.0,34.6042,-117.125,N,34.6042,40.648,40.648,3,728
WB1ABO,WB1ABO,True,True,both,A,FN33,4.0,43.5,-73.0,N,43.5,51.095,51.095,144,85340
WB1AIJ,WB1AIJ,True,True,both,A,FN31qs,6.0,41.7708,-72.625,N,41.7708,49.316,49.316,130,471581
WB1BQI,WB1BQI,True,False,wsprnet_only,B,FN15,4.0,45.5,-77.0,N,45.5,53.678,53.678,4,24
WB1DMK,WB1DMK,True,True,both,B,FN31,4.0,41.5,-73.0,N,41.5,49.119,49.119,3,380
WB1FIG,WB1FIG,True,True,both,B,FN42gm,6.0,42.5208,-71.4583,N,42.5208,49.834,49.834,7,1881
WB2CPU,WB2CPU,True,True,both,B,FN42dg,6.0,42.2708,-71.7083,N,42.2708,49.634,49.634,199,583606
WB2EEE,WB2EEE,True,True,both,A,FN21xh,6.0,41.3125,-74.0417,N,41.3125,49.123,49.123,219,1500560
WB2EQD,WB2EQD,True,True,both,B,EL09,4.0,29.5,-99.0,N,29.5,38.387,38.387,3,1425
WB2GDZ,WB2GDZ,True,True,both,B,EL87,4.0,27.5,-83.0,N,27.5,37.022,37.022,6,9436
WB2GSL,WB2GSL,True,True,both,B,FM19co,6.0,39.6042,-77.7917,N,39.6042,48.049,48.049,3,632
WB2LYL,WB2LYL,True,True,both,B,FN12hw,6.0,42.9375,-77.375,N,42.9375,51.229,51.229,5,20080
WB2MNF,WB2MNF,True,True,both,A,FM29jr,6.0,39.7292,-75.2083,N,39.7292,47.774,47.774,99,311506
WB2NPY,WB2NPY,True,True,both,B,FM29,4.0,39.5,-75.0,N,39.5,47.515,47.515,5,1847
WB2TEV,WB2TEV,True,True,both,A,FN41pl,6.0,41.4792,-70.7083,N,41.4792,48.643,48.643,62,95474
WB2TKP,WB2TKP,True,True,both,A,FN20,4.0,40.5,-75.0,N,40.5,48.492,48.492,395,2073327
WB2TQE,WB2TQE,True,True,both,B,EL96vh,6.0,26.3125,-80.2083,N,26.3125,35.65,35.65,7,3182
WB2TVB,WB2TVB,True,True,both,B,DM04vb,6.0,34.0625,-118.2083,N,34.0625,39.915,39.915,5,2696
WB2VUO,WB2VUO,True,True,both,B,FN02ox,6.0,42.9792,-78.7917,N,42.9792,51.449,51.449,4,4491
WB2YDS,WB2YDS,True,True,both,B,FN30nw,6.0,40.9375,-72.875,N,40.9375,48.54,48.54,4,1077
WB3AVN,WB3AVN,True,True,both,B,FM19og,6.0,39.2708,-76.7917,N,39.2708,47.581,47.581,28,85084
WB3BJU,WB3BJU,True,True,both,A,FM29hw,6.0,39.9375,-75.375,N,39.9375,48.005,48.005,59,464
WB3DSJ,WB3DSJ,True,True,both,B,EL89uc,6.0,29.1042,-82.2917,N,29.1042,38.497,38.497,5,1063
WB3FME,WB3FME,True,True,both,B,FM19na,6.0,39.0208,-76.875,N,39.0208,47.351,47.351,95,492467
WB3GXN,WB3GXN,True,True,both,B,FN01,4.0,41.5,-79.0,N,41.5,50.04,50.04,4,1839
WB3HXK,WB3HXK,True,True,both,B,FN10bs,6.0,40.7708,-77.875,N,40.7708,49.191,49.191,7,38895
WB3JFR,WB3JFR,True,True,both,A,FM03,4.0,33.5,-79.0,N,33.5,42.336,42.336,22,23407
WB3JFS,WB3JFS,True,True,both,A,DM26,4.0,36.5,-115.0,N,36.5,42.908,42.908,22,44258
WB3LHD,WB3LHD,True,True,both,B,EN90xh,6.0,40.3125,-80.0417,N,40.3125,49.012,49.012,6,3098
WB3LJA,WB3LJA,True,True,both,A,FM29vo,6.0,39.6042,-74.2083,N,39.6042,47.477,47.477,11,3446
WB4CXU,WB4CXU,True,True,both,A,EM66,4.0,36.5,-87.0,N,36.5,45.813,45.813,372,2485824
WB4ELK,WB4ELK,True,True,both,A,EM64nj,6.0,34.3958,-86.875,N,34.3958,43.788,43.788,19,1826
WB4GUD,WB4GUD,True,True,both,A,EM85gf,6.0,35.2292,-83.4583,N,35.2292,44.434,44.434,19,154599
WB4HIR/P,WB4HIR,True,True,both,B,EM96bb,6.0,36.0625,-81.875,N,36.0625,45.107,45.107,37,76614
WB4JPG,WB4JPG,True,True,both,A,EM71gf,6.0,31.2292,-85.4583,N,31.2292,40.709,40.709,354,1566746
WB4JWM,WB4JWM,True,True,both,B,EM83ji,6.0,33.3542,-83.2083,N,33.3542,42.621,42.621,5,327
WB4PW,WB4PW,True,True,both,B,EM54cw,6.0,34.9375,-89.7917,N,34.9375,44.321,44.321,3,587
WB4SMS,WB4SMS,True,True,both,B,FM05,4.0,35.5,-79.0,N,35.5,44.253,44.253,3,1133
WB4SOM,WB4SOM,True,True,both,B,EM64rr,6.0,34.7292,-86.5417,N,34.7292,44.1,44.1,4,1028
WB4Y,WB4Y,True,True,both,B,EM95,4.0,35.5,-81.0,N,35.5,44.484,44.484,6,2053
WB4YVO,WB4YVO,True,True,both,A,FN10,4.0,40.5,-77.0,N,40.5,48.806,48.806,12,7976
WB5B,WB5B,True,True,both,A,EL16de,6.0,26.1875,-97.7083,N,26.1875,35.25,35.25,22,3096
WB5DYG,WB5DYG,True,True,both,B,DM43ff,6.0,33.2292,-111.5417,N,33.2292,40.26,40.26,5,7487
WB5HJV,WB5HJV,True,True,both,B,EM20hb,6.0,30.0625,-95.375,N,30.0625,39.305,39.305,3,28
WB5LJI,WB5LJI,True,True,both,B,EM25,4.0,35.5,-95.0,N,35.5,44.647,44.647,4,775
WB5MRN,WB5MRN,True,True,both,A,CM97an,6.0,37.5625,-121.9583,N,37.5625,42.674,42.674,16,5546
WB5PJB,WB5PJB,True,True,both,B,DM79oi,6.0,39.3542,-104.7917,N,39.3542,47.378,47.378,3,28444
WB5RFQ,WB5RFQ,True,True,both,B,EL19uw,6.0,29.9375,-96.2917,N,29.9375,39.102,39.102,5,268
WB5SRK,WB5SRK,True,True,both,A,DM93an,6.0,33.5625,-101.9583,N,33.5625,42.046,42.046,395,4846269
WB5TAD,WB5TAD,True,True,both,A,EL29,4.0,29.5,-95.0,N,29.5,38.785,38.785,21,76276
WB5WRC,WB5WRC,True,True,both,B,EM12sw,6.0,32.9375,-96.4583,N,32.9375,42.031,42.031,4,5926
WB5YNI,WB5YNI,True,True,both,A,EN52,4.0,42.5,-89.0,N,42.5,51.61,51.61,36,5712
WB6AGE,WB6AGE,True,True,both,B,CN86he,6.0,46.1875,-123.375,N,46.1875,50.888,50.888,8,39561
WB6BBB,WB6BBB,True,True,both,A,DM04,4.0,34.5,-119.0,N,34.5,40.204,40.204,27,1307
WB6CXC,WB6CXC,True,True,both,B,CM88,4.0,38.5,-123.0,N,38.5,43.397,43.397,372,31423338
WB6EDG,WB6EDG,True,True,both,B,CN84,4.0,44.5,-123.0,N,44.5,49.299,49.299,5,17718
WB6HSC,WB6HSC,True,True,both,A,DM03,4.0,33.5,-119.0,N,33.5,39.215,39.215,349,662547
WB6HYD,WB6HYD,True,True,both,B,CM87xi,6.0,37.3542,-122.0417,N,37.3542,42.453,42.453,5,9713
WB6JHI,WB6JHI,True,True,both,A,CM97af,6.0,37.2292,-121.9583,N,37.2292,42.346,42.346,216,661768
WB6KAL,WB6KAL,True,True,both,B,CM87wq,6.0,37.6875,-122.125,N,37.6875,42.765,42.765,12,1697
WB6KSU,WB6KSU,True,True,both,A,DM12jt,6.0,32.8125,-117.2083,N,32.8125,38.856,38.856,16,7188
WB6NGC,WB6NGC,True,True,both,A,DM04wd,6.0,34.1458,-118.125,N,34.1458,40.013,40.013,100,222380
WB6UNG,WB6UNG,True,True,both,B,DM04qe,6.0,34.1875,-118.625,N,34.1875,39.963,39.963,5,25602
WB6UPW,WB6UPW,True,True,both,B,DM12jw,6.0,32.9375,-117.2083,N,32.9375,38.98,38.98,41,193163
WB6URD,WB6URD,True,True,both,B,CN87ts,6.0,47.7708,-122.375,N,47.7708,52.645,52.645,3,5426
WB6WYR,WB6WYR,True,True,both,A,DM12,4.0,32.5,-117.0,N,32.5,38.583,38.583,88,939019
WB6YRW,WB6YRW,True,True,both,A,CM97,4.0,37.5,-121.0,N,37.5,42.793,42.793,395,3661080
WB6ZXM,WB6ZXM,True,True,both,A,DM04ig,6.0,34.2708,-119.2917,N,34.2708,39.924,39.924,31,45003
WB7ABP,WB7ABP,True,True,both,B,CM88ok,6.0,38.4375,-122.7917,N,38.4375,43.376,43.376,5,218
WB7AKE,WB7AKE,True,True,both,B,CN86,4.0,46.5,-123.0,N,46.5,51.27,51.27,7,22855
WB7BDI,WB7BDI,True,True,both,B,CM87xj,6.0,37.3958,-122.0417,N,37.3958,42.494,42.494,7,9274
WB7DRU,WB7DRU,True,True,both,A,EN25,4.0,45.5,-95.0,N,45.5,54.335,54.335,114,23133
WB7FEA,WB7FEA,True,True,both,A,DM42lh,6.0,32.3125,-111.0417,N,32.3125,39.431,39.431,10,2187
WB7NAB,WB7NAB,True,True,both,A,CN87vc,6.0,47.1042,-122.2083,N,47.1042,52.02,52.02,35,29044
WB7S,WB7S,True,True,both,B,DN71od,6.0,41.1458,-104.7917,N,41.1458,49.137,49.137,13,5758
WB7SCK,WB7SCK,True,True,both,B,DM43ci,6.0,33.3542,-111.7917,N,33.3542,40.342,40.342,8,1883
WB7V,WB7V,True,True,both,B,DN13un,6.0,43.5625,-116.2917,N,43.5625,49.649,49.649,13,4840
WB8DC,WB8DC,True,True,both,B,EN91cj,6.0,41.3958,-81.7917,N,41.3958,50.228,50.228,5,548
WB8DQT,WB8DQT,True,True,both,A,EN72,4.0,42.5,-85.0,N,42.5,51.507,51.507,53,33159
WB8ELK,WB8ELK,True,True,both,A,EM64nj,6.0,34.3958,-86.875,N,34.3958,43.788,43.788,10,1155
WB8FXW,WB8FXW,True,True,both,A,DM37fb,6.0,37.0625,-113.5417,N,37.0625,43.722,43.722,29,97374
WB8ILI,WB8ILI,True,True,both,A,EN82pq,6.0,42.6875,-82.7083,N,42.6875,51.547,51.547,395,1250231
WB8IMY,WB8IMY,True,True,both,A,FN31ol,6.0,41.4792,-72.7917,N,41.4792,49.059,49.059,13,29607
WB8JAY,WB8JAY,True,True,both,B,EN90gl,6.0,40.4792,-81.4583,N,40.4792,49.315,49.315,4,21172
WB8NXR,WB8NXR,True,True,both,B,EN91bg,6.0,41.2708,-81.875,N,41.2708,50.114,50.114,4,1347
WB8REH,WB8REH,True,True,both,B,EN75oc,6.0,45.1042,-84.7917,N,45.1042,54.002,54.002,6,3141
WB8RJY,WB8RJY,True,True,both,A,EN72sm,6.0,42.5208,-84.4583,N,42.5208,51.499,51.499,35,204059
WB8SCG,WB8SCG,True,True,both,A,FM17,4.0,37.5,-77.0,N,37.5,45.897,45.897,361,1942012
WB8SQJ,WB8SQJ,True,True,both,B,EN72cr,6.0,42.7292,-85.7917,N,42.7292,51.762,51.762,3,14482
WB8ZHU,WB8ZHU,True,True,both,B,EN81dj,6.0,41.3958,-83.7083,N,41.3958,50.372,50.372,78,3762
WB9EZL,WB9EZL,True,True,both,B,EM78,4.0,38.5,-85.0,N,38.5,47.662,47.662,4,2941
WB9FLK,WB9FLK,True,True,both,B,DM13ie,6.0,33.1875,-117.2917,N,33.1875,39.213,39.213,3,956
WB9LIB,WB9LIB,True,True,both,B,EM68nf,6.0,38.2292,-86.875,N,38.2292,47.471,47.471,3,477
WB9NFD,WB9NFD,True,True,both,A,EN71ik,6.0,41.4375,-85.2917,N,41.4375,50.499,50.499,120,97247
WB9OQB,WB9OQB,True,True,both,B,EN44tl,6.0,44.4792,-90.375,N,44.4792,53.508,53.508,5,835
WB9UCA,WB9UCA,True,True,both,B,EN60wa,6.0,40.0208,-86.125,N,40.0208,49.171,49.171,55,13241
WB9UOM,WB9UOM,True,True,both,A,EM79,4.0,39.5,-85.0,N,39.5,48.623,48.623,395,666057
WB9VTB,WB9VTB,True,True,both,A,EM79,4.0,39.5,-85.0,N,39.5,48.623,48.623,13,6533
WB9YPA,WB9YPA,True,True,both,B,EN61up,6.0,41.6458,-86.2917,N,41.6458,50.739,50.739,6,3046
WB9ZLM,WB9ZLM,True,True,both,A,EN50du,6.0,40.8542,-89.7083,N,40.8542,50.025,50.025,56,703152
WC0BPE,WC0BPE,True,False,wsprnet_only,B,EN72,4.0,42.5,-85.0,N,42.5,51.507,51.507,4,27
WC1J,WC1J,True,True,both,B,EL95,4.0,25.5,-81.0,N,25.5,34.963,34.963,9,48308
WC4FM,WC4FM,True,True,both,A,EM83ct,6.0,33.8125,-83.7917,N,33.8125,43.099,43.099,19,127404
WC4R,WC4R,True,True,both,B,FM17pg,6.0,37.2708,-76.7083,N,37.2708,45.63,45.63,3,2475
WC7PMR,WC7PMR,True,False,wsprnet_only,B,FN24,4.0,44.5,-75.0,N,44.5,52.413,52.413,6,26
WD0BGZ,WD0BGZ,True,True,both,B,EN00kr,6.0,40.7292,-99.125,N,40.7292,49.397,49.397,5,29779
WD0E,WD0E,True,True,both,A,DM79qm,6.0,39.5208,-104.625,N,39.5208,47.565,47.565,55,15533
WD0FSP,WD0FSP,True,True,both,B,EN35,4.0,45.5,-93.0,N,45.5,54.428,54.428,3,279
WD1O,WD1O,True,True,both,A,FN53,4.0,43.5,-69.0,N,43.5,50.307,50.307,244,4248161
WD2F,WD2F,True,True,both,B,FN23,4.0,43.5,-75.0,N,43.5,51.431,51.431,4,833
WD3B,WD3B,True,True,both,B,EM94,4.0,34.5,-81.0,N,34.5,43.526,43.526,8,6016
WD4AGF,WD4AGF,True,True,both,B,EL96wg,6.0,26.2708,-80.125,N,26.2708,35.601,35.601,3,471
WD4AH,WD4AH,True,True,both,B,EL89rt,6.0,29.8125,-82.5417,N,29.8125,39.191,39.191,32,65951
WD4DTC,WD4DTC,True,True,both,B,EM74,4.0,34.5,-85.0,N,34.5,43.823,43.823,14,2629
WD4IMI,WD4IMI,True,True,both,A,FM17if,6.0,37.2292,-77.2917,N,37.2292,45.68,45.68,391,339886
WD4IYE/P,WD4IYE,True,True,both,A,EL98ei,6.0,28.3542,-81.625,N,28.3542,37.727,37.727,18,1938
WD4KT,WD4KT,True,True,both,B,EL98il,6.0,28.4792,-81.2917,N,28.4792,37.815,37.815,3,581
WD4RIG,WD4RIG,True,True,both,B,EM93am,6.0,33.5208,-81.9583,N,33.5208,42.681,42.681,4,241
WD4SGB,WD4SGB,True,True,both,B,EM90ed,6.0,30.1458,-81.625,N,30.1458,39.431,39.431,3,309
WD5EAA,WD5EAA,True,True,both,A,DM79ro,6.0,39.6042,-104.5417,N,39.6042,47.658,47.658,42,13097
WD5FTA,WD5FTA,True,True,both,B,EM55dg,6.0,35.2708,-89.7083,N,35.2708,44.644,44.644,27,16485
WD5JIU,WD5JIU,True,True,both,B,EM12px,6.0,32.9792,-96.7083,N,32.9792,42.05,42.05,3,794
WD5RP,WD5RP,True,True,both,B,EM12jq,6.0,32.6875,-97.2083,N,32.6875,41.718,41.718,4,16619
WD5TX,WD5TX,True,True,both,A,EM13,4.0,33.5,-97.0,N,33.5,42.534,42.534,68,313122
WD6B,WD6B,True,True,both,B,DM12kv,6.0,32.8958,-117.125,N,32.8958,38.954,38.954,5,1217
WD6DKW,WD6DKW,True,True,both,B,CM97ax,6.0,37.9792,-121.9583,N,37.9792,43.084,43.084,3,13285
WD7W,WD7W,True,True,both,B,CN85jl,6.0,45.4792,-123.2083,N,45.4792,50.223,50.223,3,339
WD8CIV,WD8CIV,True,True,both,B,FN13if,6.0,43.2292,-77.2917,N,43.2292,51.502,51.502,5,1644
WD8CYU,WD8CYU,True,True,both,B,EM79th,6.0,39.3125,-84.375,N,39.3125,48.409,48.409,6,1475
WD8ING,WD8ING,True,True,both,B,EM87kj,6.0,37.3958,-83.125,N,37.3958,46.488,46.488,35,75605
WD8QLY,WD8QLY,True,True,both,B,EN82rw,6.0,42.9375,-82.5417,N,42.9375,51.775,51.775,21,6910
WD8R,WD8R,True,True,both,B,EN72hs,6.0,42.7708,-85.375,N,42.7708,51.785,51.785,4,1634
WD9CWY,WD9CWY,True,True,both,B,EL98,4.0,28.5,-81.0,N,28.5,37.807,37.807,5,690
WD9DD,WD9DD,True,True,both,B,EN61hm,6.0,41.5208,-87.375,N,41.5208,50.648,50.648,5,2185
WD9DUI,WD9DUI,True,True,both,B,DM03ut,6.0,33.8125,-118.2917,N,33.8125,39.653,39.653,4,788
WD9EKA,WD9EKA,True,True,both,A,EM69ek,6.0,39.4375,-87.625,N,39.4375,48.649,48.649,254,515645
WD9GON,WD9GON,True,True,both,A,EM69to,6.0,39.6042,-86.375,N,39.6042,48.779,48.779,18,127276
WD9HDM,WD9HDM,True,True,both,B,EN62ae,6.0,42.1875,-87.9583,N,42.1875,51.3,51.3,6,1480
WD9HGO,WD9HGO,True,True,both,B,EN61co,6.0,41.6042,-87.7917,N,41.6042,50.736,50.736,7,7809
WD9IXX,WD9IXX,True,True,both,B,EN34gv,6.0,44.8958,-93.4583,N,44.8958,53.828,53.828,6,10412
WD9N,WD9N,True,True,both,B,EM59ke,6.0,39.1875,-89.125,N,39.1875,48.422,48.422,5,9258
WE3N,WE3N,True,True,both,B,FM19,4.0,39.5,-77.0,N,39.5,47.835,47.835,6,3355
WE4SAM,WE4SAM,True,True,both,A,CM87,4.0,37.5,-123.0,N,37.5,42.415,42.415,19,10745
WE5CKI,WE5CKI,True,False,wsprnet_only,B,FN28,4.0,48.5,-75.0,N,48.5,56.346,56.346,6,10
WE5EN,WE5EN,True,False,wsprnet_only,B,DN13un,6.0,43.5625,-116.2917,N,43.5625,49.649,49.649,3,10
WE5J,WE5J,True,True,both,B,EL29fv,6.0,29.8958,-95.5417,N,29.8958,39.128,39.128,8,2177
WE6EZ,WE6EZ,True,True,both,A,EM10gd,6.0,30.1458,-97.4583,N,30.1458,39.193,39.193,20,8026
WE7L,WE7L,True,True,both,B,DM79qh,6.0,39.3125,-104.625,N,39.3125,47.36,47.36,53,2357
WE8TOM,WE8TOM,True,True,both,B,EN81,4.0,41.5,-83.0,N,41.5,50.424,50.424,4,2261
WE8WNK,WE8WNK,True,False,wsprnet_only,A,EM70,4.0,30.5,-85.0,N,30.5,39.993,39.993,36,274
WF1A,WF1A,True,True,both,A,BK29,4.0,19.5,-155.0,N,19.5,20.114,20.114,381,338683
WF1L,WF1L,True,False,wsprnet_only,A,CG83,4.0,-26.5,-123.0,S,26.5,-21.146,21.146,13,32
WF1L/B,WF1L,True,True,both,A,FM29fc,6.0,39.1042,-75.5417,N,39.1042,47.221,47.221,331,1000384
WF3H,WF3H,True,True,both,A,EL09sq,6.0,29.6875,-98.4583,N,29.6875,38.634,38.634,11,57192
WF4S,WF4S,True,True,both,A,EM84lr,6.0,34.7292,-83.0417,N,34.7292,43.925,43.925,27,28554
WF4V,WF4V,True,True,both,A,FM18jr,6.0,38.7292,-77.2083,N,38.7292,47.118,47.118,31,68319
WF6R,WF6R,True,True,both,A,CM87wk,6.0,37.4375,-122.125,N,37.4375,42.519,42.519,33,13086
WF8U,WF8U,True,True,both,B,EN91pd,6.0,41.1458,-80.7083,N,41.1458,49.886,49.886,4,1025
WF9E,WF9E,True,True,both,A,EN50,4.0,40.5,-89.0,N,40.5,49.685,49.685,389,3262861
WG2E,WG2E,True,True,both,B,FN22vr,6.0,42.7292,-74.2083,N,42.7292,50.545,50.545,3,83
WG2Z,WG2Z,True,True,both,A,FN20sh,6.0,40.3125,-74.4583,N,40.3125,48.215,48.215,74,5153
WG4S,WG4S,True,True,both,A,EM83,4.0,33.5,-83.0,N,33.5,42.746,42.746,250,1797124
WG4V,WG4V,True,True,both,B,EM74wb,6.0,34.0625,-84.125,N,34.0625,43.358,43.358,3,2214
WG9I,WG9I,True,True,both,B,EN54tg,6.0,44.2708,-88.375,N,44.2708,53.308,53.308,25,6332
WH6EAO,WH6EAO,True,True,both,A,BL11,4.0,21.5,-157.0,N,21.5,21.7,21.7,286,248653
WH6ECG,WH6ECG,True,True,both,A,BL11ck,6.0,21.4375,-157.7917,N,21.4375,21.54,21.54,26,1114
WH6EDP,WH6EDP,True,True,both,B,DM34wb,6.0,34.0625,-112.125,N,34.0625,40.99,40.99,12,6253
WH6GVF,WH6GVF,True,True,both,A,BK29,4.0,19.5,-155.0,N,19.5,20.114,20.114,186,401532
WH6VL,WH6VL,True,True,both,A,EM20bg,6.0,30.2708,-95.875,N,30.2708,39.467,39.467,18,24899
WH6WR,WH6WR,True,True,both,A,BL11cg,6.0,21.2708,-157.7917,N,21.2708,21.388,21.388,19,1415
WI0K,WI0K,True,True,both,B,DM79ps,6.0,39.7708,-104.7083,N,39.7708,47.799,47.799,5,2981
WI2ES,WI2ES,True,True,both,B,FN20xs,6.0,40.7708,-74.0417,N,40.7708,48.591,48.591,5,136
WI6P,WI6P,True,True,both,A,CN87oh,6.0,47.3125,-122.7917,N,47.3125,52.112,52.112,157,256272
WI6RE,WI6RE,True,True,both,A,DM15dp,6.0,35.6458,-117.7083,N,35.6458,41.573,41.573,395,920488
WI8V,WI8V,True,True,both,B,EN70vh,6.0,40.3125,-84.2083,N,40.3125,49.361,49.361,6,487
WI9HRO,WI9HRO,True,True,both,B,EN63ad,6.0,43.1458,-87.9583,N,43.1458,52.221,52.221,4,1484
WI9MMM,WI9MMM,True,True,both,B,EN54tg,6.0,44.2708,-88.375,N,44.2708,53.308,53.308,3,277
WJ0EOT,WJ0EOT,True,False,wsprnet_only,B,FP45,4.0,65.5,-71.0,N,65.5,72.427,72.427,5,32
WJ0P,WJ0P,True,False,wsprnet_only,A,FN20,4.0,40.5,-75.0,N,40.5,48.492,48.492,64,728
WJ1G,WJ1G,True,False,wsprnet_only,A,FN20,4.0,40.5,-75.0,N,40.5,48.492,48.492,18,119
WJ1I,WJ1I,True,True,both,B,FN41xq,6.0,41.6875,-70.0417,N,41.6875,48.709,48.709,4,5661
WJ2MBM,WJ2MBM,True,True,both,B,FN12hx,6.0,42.9792,-77.375,N,42.9792,51.27,51.27,4,1816
WJ2XVB,WJ2XVB,True,False,wsprnet_only,B,FN21,4.0,41.5,-75.0,N,41.5,49.47,49.47,7,17
WJ5VT,WJ5VT,True,True,both,B,EM34rp,6.0,34.6458,-92.5417,N,34.6458,43.958,43.958,16,55294
WJ6F,WJ6F,True,True,both,B,DM13dp,6.0,33.6458,-117.7083,N,33.6458,39.593,39.593,3,334
WJ8R,WJ8R,True,True,both,B,EN82mn,6.0,42.5625,-82.9583,N,42.5625,51.444,51.444,5,3147
WK0A,WK0A,True,True,both,B,DN71od,6.0,41.1458,-104.7917,N,41.1458,49.137,49.137,3,1075
WK8W,WK8W,True,True,both,B,EM66ud,6.0,36.1458,-86.2917,N,36.1458,45.453,45.453,3,242
WK9M,WK9M,True,True,both,A,EM75mv,6.0,35.8958,-84.9583,N,35.8958,45.16,45.16,12,1282
WL4M,WL4M,True,False,wsprnet_only,B,BP51gm,6.0,61.5208,-149.4583,N,61.5208,61.211,61.211,9,2824
WL5N,WL5N,True,True,both,A,BP64fv,6.0,64.8958,-147.5417,N,64.8958,65.027,65.027,11,3042
WM1B,WM1B,True,True,both,B,FM05oq,6.0,35.6875,-78.7917,N,35.6875,44.406,44.406,3,1106
WM1N,WM1N,True,True,both,B,FN41sp,6.0,41.6458,-70.4583,N,41.6458,48.756,48.756,4,545
WM3M,WM3M,True,True,both,B,FM19kg,6.0,39.2708,-77.125,N,39.2708,47.631,47.631,5,270
WM4B,WM4B,True,True,both,B,EM82,4.0,32.5,-83.0,N,32.5,41.79,41.79,391,3635734
WM5F,WM5F,True,True,both,B,DN16,4.0,46.5,-117.0,N,46.5,52.412,52.412,7,1079
WM6T,WM6T,True,True,both,B,DM13mv,6.0,33.8958,-116.9583,N,33.8958,39.976,39.976,5,2089
WM6X,WM6X,True,True,both,B,EM79,4.0,39.5,-85.0,N,39.5,48.623,48.623,3,1189
WM8Q,WM8Q,True,True,both,B,DN61ok,6.0,41.4375,-106.7917,N,41.4375,49.14,49.14,19,47800
WM9C,WM9C,True,True,both,B,EM59mu,6.0,39.8542,-88.9583,N,39.8542,49.063,49.063,385,6287650
WN0R,WN0R,True,True,both,B,EN22vm,6.0,42.5208,-94.2083,N,42.5208,51.502,51.502,3,3037
WN1Z,WN1Z,True,True,both,B,CN90,4.0,40.5,-121.0,N,40.5,45.748,45.748,70,23357
WN4AAA,WN4AAA,True,True,both,B,CN85,4.0,45.5,-123.0,N,45.5,50.284,50.284,33,6225
WN5N,WN5N,True,True,both,B,EM13pd,6.0,33.1458,-96.7083,N,33.1458,42.213,42.213,3,1855
WN6Q,WN6Q,True,True,both,B,DM04,4.0,34.5,-119.0,N,34.5,40.204,40.204,5,10947
WN9M,WN9M,True,True,both,A,EN55de,6.0,45.1875,-89.7083,N,45.1875,54.194,54.194,54,23299
WO4I,WO4I,True,True,both,B,EM66,4.0,36.5,-87.0,N,36.5,45.813,45.813,3,555
WO5M,WO5M,True,True,both,B,EM03,4.0,33.5,-99.0,N,33.5,42.335,42.335,3,813
WO6D,WO6D,True,True,both,B,DM04sa,6.0,34.0208,-118.4583,N,34.0208,39.829,39.829,7,1037
WO7I,WO7I,True,True,both,A,DN10cw,6.0,40.9375,-117.7917,N,40.9375,46.784,46.784,12,155243
WP4BQV,WP4BQV,True,True,both,A,FM09wd,6.0,39.1458,-78.125,N,39.1458,47.651,47.651,26,203498
WP4QHT,WP4QHT,True,True,both,B,FK68lc,6.0,18.1042,-67.0417,N,18.1042,24.679,24.679,3,74
WP4QZH,WP4QZH,True,True,both,B,FK68kf,6.0,18.2292,-67.125,N,18.2292,24.832,24.832,6,28167
WR0H,WR0H,True,True,both,A,EM28,4.0,38.5,-95.0,N,38.5,47.564,47.564,15,75229
WR3K,WR3K,True,True,both,B,FM19sa,6.0,39.0208,-76.4583,N,39.0208,47.287,47.287,6,9088
WR4I,WR4I,True,True,both,B,FM08qb,6.0,38.0625,-78.625,N,38.0625,46.671,46.671,388,6043786
WR6J,WR6J,True,True,both,B,CM95rp,6.0,35.6458,-120.5417,N,35.6458,41.052,41.052,22,28175
WR6S,WR6S,True,True,both,B,DM04,4.0,34.5,-119.0,N,34.5,40.204,40.204,5,645
WR8RW,WR8RW,True,True,both,B,EM85ua,6.0,35.0208,-82.2917,N,35.0208,44.145,44.145,8,33913
WS0CAL,WS0CAL,True,True,both,B,FM19,4.0,39.5,-77.0,N,39.5,47.835,47.835,5,3083
WS1CAL,WS1CAL,True,True,both,B,FM19,4.0,39.5,-77.0,N,39.5,47.835,47.835,3,208
WS1G,WS1G,True,True,both,B,FN31lh,6.0,41.3125,-73.0417,N,41.3125,48.941,48.941,29,18537
WS1M,WS1M,True,True,both,A,FN42gn,6.0,42.5625,-71.4583,N,42.5625,49.875,49.875,19,10602
WS4TX,WS4TX,True,True,both,A,FM07,4.0,37.5,-79.0,N,37.5,46.177,46.177,29,135434
WS7PR,WS7PR,True,True,both,B,DM45,4.0,35.5,-111.0,N,35.5,42.609,42.609,8,23845
WS9Q,WS9Q,True,True,both,A,EN62cd,6.0,42.1458,-87.7917,N,42.1458,51.257,51.257,18,12022
WT1K,WT1K,True,True,both,B,EM65,4.0,35.5,-87.0,N,35.5,44.852,44.852,6,23211
WT2P,WT2P,True,True,both,B,EN51rp,6.0,41.6458,-88.5417,N,41.6458,50.785,50.785,16,20068
WT5TX,WT5TX,True,True,both,B,EL16cd,6.0,26.1458,-97.7917,N,26.1458,35.199,35.199,5,1275
WT6T,WT6T,True,True,both,B,DM04,4.0,34.5,-119.0,N,34.5,40.204,40.204,4,5807
WT7A,WT7A,True,True,both,B,CN74xn,6.0,44.5625,-124.0417,N,44.5625,49.156,49.156,4,2239
WT9D,WT9D,True,True,both,B,EM57qp,6.0,37.6458,-88.625,N,37.6458,46.936,46.936,5,1458
WU3L,WU3L,True,True,both,B,EN34,4.0,44.5,-93.0,N,44.5,53.465,53.465,16,7438
WU3V,WU3V,True,True,both,B,FM19,4.0,39.5,-77.0,N,39.5,47.835,47.835,5,23621
WU7F,WU7F,True,True,both,B,DN40bv,6.0,40.8958,-111.875,N,40.8958,47.798,47.798,4,1400
WU9L,WU9L,True,True,both,B,EM64,4.0,34.5,-87.0,N,34.5,43.891,43.891,4,397
WU9NAP,WU9NAP,True,False,wsprnet_only,A,DK93,4.0,13.5,-101.0,N,13.5,22.021,22.021,13,52
WV1T,WV1T,True,True,both,A,CN85mh,6.0,45.3125,-122.9583,N,45.3125,50.108,50.108,12,19874
WV4GS,WV4GS,True,True,both,B,EM95um,6.0,35.5208,-80.2917,N,35.5208,44.429,44.429,3,52
WW0AW,WW0AW,True,True,both,A,EM48,4.0,38.5,-91.0,N,38.5,47.738,47.738,17,33395
WW0N,WW0N,True,True,both,A,FM19id,6.0,39.1458,-77.2917,N,39.1458,47.534,47.534,13,12891
WW0WWV,WW0WWV,True,True,both,A,DN70mq,6.0,40.6875,-104.9583,N,40.6875,48.665,48.665,391,93449050
WW1ALX,WW1ALX,True,True,both,A,FM28,4.0,38.5,-75.0,N,38.5,46.54,46.54,37,201484
WW2WP,WW2WP,True,True,both,A,EN51,4.0,41.5,-89.0,N,41.5,50.647,50.647,84,1893008
WW4ET,WW4ET,True,True,both,A,FM14bb,6.0,34.0625,-77.875,N,34.0625,42.719,42.719,10,3833
WW4RX,WW4RX,True,True,both,B,EL97uc,6.0,27.1042,-80.2917,N,27.1042,36.409,36.409,7,12124
WW4WWW,WW4WWW,True,True,both,B,EM73lp,6.0,33.6458,-85.0417,N,33.6458,43.007,43.007,35,42564
WW5B,WW5B,True,True,both,B,DM42nf,6.0,32.2292,-110.875,N,32.2292,39.376,39.376,18,8563
WW5TOM,WW5TOM,True,True,both,B,EM20ek,6.0,30.4375,-95.625,N,30.4375,39.652,39.652,7,639
WW6CC,WW6CC,True,True,both,A,DM13,4.0,33.5,-117.0,N,33.5,39.576,39.576,31,81216
WW6D,WW6D,True,True,both,A,CM88pk,6.0,38.4375,-122.7083,N,38.4375,43.392,43.392,67,10741
WW7J,WW7J,True,True,both,B,CN87ug,6.0,47.2708,-122.2917,N,47.2708,52.168,52.168,6,3094
WW7JSB,WW7JSB,True,True,both,B,CN82ni,6.0,42.3542,-122.875,N,42.3542,47.211,47.211,6,2874
WW8O,WW8O,True,True,both,B,EM88mr,6.0,38.7292,-82.9583,N,38.7292,47.756,47.756,7,240
WW8ZZ,WW8ZZ,True,True,both,B,EM79rh,6.0,39.3125,-84.5417,N,39.3125,48.419,48.419,4,960
WX0TFT,WX0TFT,True,True,both,B,IM45,4.0,35.5,-11.0,N,35.5,24.519,24.519,6,12
WX3S,WX3S,True,True,both,B,FN00nl,6.0,40.4792,-78.875,N,40.4792,49.037,49.037,3,1218
WX4DAT,WX4DAT,True,True,both,B,EM95je,6.0,35.1875,-81.2083,N,35.1875,44.206,44.206,5,1000
WY0RS,WY0RS,True,True,both,B,DN72vb,6.0,42.0625,-104.2083,N,42.0625,50.114,50.114,4,657
WY1U,WY1U,True,True,both,A,FN31nl,6.0,41.4792,-72.875,N,41.4792,49.075,49.075,185,428944
WY2XSP,WY2XSP,True,False,wsprnet_only,B,EM16,4.0,36.5,-97.0,N,36.5,45.468,45.468,7,13
WY5L,WY5L,True,True,both,B,FM05,4.0,35.5,-79.0,N,35.5,44.253,44.253,6,79
WY7JMS,WY7JMS,True,True,both,B,DN71pd,6.0,41.1458,-104.7083,N,41.1458,49.149,49.149,3,35555
WY8O,WY8O,True,True,both,A,EM60kp,6.0,30.6458,-87.125,N,30.6458,40.19,40.19,46,6814
WY8R,WY8R,True,True,both,A,EN82ks,6.0,42.7708,-83.125,N,42.7708,51.657,51.657,378,4038902
WZ2B,WZ2B,True,True,both,A,FN13gb,6.0,43.0625,-77.4583,N,43.0625,51.362,51.362,21,5772
WZ3D,WZ3D,True,True,both,B,FM19kb,6.0,39.0625,-77.125,N,39.0625,47.429,47.429,6,2774
WZ3J,WZ3J,True,True,both,B,FM19mk,6.0,39.4375,-76.9583,N,39.4375,47.768,47.768,3,1133
WZ4JM,WZ4JM,True,True,both,A,EL89vb,6.0,29.0625,-82.2083,N,29.0625,38.451,38.451,10,20423
WZ4LZ,WZ4LZ,True,True,both,B,EL87sn,6.0,27.5625,-82.4583,N,27.5625,37.044,37.044,5,1293
WZ6LAW,WZ6LAW,True,True,both,B,CM87,4.0,37.5,-123.0,N,37.5,42.415,42.415,3,4954
WZ8H,WZ8H,True,True,both,B,EN81pm,6.0,41.5208,-82.7083,N,41.5208,50.423,50.423,5,389
WZ8S,WZ8S,True,True,both,B,FN30es,6.0,40.7708,-73.625,N,40.7708,48.516,48.516,20,5760
WZ9U,WZ9U,True,True,both,A,CN85,4.0,45.5,-123.0,N,45.5,50.284,50.284,72,26892
WZ9V,WZ9V,True,True,both,B,EN41,4.0,41.5,-91.0,N,41.5,50.631,50.631,4,8132
WZ9Y,WZ9Y,True,True,both,B,EN64al,6.0,44.4792,-87.9583,N,44.4792,53.503,53.503,9,6854
WZ9ZZZ,WZ9ZZZ,True,True,both,B,FN21,4.0,41.5,-75.0,N,41.5,49.47,49.47,5,2680
X09TWO,X09TWO,True,False,wsprnet_only,B,FP16,4.0,66.5,-77.0,N,66.5,73.917,73.917,5,26
X24KZO,X24KZO,True,True,both,A,LQ01,4.0,71.5,41.0,N,71.5,68.423,68.423,70,841
X25WVO,X25WVO,True,False,wsprnet_only,B,DJ91,4.0,1.5,-101.0,N,1.5,9.922,9.922,29,130
X26KGI,X26KGI,True,True,both,A,EI75,4.0,-4.5,-85.0,S,4.5,6.362,6.362,221,3851
X29BDA,X29BDA,True,False,wsprnet_only,A,EP10,4.0,60.5,-97.0,N,60.5,68.514,68.514,38,132
X2CIN,X2CIN,True,False,wsprnet_only,A,EM68,4.0,38.5,-87.0,N,38.5,47.735,47.735,11,32
X33JUF,X33JUF,True,False,wsprnet_only,B,DI49,4.0,-0.5,-111.0,S,0.5,6.143,6.143,6,23
X34UYX,X34UYX,True,False,wsprnet_only,A,DI49,4.0,-0.5,-111.0,S,0.5,6.143,6.143,47,254
X36TBR,X36TBR,True,False,wsprnet_only,B,JN48,4.0,48.5,9.0,N,48.5,43.491,43.491,6,14
X42MGL,X42MGL,True,False,wsprnet_only,A,FM01,4.0,31.5,-79.0,N,31.5,40.426,40.426,16,51
X43SHZ,X43SHZ,True,False,wsprnet_only,B,JO30,4.0,50.5,7.0,N,50.5,45.903,45.903,3,31
X46SGE,X46SGE,True,True,both,A,JG30,4.0,-29.5,7.0,S,29.5,-38.514,38.514,10,38
X50XAE,X50XAE,True,False,wsprnet_only,B,EP60,4.0,60.5,-87.0,N,60.5,68.757,68.757,5,28
X77MOX,X77MOX,True,True,both,A,QR85,4.0,85.5,157.0,N,85.5,81.377,81.377,239,22671
XC3EGA,XC3EGA,True,True,both,B,DM69dk,6.0,39.4375,-107.7083,N,39.4375,47.034,47.034,4,341
XE1AF,XE1AF,True,True,both,B,EK09jj,6.0,19.3958,-99.2083,N,19.3958,28.264,28.264,100,1389268
XE2/EA3HHZ,EA3HHZ,True,True,both,B,DL39fa,6.0,29.0208,-113.5417,N,29.0208,35.715,35.715,3,180
XE2BCS,XE2BCS,True,True,both,B,DL44,4.0,24.5,-111.0,N,24.5,31.589,31.589,9,5109
XE2EJ,XE2EJ,True,True,both,A,DL44ue,6.0,24.1875,-110.2917,N,24.1875,31.39,31.39,14,6874
XE2ES,XE2ES,True,True,both,B,DM22,4.0,32.5,-115.0,N,32.5,38.937,38.937,5,16178
XE2IF,XE2IF,True,True,both,B,DL52ud,6.0,22.1458,-108.2917,N,22.1458,29.646,29.646,8,862
XE2ITY,XE2ITY,True,True,both,A,DL29,4.0,29.5,-115.0,N,29.5,35.944,35.944,32,126570
XE2TT,XE2TT,True,True,both,B,DL44,4.0,24.5,-111.0,N,24.5,31.589,31.589,50,489499
XE2VP/1,XE2VP,True,True,both,A,DL96gw,6.0,26.9375,-101.4583,N,26.9375,35.527,35.527,16,105271
XE3EA,XE3EA,True,True,both,A,EL51ea,6.0,21.0208,-89.625,N,21.0208,30.849,30.849,75,232295
XE3O,XE3O,True,True,both,A,EL50ex,6.0,20.9792,-89.625,N,20.9792,30.808,30.808,13,65589
XG9ESA,XG9ESA,True,True,both,B,DO85qe,6.0,55.1875,-102.625,N,55.1875,63.015,63.015,3,530
XG9HRE,XG9HRE,True,True,both,B,DO38cn,6.0,58.5625,-113.7917,N,58.5625,64.747,64.747,3,1481
XT3AOM,XT3AOM,True,True,both,A,OA83,4.0,-86.5,117.0,S,86.5,-77.753,77.753,21,494
XZ1WPS,XZ1WPS,True,True,both,A,PI93,4.0,-6.5,139.0,S,6.5,-14.957,14.957,49,2705
Y0S,Y0S,True,False,wsprnet_only,B,FN23,4.0,43.5,-75.0,N,43.5,51.431,51.431,4,15
Y62HTM,Y62HTM,True,True,both,A,PE05,4.0,-44.5,121.0,S,44.5,-57.196,57.196,78,99
YB3RDW,YB3RDW,True,True,both,A,OI62iq,6.0,-7.3125,112.7083,S,7.3125,-14.984,14.984,24,3377
YB9GV,YB9GV,True,True,both,B,OI81bk,6.0,-8.5625,116.125,S,8.5625,-16.351,16.351,3,1273
YB9HXO,YB9HXO,True,True,both,B,OI81cq,6.0,-8.3125,116.2083,S,8.3125,-16.069,16.069,5,870
YC1DB,YC1DB,True,True,both,A,OI33tc,6.0,-6.8958,107.625,S,6.8958,-14.724,14.724,23,9841
YC2FTC,YC2FTC,True,True,both,B,OI42rh,6.0,-7.6875,109.4583,S,7.6875,-15.526,15.526,5,1883
YD1LCT,YD1LCT,True,True,both,B,OI42in,6.0,-7.4375,108.7083,S,7.4375,-15.279,15.279,3,136
YD9BAX,YD9BAX,True,True,both,B,OI71pn,6.0,-8.4375,115.2917,S,8.4375,-16.213,16.213,11,461
YK8WRK,YK8WRK,True,True,both,A,KJ86,4.0,6.5,37.0,N,6.5,,,112,1250
YL/ON5RZ,ON5RZ,True,True,both,B,KO16fp,6.0,56.6458,22.4583,N,56.6458,53.118,53.118,4,212
YL3ANT,YL3ANT,True,True,both,B,KO36pm,6.0,56.5208,27.2917,N,56.5208,53.028,53.028,7,136
YL3AQI,YL3AQI,True,True,both,B,KO16ks,6.0,56.7708,22.875,N,56.7708,53.257,53.257,5,1578
YL3AQT,YL3AQT,True,True,both,B,KO26oo,6.0,56.6042,25.2083,N,56.6042,53.096,53.096,4,433
YL3ASE,YL3ASE,True,True,both,B,KO06ol,6.0,56.4792,21.2083,N,56.4792,52.926,52.926,4,4626
YL3JO,YL3JO,True,True,both,B,KO27eu,6.0,57.8542,24.375,N,57.8542,54.442,54.442,4,1716
YL3ND,YL3ND,True,True,both,B,KO17jm,6.0,57.5208,22.7917,N,57.5208,54.074,54.074,4,1825
YL3QT,YL3QT,True,True,both,A,KO26oo,6.0,56.6042,25.2083,N,56.6042,53.096,53.096,10,1491
YM2XBL/12,YM2XBL,True,True,both,B,KO85vr,6.0,55.7292,37.7917,N,55.7292,52.34,52.34,43,719
YM7KA,YM7KA,True,True,both,A,KN90,4.0,40.5,39.0,N,40.5,36.104,36.104,37,410402
YM7XOF,YM7XOF,True,True,both,A,LN00,4.0,40.5,41.0,N,40.5,36.231,36.231,29,60728
YO2COB,YO2COB,True,True,both,A,KN05os,6.0,45.7708,21.2083,N,45.7708,40.775,40.775,11,2786
YO2FBA,YO2FBA,True,True,both,B,KN15,4.0,45.5,23.0,N,45.5,40.575,40.575,9,11240
YO2GL,YO2GL,True,False,wsprnet_only,B,KN05os,6.0,45.7708,21.2083,N,45.7708,40.775,40.775,6,47
YO2IS,YO2IS,True,True,both,A,KN05ps,6.0,45.7708,21.2917,N,45.7708,40.781,40.781,47,10164
YO2LYR,YO2LYR,True,True,both,B,KN05os,6.0,45.7708,21.2083,N,45.7708,40.775,40.775,11,4360
YO2MBU,YO2MBU,True,True,both,B,KN05os,6.0,45.7708,21.2083,N,45.7708,40.775,40.775,6,2995
YO3AHO,YO3AHO,True,True,both,B,KN24xj,6.0,44.3958,25.9583,N,44.3958,39.502,39.502,7,10205
YO3AX,YO3AX,True,True,both,A,KN34,4.0,44.5,27.0,N,44.5,39.697,39.697,13,2527
YO3ICT,YO3ICT,True,False,wsprnet_only,B,KN34al,6.0,44.4792,26.0417,N,44.4792,39.604,39.604,3,167
YO3LW,YO3LW,True,True,both,B,KN34,4.0,44.5,27.0,N,44.5,39.697,39.697,3,6129
YO3RJE,YO3RJE,True,True,both,B,KN34bj,6.0,44.3958,26.125,N,44.3958,39.514,39.514,6,2050
YO4AG,YO4AG,True,True,both,A,KN44he,6.0,44.1875,28.625,N,44.1875,39.457,39.457,188,203703
YO4MXK,YO4MXK,True,True,both,A,KN44hf,6.0,44.2292,28.625,N,44.2292,39.504,39.504,62,171159
YO4RKN,YO4RKN,True,True,both,B,KN36oc,6.0,46.1042,27.2083,N,46.1042,41.536,41.536,8,8322
YO4XPF,YO4XPF,True,True,both,A,KN35rs,6.0,45.7708,27.4583,N,45.7708,41.174,41.174,51,13337
YO4XZ,YO4XZ,True,False,wsprnet_only,A,JN37rf,6.0,47.2292,7.4583,N,47.2292,41.874,41.874,11,23
YO5BDL,YO5BDL,True,True,both,B,KN16,4.0,46.5,23.0,N,46.5,41.735,41.735,16,42731
YO5RXM,YO5RXM,True,True,both,B,JN75,4.0,45.5,15.0,N,45.5,40.068,40.068,8,2638
YO6DXE,YO6DXE,True,True,both,B,KN25vr,6.0,45.7292,25.7917,N,45.7292,41.021,41.021,50,84898
YO6FCW,YO6FCW,True,True,both,B,KN26vi,6.0,46.3542,25.7917,N,46.3542,41.734,41.734,3,1133
YO6FFW,YO6FFW,True,True,both,A,KN25sp,6.0,45.6458,25.5417,N,45.6458,40.909,40.909,34,69155
YO6FNF,YO6FNF,True,True,both,B,KN25uo,6.0,45.6042,25.7083,N,45.6042,40.872,40.872,128,665152
YO6KXQ,YO6KXQ,True,True,both,A,KN25tp,6.0,45.6458,25.625,N,45.6458,40.914,40.914,68,247486
YO6MT,YO6MT,True,True,both,B,KN26,4.0,46.5,25.0,N,46.5,41.853,41.853,4,634
YO6PAO,YO6PAO,True,True,both,A,KN26vi,6.0,46.3542,25.7917,N,46.3542,41.734,41.734,83,435149
YO6PMM,YO6PMM,True,True,both,B,KN26vi,6.0,46.3542,25.7917,N,46.3542,41.734,41.734,5,3934
YO6QCD,YO6QCD,True,True,both,A,KN25,4.0,45.5,25.0,N,45.5,40.706,40.706,85,236769
YO6RV,YO6RV,True,True,both,A,KN25,4.0,45.5,25.0,N,45.5,40.706,40.706,76,305337
YO7AV,YO7AV,True,True,both,B,KN14vh,6.0,44.3125,23.7917,N,44.3125,39.246,39.246,3,269
YO7COV,YO7COV,True,True,both,A,KN14vh,6.0,44.3125,23.7917,N,44.3125,39.246,39.246,394,538594
YO7DJI,YO7DJI,True,True,both,B,KN14tf,6.0,44.2292,23.625,N,44.2292,39.136,39.136,5,8623
YO7EY,YO7EY,True,True,both,B,KN14nt,6.0,44.8125,23.125,N,44.8125,39.782,39.782,3,832
YO7FWS,YO7FWS,True,True,both,A,KN24dj,6.0,44.3958,24.2917,N,44.3958,39.38,39.38,106,1334430
YO8RIX,YO8RIX,True,True,both,A,KN37hs,6.0,47.7708,26.625,N,47.7708,43.385,43.385,24,75190
YO8TVD,YO8TVD,True,True,both,B,KN27xu,6.0,47.8542,25.9583,N,47.8542,43.445,43.445,6,47447
YO8XMD,YO8XMD,True,True,both,B,KN37,4.0,47.5,27.0,N,47.5,43.099,43.099,3,323
YO8XNA,YO8XNA,True,True,both,A,KN36,4.0,46.5,27.0,N,46.5,41.971,41.971,22,48150
YS1RS,YS1RS,True,True,both,A,EK53jp,6.0,13.6458,-89.2083,N,13.6458,23.686,23.686,24,152986
YT1DDL,YT1DDL,True,True,both,B,KN04lp,6.0,44.6458,20.9583,N,44.6458,39.432,39.432,11,779
YT1DL,YT1DL,True,True,both,B,KN04,4.0,44.5,21.0,N,44.5,39.262,39.262,394,1877744
YT1KY,YT1KY,True,True,both,B,KN04,4.0,44.5,21.0,N,44.5,39.262,39.262,6,3559
YT1XN,YT1XN,True,True,both,B,KN04co,6.0,44.6042,20.2083,N,44.6042,39.329,39.329,9,86327
YT2AAA,YT2AAA,True,True,both,B,KN04pf,6.0,44.2292,21.2917,N,44.2292,38.962,38.962,15,51013
YT3NB,YT3NB,True,False,wsprnet_only,A,KN03,4.0,43.5,21.0,N,43.5,38.071,38.071,13,4611
YT3T,YT3T,True,True,both,B,KN04rr,6.0,44.7292,21.4583,N,44.7292,39.566,39.566,3,201
YU1DGH,YU1DGH,True,True,both,A,KN03wh,6.0,43.3125,21.875,N,43.3125,37.919,37.919,61,634772
YU1ZP,YU1ZP,True,True,both,B,KN04,4.0,44.5,21.0,N,44.5,39.262,39.262,4,2828
YU3KNN,YU3KNN,True,True,both,B,KN04,4.0,44.5,21.0,N,44.5,39.262,39.262,3,102
YU7OMG,YU7OMG,True,True,both,B,KN04iv,6.0,44.8958,20.7083,N,44.8958,39.71,39.71,6,2904
YU9OMT,YU9OMT,True,True,both,A,KN05am,6.0,45.5208,20.0417,N,45.5208,40.406,40.406,139,55616
YV1GDQ,YV1GDQ,True,True,both,B,FK40if,6.0,10.2292,-71.2917,N,10.2292,18.937,18.937,17,34459
YV7BMZ,YV7BMZ,True,True,both,A,FK81ab,6.0,11.0625,-63.9583,N,11.0625,16.506,16.506,10,1787
YV8GJB,YV8GJB,True,True,both,A,FJ88st,6.0,8.8125,-62.4583,N,8.8125,13.433,13.433,43,5547
YY0ELZ,YY0ELZ,True,True,both,A,EF63,4.0,-36.5,-87.0,S,36.5,-24.529,24.529,339,19844
YY5JGP,YY5JGP,True,True,both,B,FK60nk,6.0,10.4375,-66.875,N,10.4375,17.446,17.446,5,2153
YY7ECA,YY7ECA,True,True,both,A,FK81ab,6.0,11.0625,-63.9583,N,11.0625,16.506,16.506,10,2169
Z06RMZ,Z06RMZ,True,True,both,B,JM57,4.0,37.5,11.0,N,37.5,29.413,29.413,9,47
Z08PZS,Z08PZS,True,True,both,A,GB70,4.0,-79.5,-45.0,S,79.5,-64.774,64.774,23,29
Z31BT,Z31BT,True,True,both,A,KN01,4.0,41.5,21.0,N,41.5,35.664,35.664,25,148912
Z34CMF,Z34CMF,True,True,both,B,KN11,4.0,41.5,23.0,N,41.5,35.857,35.857,3,39702
Z49CPT,Z49CPT,True,True,both,B,IO09,4.0,59.5,-19.0,N,59.5,58.234,58.234,9,15
ZB2JK,ZB2JK,True,True,both,B,IM76hd,6.0,36.1458,-5.375,N,36.1458,25.768,25.768,171,363201
ZB2TEN,ZB2TEN,True,True,both,A,IM76hd,6.0,36.1458,-5.375,N,36.1458,25.768,25.768,264,245873
ZB2YN,ZB2YN,True,True,both,A,IM76hd,6.0,36.1458,-5.375,N,36.1458,25.768,25.768,76,158677
ZB2ZX,ZB2ZX,True,True,both,A,IM76hd,6.0,36.1458,-5.375,N,36.1458,25.768,25.768,98,86492
ZB3VVF,ZB3VVF,True,True,both,B,CA22,4.0,-87.5,-135.0,S,87.5,-73.87,73.87,8,19
ZD7GWM,ZD7GWM,True,True,both,A,IH74db,6.0,-15.9375,-5.7083,S,15.9375,-25.378,25.378,193,4433533
ZD9SSS,ZD9SSS,True,True,both,A,IE59,4.0,-40.5,-9.0,S,40.5,-43.736,43.736,209,44512
ZF1DM,ZF1DM,True,True,both,A,EK99jh,6.0,19.3125,-81.2083,N,19.3125,29.139,29.139,39,26989
ZF1EJ,ZF1EJ,True,True,both,A,EK99ig,6.0,19.2708,-81.2917,N,19.2708,29.106,29.106,11,4309
ZF8UYW,ZF8UYW,True,False,wsprnet_only,B,DL39,4.0,29.5,-113.0,N,29.5,36.288,36.288,8,10
ZL/PA2WLE,PA2WLE,True,True,both,B,RE45nh,6.0,-44.6875,169.125,S,44.6875,-51.776,51.776,3,422
ZL1ANY,ZL1ANY,True,True,both,B,RF72si,6.0,-37.6458,175.5417,S,37.6458,-43.263,43.263,3,426
ZL1AYL,ZL1AYL,True,True,both,B,RF73,4.0,-36.5,175.0,S,36.5,-42.178,42.178,4,1980
ZL1BRL,ZL1BRL,True,True,both,A,RF73ie,6.0,-36.8125,174.7083,S,36.8125,-42.56,42.56,14,6499
ZL1BRT,ZL1BRT,True,True,both,B,RF71mw,6.0,-38.0625,175.0417,S,38.0625,-43.792,43.792,263,336982
ZL1CE,ZL1CE,True,True,both,A,RF73jc,6.0,-36.8958,174.7917,S,36.8958,-42.63,42.63,72,45484
ZL1CX,ZL1CX,True,True,both,B,RF73,4.0,-36.5,175.0,S,36.5,-42.178,42.178,3,126
ZL1DI,ZL1DI,True,True,both,B,RF73ib,6.0,-36.9375,174.7083,S,36.9375,-42.69,42.69,9,1559
ZL1DRS,ZL1DRS,True,True,both,B,RF72,4.0,-37.5,175.0,S,37.5,-43.217,43.217,194,223912
ZL1ER,ZL1ER,True,True,both,A,RF81du,6.0,-38.1458,176.2917,S,38.1458,-43.634,43.634,329,233490
ZL1IM,ZL1IM,True,True,both,B,RF82,4.0,-37.5,177.0,S,37.5,-42.826,42.826,4,547
ZL1KM,ZL1KM,True,True,both,B,RF72,4.0,-37.5,175.0,S,37.5,-43.217,43.217,393,284396
ZL1KRI,ZL1KRI,True,True,both,B,RF82,4.0,-37.5,177.0,S,37.5,-42.826,42.826,6,1056
ZL1LC,ZL1LC,True,True,both,A,RF70,4.0,-39.5,175.0,S,39.5,-45.286,45.286,41,113524
ZL1MGA,ZL1MGA,True,True,both,A,RF81,4.0,-38.5,177.0,S,38.5,-43.86,43.86,47,329531
ZL1MY,ZL1MY,True,True,both,B,RF73kd,6.0,-36.8542,174.875,S,36.8542,-42.571,42.571,3,1055
ZL1OGX,ZL1OGX,True,True,both,B,RF73ih,6.0,-36.6875,174.7083,S,36.6875,-42.43,42.43,5,61
ZL1PWD,ZL1PWD,True,False,wsprnet_only,B,RF74,4.0,-35.5,175.0,S,35.5,-41.137,41.137,7,20
ZL1RD,ZL1RD,True,True,both,B,RF73hi,6.0,-36.6458,174.625,S,36.6458,-42.402,42.402,9,5442
ZL1RQ,ZL1RQ,True,False,wsprnet_only,B,RF64sx,6.0,-35.0208,173.5417,S,35.0208,-40.915,40.915,5,94
ZL1SX,ZL1SX,True,True,both,A,RF73mc,6.0,-36.8958,175.0417,S,36.8958,-42.582,42.582,247,569698
ZL1UZM,ZL1UZM,True,True,both,B,RF73hd,6.0,-36.8542,174.625,S,36.8542,-42.619,42.619,23,12128
ZL1WX,ZL1WX,True,True,both,B,RF73me,6.0,-36.8125,175.0417,S,36.8125,-42.495,42.495,5,5974
ZL2AIU,ZL2AIU,True,True,both,A,RE79,4.0,-40.5,175.0,S,40.5,-46.317,46.317,40,32313
ZL2AWW,ZL2AWW,True,True,both,A,RF71pd,6.0,-38.8542,175.2917,S,38.8542,-44.562,44.562,11,5109
ZL2BH,ZL2BH,True,True,both,A,RE68,4.0,-41.5,173.0,S,41.5,-47.74,47.74,28,54247
ZL2BJO,ZL2BJO,True,True,both,B,RE79tq,6.0,-40.3125,175.625,S,40.3125,-46.0,46.0,9,366
ZL2BNE,ZL2BNE,True,True,both,B,RE68wm,6.0,-41.4792,173.875,S,41.4792,-47.546,47.546,21,5150
ZL2CAZ,ZL2CAZ,True,True,both,B,RF91ai,6.0,-38.6458,178.0417,S,38.6458,-43.804,43.804,9,1651
ZL2CM,ZL2CM,True,True,both,A,RF72of,6.0,-37.7708,175.2083,S,37.7708,-43.458,43.458,225,713069
ZL2FT,ZL2FT,True,True,both,B,RF70mb,6.0,-39.9375,175.0417,S,39.9375,-45.729,45.729,42,65139
ZL2GT,ZL2GT,True,False,wsprnet_only,A,RF80,4.0,-39.5,177.0,S,39.5,-44.891,44.891,50,814
ZL2IAS,ZL2IAS,True,True,both,A,RF82ja,6.0,-37.9792,176.7917,S,37.9792,-43.363,43.363,21,23230
ZL2II,ZL2II,True,True,both,A,RE78mu,6.0,-41.1458,175.0417,S,41.1458,-46.973,46.973,28,57616
ZL2JBK,ZL2JBK,True,True,both,B,RF70bw,6.0,-39.0625,174.125,S,39.0625,-45.006,45.006,3,260
ZL2KO,ZL2KO,True,True,both,A,RE79so,6.0,-40.3958,175.5417,S,40.3958,-46.102,46.102,297,365943
ZL2KR,ZL2KR,True,True,both,A,RF70mc,6.0,-39.8958,175.0417,S,39.8958,-45.686,45.686,54,26467
ZL2NEB,ZL2NEB,True,True,both,A,RE68xl,6.0,-41.5208,173.9583,S,41.5208,-47.573,47.573,13,15632
ZL2NU,ZL2NU,True,True,both,B,RE79xp,6.0,-40.3542,175.9583,S,40.3542,-45.977,45.977,6,17337
ZL2RX,ZL2RX,True,True,both,B,RE68pr,6.0,-41.2708,173.2917,S,41.2708,-47.447,47.447,7,10914
ZL2SIX,ZL2SIX,True,True,both,A,RE68,4.0,-41.5,173.0,S,41.5,-47.74,47.74,231,11201
ZL2SPF,ZL2SPF,True,True,both,A,RF80,4.0,-39.5,177.0,S,39.5,-44.891,44.891,29,10670
ZL2TCA,ZL2TCA,True,True,both,A,RE89bs,6.0,-40.2292,176.125,S,40.2292,-45.815,45.815,34,17251
ZL2TLF,ZL2TLF,True,True,both,B,RF70bk,6.0,-39.5625,174.125,S,39.5625,-45.522,45.522,8,8528
ZL2UKX,ZL2UKX,True,True,both,B,RF80jh,6.0,-39.6875,176.7917,S,39.6875,-45.125,45.125,3,309
ZL2WL,ZL2WL,True,True,both,A,RF80ki,6.0,-39.6458,176.875,S,39.6458,-45.066,45.066,72,82990
ZL3AJB,ZL3AJB,True,True,both,B,RE66hl,6.0,-43.5208,172.625,S,43.5208,-49.89,49.89,4,464
ZL3AX,ZL3AX,True,True,both,B,RE66hq,6.0,-43.3125,172.625,S,43.3125,-49.676,49.676,3,302
ZL3DAB,ZL3DAB,True,True,both,A,RE66el,6.0,-43.5208,172.375,S,43.5208,-49.939,49.939,34,46872
ZL3NLA,ZL3NLA,True,True,both,B,RE66im,6.0,-43.4792,172.7083,S,43.4792,-49.831,49.831,7,1316
ZL3PIE,ZL3PIE,True,True,both,B,RE66,4.0,-43.5,173.0,S,43.5,-49.794,49.794,3,479
ZL3RA,ZL3RA,True,True,both,A,RE68,4.0,-41.5,173.0,S,41.5,-47.74,47.74,22,4533
ZL3RKO,ZL3RKO,True,True,both,A,RF73,4.0,-36.5,175.0,S,36.5,-42.178,42.178,312,228568
ZL3TKI,ZL3TKI,True,True,both,A,RE66hk,6.0,-43.5625,172.625,S,43.5625,-49.933,49.933,395,556062
ZL3TOA,ZL3TOA,True,True,both,B,RF70,4.0,-39.5,175.0,S,39.5,-45.286,45.286,4,242
ZL4JW,ZL4JW,True,False,wsprnet_only,B,RE44iw,6.0,-45.0625,168.7083,S,45.0625,-52.242,52.242,3,33
ZL4KF,ZL4KF,True,True,both,B,RE58sg,6.0,-41.7292,171.5417,S,41.7292,-48.26,48.26,100,531188
ZL4KYH,ZL4KYH,True,True,both,A,RE78js,6.0,-41.2292,174.7917,S,41.2292,-47.108,47.108,192,164381
ZL4XZ,ZL4XZ,True,True,both,B,RF73jc,6.0,-36.8958,174.7917,S,36.8958,-42.63,42.63,3,204
ZM0XXD,ZM0XXD,True,False,wsprnet_only,B,DM86,4.0,36.5,-103.0,N,36.5,44.81,44.81,8,20
ZM1BNG,ZM1BNG,True,True,both,B,RF72pf,6.0,-37.7708,175.2917,S,37.7708,-43.441,43.441,5,1094
ZP2HKJ,ZP2HKJ,True,True,both,A,LF35,4.0,-34.5,47.0,S,34.5,-42.939,42.939,43,387
ZP4KFX,ZP4KFX,True,True,both,A,GG14hq,6.0,-25.3125,-57.375,S,25.3125,-18.507,18.507,113,262179
ZP6KFX,ZP6KFX,True,True,both,A,GG14hq,6.0,-25.3125,-57.375,S,25.3125,-18.507,18.507,23,27779
ZR1DGW,ZR1DGW,True,True,both,B,JF95fx,6.0,-34.0208,18.4583,S,34.0208,-42.0,42.0,6,12071
ZR1WT,ZR1WT,True,True,both,B,KF16ga,6.0,-33.9792,22.5417,S,33.9792,-42.012,42.012,43,2392
ZR4AAB,ZR4AAB,True,True,both,A,KG33wf,6.0,-26.7708,27.875,S,26.7708,-36.29,36.29,20,1119
ZR4BBC,ZR4BBC,True,False,wsprnet_only,A,KF36,4.0,-33.5,27.0,S,33.5,-41.677,41.677,18,274
ZR5HOP,ZR5HOP,True,True,both,A,GR52,4.0,82.5,-49.0,N,82.5,85.28,85.28,12,18
ZR6DJV,ZR6DJV,True,True,both,B,KG44dg,6.0,-25.7292,28.2917,S,25.7292,-35.377,35.377,4,302
ZR6MS,ZR6MS,True,True,both,A,KG33xw,6.0,-26.0625,27.9583,S,26.0625,-35.68,35.68,22,449
ZR9PBL,ZR9PBL,True,True,both,B,DM70,4.0,30.5,-105.0,N,30.5,38.582,38.582,7,609
ZS0RR,ZS0RR,True,True,both,B,JF95fu,6.0,-34.1458,18.4583,S,34.1458,-42.087,42.087,9,14321
ZS1ABU,ZS1ABU,True,True,both,B,KF16fb,6.0,-33.9375,22.4583,S,33.9375,-41.981,41.981,43,1983
ZS1CE,ZS1CE,True,True,both,B,JF96hd,6.0,-33.8542,18.625,S,33.8542,-41.887,41.887,4,379
ZS1DWH,ZS1DWH,True,True,both,B,JF96id,6.0,-33.8542,18.7083,S,33.8542,-41.888,41.888,9,847
ZS1I,ZS1I,True,True,both,A,KF15bt,6.0,-34.1875,22.125,S,34.1875,-42.157,42.157,211,7800
ZS1IB,ZS1IB,True,True,both,A,KF05qo,6.0,-34.3958,21.375,S,34.3958,-42.297,42.297,30,468
ZS1JDF,ZS1JDF,True,True,both,B,KF16ha,6.0,-33.9792,22.625,S,33.9792,-42.012,42.012,17,324
ZS1KWA,ZS1KWA,True,True,both,B,JF95kv,6.0,-34.1042,18.875,S,34.1042,-42.064,42.064,29,4281
ZS1RP,ZS1RP,True,True,both,B,KF05qp,6.0,-34.3542,21.375,S,34.3542,-42.268,42.268,4,43
ZS1TBP,ZS1TBP,True,True,both,B,KF15bt,6.0,-34.1875,22.125,S,34.1875,-42.157,42.157,5,226
ZS1WE,ZS1WE,True,True,both,B,JF95fu,6.0,-34.1458,18.4583,S,34.1458,-42.087,42.087,13,290
ZS1WRC,ZS1WRC,True,True,both,A,JF95,4.0,-34.5,19.0,S,34.5,-42.339,42.339,362,117121
ZS1ZC,ZS1ZC,True,True,both,B,JF96fb,6.0,-33.9375,18.4583,S,33.9375,-41.943,41.943,12,9653
ZS2BIM,ZS2BIM,True,True,both,B,KF47be,6.0,-32.8125,28.125,S,32.8125,-41.155,41.155,17,2101
ZS2CC,ZS2CC,True,True,both,A,KF16fb,6.0,-33.9375,22.4583,S,33.9375,-41.981,41.981,15,1545
ZS2PA,ZS2PA,True,True,both,B,KF26rg,6.0,-33.7292,25.4583,S,33.7292,-41.844,41.844,4,540
ZS3RF,ZS3RF,True,False,wsprnet_only,A,KG01pm,6.0,-28.4792,21.2917,S,28.4792,-37.895,37.895,33,58
ZS4AA,ZS4AA,True,True,both,B,KG41er,6.0,-28.2708,28.375,S,28.2708,-37.532,37.532,4,79
ZS4CGR,ZS4CGR,True,True,both,A,KG20kf,6.0,-29.7708,24.875,S,29.7708,-38.837,38.837,12,465
ZS4N,ZS4N,True,True,both,B,KG30bu,6.0,-29.1458,26.125,S,29.1458,-38.311,38.311,7,979
ZS4NQK,ZS4NQK,True,False,wsprnet_only,B,IM94,4.0,34.5,-1.0,N,34.5,23.463,23.463,5,10
ZS4WW,ZS4WW,True,True,both,B,KG32jb,6.0,-27.9375,26.7917,S,27.9375,-37.307,37.307,45,30393
ZS5DUV,ZS5DUV,True,True,both,B,KG52to,6.0,-27.3958,31.625,S,27.3958,-36.682,36.682,75,16003
ZS5SAM,ZS5SAM,True,True,both,A,KF06ic,6.0,-33.8958,20.7083,S,33.8958,-41.939,41.939,276,89550
ZS6AMF,ZS6AMF,True,True,both,B,KG33xw,6.0,-26.0625,27.9583,S,26.0625,-35.68,35.68,7,864
ZS6BK,ZS6BK,True,True,both,A,KG43ax,6.0,-26.0208,28.0417,S,26.0208,-35.641,35.641,141,5907
ZS6BQQ,ZS6BQQ,True,True,both,A,KG34xb,6.0,-25.9375,27.9583,S,25.9375,-35.572,35.572,371,133079
ZS6BVT,ZS6BVT,True,True,both,B,KG44df,6.0,-25.7708,28.2917,S,25.7708,-35.413,35.413,7,562
ZS6CO,ZS6CO,True,True,both,B,KG46rc,6.0,-23.8958,29.4583,S,23.8958,-33.695,33.695,3,106
ZS6DRJ,ZS6DRJ,True,True,both,B,KG44df,6.0,-25.7708,28.2917,S,25.7708,-35.413,35.413,8,1923
ZS6EMS,ZS6EMS,True,True,both,A,KG43ev,6.0,-26.1042,28.375,S,26.1042,-35.698,35.698,26,71667
ZS6GJM,ZS6GJM,True,True,both,B,KG44de,6.0,-25.8125,28.2917,S,25.8125,-35.449,35.449,10,1357
ZS6GL,ZS6GL,True,True,both,A,KG33xv,6.0,-26.1042,27.9583,S,26.1042,-35.716,35.716,269,35478
ZS6GND,ZS6GND,True,True,both,B,KG44dg,6.0,-25.7292,28.2917,S,25.7292,-35.377,35.377,3,188
ZS6GOO,ZS6GOO,True,True,both,A,KG33xw,6.0,-26.0625,27.9583,S,26.0625,-35.68,35.68,350,57347
ZS6IAI,ZS6IAI,True,True,both,B,KG44,4.0,-25.5,29.0,S,25.5,-35.144,35.144,3,86
ZS6KNA,ZS6KNA,True,True,both,B,KG43av,6.0,-26.1042,28.0417,S,26.1042,-35.712,35.712,3,38
ZS6MAR,ZS6MAR,True,True,both,B,KG43bu,6.0,-26.1458,28.125,S,26.1458,-35.745,35.745,6,1875
ZS6MDX,ZS6MDX,True,True,both,B,KG33ww,6.0,-26.0625,27.875,S,26.0625,-35.684,35.684,6,1010
ZS6MGM,ZS6MGM,True,True,both,B,KG43cv,6.0,-26.1042,28.2083,S,26.1042,-35.705,35.705,4,304
ZS6MRK,ZS6MRK,True,True,both,A,KG44dh,6.0,-25.6875,28.2917,S,25.6875,-35.341,35.341,121,40193
ZS6RJC,ZS6RJC,True,True,both,B,KG44,4.0,-25.5,29.0,S,25.5,-35.144,35.144,9,308
ZS6UT,ZS6UT,True,True,both,A,KG44de,6.0,-25.8125,28.2917,S,25.8125,-35.449,35.449,15,346
ZS6ZAN,ZS6ZAN,True,True,both,A,KG44di,6.0,-25.6458,28.2917,S,25.6458,-35.305,35.305,34,2482
ZV3CAK,ZV3CAK,True,False,wsprnet_only,A,DI98,4.0,-1.5,-101.0,S,1.5,6.989,6.989,27,51
ZX3OER,ZX3OER,True,False,wsprnet_only,A,EO15,4.0,55.5,-97.0,N,55.5,63.795,63.795,21,78
ZZ4FBY,ZZ4FBY,True,False,wsprnet_only,B,EB36,4.0,-73.5,-93.0,S,73.5,-60.004,60.004,9,23
ZZ4XBK,ZZ4XBK,True,False,wsprnet_only,B,EB36,4.0,-73.5,-93.0,S,73.5,-60.004,60.004,4,11
ZZ8JYF,ZZ8JYF,True,False,wsprnet_only,B,EN72,4.0,42.5,-85.0,N,42.5,51.507,51.507,3,13
